{
    "timestamp": "2025-09-25 12:52:32",
    "cum_gam": 6634.826954499137,
    "cum_vec": 8600.0,
    "DEX_Call": 10.087,
    "DEX_Put": -205.184,
    "DEX_Total": -195.097,
    "DEX_Ratio": 0.049161,
    "GEX_Call": 637774.525,
    "GEX_Put": -2745518.355,
    "GEX_Total": -2107743.83,
    "GEX_Ratio": 0.232297,
    "VEX_Call": -106430.561,
    "VEX_Put": 47381.534,
    "VEX_Total": -59049.027,
    "VEX_Ratio": -2.246246,
    "CEX_Call": -12916511.211,
    "CEX_Put": 5277006.835,
    "CEX_Total": -7639504.376,
    "CEX_Ratio": -2.447697
}