{
    "timestamp": "2025-11-18 08:18:00",
    "cum_gam": 6672.73567550649,
    "cum_vec": 6672.73567550649,
    "DEX_Call": 16.531,
    "DEX_Put": -407.403,
    "DEX_Total": -390.872,
    "DEX_Ratio": 0.040577,
    "GEX_Call": 227918.496,
    "GEX_Put": -1736649.296,
    "GEX_Total": -1508730.8,
    "GEX_Ratio": 0.13124,
    "VEX_Call": -230538.457,
    "VEX_Put": 101868.045,
    "VEX_Total": -128670.412,
    "VEX_Ratio": -2.263109,
    "CEX_Call": -6510188.885,
    "CEX_Put": 2589625.243,
    "CEX_Total": -3920563.642,
    "CEX_Ratio": -2.51395
}