{
    "timestamp": "2025-11-25 11:37:08",
    "cum_gam": 6817.637803989363,
    "cum_vec": 6817.637803989363,
    "DEX_Call": 86.657,
    "DEX_Put": -80.033,
    "DEX_Total": 6.624,
    "DEX_Ratio": 1.082766,
    "GEX_Call": 2143548.272,
    "GEX_Put": -686621.172,
    "GEX_Total": 1456927.1,
    "GEX_Ratio": 3.121879,
    "VEX_Call": -187930.151,
    "VEX_Put": 124243.184,
    "VEX_Total": -63686.967,
    "VEX_Ratio": -1.512599,
    "CEX_Call": -11815286.228,
    "CEX_Put": 7603411.431,
    "CEX_Total": -4211874.797,
    "CEX_Ratio": -1.553945
}