{
    "timestamp": "2025-09-19 09:07:53",
    "cum_gam": null,
    "cum_vec": 9199.793495095508,
    "DEX_Call": 560.894,
    "DEX_Put": -79.329,
    "DEX_Total": 481.565,
    "DEX_Ratio": 7.070479,
    "GEX_Call": 4261807.616,
    "GEX_Put": -2567754.397,
    "GEX_Total": 1694053.219,
    "GEX_Ratio": 1.659741,
    "VEX_Call": 49386.983,
    "VEX_Put": 588431.83,
    "VEX_Total": 637818.813,
    "VEX_Ratio": 0.08393,
    "CEX_Call": 932783.157,
    "CEX_Put": 18645281.788,
    "CEX_Total": 19578064.945,
    "CEX_Ratio": 0.050028
}