{
    "timestamp": "2025-11-26 07:38:21",
    "cum_gam": null,
    "cum_vec": 8372.35482721767,
    "DEX_Call": 327.52,
    "DEX_Put": -56.576,
    "DEX_Total": 270.944,
    "DEX_Ratio": 5.789027,
    "GEX_Call": 3832294.774,
    "GEX_Put": -761873.845,
    "GEX_Total": 3070420.929,
    "GEX_Ratio": 5.030091,
    "VEX_Call": -411667.904,
    "VEX_Put": 476414.896,
    "VEX_Total": 64746.992,
    "VEX_Ratio": -0.864095,
    "CEX_Call": -10471306.536,
    "CEX_Put": 11598712.436,
    "CEX_Total": 1127405.9,
    "CEX_Ratio": -0.902799
}