{
    "timestamp": "2025-07-30 11:34:15",
    "cum_gam": null,
    "cum_vec": null,
    "DEX_Call": 116.278,
    "DEX_Put": -51.962,
    "DEX_Total": 64.316,
    "DEX_Ratio": 2.237751,
    "GEX_Call": 1563064.28,
    "GEX_Put": -1286441.732,
    "GEX_Total": 276622.548,
    "GEX_Ratio": 1.215029,
    "VEX_Call": -122213.004,
    "VEX_Put": 367024.3,
    "VEX_Total": 244811.296,
    "VEX_Ratio": -0.332983,
    "CEX_Call": -8093466.688,
    "CEX_Put": 23371631.841,
    "CEX_Total": 15278165.153,
    "CEX_Ratio": -0.346294
}