{
    "timestamp": "2026-07-21 08:05:20",
    "cum_gam": null,
    "cum_vec": null,
    "DEX_Call": 81.731,
    "DEX_Put": -93.623,
    "DEX_Total": -11.892,
    "DEX_Ratio": 0.87298,
    "GEX_Call": 1534352.572,
    "GEX_Put": -1108836.192,
    "GEX_Total": 425516.38,
    "GEX_Ratio": 1.38375,
    "VEX_Call": -244135.947,
    "VEX_Put": 343256.267,
    "VEX_Total": 99120.32,
    "VEX_Ratio": -0.711235,
    "CEX_Call": -6077355.073,
    "CEX_Put": 8034552.293,
    "CEX_Total": 1957197.22,
    "CEX_Ratio": -0.756402
}