{
    "timestamp": "2025-08-28 10:09:25",
    "cum_gam": 8387.80487804878,
    "cum_vec": 8387.80487804878,
    "DEX_Call": 132.871,
    "DEX_Put": -27.019,
    "DEX_Total": 105.852,
    "DEX_Ratio": 4.917688,
    "GEX_Call": 2349975.35,
    "GEX_Put": -947712.157,
    "GEX_Total": 1402263.193,
    "GEX_Ratio": 2.47963,
    "VEX_Call": -95682.371,
    "VEX_Put": 241149.305,
    "VEX_Total": 145466.934,
    "VEX_Ratio": -0.396776,
    "CEX_Call": -4329709.668,
    "CEX_Put": 9838922.221,
    "CEX_Total": 5509212.553,
    "CEX_Ratio": -0.440059
}