{
    "timestamp": "2025-09-25 12:33:32",
    "cum_gam": 6660.19087704803,
    "cum_vec": 8600.0,
    "DEX_Call": 12.996,
    "DEX_Put": -189.463,
    "DEX_Total": -176.467,
    "DEX_Ratio": 0.068594,
    "GEX_Call": 580160.29,
    "GEX_Put": -2602053.591,
    "GEX_Total": -2021893.301,
    "GEX_Ratio": 0.222962,
    "VEX_Call": -112029.396,
    "VEX_Put": -18596.559,
    "VEX_Total": -130625.955,
    "VEX_Ratio": -6.0242,
    "CEX_Call": -11074791.644,
    "CEX_Put": -2229832.136,
    "CEX_Total": -13304623.78,
    "CEX_Ratio": -4.966648
}