{
    "timestamp": "2025-10-31 07:26:34",
    "cum_gam": null,
    "cum_vec": null,
    "DEX_Call": 838.855,
    "DEX_Put": -255.831,
    "DEX_Total": 583.024,
    "DEX_Ratio": 3.278942,
    "GEX_Call": 2867187.157,
    "GEX_Put": -2714016.495,
    "GEX_Total": 153170.662,
    "GEX_Ratio": 1.056437,
    "VEX_Call": -89868.573,
    "VEX_Put": 860543.858,
    "VEX_Total": 770675.285,
    "VEX_Ratio": -0.104432,
    "CEX_Call": -2569169.889,
    "CEX_Put": 19888295.461,
    "CEX_Total": 17319125.572,
    "CEX_Ratio": -0.12918
}