{
    "timestamp": "2025-09-02 07:44:43",
    "cum_gam": 6426.246458540159,
    "cum_vec": 8000.0,
    "DEX_Call": 35.522,
    "DEX_Put": -149.98,
    "DEX_Total": -114.458,
    "DEX_Ratio": 0.236845,
    "GEX_Call": 381058.708,
    "GEX_Put": -1674207.531,
    "GEX_Total": -1293148.823,
    "GEX_Ratio": 0.227605,
    "VEX_Call": -132525.332,
    "VEX_Put": 259885.431,
    "VEX_Total": 127360.099,
    "VEX_Ratio": -0.509938,
    "CEX_Call": -3571910.347,
    "CEX_Put": 6626321.293,
    "CEX_Total": 3054410.946,
    "CEX_Ratio": -0.539049
}