{
    "timestamp": "2025-07-09 11:03:55",
    "cum_gam": null,
    "cum_vec": null,
    "DEX_Call": 144.711,
    "DEX_Put": -31.418,
    "DEX_Total": 113.293,
    "DEX_Ratio": 4.60599,
    "GEX_Call": 1772638.824,
    "GEX_Put": -733616.744,
    "GEX_Total": 1039022.08,
    "GEX_Ratio": 2.416301,
    "VEX_Call": -115461.798,
    "VEX_Put": 193290.719,
    "VEX_Total": 77828.921,
    "VEX_Ratio": -0.597348,
    "CEX_Call": -6647873.184,
    "CEX_Put": 10550791.014,
    "CEX_Total": 3902917.83,
    "CEX_Ratio": -0.630083
}