{
    "timestamp": "2025-11-24 10:31:55",
    "cum_gam": null,
    "cum_vec": 8147.619047619048,
    "DEX_Call": 153.338,
    "DEX_Put": -87.245,
    "DEX_Total": 66.093,
    "DEX_Ratio": 1.757556,
    "GEX_Call": 1721466.77,
    "GEX_Put": -663615.064,
    "GEX_Total": 1057851.706,
    "GEX_Ratio": 2.594074,
    "VEX_Call": -99798.242,
    "VEX_Put": 313499.281,
    "VEX_Total": 213701.039,
    "VEX_Ratio": -0.318336,
    "CEX_Call": -4673916.464,
    "CEX_Put": 13733858.347,
    "CEX_Total": 9059941.883,
    "CEX_Ratio": -0.340321
}