{
    "timestamp": "2025-06-26 11:33:51",
    "cum_gam": null,
    "cum_vec": null,
    "DEX_Call": 155.27,
    "DEX_Put": -4.741,
    "DEX_Total": 150.529,
    "DEX_Ratio": 32.750475,
    "GEX_Call": 2579670.058,
    "GEX_Put": -193476.83,
    "GEX_Total": 2386193.228,
    "GEX_Ratio": 13.333225,
    "VEX_Call": -23794.898,
    "VEX_Put": 132820.848,
    "VEX_Total": 109025.95,
    "VEX_Ratio": -0.17915,
    "CEX_Call": -1985761.915,
    "CEX_Put": 8804623.8,
    "CEX_Total": 6818861.885,
    "CEX_Ratio": -0.225536
}