{
    "timestamp": "2025-06-26 08:10:23",
    "cum_gam": 6427.432479224377,
    "cum_vec": 6427.432479224377,
    "DEX_Call": 143.304,
    "DEX_Put": -15.134,
    "DEX_Total": 128.17,
    "DEX_Ratio": 9.46901,
    "GEX_Call": 2018296.067,
    "GEX_Put": -455265.854,
    "GEX_Total": 1563030.213,
    "GEX_Ratio": 4.433225,
    "VEX_Call": -56652.418,
    "VEX_Put": 290935.073,
    "VEX_Total": 234282.655,
    "VEX_Ratio": -0.194725,
    "CEX_Call": -1989798.538,
    "CEX_Put": 8528174.058,
    "CEX_Total": 6538375.52,
    "CEX_Ratio": -0.233321
}