{
    "timestamp": "2025-08-04 09:32:01",
    "cum_gam": 6392.0133339815075,
    "cum_vec": 6392.0133339815075,
    "DEX_Call": 159.05,
    "DEX_Put": -129.417,
    "DEX_Total": 29.633,
    "DEX_Ratio": 1.228973,
    "GEX_Call": 1535107.639,
    "GEX_Put": -1200046.523,
    "GEX_Total": 335061.116,
    "GEX_Ratio": 1.279207,
    "VEX_Call": 42708.099,
    "VEX_Put": 299440.255,
    "VEX_Total": 342148.354,
    "VEX_Ratio": 0.142626,
    "CEX_Call": 1339190.91,
    "CEX_Put": 10883446.136,
    "CEX_Total": 12222637.046,
    "CEX_Ratio": 0.123048
}