{
    "timestamp": "2025-09-11 10:52:48",
    "cum_gam": null,
    "cum_vec": null,
    "DEX_Call": 263.0,
    "DEX_Put": -9.596,
    "DEX_Total": 253.404,
    "DEX_Ratio": 27.407253,
    "GEX_Call": 2853687.557,
    "GEX_Put": -402538.641,
    "GEX_Total": 2451148.916,
    "GEX_Ratio": 7.089226,
    "VEX_Call": 66447.826,
    "VEX_Put": 250007.26,
    "VEX_Total": 316455.086,
    "VEX_Ratio": 0.265784,
    "CEX_Call": 2851097.393,
    "CEX_Put": 12341569.23,
    "CEX_Total": 15192666.623,
    "CEX_Ratio": 0.231016
}