{
    "timestamp": "2025-10-13 11:59:16",
    "cum_gam": 6734.904953814769,
    "cum_vec": 8400.0,
    "DEX_Call": 59.198,
    "DEX_Put": -214.674,
    "DEX_Total": -155.476,
    "DEX_Ratio": 0.275758,
    "GEX_Call": 1371724.829,
    "GEX_Put": -1823668.124,
    "GEX_Total": -451943.295,
    "GEX_Ratio": 0.752179,
    "VEX_Call": -123626.098,
    "VEX_Put": 88313.568,
    "VEX_Total": -35312.53,
    "VEX_Ratio": -1.399854,
    "CEX_Call": -9243489.809,
    "CEX_Put": 6165207.314,
    "CEX_Total": -3078282.495,
    "CEX_Ratio": -1.499299
}