{
    "timestamp": "2025-07-21 12:36:54",
    "cum_gam": 6672.064088581184,
    "cum_vec": 6672.064088581184,
    "DEX_Call": 24.421,
    "DEX_Put": -18.202,
    "DEX_Total": 6.219,
    "DEX_Ratio": 1.341666,
    "GEX_Call": 1651611.782,
    "GEX_Put": -637016.911,
    "GEX_Total": 1014594.871,
    "GEX_Ratio": 2.592728,
    "VEX_Call": -126217.813,
    "VEX_Put": 145088.325,
    "VEX_Total": 18870.512,
    "VEX_Ratio": -0.869938,
    "CEX_Call": -13476324.757,
    "CEX_Put": 15095032.956,
    "CEX_Total": 1618708.199,
    "CEX_Ratio": -0.892766
}