{
    "timestamp": "2025-11-17 10:16:39",
    "cum_gam": 6736.253711059783,
    "cum_vec": 6736.253711059783,
    "DEX_Call": 57.62,
    "DEX_Put": -180.207,
    "DEX_Total": -122.587,
    "DEX_Ratio": 0.319743,
    "GEX_Call": 803630.909,
    "GEX_Put": -1573791.978,
    "GEX_Total": -770161.069,
    "GEX_Ratio": 0.510634,
    "VEX_Call": -167150.661,
    "VEX_Put": 301477.226,
    "VEX_Total": 134326.565,
    "VEX_Ratio": -0.554439,
    "CEX_Call": -6992072.649,
    "CEX_Put": 12138790.985,
    "CEX_Total": 5146718.336,
    "CEX_Ratio": -0.576011
}