{
    "timestamp": "2025-11-04 11:33:10",
    "cum_gam": 6801.882199387956,
    "cum_vec": 6801.882199387956,
    "DEX_Call": 31.433,
    "DEX_Put": -97.362,
    "DEX_Total": -65.929,
    "DEX_Ratio": 0.322847,
    "GEX_Call": 364754.267,
    "GEX_Put": -1552895.5,
    "GEX_Total": -1188141.233,
    "GEX_Ratio": 0.234887,
    "VEX_Call": -122960.201,
    "VEX_Put": 186299.821,
    "VEX_Total": 63339.62,
    "VEX_Ratio": -0.660012,
    "CEX_Call": -7444415.486,
    "CEX_Put": 10950277.34,
    "CEX_Total": 3505861.854,
    "CEX_Ratio": -0.679838
}