{
    "timestamp": "2025-11-25 11:16:33",
    "cum_gam": null,
    "cum_vec": null,
    "DEX_Call": 205.377,
    "DEX_Put": -25.658,
    "DEX_Total": 179.719,
    "DEX_Ratio": 8.004404,
    "GEX_Call": 2121240.91,
    "GEX_Put": -591708.001,
    "GEX_Total": 1529532.909,
    "GEX_Ratio": 3.584945,
    "VEX_Call": -59197.34,
    "VEX_Put": 229880.518,
    "VEX_Total": 170683.178,
    "VEX_Ratio": -0.257514,
    "CEX_Call": -3454725.172,
    "CEX_Put": 12528506.559,
    "CEX_Total": 9073781.387,
    "CEX_Ratio": -0.275749
}