{
    "timestamp": "2025-09-09 11:18:16",
    "cum_gam": null,
    "cum_vec": null,
    "DEX_Call": 146.022,
    "DEX_Put": -16.925,
    "DEX_Total": 129.097,
    "DEX_Ratio": 8.627592,
    "GEX_Call": 2768462.536,
    "GEX_Put": -1013799.446,
    "GEX_Total": 1754663.09,
    "GEX_Ratio": 2.730779,
    "VEX_Call": -29163.193,
    "VEX_Put": 209141.594,
    "VEX_Total": 179978.401,
    "VEX_Ratio": -0.139442,
    "CEX_Call": -2105378.052,
    "CEX_Put": 11838618.339,
    "CEX_Total": 9733240.287,
    "CEX_Ratio": -0.17784
}