{
    "timestamp": "2025-08-21 09:15:09",
    "cum_gam": 8106.666666666667,
    "cum_vec": 8106.666666666667,
    "DEX_Call": 52.794,
    "DEX_Put": -143.761,
    "DEX_Total": -90.967,
    "DEX_Ratio": 0.367235,
    "GEX_Call": 771801.763,
    "GEX_Put": -1497923.536,
    "GEX_Total": -726121.773,
    "GEX_Ratio": 0.515248,
    "VEX_Call": -187482.354,
    "VEX_Put": 242358.35,
    "VEX_Total": 54875.996,
    "VEX_Ratio": -0.773575,
    "CEX_Call": -6608032.824,
    "CEX_Put": 8152333.636,
    "CEX_Total": 1544300.812,
    "CEX_Ratio": -0.810569
}