{
    "timestamp": "2025-09-04 09:12:33",
    "cum_gam": null,
    "cum_vec": 7366.336633663366,
    "DEX_Call": 235.497,
    "DEX_Put": -32.383,
    "DEX_Total": 203.114,
    "DEX_Ratio": 7.272242,
    "GEX_Call": 5304960.555,
    "GEX_Put": -973660.95,
    "GEX_Total": 4331299.605,
    "GEX_Ratio": 5.448468,
    "VEX_Call": -115577.993,
    "VEX_Put": 422347.923,
    "VEX_Total": 306769.93,
    "VEX_Ratio": -0.273656,
    "CEX_Call": -4728324.442,
    "CEX_Put": 14097847.282,
    "CEX_Total": 9369522.84,
    "CEX_Ratio": -0.335393
}