{
    "timestamp": "2025-07-25 11:14:20",
    "cum_gam": 7901.285347043702,
    "cum_vec": 8112.2807017543855,
    "DEX_Call": 423.088,
    "DEX_Put": -28.762,
    "DEX_Total": 394.326,
    "DEX_Ratio": 14.709965,
    "GEX_Call": 6346975.441,
    "GEX_Put": -1183657.115,
    "GEX_Total": 5163318.326,
    "GEX_Ratio": 5.362174,
    "VEX_Call": -156409.636,
    "VEX_Put": 397593.86,
    "VEX_Total": 241184.224,
    "VEX_Ratio": -0.39339,
    "CEX_Call": -9895318.808,
    "CEX_Put": 22448565.921,
    "CEX_Total": 12553247.113,
    "CEX_Ratio": -0.4408
}