{
    "timestamp": "2025-07-09 09:28:35",
    "cum_gam": null,
    "cum_vec": null,
    "DEX_Call": 122.929,
    "DEX_Put": -28.007,
    "DEX_Total": 94.922,
    "DEX_Ratio": 4.389224,
    "GEX_Call": 1412661.894,
    "GEX_Put": -962062.115,
    "GEX_Total": 450599.779,
    "GEX_Ratio": 1.468369,
    "VEX_Call": -96682.174,
    "VEX_Put": 273125.262,
    "VEX_Total": 176443.088,
    "VEX_Ratio": -0.353985,
    "CEX_Call": -3791281.755,
    "CEX_Put": 9936570.121,
    "CEX_Total": 6145288.366,
    "CEX_Ratio": -0.381548
}