{
    "timestamp": "2026-07-21 08:39:23",
    "cum_gam": null,
    "cum_vec": null,
    "DEX_Call": 106.796,
    "DEX_Put": -77.141,
    "DEX_Total": 29.655,
    "DEX_Ratio": 1.384426,
    "GEX_Call": 1981548.827,
    "GEX_Put": -992659.172,
    "GEX_Total": 988889.655,
    "GEX_Ratio": 1.996203,
    "VEX_Call": -191131.054,
    "VEX_Put": 303018.829,
    "VEX_Total": 111887.775,
    "VEX_Ratio": -0.630756,
    "CEX_Call": -5333983.691,
    "CEX_Put": 7810642.687,
    "CEX_Total": 2476658.996,
    "CEX_Ratio": -0.682912
}