{
    "timestamp": "2025-10-23 12:47:41",
    "cum_gam": null,
    "cum_vec": null,
    "DEX_Call": 51.858,
    "DEX_Put": -23.537,
    "DEX_Total": 28.321,
    "DEX_Ratio": 2.203254,
    "GEX_Call": 2667608.384,
    "GEX_Put": -728820.894,
    "GEX_Total": 1938787.49,
    "GEX_Ratio": 3.66017,
    "VEX_Call": -157114.019,
    "VEX_Put": 102549.479,
    "VEX_Total": -54564.54,
    "VEX_Ratio": -1.53208,
    "CEX_Call": -17894003.719,
    "CEX_Put": 11293686.888,
    "CEX_Total": -6600316.831,
    "CEX_Ratio": -1.584425
}