{
    "timestamp": "2025-10-17 08:00:05",
    "cum_gam": 10378.494623655914,
    "cum_vec": 10378.494623655914,
    "DEX_Call": 145.451,
    "DEX_Put": -323.649,
    "DEX_Total": -178.198,
    "DEX_Ratio": 0.44941,
    "GEX_Call": 1069540.893,
    "GEX_Put": -1853239.524,
    "GEX_Total": -783698.631,
    "GEX_Ratio": 0.57712,
    "VEX_Call": -355314.223,
    "VEX_Put": 637215.484,
    "VEX_Total": 281901.261,
    "VEX_Ratio": -0.557605,
    "CEX_Call": -9627805.608,
    "CEX_Put": 16677211.681,
    "CEX_Total": 7049406.073,
    "CEX_Ratio": -0.577303
}