{
    "timestamp": "2025-08-26 09:46:13",
    "cum_gam": 6441.926250318477,
    "cum_vec": 6441.926250318477,
    "DEX_Call": 69.395,
    "DEX_Put": -55.909,
    "DEX_Total": 13.486,
    "DEX_Ratio": 1.241213,
    "GEX_Call": 1608116.549,
    "GEX_Put": -2200439.757,
    "GEX_Total": -592323.208,
    "GEX_Ratio": 0.730816,
    "VEX_Call": -153506.221,
    "VEX_Put": 267913.122,
    "VEX_Total": 114406.901,
    "VEX_Ratio": -0.57297,
    "CEX_Call": -6102444.895,
    "CEX_Put": 9868341.214,
    "CEX_Total": 3765896.319,
    "CEX_Ratio": -0.618386
}