{
    "timestamp": "2025-07-23 08:22:30",
    "cum_gam": null,
    "cum_vec": null,
    "DEX_Call": 150.826,
    "DEX_Put": -29.431,
    "DEX_Total": 121.395,
    "DEX_Ratio": 5.124732,
    "GEX_Call": 2680825.208,
    "GEX_Put": -1203870.95,
    "GEX_Total": 1476954.258,
    "GEX_Ratio": 2.226838,
    "VEX_Call": -157666.954,
    "VEX_Put": 355210.332,
    "VEX_Total": 197543.378,
    "VEX_Ratio": -0.443869,
    "CEX_Call": -5089251.899,
    "CEX_Put": 10334068.956,
    "CEX_Total": 5244817.057,
    "CEX_Ratio": -0.492473
}