{
    "timestamp": "2025-08-26 07:50:10",
    "cum_gam": 6442.194423246037,
    "cum_vec": 6442.194423246037,
    "DEX_Call": 61.753,
    "DEX_Put": -76.39,
    "DEX_Total": -14.637,
    "DEX_Ratio": 0.808391,
    "GEX_Call": 1277652.935,
    "GEX_Put": -2078684.347,
    "GEX_Total": -801031.412,
    "GEX_Ratio": 0.614645,
    "VEX_Call": -176741.2,
    "VEX_Put": 268741.851,
    "VEX_Total": 92000.651,
    "VEX_Ratio": -0.657662,
    "CEX_Call": -4912963.16,
    "CEX_Put": 6842127.168,
    "CEX_Total": 1929164.008,
    "CEX_Ratio": -0.718046
}