{
    "timestamp": "2025-10-02 08:07:18",
    "cum_gam": null,
    "cum_vec": null,
    "DEX_Call": 157.254,
    "DEX_Put": -81.727,
    "DEX_Total": 75.527,
    "DEX_Ratio": 1.924138,
    "GEX_Call": 2489616.923,
    "GEX_Put": -1910153.627,
    "GEX_Total": 579463.296,
    "GEX_Ratio": 1.30336,
    "VEX_Call": -426031.163,
    "VEX_Put": 455058.932,
    "VEX_Total": 29027.769,
    "VEX_Ratio": -0.936211,
    "CEX_Call": -11818821.133,
    "CEX_Put": 11910268.393,
    "CEX_Total": 91447.26,
    "CEX_Ratio": -0.992322
}