{
    "timestamp": "2025-08-11 12:16:47",
    "cum_gam": 6352.492394562641,
    "cum_vec": 6352.492394562641,
    "DEX_Call": 104.663,
    "DEX_Put": -38.176,
    "DEX_Total": 66.487,
    "DEX_Ratio": 2.741592,
    "GEX_Call": 1453177.684,
    "GEX_Put": -1515241.315,
    "GEX_Total": -62063.631,
    "GEX_Ratio": 0.95904,
    "VEX_Call": -104757.014,
    "VEX_Put": 168010.835,
    "VEX_Total": 63253.821,
    "VEX_Ratio": -0.623513,
    "CEX_Call": -9381264.279,
    "CEX_Put": 14445006.996,
    "CEX_Total": 5063742.717,
    "CEX_Ratio": -0.649447
}