{
    "timestamp": "2025-08-06 08:48:52",
    "cum_gam": null,
    "cum_vec": null,
    "DEX_Call": 101.005,
    "DEX_Put": -55.983,
    "DEX_Total": 45.022,
    "DEX_Ratio": 1.804208,
    "GEX_Call": 2106776.479,
    "GEX_Put": -948621.857,
    "GEX_Total": 1158154.622,
    "GEX_Ratio": 2.220881,
    "VEX_Call": -165472.102,
    "VEX_Put": 294606.386,
    "VEX_Total": 129134.284,
    "VEX_Ratio": -0.561672,
    "CEX_Call": -5615737.502,
    "CEX_Put": 9264094.364,
    "CEX_Total": 3648356.862,
    "CEX_Ratio": -0.606183
}