{
    "timestamp": "2025-10-06 08:10:46",
    "cum_gam": null,
    "cum_vec": null,
    "DEX_Call": 121.529,
    "DEX_Put": -54.087,
    "DEX_Total": 67.442,
    "DEX_Ratio": 2.246917,
    "GEX_Call": 2267622.883,
    "GEX_Put": -1367668.081,
    "GEX_Total": 899954.802,
    "GEX_Ratio": 1.658021,
    "VEX_Call": -184815.145,
    "VEX_Put": 343073.329,
    "VEX_Total": 158258.184,
    "VEX_Ratio": -0.538704,
    "CEX_Call": -5333644.593,
    "CEX_Put": 9029622.603,
    "CEX_Total": 3695978.01,
    "CEX_Ratio": -0.590683
}