{
    "timestamp": "2025-11-13 09:19:57",
    "cum_gam": 6812.1766095522335,
    "cum_vec": 6812.1766095522335,
    "DEX_Call": 38.338,
    "DEX_Put": -195.957,
    "DEX_Total": -157.619,
    "DEX_Ratio": 0.195645,
    "GEX_Call": 439988.102,
    "GEX_Put": -1574222.821,
    "GEX_Total": -1134234.719,
    "GEX_Ratio": 0.279495,
    "VEX_Call": -226712.923,
    "VEX_Put": 235155.047,
    "VEX_Total": 8442.124,
    "VEX_Ratio": -0.9641,
    "CEX_Call": -7557106.992,
    "CEX_Put": 7521292.202,
    "CEX_Total": -35814.79,
    "CEX_Ratio": -1.004762
}