{
    "timestamp": "2025-06-26 08:53:06",
    "cum_gam": 6427.503465003465,
    "cum_vec": 6427.503465003465,
    "DEX_Call": 147.707,
    "DEX_Put": -14.382,
    "DEX_Total": 133.325,
    "DEX_Ratio": 10.270268,
    "GEX_Call": 1993603.615,
    "GEX_Put": -448456.445,
    "GEX_Total": 1545147.17,
    "GEX_Ratio": 4.445479,
    "VEX_Call": -33430.367,
    "VEX_Put": 267342.483,
    "VEX_Total": 233912.116,
    "VEX_Ratio": -0.125047,
    "CEX_Call": -1430441.483,
    "CEX_Put": 8878585.683,
    "CEX_Total": 7448144.2,
    "CEX_Ratio": -0.161111
}