{
    "timestamp": "2025-09-29 08:11:34",
    "cum_gam": null,
    "cum_vec": 8200.0,
    "DEX_Call": 191.886,
    "DEX_Put": -34.673,
    "DEX_Total": 157.213,
    "DEX_Ratio": 5.534162,
    "GEX_Call": 2871442.79,
    "GEX_Put": -1017238.037,
    "GEX_Total": 1854204.753,
    "GEX_Ratio": 2.822784,
    "VEX_Call": -162257.758,
    "VEX_Put": 440235.346,
    "VEX_Total": 277977.588,
    "VEX_Ratio": -0.36857,
    "CEX_Call": -4872949.563,
    "CEX_Put": 11845229.578,
    "CEX_Total": 6972280.015,
    "CEX_Ratio": -0.411385
}