{
    "timestamp": "2025-07-22 10:58:43",
    "cum_gam": 6303.215415013706,
    "cum_vec": 6303.215415013706,
    "DEX_Call": 31.503,
    "DEX_Put": -87.942,
    "DEX_Total": -56.439,
    "DEX_Ratio": 0.358225,
    "GEX_Call": 1294726.259,
    "GEX_Put": -2023121.847,
    "GEX_Total": -728395.588,
    "GEX_Ratio": 0.639965,
    "VEX_Call": -149825.967,
    "VEX_Put": 145680.448,
    "VEX_Total": -4145.519,
    "VEX_Ratio": -1.028456,
    "CEX_Call": -8182453.475,
    "CEX_Put": 7443336.033,
    "CEX_Total": -739117.442,
    "CEX_Ratio": -1.099299
}