{
    "timestamp": "2025-08-28 12:46:59",
    "cum_gam": null,
    "cum_vec": null,
    "DEX_Call": 182.715,
    "DEX_Put": -5.825,
    "DEX_Total": 176.89,
    "DEX_Ratio": 31.367382,
    "GEX_Call": 2862531.853,
    "GEX_Put": -676451.394,
    "GEX_Total": 2186080.459,
    "GEX_Ratio": 4.231689,
    "VEX_Call": 65787.438,
    "VEX_Put": 126388.949,
    "VEX_Total": 192176.387,
    "VEX_Ratio": 0.520516,
    "CEX_Call": 7114021.733,
    "CEX_Put": 14420699.559,
    "CEX_Total": 21534721.292,
    "CEX_Ratio": 0.49332
}