{
    "timestamp": "2025-11-12 10:11:14",
    "cum_gam": 8599.080318822807,
    "cum_vec": 8599.080318822807,
    "DEX_Call": 166.322,
    "DEX_Put": -85.333,
    "DEX_Total": 80.989,
    "DEX_Ratio": 1.949094,
    "GEX_Call": 1974317.202,
    "GEX_Put": -1480118.201,
    "GEX_Total": 494199.001,
    "GEX_Ratio": 1.333892,
    "VEX_Call": -330912.284,
    "VEX_Put": 418654.35,
    "VEX_Total": 87742.066,
    "VEX_Ratio": -0.790419,
    "CEX_Call": -13407027.728,
    "CEX_Put": 16340496.579,
    "CEX_Total": 2933468.851,
    "CEX_Ratio": -0.820479
}