{
    "timestamp": "2025-11-24 13:13:29",
    "cum_gam": null,
    "cum_vec": null,
    "DEX_Call": 188.173,
    "DEX_Put": -59.645,
    "DEX_Total": 128.528,
    "DEX_Ratio": 3.154883,
    "GEX_Call": 2086095.24,
    "GEX_Put": -420377.98,
    "GEX_Total": 1665717.26,
    "GEX_Ratio": 4.962427,
    "VEX_Call": -54133.722,
    "VEX_Put": 81550.02,
    "VEX_Total": 27416.298,
    "VEX_Ratio": -0.66381,
    "CEX_Call": -8897468.282,
    "CEX_Put": 12847026.865,
    "CEX_Total": 3949558.583,
    "CEX_Ratio": -0.69257
}