{
    "timestamp": "2025-10-10 08:02:43",
    "cum_gam": 6700.053481955613,
    "cum_vec": 6700.053481955613,
    "DEX_Call": 149.247,
    "DEX_Put": -334.72,
    "DEX_Total": -185.473,
    "DEX_Ratio": 0.445886,
    "GEX_Call": 1233766.027,
    "GEX_Put": -2970973.232,
    "GEX_Total": -1737207.205,
    "GEX_Ratio": 0.415273,
    "VEX_Call": -348200.555,
    "VEX_Put": 1310654.829,
    "VEX_Total": 962454.274,
    "VEX_Ratio": -0.265669,
    "CEX_Call": -9439492.085,
    "CEX_Put": 34341395.62,
    "CEX_Total": 24901903.535,
    "CEX_Ratio": -0.274872
}