{
    "timestamp": "2025-10-30 08:20:42",
    "cum_gam": 6827.417100209607,
    "cum_vec": 6827.417100209607,
    "DEX_Call": 125.177,
    "DEX_Put": -120.721,
    "DEX_Total": 4.456,
    "DEX_Ratio": 1.036912,
    "GEX_Call": 1198974.473,
    "GEX_Put": -1404684.686,
    "GEX_Total": -205710.213,
    "GEX_Ratio": 0.853554,
    "VEX_Call": -213542.749,
    "VEX_Put": 303223.965,
    "VEX_Total": 89681.216,
    "VEX_Ratio": -0.704241,
    "CEX_Call": -5979917.055,
    "CEX_Put": 8005888.448,
    "CEX_Total": 2025971.393,
    "CEX_Ratio": -0.74694
}