{
    "timestamp": "2025-06-26 12:09:48",
    "cum_gam": null,
    "cum_vec": null,
    "DEX_Call": 184.512,
    "DEX_Put": -3.312,
    "DEX_Total": 181.2,
    "DEX_Ratio": 55.710145,
    "GEX_Call": 2741642.543,
    "GEX_Put": -174773.156,
    "GEX_Total": 2566869.387,
    "GEX_Ratio": 15.686863,
    "VEX_Call": 72872.636,
    "VEX_Put": 118989.906,
    "VEX_Total": 191862.542,
    "VEX_Ratio": 0.612427,
    "CEX_Call": 5804057.906,
    "CEX_Put": 10149187.157,
    "CEX_Total": 15953245.063,
    "CEX_Ratio": 0.571874
}