{
    "timestamp": "2025-09-17 07:42:28",
    "cum_gam": 6415.062396442417,
    "cum_vec": 8400.0,
    "DEX_Call": 150.148,
    "DEX_Put": -110.052,
    "DEX_Total": 40.096,
    "DEX_Ratio": 1.364337,
    "GEX_Call": 1227189.259,
    "GEX_Put": -1278234.982,
    "GEX_Total": -51045.723,
    "GEX_Ratio": 0.960065,
    "VEX_Call": -328828.577,
    "VEX_Put": 642606.95,
    "VEX_Total": 313778.373,
    "VEX_Ratio": -0.51171,
    "CEX_Call": -8582583.166,
    "CEX_Put": 16198014.395,
    "CEX_Total": 7615431.229,
    "CEX_Ratio": -0.529854
}