{
    "timestamp": "2025-11-11 12:55:49",
    "cum_gam": null,
    "cum_vec": null,
    "DEX_Call": 133.407,
    "DEX_Put": -24.642,
    "DEX_Total": 108.765,
    "DEX_Ratio": 5.413806,
    "GEX_Call": 2447330.789,
    "GEX_Put": -686181.415,
    "GEX_Total": 1761149.374,
    "GEX_Ratio": 3.566594,
    "VEX_Call": -83528.912,
    "VEX_Put": 164270.095,
    "VEX_Total": 80741.183,
    "VEX_Ratio": -0.508485,
    "CEX_Call": -10464690.604,
    "CEX_Put": 19721048.995,
    "CEX_Total": 9256358.391,
    "CEX_Ratio": -0.530636
}