{
    "timestamp": "2025-11-10 10:44:21",
    "cum_gam": null,
    "cum_vec": 7875.190258751903,
    "DEX_Call": 137.153,
    "DEX_Put": -73.9,
    "DEX_Total": 63.253,
    "DEX_Ratio": 1.855927,
    "GEX_Call": 2164872.328,
    "GEX_Put": -843587.386,
    "GEX_Total": 1321284.942,
    "GEX_Ratio": 2.566269,
    "VEX_Call": -161392.118,
    "VEX_Put": 155561.202,
    "VEX_Total": -5830.916,
    "VEX_Ratio": -1.037483,
    "CEX_Call": -7759017.231,
    "CEX_Put": 7020929.905,
    "CEX_Total": -738087.326,
    "CEX_Ratio": -1.105127
}