{
    "timestamp": "2025-10-15 12:26:40",
    "cum_gam": null,
    "cum_vec": null,
    "DEX_Call": 68.486,
    "DEX_Put": -85.135,
    "DEX_Total": -16.649,
    "DEX_Ratio": 0.80444,
    "GEX_Call": 1653683.471,
    "GEX_Put": -1117909.92,
    "GEX_Total": 535773.551,
    "GEX_Ratio": 1.479264,
    "VEX_Call": -138973.484,
    "VEX_Put": 133979.731,
    "VEX_Total": -4993.753,
    "VEX_Ratio": -1.037272,
    "CEX_Call": -12880738.208,
    "CEX_Put": 11994197.835,
    "CEX_Total": -886540.373,
    "CEX_Ratio": -1.073914
}