{
    "timestamp": "2025-09-02 12:25:53",
    "cum_gam": 6464.922758477685,
    "cum_vec": 8000.0,
    "DEX_Call": 11.39,
    "DEX_Put": -207.139,
    "DEX_Total": -195.749,
    "DEX_Ratio": 0.054987,
    "GEX_Call": 569356.975,
    "GEX_Put": -2401481.314,
    "GEX_Total": -1832124.339,
    "GEX_Ratio": 0.237086,
    "VEX_Call": -89224.68,
    "VEX_Put": -19080.798,
    "VEX_Total": -108305.478,
    "VEX_Ratio": -4.67615,
    "CEX_Call": -8498460.652,
    "CEX_Put": -2173543.663,
    "CEX_Total": -10672004.315,
    "CEX_Ratio": -3.909956
}