{
    "timestamp": "2025-08-05 10:32:22",
    "cum_gam": 8144.588744588745,
    "cum_vec": 8144.588744588745,
    "DEX_Call": 33.426,
    "DEX_Put": -88.496,
    "DEX_Total": -55.07,
    "DEX_Ratio": 0.377712,
    "GEX_Call": 1306912.606,
    "GEX_Put": -2078354.04,
    "GEX_Total": -771441.434,
    "GEX_Ratio": 0.628821,
    "VEX_Call": -238108.803,
    "VEX_Put": 305127.994,
    "VEX_Total": 67019.191,
    "VEX_Ratio": -0.780357,
    "CEX_Call": -11381995.142,
    "CEX_Put": 13999311.629,
    "CEX_Total": 2617316.487,
    "CEX_Ratio": -0.81304
}