{
    "timestamp": "2025-10-15 12:57:04",
    "cum_gam": null,
    "cum_vec": null,
    "DEX_Call": 79.557,
    "DEX_Put": -17.583,
    "DEX_Total": 61.974,
    "DEX_Ratio": 4.524654,
    "GEX_Call": 1525580.502,
    "GEX_Put": -1427367.452,
    "GEX_Total": 98213.05,
    "GEX_Ratio": 1.068807,
    "VEX_Call": -54915.928,
    "VEX_Put": 143957.175,
    "VEX_Total": 89041.247,
    "VEX_Ratio": -0.381474,
    "CEX_Call": -7175754.289,
    "CEX_Put": 17962859.485,
    "CEX_Total": 10787105.196,
    "CEX_Ratio": -0.399477
}