{
    "timestamp": "2025-10-01 12:49:27",
    "cum_gam": null,
    "cum_vec": 8600.0,
    "DEX_Call": 326.017,
    "DEX_Put": -3.902,
    "DEX_Total": 322.115,
    "DEX_Ratio": 83.551256,
    "GEX_Call": 4168511.194,
    "GEX_Put": -390155.687,
    "GEX_Total": 3778355.507,
    "GEX_Ratio": 10.684225,
    "VEX_Call": 170029.187,
    "VEX_Put": 159943.786,
    "VEX_Total": 329972.973,
    "VEX_Ratio": 1.063056,
    "CEX_Call": 18782653.512,
    "CEX_Put": 18220175.089,
    "CEX_Total": 37002828.601,
    "CEX_Ratio": 1.030871
}