{
    "timestamp": "2025-06-27 07:23:56",
    "cum_gam": 7595.612926521033,
    "cum_vec": 7595.612926521033,
    "DEX_Call": 493.433,
    "DEX_Put": -27.515,
    "DEX_Total": 465.918,
    "DEX_Ratio": 17.933236,
    "GEX_Call": 3688295.911,
    "GEX_Put": -709313.362,
    "GEX_Total": 2978982.549,
    "GEX_Ratio": 5.199812,
    "VEX_Call": 198312.342,
    "VEX_Put": 628734.168,
    "VEX_Total": 827046.51,
    "VEX_Ratio": 0.315415,
    "CEX_Call": 4578536.753,
    "CEX_Put": 16231845.484,
    "CEX_Total": 20810382.237,
    "CEX_Ratio": 0.282071
}