{
    "timestamp": "2025-10-02 11:35:54",
    "cum_gam": null,
    "cum_vec": null,
    "DEX_Call": 82.211,
    "DEX_Put": -22.686,
    "DEX_Total": 59.525,
    "DEX_Ratio": 3.623865,
    "GEX_Call": 3809332.68,
    "GEX_Put": -1045755.734,
    "GEX_Total": 2763576.946,
    "GEX_Ratio": 3.64266,
    "VEX_Call": -245296.838,
    "VEX_Put": 236939.77,
    "VEX_Total": -8357.068,
    "VEX_Ratio": -1.035271,
    "CEX_Call": -15709296.232,
    "CEX_Put": 14435905.159,
    "CEX_Total": -1273391.073,
    "CEX_Ratio": -1.08821
}