{
    "timestamp": "2025-09-25 06:54:02",
    "cum_gam": 6626.950941521922,
    "cum_vec": 8600.0,
    "DEX_Call": 37.621,
    "DEX_Put": -287.994,
    "DEX_Total": -250.373,
    "DEX_Ratio": 0.130631,
    "GEX_Call": 456151.302,
    "GEX_Put": -2458905.591,
    "GEX_Total": -2002754.289,
    "GEX_Ratio": 0.18551,
    "VEX_Call": -210894.695,
    "VEX_Put": 307064.518,
    "VEX_Total": 96169.823,
    "VEX_Ratio": -0.686809,
    "CEX_Call": -4873699.825,
    "CEX_Put": 6608264.367,
    "CEX_Total": 1734564.542,
    "CEX_Ratio": -0.737516
}