{
    "timestamp": "2025-08-21 10:37:00",
    "cum_gam": 8103.7037037037035,
    "cum_vec": 8103.7037037037035,
    "DEX_Call": 46.346,
    "DEX_Put": -114.079,
    "DEX_Total": -67.733,
    "DEX_Ratio": 0.406262,
    "GEX_Call": 699947.026,
    "GEX_Put": -1564149.282,
    "GEX_Total": -864202.256,
    "GEX_Ratio": 0.447494,
    "VEX_Call": -155373.927,
    "VEX_Put": 198483.19,
    "VEX_Total": 43109.263,
    "VEX_Ratio": -0.782806,
    "CEX_Call": -7500623.293,
    "CEX_Put": 9197672.728,
    "CEX_Total": 1697049.435,
    "CEX_Ratio": -0.815491
}