{
    "timestamp": "2025-08-25 07:16:47",
    "cum_gam": null,
    "cum_vec": 7380.21712907117,
    "DEX_Call": 76.232,
    "DEX_Put": -58.369,
    "DEX_Total": 17.863,
    "DEX_Ratio": 1.306036,
    "GEX_Call": 1583575.961,
    "GEX_Put": -1301980.82,
    "GEX_Total": 281595.141,
    "GEX_Ratio": 1.216282,
    "VEX_Call": -280613.765,
    "VEX_Put": 299908.754,
    "VEX_Total": 19294.989,
    "VEX_Ratio": -0.935664,
    "CEX_Call": -7118356.314,
    "CEX_Put": 7140022.19,
    "CEX_Total": 21665.876,
    "CEX_Ratio": -0.996966
}