{
    "timestamp": "2025-09-04 11:31:34",
    "cum_gam": null,
    "cum_vec": 7277.669902912621,
    "DEX_Call": 317.678,
    "DEX_Put": -14.567,
    "DEX_Total": 303.111,
    "DEX_Ratio": 21.808059,
    "GEX_Call": 6166579.8,
    "GEX_Put": -691550.322,
    "GEX_Total": 5475029.478,
    "GEX_Ratio": 8.917037,
    "VEX_Call": 186524.535,
    "VEX_Put": 275001.82,
    "VEX_Total": 461526.355,
    "VEX_Ratio": 0.678267,
    "CEX_Call": 10657494.658,
    "CEX_Put": 17025108.94,
    "CEX_Total": 27682603.598,
    "CEX_Ratio": 0.625987
}