{
    "timestamp": "2025-08-05 11:13:23",
    "cum_gam": 6299.030246697914,
    "cum_vec": 6299.030246697914,
    "DEX_Call": 32.027,
    "DEX_Put": -92.141,
    "DEX_Total": -60.114,
    "DEX_Ratio": 0.347587,
    "GEX_Call": 1212423.575,
    "GEX_Put": -2206662.065,
    "GEX_Total": -994238.49,
    "GEX_Ratio": 0.549438,
    "VEX_Call": -204789.085,
    "VEX_Put": 293074.781,
    "VEX_Total": 88285.696,
    "VEX_Ratio": -0.698761,
    "CEX_Call": -11969391.638,
    "CEX_Put": 16513679.047,
    "CEX_Total": 4544287.409,
    "CEX_Ratio": -0.724817
}