{
    "timestamp": "2026-07-21 09:10:23",
    "cum_gam": null,
    "cum_vec": null,
    "DEX_Call": 113.295,
    "DEX_Put": -70.304,
    "DEX_Total": 42.991,
    "DEX_Ratio": 1.611501,
    "GEX_Call": 2176303.008,
    "GEX_Put": -974341.227,
    "GEX_Total": 1201961.781,
    "GEX_Ratio": 2.233615,
    "VEX_Call": -167275.486,
    "VEX_Put": 307445.957,
    "VEX_Total": 140170.471,
    "VEX_Ratio": -0.544081,
    "CEX_Call": -5180887.121,
    "CEX_Put": 8745187.128,
    "CEX_Total": 3564300.007,
    "CEX_Ratio": -0.592427
}