{
    "timestamp": "2025-08-12 11:57:56",
    "cum_gam": null,
    "cum_vec": null,
    "DEX_Call": 213.9,
    "DEX_Put": -7.408,
    "DEX_Total": 206.492,
    "DEX_Ratio": 28.87419,
    "GEX_Call": 2627448.065,
    "GEX_Put": -231256.916,
    "GEX_Total": 2396191.149,
    "GEX_Ratio": 11.361598,
    "VEX_Call": -54836.282,
    "VEX_Put": 153123.814,
    "VEX_Total": 98287.532,
    "VEX_Ratio": -0.358117,
    "CEX_Call": -4504827.295,
    "CEX_Put": 11396908.896,
    "CEX_Total": 6892081.601,
    "CEX_Ratio": -0.395267
}