{
    "timestamp": "2025-10-13 11:30:35",
    "cum_gam": 6741.375063512607,
    "cum_vec": 8400.0,
    "DEX_Call": 66.393,
    "DEX_Put": -168.154,
    "DEX_Total": -101.761,
    "DEX_Ratio": 0.394834,
    "GEX_Call": 1481922.894,
    "GEX_Put": -1852798.444,
    "GEX_Total": -370875.55,
    "GEX_Ratio": 0.79983,
    "VEX_Call": -129550.412,
    "VEX_Put": 106420.033,
    "VEX_Total": -23130.379,
    "VEX_Ratio": -1.21735,
    "CEX_Call": -8020278.749,
    "CEX_Put": 6108694.119,
    "CEX_Total": -1911584.63,
    "CEX_Ratio": -1.312929
}