{
    "timestamp": "2025-09-18 06:43:00",
    "cum_gam": null,
    "cum_vec": null,
    "DEX_Call": 127.975,
    "DEX_Put": -50.329,
    "DEX_Total": 77.646,
    "DEX_Ratio": 2.542769,
    "GEX_Call": 1474440.742,
    "GEX_Put": -927923.784,
    "GEX_Total": 546516.958,
    "GEX_Ratio": 1.588968,
    "VEX_Call": -124045.387,
    "VEX_Put": 406135.731,
    "VEX_Total": 282090.344,
    "VEX_Ratio": -0.305428,
    "CEX_Call": -2970986.724,
    "CEX_Put": 8828172.338,
    "CEX_Total": 5857185.614,
    "CEX_Ratio": -0.336535
}