{
    "timestamp": "2025-10-27 06:37:09",
    "cum_gam": null,
    "cum_vec": null,
    "DEX_Call": 312.808,
    "DEX_Put": -24.735,
    "DEX_Total": 288.073,
    "DEX_Ratio": 12.646372,
    "GEX_Call": 3884893.213,
    "GEX_Put": -583364.745,
    "GEX_Total": 3301528.468,
    "GEX_Ratio": 6.659458,
    "VEX_Call": -257802.55,
    "VEX_Put": 534107.316,
    "VEX_Total": 276304.766,
    "VEX_Ratio": -0.482679,
    "CEX_Call": -6047668.526,
    "CEX_Put": 11180886.203,
    "CEX_Total": 5133217.677,
    "CEX_Ratio": -0.540893
}