{
    "timestamp": "2025-08-04 07:49:20",
    "cum_gam": null,
    "cum_vec": null,
    "DEX_Call": 152.744,
    "DEX_Put": -139.231,
    "DEX_Total": 13.513,
    "DEX_Ratio": 1.097055,
    "GEX_Call": 1439269.695,
    "GEX_Put": -1170330.035,
    "GEX_Total": 268939.66,
    "GEX_Ratio": 1.229798,
    "VEX_Call": 17509.405,
    "VEX_Put": 319986.831,
    "VEX_Total": 337496.236,
    "VEX_Ratio": 0.054719,
    "CEX_Call": 250782.58,
    "CEX_Put": 8509287.37,
    "CEX_Total": 8760069.95,
    "CEX_Ratio": 0.029472
}