{
    "timestamp": "2025-11-17 13:17:01",
    "cum_gam": 6787.188281554132,
    "cum_vec": 8238.931297709923,
    "DEX_Call": 7.319,
    "DEX_Put": -404.264,
    "DEX_Total": -396.945,
    "DEX_Ratio": 0.018105,
    "GEX_Call": 208536.657,
    "GEX_Put": -2467491.187,
    "GEX_Total": -2258954.53,
    "GEX_Ratio": 0.084514,
    "VEX_Call": -102842.567,
    "VEX_Put": -133605.789,
    "VEX_Total": -236448.356,
    "VEX_Ratio": -0.769746,
    "CEX_Call": -17452165.421,
    "CEX_Put": -23015767.556,
    "CEX_Total": -40467932.977,
    "CEX_Ratio": -0.75827
}