{
    "timestamp": "2025-10-27 10:18:14",
    "cum_gam": null,
    "cum_vec": 7409.836065573771,
    "DEX_Call": 414.595,
    "DEX_Put": -12.251,
    "DEX_Total": 402.344,
    "DEX_Ratio": 33.841727,
    "GEX_Call": 5249300.626,
    "GEX_Put": -375096.95,
    "GEX_Total": 4874203.676,
    "GEX_Ratio": 13.994517,
    "VEX_Call": -57133.342,
    "VEX_Put": 372746.239,
    "VEX_Total": 315612.897,
    "VEX_Ratio": -0.153277,
    "CEX_Call": -3141075.017,
    "CEX_Put": 15084134.511,
    "CEX_Total": 11943059.494,
    "CEX_Ratio": -0.208237
}