{
    "timestamp": "2025-10-20 11:53:27",
    "cum_gam": null,
    "cum_vec": null,
    "DEX_Call": 193.824,
    "DEX_Put": -20.993,
    "DEX_Total": 172.831,
    "DEX_Ratio": 9.232792,
    "GEX_Call": 2711628.69,
    "GEX_Put": -485583.882,
    "GEX_Total": 2226044.808,
    "GEX_Ratio": 5.584264,
    "VEX_Call": -58387.116,
    "VEX_Put": 209368.461,
    "VEX_Total": 150981.345,
    "VEX_Ratio": -0.278873,
    "CEX_Call": -4454583.646,
    "CEX_Put": 14378676.208,
    "CEX_Total": 9924092.562,
    "CEX_Ratio": -0.309805
}