{
    "timestamp": "2025-08-05 09:29:34",
    "cum_gam": 8147.193347193347,
    "cum_vec": 8147.193347193347,
    "DEX_Call": 37.05,
    "DEX_Put": -123.646,
    "DEX_Total": -86.596,
    "DEX_Ratio": 0.299646,
    "GEX_Call": 1081523.924,
    "GEX_Put": -2340537.907,
    "GEX_Total": -1259013.983,
    "GEX_Ratio": 0.462083,
    "VEX_Call": -251879.257,
    "VEX_Put": 316254.791,
    "VEX_Total": 64375.534,
    "VEX_Ratio": -0.796444,
    "CEX_Call": -9408190.307,
    "CEX_Put": 11234967.964,
    "CEX_Total": 1826777.657,
    "CEX_Ratio": -0.837403
}