{
    "timestamp": "2025-10-16 10:42:46",
    "cum_gam": 6638.879937399463,
    "cum_vec": 6638.879937399463,
    "DEX_Call": 52.228,
    "DEX_Put": -177.708,
    "DEX_Total": -125.48,
    "DEX_Ratio": 0.293898,
    "GEX_Call": 750425.043,
    "GEX_Put": -1642519.282,
    "GEX_Total": -892094.239,
    "GEX_Ratio": 0.456874,
    "VEX_Call": -229138.681,
    "VEX_Put": 349899.539,
    "VEX_Total": 120760.858,
    "VEX_Ratio": -0.65487,
    "CEX_Call": -10839592.065,
    "CEX_Put": 16116673.644,
    "CEX_Total": 5277081.579,
    "CEX_Ratio": -0.67257
}