{
    "timestamp": "2025-06-27 12:49:50",
    "cum_gam": null,
    "cum_vec": null,
    "DEX_Call": 585.539,
    "DEX_Put": -8.834,
    "DEX_Total": 576.705,
    "DEX_Ratio": 66.282432,
    "GEX_Call": 4114922.424,
    "GEX_Put": -789973.856,
    "GEX_Total": 3324948.568,
    "GEX_Ratio": 5.208935,
    "VEX_Call": 491802.436,
    "VEX_Put": 228804.352,
    "VEX_Total": 720606.788,
    "VEX_Ratio": 2.149445,
    "CEX_Call": 60738618.23,
    "CEX_Put": 28433471.112,
    "CEX_Total": 89172089.342,
    "CEX_Ratio": 2.136166
}