{
    "timestamp": "2025-09-22 12:47:20",
    "cum_gam": null,
    "cum_vec": 8400.0,
    "DEX_Call": 207.094,
    "DEX_Put": -16.845,
    "DEX_Total": 190.249,
    "DEX_Ratio": 12.294093,
    "GEX_Call": 3539605.836,
    "GEX_Put": -840681.448,
    "GEX_Total": 2698924.388,
    "GEX_Ratio": 4.210401,
    "VEX_Call": 18464.337,
    "VEX_Put": 97198.637,
    "VEX_Total": 115662.974,
    "VEX_Ratio": 0.189965,
    "CEX_Call": 1513003.911,
    "CEX_Put": 10744154.958,
    "CEX_Total": 12257158.869,
    "CEX_Ratio": 0.140821
}