{
    "timestamp": "2025-10-16 12:38:39",
    "cum_gam": 6702.52563767809,
    "cum_vec": 6702.52563767809,
    "DEX_Call": 20.006,
    "DEX_Put": -227.694,
    "DEX_Total": -207.688,
    "DEX_Ratio": 0.087864,
    "GEX_Call": 475296.576,
    "GEX_Put": -2162237.68,
    "GEX_Total": -1686941.104,
    "GEX_Ratio": 0.219817,
    "VEX_Call": -114068.361,
    "VEX_Put": 21715.572,
    "VEX_Total": -92352.789,
    "VEX_Ratio": -5.252837,
    "CEX_Call": -11832890.617,
    "CEX_Put": 1900746.352,
    "CEX_Total": -9932144.265,
    "CEX_Ratio": -6.225392
}