{
    "timestamp": "2025-11-10 12:28:00",
    "cum_gam": null,
    "cum_vec": null,
    "DEX_Call": 326.88,
    "DEX_Put": -13.623,
    "DEX_Total": 313.257,
    "DEX_Ratio": 23.994715,
    "GEX_Call": 2770102.55,
    "GEX_Put": -639272.647,
    "GEX_Total": 2130829.903,
    "GEX_Ratio": 4.33321,
    "VEX_Call": 121657.545,
    "VEX_Put": 195498.962,
    "VEX_Total": 317156.507,
    "VEX_Ratio": 0.622293,
    "CEX_Call": 10507265.815,
    "CEX_Put": 17480307.124,
    "CEX_Total": 27987572.939,
    "CEX_Ratio": 0.601092
}