{
    "timestamp": "2025-10-07 08:06:22",
    "cum_gam": 6702.419585832185,
    "cum_vec": 6702.419585832185,
    "DEX_Call": 89.513,
    "DEX_Put": -83.63,
    "DEX_Total": 5.883,
    "DEX_Ratio": 1.070346,
    "GEX_Call": 1433724.092,
    "GEX_Put": -1956423.942,
    "GEX_Total": -522699.85,
    "GEX_Ratio": 0.732829,
    "VEX_Call": -320673.768,
    "VEX_Put": 445164.001,
    "VEX_Total": 124490.233,
    "VEX_Ratio": -0.72035,
    "CEX_Call": -8773283.636,
    "CEX_Put": 11562640.518,
    "CEX_Total": 2789356.882,
    "CEX_Ratio": -0.758761
}