{
    "timestamp": "2025-09-04 10:43:46",
    "cum_gam": null,
    "cum_vec": 7098.3829049956685,
    "DEX_Call": 251.708,
    "DEX_Put": -25.425,
    "DEX_Total": 226.283,
    "DEX_Ratio": 9.90002,
    "GEX_Call": 6274706.313,
    "GEX_Put": -843955.732,
    "GEX_Total": 5430750.581,
    "GEX_Ratio": 7.434876,
    "VEX_Call": 5219.752,
    "VEX_Put": 356136.385,
    "VEX_Total": 361356.137,
    "VEX_Ratio": 0.014657,
    "CEX_Call": -728504.853,
    "CEX_Put": 17043335.088,
    "CEX_Total": 16314830.235,
    "CEX_Ratio": -0.042744
}