{
    "timestamp": "2025-11-24 13:16:20",
    "cum_gam": null,
    "cum_vec": null,
    "DEX_Call": 193.127,
    "DEX_Put": -8.054,
    "DEX_Total": 185.073,
    "DEX_Ratio": 23.979017,
    "GEX_Call": 2197221.147,
    "GEX_Put": -333824.546,
    "GEX_Total": 1863396.601,
    "GEX_Ratio": 6.581964,
    "VEX_Call": 40083.484,
    "VEX_Put": 115474.849,
    "VEX_Total": 155558.333,
    "VEX_Ratio": 0.347119,
    "CEX_Call": 6293375.191,
    "CEX_Put": 19067026.827,
    "CEX_Total": 25360402.018,
    "CEX_Ratio": 0.330066
}