{
    "timestamp": "2025-10-21 06:38:58",
    "cum_gam": null,
    "cum_vec": 8168.539325842697,
    "DEX_Call": 113.484,
    "DEX_Put": -72.319,
    "DEX_Total": 41.165,
    "DEX_Ratio": 1.569214,
    "GEX_Call": 1880485.782,
    "GEX_Put": -1137449.768,
    "GEX_Total": 743036.014,
    "GEX_Ratio": 1.653247,
    "VEX_Call": -313934.427,
    "VEX_Put": 469716.558,
    "VEX_Total": 155782.131,
    "VEX_Ratio": -0.668349,
    "CEX_Call": -7048890.298,
    "CEX_Put": 9929488.599,
    "CEX_Total": 2880598.301,
    "CEX_Ratio": -0.709895
}