{
    "timestamp": "2025-08-07 10:38:37",
    "cum_gam": 6313.801249441935,
    "cum_vec": 8000.0,
    "DEX_Call": 47.33,
    "DEX_Put": -88.452,
    "DEX_Total": -41.122,
    "DEX_Ratio": 0.535092,
    "GEX_Call": 754666.048,
    "GEX_Put": -1390546.337,
    "GEX_Total": -635880.289,
    "GEX_Ratio": 0.542712,
    "VEX_Call": -146625.439,
    "VEX_Put": 189293.392,
    "VEX_Total": 42667.953,
    "VEX_Ratio": -0.774594,
    "CEX_Call": -7199365.877,
    "CEX_Put": 8924946.36,
    "CEX_Total": 1725580.483,
    "CEX_Ratio": -0.806656
}