{
    "timestamp": "2025-08-19 07:54:00",
    "cum_gam": 6436.255509395728,
    "cum_vec": 6436.255509395728,
    "DEX_Call": 62.899,
    "DEX_Put": -84.383,
    "DEX_Total": -21.484,
    "DEX_Ratio": 0.745399,
    "GEX_Call": 1203761.038,
    "GEX_Put": -1950321.278,
    "GEX_Total": -746560.24,
    "GEX_Ratio": 0.617212,
    "VEX_Call": -232271.829,
    "VEX_Put": 225194.237,
    "VEX_Total": -7077.592,
    "VEX_Ratio": -1.031429,
    "CEX_Call": -6451309.029,
    "CEX_Put": 5767729.549,
    "CEX_Total": -683579.48,
    "CEX_Ratio": -1.118518
}