{
    "timestamp": "2026-07-23 09:59:22",
    "cum_gam": 7476.29403974267,
    "cum_vec": 9400.0,
    "DEX_Call": 11.648,
    "DEX_Put": -309.924,
    "DEX_Total": -298.276,
    "DEX_Ratio": 0.037583,
    "GEX_Call": 213275.955,
    "GEX_Put": -1947260.391,
    "GEX_Total": -1733984.436,
    "GEX_Ratio": 0.109526,
    "VEX_Call": -150436.906,
    "VEX_Put": 80021.153,
    "VEX_Total": -70415.753,
    "VEX_Ratio": -1.879964,
    "CEX_Call": -5291714.088,
    "CEX_Put": 2492871.323,
    "CEX_Total": -2798842.765,
    "CEX_Ratio": -2.122739
}