{
    "timestamp": "2025-07-21 10:27:22",
    "cum_gam": 6670.785743664378,
    "cum_vec": 6670.785743664378,
    "DEX_Call": 63.786,
    "DEX_Put": -15.242,
    "DEX_Total": 48.544,
    "DEX_Ratio": 4.184884,
    "GEX_Call": 2537677.007,
    "GEX_Put": -495961.523,
    "GEX_Total": 2041715.484,
    "GEX_Ratio": 5.116681,
    "VEX_Call": -148527.279,
    "VEX_Put": 235155.405,
    "VEX_Total": 86628.126,
    "VEX_Ratio": -0.631613,
    "CEX_Call": -7190605.228,
    "CEX_Put": 10679370.794,
    "CEX_Total": 3488765.566,
    "CEX_Ratio": -0.673317
}