{
    "timestamp": "2025-10-24 09:01:57",
    "cum_gam": null,
    "cum_vec": null,
    "DEX_Call": 625.67,
    "DEX_Put": -41.278,
    "DEX_Total": 584.392,
    "DEX_Ratio": 15.157469,
    "GEX_Call": 5646557.782,
    "GEX_Put": -695409.413,
    "GEX_Total": 4951148.369,
    "GEX_Ratio": 8.11976,
    "VEX_Call": -14496.759,
    "VEX_Put": 655507.019,
    "VEX_Total": 641010.26,
    "VEX_Ratio": -0.022115,
    "CEX_Call": -1331723.829,
    "CEX_Put": 20221981.171,
    "CEX_Total": 18890257.342,
    "CEX_Ratio": -0.065855
}