{
    "timestamp": "2025-11-17 10:26:01",
    "cum_gam": 6847.965029103753,
    "cum_vec": 7884.2578710644675,
    "DEX_Call": 42.861,
    "DEX_Put": -175.468,
    "DEX_Total": -132.607,
    "DEX_Ratio": 0.244267,
    "GEX_Call": 788983.989,
    "GEX_Put": -1604851.621,
    "GEX_Total": -815867.632,
    "GEX_Ratio": 0.491624,
    "VEX_Call": -181717.138,
    "VEX_Put": 256334.169,
    "VEX_Total": 74617.031,
    "VEX_Ratio": -0.708907,
    "CEX_Call": -7892960.121,
    "CEX_Put": 10709405.718,
    "CEX_Total": 2816445.597,
    "CEX_Ratio": -0.737012
}