{
    "timestamp": "2026-07-21 08:38:29",
    "cum_gam": null,
    "cum_vec": null,
    "DEX_Call": 117.323,
    "DEX_Put": -67.51,
    "DEX_Total": 49.813,
    "DEX_Ratio": 1.737861,
    "GEX_Call": 1997540.716,
    "GEX_Put": -970302.123,
    "GEX_Total": 1027238.593,
    "GEX_Ratio": 2.058679,
    "VEX_Call": -176855.409,
    "VEX_Put": 315901.174,
    "VEX_Total": 139045.765,
    "VEX_Ratio": -0.559844,
    "CEX_Call": -4948963.183,
    "CEX_Put": 8130916.772,
    "CEX_Total": 3181953.589,
    "CEX_Ratio": -0.60866
}