{
    "timestamp": "2025-08-04 08:19:21",
    "cum_gam": 6450.170971168313,
    "cum_vec": 6450.170971168313,
    "DEX_Call": 99.659,
    "DEX_Put": -136.388,
    "DEX_Total": -36.729,
    "DEX_Ratio": 0.730702,
    "GEX_Call": 1403077.235,
    "GEX_Put": -1232505.92,
    "GEX_Total": 170571.315,
    "GEX_Ratio": 1.138394,
    "VEX_Call": -30002.303,
    "VEX_Put": 266987.371,
    "VEX_Total": 236985.068,
    "VEX_Ratio": -0.112373,
    "CEX_Call": -1103018.948,
    "CEX_Put": 7672571.084,
    "CEX_Total": 6569552.136,
    "CEX_Ratio": -0.143761
}