{
    "timestamp": "2025-11-20 11:01:44",
    "cum_gam": 6612.874107900439,
    "cum_vec": 6612.874107900439,
    "DEX_Call": 29.775,
    "DEX_Put": -195.492,
    "DEX_Total": -165.717,
    "DEX_Ratio": 0.152308,
    "GEX_Call": 332940.392,
    "GEX_Put": -1135263.332,
    "GEX_Total": -802322.94,
    "GEX_Ratio": 0.293272,
    "VEX_Call": -303091.745,
    "VEX_Put": 344481.253,
    "VEX_Total": 41389.508,
    "VEX_Ratio": -0.87985,
    "CEX_Call": -15732882.547,
    "CEX_Put": 17644863.223,
    "CEX_Total": 1911980.676,
    "CEX_Ratio": -0.891641
}