{
    "timestamp": "2025-11-25 09:55:15",
    "cum_gam": 6818.871139700753,
    "cum_vec": 7899.310344827586,
    "DEX_Call": 106.992,
    "DEX_Put": -102.385,
    "DEX_Total": 4.607,
    "DEX_Ratio": 1.044997,
    "GEX_Call": 1663840.391,
    "GEX_Put": -828904.89,
    "GEX_Total": 834935.501,
    "GEX_Ratio": 2.007275,
    "VEX_Call": -150155.77,
    "VEX_Put": 210397.93,
    "VEX_Total": 60242.16,
    "VEX_Ratio": -0.713675,
    "CEX_Call": -5837819.775,
    "CEX_Put": 7865175.677,
    "CEX_Total": 2027355.902,
    "CEX_Ratio": -0.742236
}