{
    "timestamp": "2025-09-23 08:05:39",
    "cum_gam": null,
    "cum_vec": null,
    "DEX_Call": 84.63,
    "DEX_Put": -56.572,
    "DEX_Total": 28.058,
    "DEX_Ratio": 1.49597,
    "GEX_Call": 2622893.475,
    "GEX_Put": -1565544.868,
    "GEX_Total": 1057348.607,
    "GEX_Ratio": 1.675387,
    "VEX_Call": -372755.214,
    "VEX_Put": 338590.003,
    "VEX_Total": -34165.211,
    "VEX_Ratio": -1.100904,
    "CEX_Call": -10380793.358,
    "CEX_Put": 8812570.415,
    "CEX_Total": -1568222.943,
    "CEX_Ratio": -1.177953
}