{
    "timestamp": "2025-10-27 11:23:52",
    "cum_gam": null,
    "cum_vec": null,
    "DEX_Call": 284.181,
    "DEX_Put": -6.742,
    "DEX_Total": 277.439,
    "DEX_Ratio": 42.150845,
    "GEX_Call": 5323113.225,
    "GEX_Put": -251587.996,
    "GEX_Total": 5071525.229,
    "GEX_Ratio": 21.158057,
    "VEX_Call": -276428.409,
    "VEX_Put": 238162.515,
    "VEX_Total": -38265.894,
    "VEX_Ratio": -1.160671,
    "CEX_Call": -16345612.847,
    "CEX_Put": 13327130.122,
    "CEX_Total": -3018482.725,
    "CEX_Ratio": -1.226492
}