{
    "timestamp": "2025-09-16 12:01:05",
    "cum_gam": null,
    "cum_vec": null,
    "DEX_Call": 236.733,
    "DEX_Put": -25.678,
    "DEX_Total": 211.055,
    "DEX_Ratio": 9.219293,
    "GEX_Call": 3069432.155,
    "GEX_Put": -1695139.814,
    "GEX_Total": 1374292.341,
    "GEX_Ratio": 1.810725,
    "VEX_Call": -29997.207,
    "VEX_Put": 242674.891,
    "VEX_Total": 212677.684,
    "VEX_Ratio": -0.123611,
    "CEX_Call": -2709107.45,
    "CEX_Put": 17772467.06,
    "CEX_Total": 15063359.61,
    "CEX_Ratio": -0.152433
}