{
    "timestamp": "2025-11-05 11:54:45",
    "cum_gam": null,
    "cum_vec": null,
    "DEX_Call": 79.055,
    "DEX_Put": -74.209,
    "DEX_Total": 4.846,
    "DEX_Ratio": 1.065302,
    "GEX_Call": 2261013.998,
    "GEX_Put": -950355.446,
    "GEX_Total": 1310658.552,
    "GEX_Ratio": 2.379125,
    "VEX_Call": -185506.394,
    "VEX_Put": 210172.555,
    "VEX_Total": 24666.161,
    "VEX_Ratio": -0.882639,
    "CEX_Call": -13098706.309,
    "CEX_Put": 14291751.245,
    "CEX_Total": 1193044.936,
    "CEX_Ratio": -0.916522
}