{
    "timestamp": "2025-06-30 11:36:25",
    "cum_gam": null,
    "cum_vec": null,
    "DEX_Call": 1368.067,
    "DEX_Put": -44.587,
    "DEX_Total": 1323.48,
    "DEX_Ratio": 30.683091,
    "GEX_Call": 3890992.691,
    "GEX_Put": -1241100.562,
    "GEX_Total": 2649892.129,
    "GEX_Ratio": 3.135115,
    "VEX_Call": 226581.27,
    "VEX_Put": 448351.721,
    "VEX_Total": 674932.991,
    "VEX_Ratio": 0.505365,
    "CEX_Call": 14608715.917,
    "CEX_Put": 29916167.006,
    "CEX_Total": 44524882.923,
    "CEX_Ratio": 0.488322
}