{
    "timestamp": "2025-11-18 12:42:03",
    "cum_gam": 6721.757409982491,
    "cum_vec": 8783.43949044586,
    "DEX_Call": 30.304,
    "DEX_Put": -225.98,
    "DEX_Total": -195.676,
    "DEX_Ratio": 0.1341,
    "GEX_Call": 572595.787,
    "GEX_Put": -1965831.527,
    "GEX_Total": -1393235.74,
    "GEX_Ratio": 0.291274,
    "VEX_Call": -152205.6,
    "VEX_Put": 180255.138,
    "VEX_Total": 28049.538,
    "VEX_Ratio": -0.84439,
    "CEX_Call": -16227446.06,
    "CEX_Put": 18804918.117,
    "CEX_Total": 2577472.057,
    "CEX_Ratio": -0.862936
}