{
    "timestamp": "2025-09-18 08:28:23",
    "cum_gam": null,
    "cum_vec": null,
    "DEX_Call": 227.781,
    "DEX_Put": -20.257,
    "DEX_Total": 207.524,
    "DEX_Ratio": 11.244557,
    "GEX_Call": 1784334.441,
    "GEX_Put": -600420.317,
    "GEX_Total": 1183914.124,
    "GEX_Ratio": 2.971809,
    "VEX_Call": 50915.1,
    "VEX_Put": 301867.357,
    "VEX_Total": 352782.457,
    "VEX_Ratio": 0.168667,
    "CEX_Call": 1181497.07,
    "CEX_Put": 8563761.887,
    "CEX_Total": 9745258.957,
    "CEX_Ratio": 0.137965
}