{
    "timestamp": "2025-11-12 09:42:04",
    "cum_gam": null,
    "cum_vec": null,
    "DEX_Call": 176.081,
    "DEX_Put": -84.541,
    "DEX_Total": 91.54,
    "DEX_Ratio": 2.082788,
    "GEX_Call": 2116291.381,
    "GEX_Put": -1405873.845,
    "GEX_Total": 710417.536,
    "GEX_Ratio": 1.505321,
    "VEX_Call": -349965.812,
    "VEX_Put": 427677.21,
    "VEX_Total": 77711.398,
    "VEX_Ratio": -0.818294,
    "CEX_Call": -12697730.207,
    "CEX_Put": 14893670.076,
    "CEX_Total": 2195939.869,
    "CEX_Ratio": -0.852559
}