{
    "timestamp": "2025-08-04 11:36:54",
    "cum_gam": 6393.783412052569,
    "cum_vec": 6393.783412052569,
    "DEX_Call": 99.754,
    "DEX_Put": -112.284,
    "DEX_Total": -12.53,
    "DEX_Ratio": 0.888408,
    "GEX_Call": 1550201.024,
    "GEX_Put": -1081546.169,
    "GEX_Total": 468654.855,
    "GEX_Ratio": 1.433319,
    "VEX_Call": -39919.645,
    "VEX_Put": 114507.586,
    "VEX_Total": 74587.941,
    "VEX_Ratio": -0.34862,
    "CEX_Call": -2877980.595,
    "CEX_Put": 7391730.731,
    "CEX_Total": 4513750.136,
    "CEX_Ratio": -0.389351
}