{
    "timestamp": "2025-08-26 09:15:32",
    "cum_gam": 6441.367991144915,
    "cum_vec": 6441.367991144915,
    "DEX_Call": 38.762,
    "DEX_Put": -74.409,
    "DEX_Total": -35.647,
    "DEX_Ratio": 0.520932,
    "GEX_Call": 1494890.506,
    "GEX_Put": -2134133.658,
    "GEX_Total": -639243.152,
    "GEX_Ratio": 0.700467,
    "VEX_Call": -190050.163,
    "VEX_Put": 231342.338,
    "VEX_Total": 41292.175,
    "VEX_Ratio": -0.821511,
    "CEX_Call": -6739208.02,
    "CEX_Put": 7585768.984,
    "CEX_Total": 846560.964,
    "CEX_Ratio": -0.888401
}