{
    "timestamp": "2025-09-26 12:29:29",
    "cum_gam": null,
    "cum_vec": 8138.085539714868,
    "DEX_Call": 337.123,
    "DEX_Put": -42.162,
    "DEX_Total": 294.961,
    "DEX_Ratio": 7.995897,
    "GEX_Call": 4176855.985,
    "GEX_Put": -1923261.048,
    "GEX_Total": 2253594.937,
    "GEX_Ratio": 2.171757,
    "VEX_Call": 45688.179,
    "VEX_Put": 228914.965,
    "VEX_Total": 274603.144,
    "VEX_Ratio": 0.199586,
    "CEX_Call": 3632853.067,
    "CEX_Put": 21170821.882,
    "CEX_Total": 24803674.949,
    "CEX_Ratio": 0.171597
}