{
    "timestamp": "2025-10-27 12:59:28",
    "cum_gam": null,
    "cum_vec": null,
    "DEX_Call": 569.788,
    "DEX_Put": -1.694,
    "DEX_Total": 568.094,
    "DEX_Ratio": 336.356553,
    "GEX_Call": 12175742.634,
    "GEX_Put": -68446.835,
    "GEX_Total": 12107295.799,
    "GEX_Ratio": 177.886131,
    "VEX_Call": 289971.058,
    "VEX_Put": 116392.221,
    "VEX_Total": 406363.279,
    "VEX_Ratio": 2.491327,
    "CEX_Call": 34661118.275,
    "CEX_Put": 14665508.309,
    "CEX_Total": 49326626.584,
    "CEX_Ratio": 2.363445
}