{
    "timestamp": "2025-09-04 07:18:19",
    "cum_gam": null,
    "cum_vec": 7609.009009009009,
    "DEX_Call": 127.182,
    "DEX_Put": -82.35,
    "DEX_Total": 44.832,
    "DEX_Ratio": 1.544408,
    "GEX_Call": 2457966.411,
    "GEX_Put": -1924114.564,
    "GEX_Total": 533851.847,
    "GEX_Ratio": 1.277453,
    "VEX_Call": -380403.704,
    "VEX_Put": 607190.146,
    "VEX_Total": 226786.442,
    "VEX_Ratio": -0.626498,
    "CEX_Call": -9745344.685,
    "CEX_Put": 14641767.399,
    "CEX_Total": 4896422.714,
    "CEX_Ratio": -0.665585
}