{
    "timestamp": "2025-10-22 09:48:12",
    "cum_gam": 6719.554508158007,
    "cum_vec": 6719.554508158007,
    "DEX_Call": 72.121,
    "DEX_Put": -225.025,
    "DEX_Total": -152.904,
    "DEX_Ratio": 0.320502,
    "GEX_Call": 966481.613,
    "GEX_Put": -2440869.535,
    "GEX_Total": -1474387.922,
    "GEX_Ratio": 0.395958,
    "VEX_Call": -196311.085,
    "VEX_Put": 415331.493,
    "VEX_Total": 219020.408,
    "VEX_Ratio": -0.472661,
    "CEX_Call": -7409403.918,
    "CEX_Put": 14975183.477,
    "CEX_Total": 7565779.559,
    "CEX_Ratio": -0.494779
}