{
    "timestamp": "2025-08-25 11:41:00",
    "cum_gam": null,
    "cum_vec": 7600.0,
    "DEX_Call": 83.735,
    "DEX_Put": -23.337,
    "DEX_Total": 60.398,
    "DEX_Ratio": 3.588079,
    "GEX_Call": 1558493.142,
    "GEX_Put": -1287132.934,
    "GEX_Total": 271360.208,
    "GEX_Ratio": 1.210825,
    "VEX_Call": -124398.296,
    "VEX_Put": 165397.838,
    "VEX_Total": 40999.542,
    "VEX_Ratio": -0.752116,
    "CEX_Call": -8501891.224,
    "CEX_Put": 10779181.951,
    "CEX_Total": 2277290.727,
    "CEX_Ratio": -0.788733
}