{
    "timestamp": "2025-11-26 10:15:07",
    "cum_gam": null,
    "cum_vec": null,
    "DEX_Call": 395.746,
    "DEX_Put": -30.88,
    "DEX_Total": 364.866,
    "DEX_Ratio": 12.815609,
    "GEX_Call": 5509876.948,
    "GEX_Put": -472812.97,
    "GEX_Total": 5037063.978,
    "GEX_Ratio": 11.653396,
    "VEX_Call": -117614.605,
    "VEX_Put": 303681.849,
    "VEX_Total": 186067.244,
    "VEX_Ratio": -0.387295,
    "CEX_Call": -5300939.628,
    "CEX_Put": 12206164.509,
    "CEX_Total": 6905224.881,
    "CEX_Ratio": -0.434284
}