{
    "timestamp": "2025-08-07 08:53:31",
    "cum_gam": null,
    "cum_vec": 8000.0,
    "DEX_Call": 83.258,
    "DEX_Put": -75.836,
    "DEX_Total": 7.422,
    "DEX_Ratio": 1.097869,
    "GEX_Call": 1348831.398,
    "GEX_Put": -1203031.692,
    "GEX_Total": 145799.706,
    "GEX_Ratio": 1.121194,
    "VEX_Call": -238390.698,
    "VEX_Put": 232770.8,
    "VEX_Total": -5619.898,
    "VEX_Ratio": -1.024143,
    "CEX_Call": -7942223.347,
    "CEX_Put": 7361306.342,
    "CEX_Total": -580917.005,
    "CEX_Ratio": -1.078915
}