{
    "timestamp": "2025-10-13 10:18:10",
    "cum_gam": 6747.968252188506,
    "cum_vec": 8400.0,
    "DEX_Call": 82.205,
    "DEX_Put": -188.257,
    "DEX_Total": -106.052,
    "DEX_Ratio": 0.436664,
    "GEX_Call": 1426037.685,
    "GEX_Put": -1804746.193,
    "GEX_Total": -378708.508,
    "GEX_Ratio": 0.79016,
    "VEX_Call": -112607.568,
    "VEX_Put": 259523.424,
    "VEX_Total": 146915.856,
    "VEX_Ratio": -0.433901,
    "CEX_Call": -4939834.275,
    "CEX_Put": 10589331.681,
    "CEX_Total": 5649497.406,
    "CEX_Ratio": -0.466492
}