{
    "timestamp": "2025-10-02 10:13:00",
    "cum_gam": null,
    "cum_vec": null,
    "DEX_Call": 114.13,
    "DEX_Put": -52.494,
    "DEX_Total": 61.636,
    "DEX_Ratio": 2.174153,
    "GEX_Call": 3284879.343,
    "GEX_Put": -1684541.3,
    "GEX_Total": 1600338.043,
    "GEX_Ratio": 1.950014,
    "VEX_Call": -334988.079,
    "VEX_Put": 381043.452,
    "VEX_Total": 46055.373,
    "VEX_Ratio": -0.879134,
    "CEX_Call": -14144815.908,
    "CEX_Put": 15242621.629,
    "CEX_Total": 1097805.721,
    "CEX_Ratio": -0.927978
}