{
    "timestamp": "2025-11-24 11:53:45",
    "cum_gam": null,
    "cum_vec": null,
    "DEX_Call": 170.645,
    "DEX_Put": -80.275,
    "DEX_Total": 90.37,
    "DEX_Ratio": 2.125755,
    "GEX_Call": 2051738.406,
    "GEX_Put": -591390.609,
    "GEX_Total": 1460347.797,
    "GEX_Ratio": 3.469346,
    "VEX_Call": -56177.121,
    "VEX_Put": 211397.292,
    "VEX_Total": 155220.171,
    "VEX_Ratio": -0.265742,
    "CEX_Call": -4224170.395,
    "CEX_Put": 14597234.593,
    "CEX_Total": 10373064.198,
    "CEX_Ratio": -0.289382
}