{
    "timestamp": "2025-10-10 07:02:57",
    "cum_gam": null,
    "cum_vec": null,
    "DEX_Call": 303.471,
    "DEX_Put": -107.216,
    "DEX_Total": 196.255,
    "DEX_Ratio": 2.830464,
    "GEX_Call": 3373205.588,
    "GEX_Put": -2078551.793,
    "GEX_Total": 1294653.795,
    "GEX_Ratio": 1.622863,
    "VEX_Call": -370959.805,
    "VEX_Put": 860872.1,
    "VEX_Total": 489912.295,
    "VEX_Ratio": -0.430912,
    "CEX_Call": -8942622.759,
    "CEX_Put": 19205187.417,
    "CEX_Total": 10262564.658,
    "CEX_Ratio": -0.465636
}