{
    "timestamp": "2025-11-10 11:05:15",
    "cum_gam": 8784.347826086956,
    "cum_vec": 8784.347826086956,
    "DEX_Call": 293.501,
    "DEX_Put": -66.904,
    "DEX_Total": 226.597,
    "DEX_Ratio": 4.386898,
    "GEX_Call": 2476370.005,
    "GEX_Put": -781477.493,
    "GEX_Total": 1694892.512,
    "GEX_Ratio": 3.168831,
    "VEX_Call": -22224.07,
    "VEX_Put": 187522.197,
    "VEX_Total": 165298.127,
    "VEX_Ratio": -0.118514,
    "CEX_Call": -1519966.363,
    "CEX_Put": 9438851.897,
    "CEX_Total": 7918885.534,
    "CEX_Ratio": -0.161033
}