{
    "timestamp": "2025-06-27 12:06:17",
    "cum_gam": 7588.5360824742265,
    "cum_vec": 7588.5360824742265,
    "DEX_Call": 88.088,
    "DEX_Put": -50.337,
    "DEX_Total": 37.751,
    "DEX_Ratio": 1.749965,
    "GEX_Call": 2992675.29,
    "GEX_Put": -1393740.344,
    "GEX_Total": 1598934.946,
    "GEX_Ratio": 2.147226,
    "VEX_Call": -251807.89,
    "VEX_Put": 313988.753,
    "VEX_Total": 62180.863,
    "VEX_Ratio": -0.801965,
    "CEX_Call": -21436390.27,
    "CEX_Put": 25929150.803,
    "CEX_Total": 4492760.533,
    "CEX_Ratio": -0.826729
}