{
    "timestamp": "2026-07-22 09:14:07",
    "cum_gam": 8978.625954198473,
    "cum_vec": 8978.625954198473,
    "DEX_Call": 84.182,
    "DEX_Put": -66.061,
    "DEX_Total": 18.121,
    "DEX_Ratio": 1.274307,
    "GEX_Call": 2508570.291,
    "GEX_Put": -1302475.481,
    "GEX_Total": 1206094.81,
    "GEX_Ratio": 1.926002,
    "VEX_Call": -312004.698,
    "VEX_Put": 328607.613,
    "VEX_Total": 16602.915,
    "VEX_Ratio": -0.949475,
    "CEX_Call": -9511726.576,
    "CEX_Put": 9401665.013,
    "CEX_Total": -110061.563,
    "CEX_Ratio": -1.011707
}