{
    "timestamp": "2025-09-23 07:34:25",
    "cum_gam": null,
    "cum_vec": null,
    "DEX_Call": 180.067,
    "DEX_Put": -55.45,
    "DEX_Total": 124.617,
    "DEX_Ratio": 3.247376,
    "GEX_Call": 2753319.298,
    "GEX_Put": -1551433.458,
    "GEX_Total": 1201885.84,
    "GEX_Ratio": 1.774694,
    "VEX_Call": -330953.552,
    "VEX_Put": 367908.437,
    "VEX_Total": 36954.885,
    "VEX_Ratio": -0.899554,
    "CEX_Call": -8592078.292,
    "CEX_Put": 8830968.562,
    "CEX_Total": 238890.27,
    "CEX_Ratio": -0.972949
}