{
    "timestamp": "2025-07-18 11:18:56",
    "cum_gam": null,
    "cum_vec": 8292.881355932202,
    "DEX_Call": 204.135,
    "DEX_Put": -131.375,
    "DEX_Total": 72.76,
    "DEX_Ratio": 1.553834,
    "GEX_Call": 4020988.166,
    "GEX_Put": -2835196.909,
    "GEX_Total": 1185791.257,
    "GEX_Ratio": 1.418239,
    "VEX_Call": -260775.207,
    "VEX_Put": 132156.292,
    "VEX_Total": -128618.915,
    "VEX_Ratio": -1.973233,
    "CEX_Call": -16145369.406,
    "CEX_Put": 7420935.361,
    "CEX_Total": -8724434.045,
    "CEX_Ratio": -2.175652
}