{
    "timestamp": "2025-11-10 11:58:13",
    "cum_gam": 8730.90909090909,
    "cum_vec": 8730.90909090909,
    "DEX_Call": 308.14,
    "DEX_Put": -61.929,
    "DEX_Total": 246.211,
    "DEX_Ratio": 4.975698,
    "GEX_Call": 2566331.157,
    "GEX_Put": -762835.519,
    "GEX_Total": 1803495.638,
    "GEX_Ratio": 3.3642,
    "VEX_Call": 18168.573,
    "VEX_Put": 201793.76,
    "VEX_Total": 219962.333,
    "VEX_Ratio": 0.090035,
    "CEX_Call": 881024.296,
    "CEX_Put": 14118979.83,
    "CEX_Total": 15000004.126,
    "CEX_Ratio": 0.0624
}