{
    "timestamp": "2025-10-20 09:00:26",
    "cum_gam": null,
    "cum_vec": null,
    "DEX_Call": 197.621,
    "DEX_Put": -34.007,
    "DEX_Total": 163.614,
    "DEX_Ratio": 5.811186,
    "GEX_Call": 2313494.611,
    "GEX_Put": -619402.843,
    "GEX_Total": 1694091.768,
    "GEX_Ratio": 3.73504,
    "VEX_Call": -111335.964,
    "VEX_Put": 383430.191,
    "VEX_Total": 272094.227,
    "VEX_Ratio": -0.290368,
    "CEX_Call": -3835860.734,
    "CEX_Put": 11868891.444,
    "CEX_Total": 8033030.71,
    "CEX_Ratio": -0.323186
}