{
    "timestamp": "2025-11-12 09:40:39",
    "cum_gam": 8596.87825182102,
    "cum_vec": 8596.87825182102,
    "DEX_Call": 187.9,
    "DEX_Put": -78.581,
    "DEX_Total": 109.319,
    "DEX_Ratio": 2.391163,
    "GEX_Call": 2207142.127,
    "GEX_Put": -1350548.935,
    "GEX_Total": 856593.192,
    "GEX_Ratio": 1.634256,
    "VEX_Call": -329965.034,
    "VEX_Put": 427429.808,
    "VEX_Total": 97464.774,
    "VEX_Ratio": -0.771975,
    "CEX_Call": -11940602.203,
    "CEX_Put": 14809977.444,
    "CEX_Total": 2869375.241,
    "CEX_Ratio": -0.806254
}