{
    "timestamp": "2025-11-11 11:19:34",
    "cum_gam": null,
    "cum_vec": null,
    "DEX_Call": 185.096,
    "DEX_Put": -26.886,
    "DEX_Total": 158.21,
    "DEX_Ratio": 6.884475,
    "GEX_Call": 2339424.914,
    "GEX_Put": -843056.703,
    "GEX_Total": 1496368.211,
    "GEX_Ratio": 2.774932,
    "VEX_Call": -91165.783,
    "VEX_Put": 246990.558,
    "VEX_Total": 155824.775,
    "VEX_Ratio": -0.369106,
    "CEX_Call": -5368162.054,
    "CEX_Put": 13421836.375,
    "CEX_Total": 8053674.321,
    "CEX_Ratio": -0.399957
}