{
    "timestamp": "2025-10-14 08:10:27",
    "cum_gam": 6613.7329163133445,
    "cum_vec": 6613.7329163133445,
    "DEX_Call": 55.117,
    "DEX_Put": -196.133,
    "DEX_Total": -141.016,
    "DEX_Ratio": 0.281018,
    "GEX_Call": 811615.351,
    "GEX_Put": -1701938.2,
    "GEX_Total": -890322.849,
    "GEX_Ratio": 0.476877,
    "VEX_Call": -279336.511,
    "VEX_Put": 403855.43,
    "VEX_Total": 124518.919,
    "VEX_Ratio": -0.691675,
    "CEX_Call": -7766122.272,
    "CEX_Put": 10778814.697,
    "CEX_Total": 3012692.425,
    "CEX_Ratio": -0.720499
}