{
    "timestamp": "2025-09-04 07:22:15",
    "cum_gam": null,
    "cum_vec": 7140.740740740741,
    "DEX_Call": 124.847,
    "DEX_Put": -67.363,
    "DEX_Total": 57.484,
    "DEX_Ratio": 1.853347,
    "GEX_Call": 2858752.96,
    "GEX_Put": -1667151.424,
    "GEX_Total": 1191601.536,
    "GEX_Ratio": 1.714753,
    "VEX_Call": -385352.151,
    "VEX_Put": 573281.37,
    "VEX_Total": 187929.219,
    "VEX_Ratio": -0.672187,
    "CEX_Call": -10011332.752,
    "CEX_Put": 13968844.357,
    "CEX_Total": 3957511.605,
    "CEX_Ratio": -0.71669
}