{
    "timestamp": "2025-07-22 06:44:41",
    "cum_gam": 6271.558539921845,
    "cum_vec": 7392.885375494071,
    "DEX_Call": 53.122,
    "DEX_Put": -90.178,
    "DEX_Total": -37.056,
    "DEX_Ratio": 0.589079,
    "GEX_Call": 1328794.424,
    "GEX_Put": -1606621.94,
    "GEX_Total": -277827.516,
    "GEX_Ratio": 0.827073,
    "VEX_Call": -226499.945,
    "VEX_Put": 297898.546,
    "VEX_Total": 71398.601,
    "VEX_Ratio": -0.760326,
    "CEX_Call": -5476378.112,
    "CEX_Put": 6678666.458,
    "CEX_Total": 1202288.346,
    "CEX_Ratio": -0.819981
}