{
    "timestamp": "2025-09-29 06:49:58",
    "cum_gam": null,
    "cum_vec": 8200.0,
    "DEX_Call": 203.173,
    "DEX_Put": -37.856,
    "DEX_Total": 165.317,
    "DEX_Ratio": 5.366996,
    "GEX_Call": 2650841.395,
    "GEX_Put": -1033244.299,
    "GEX_Total": 1617597.096,
    "GEX_Ratio": 2.565551,
    "VEX_Call": -182559.589,
    "VEX_Put": 542221.23,
    "VEX_Total": 359661.641,
    "VEX_Ratio": -0.336688,
    "CEX_Call": -4480091.47,
    "CEX_Put": 11914967.22,
    "CEX_Total": 7434875.75,
    "CEX_Ratio": -0.376005
}