{
    "timestamp": "2025-11-04 12:23:23",
    "cum_gam": 8767.777777777777,
    "cum_vec": 8767.777777777777,
    "DEX_Call": 28.441,
    "DEX_Put": -228.447,
    "DEX_Total": -200.006,
    "DEX_Ratio": 0.124497,
    "GEX_Call": 401540.978,
    "GEX_Put": -1759175.166,
    "GEX_Total": -1357634.188,
    "GEX_Ratio": 0.228255,
    "VEX_Call": -116334.729,
    "VEX_Put": 113428.631,
    "VEX_Total": -2906.098,
    "VEX_Ratio": -1.02562,
    "CEX_Call": -10162560.082,
    "CEX_Put": 9572714.413,
    "CEX_Total": -589845.669,
    "CEX_Ratio": -1.061617
}