{
    "timestamp": "2025-10-28 10:27:10",
    "cum_gam": null,
    "cum_vec": null,
    "DEX_Call": 269.578,
    "DEX_Put": -31.461,
    "DEX_Total": 238.117,
    "DEX_Ratio": 8.568641,
    "GEX_Call": 10195956.275,
    "GEX_Put": -1367990.24,
    "GEX_Total": 8827966.035,
    "GEX_Ratio": 7.453238,
    "VEX_Call": -506985.66,
    "VEX_Put": 662948.092,
    "VEX_Total": 155962.432,
    "VEX_Ratio": -0.764744,
    "CEX_Call": -22905604.985,
    "CEX_Put": 27655473.714,
    "CEX_Total": 4749868.729,
    "CEX_Ratio": -0.828249
}