{
    "timestamp": "2025-11-19 11:09:11",
    "cum_gam": 6632.367629457827,
    "cum_vec": 6632.367629457827,
    "DEX_Call": 55.31,
    "DEX_Put": -97.384,
    "DEX_Total": -42.074,
    "DEX_Ratio": 0.567958,
    "GEX_Call": 771459.572,
    "GEX_Put": -1364572.083,
    "GEX_Total": -593112.511,
    "GEX_Ratio": 0.565349,
    "VEX_Call": -219379.666,
    "VEX_Put": 239562.285,
    "VEX_Total": 20182.619,
    "VEX_Ratio": -0.915752,
    "CEX_Call": -11859998.043,
    "CEX_Put": 12606322.506,
    "CEX_Total": 746324.463,
    "CEX_Ratio": -0.940798
}