{
    "timestamp": "2026-07-22 12:32:13",
    "cum_gam": 7500.546641624968,
    "cum_vec": 7500.546641624968,
    "DEX_Call": 76.404,
    "DEX_Put": -31.462,
    "DEX_Total": 44.942,
    "DEX_Ratio": 2.428453,
    "GEX_Call": 2394823.172,
    "GEX_Put": -2576433.058,
    "GEX_Total": -181609.886,
    "GEX_Ratio": 0.929511,
    "VEX_Call": -132500.34,
    "VEX_Put": 178251.582,
    "VEX_Total": 45751.242,
    "VEX_Ratio": -0.743333,
    "CEX_Call": -11731032.575,
    "CEX_Put": 14875868.248,
    "CEX_Total": 3144835.673,
    "CEX_Ratio": -0.788595
}