{
    "timestamp": "2025-08-21 09:12:47",
    "cum_gam": 6376.407337234607,
    "cum_vec": 6376.407337234607,
    "DEX_Call": 38.614,
    "DEX_Put": -161.248,
    "DEX_Total": -122.634,
    "DEX_Ratio": 0.23947,
    "GEX_Call": 692539.506,
    "GEX_Put": -1571909.562,
    "GEX_Total": -879370.056,
    "GEX_Ratio": 0.440572,
    "VEX_Call": -193945.633,
    "VEX_Put": 211655.319,
    "VEX_Total": 17709.686,
    "VEX_Ratio": -0.916328,
    "CEX_Call": -6774034.457,
    "CEX_Put": 7028958.172,
    "CEX_Total": 254923.715,
    "CEX_Ratio": -0.963732
}