{
    "timestamp": "2025-11-17 12:56:53",
    "cum_gam": 6687.94524653818,
    "cum_vec": 6687.94524653818,
    "DEX_Call": 13.485,
    "DEX_Put": -150.309,
    "DEX_Total": -136.824,
    "DEX_Ratio": 0.089715,
    "GEX_Call": 222291.41,
    "GEX_Put": -2154185.738,
    "GEX_Total": -1931894.328,
    "GEX_Ratio": 0.10319,
    "VEX_Call": -103797.225,
    "VEX_Put": 121689.234,
    "VEX_Total": 17892.009,
    "VEX_Ratio": -0.85297,
    "CEX_Call": -13114653.493,
    "CEX_Put": 14998047.438,
    "CEX_Total": 1883393.945,
    "CEX_Ratio": -0.874424
}