{
    "timestamp": "2025-10-24 11:36:29",
    "cum_gam": null,
    "cum_vec": null,
    "DEX_Call": 645.084,
    "DEX_Put": -16.045,
    "DEX_Total": 629.039,
    "DEX_Ratio": 40.204674,
    "GEX_Call": 6677132.1,
    "GEX_Put": -530392.447,
    "GEX_Total": 6146739.653,
    "GEX_Ratio": 12.589041,
    "VEX_Call": 41861.171,
    "VEX_Put": 375877.677,
    "VEX_Total": 417738.848,
    "VEX_Ratio": 0.111369,
    "CEX_Call": 1515422.945,
    "CEX_Put": 22890515.202,
    "CEX_Total": 24405938.147,
    "CEX_Ratio": 0.066203
}