{
    "timestamp": "2025-08-06 12:04:20",
    "cum_gam": null,
    "cum_vec": null,
    "DEX_Call": 138.94,
    "DEX_Put": -22.032,
    "DEX_Total": 116.908,
    "DEX_Ratio": 6.306282,
    "GEX_Call": 2936407.492,
    "GEX_Put": -890843.764,
    "GEX_Total": 2045563.728,
    "GEX_Ratio": 3.296209,
    "VEX_Call": -53380.672,
    "VEX_Put": 162543.919,
    "VEX_Total": 109163.247,
    "VEX_Ratio": -0.328408,
    "CEX_Call": -4698570.229,
    "CEX_Put": 12771141.626,
    "CEX_Total": 8072571.397,
    "CEX_Ratio": -0.367905
}