{
    "timestamp": "2025-09-04 10:26:09",
    "cum_gam": null,
    "cum_vec": 7270.588235294118,
    "DEX_Call": 281.58,
    "DEX_Put": -22.842,
    "DEX_Total": 258.738,
    "DEX_Ratio": 12.327292,
    "GEX_Call": 5926496.566,
    "GEX_Put": -838062.915,
    "GEX_Total": 5088433.651,
    "GEX_Ratio": 7.071661,
    "VEX_Call": 28460.145,
    "VEX_Put": 356319.579,
    "VEX_Total": 384779.724,
    "VEX_Ratio": 0.079873,
    "CEX_Call": 341618.421,
    "CEX_Put": 15737557.16,
    "CEX_Total": 16079175.581,
    "CEX_Ratio": 0.021707
}