{
    "timestamp": "2025-06-30 12:30:00",
    "cum_gam": null,
    "cum_vec": null,
    "DEX_Call": 1520.662,
    "DEX_Put": -17.888,
    "DEX_Total": 1502.774,
    "DEX_Ratio": 85.010174,
    "GEX_Call": 5019886.873,
    "GEX_Put": -560675.386,
    "GEX_Total": 4459211.487,
    "GEX_Ratio": 8.953286,
    "VEX_Call": 590145.546,
    "VEX_Put": 268530.065,
    "VEX_Total": 858675.611,
    "VEX_Ratio": 2.197689,
    "CEX_Call": 58656161.803,
    "CEX_Put": 26959173.221,
    "CEX_Total": 85615335.024,
    "CEX_Ratio": 2.17574
}