{
    "timestamp": "2025-10-16 07:03:14",
    "cum_gam": null,
    "cum_vec": null,
    "DEX_Call": 132.315,
    "DEX_Put": -107.424,
    "DEX_Total": 24.891,
    "DEX_Ratio": 1.231708,
    "GEX_Call": 1463004.989,
    "GEX_Put": -1167994.444,
    "GEX_Total": 295010.545,
    "GEX_Ratio": 1.252579,
    "VEX_Call": -313733.177,
    "VEX_Put": 588650.174,
    "VEX_Total": 274916.997,
    "VEX_Ratio": -0.53297,
    "CEX_Call": -7407951.527,
    "CEX_Put": 13288076.553,
    "CEX_Total": 5880125.026,
    "CEX_Ratio": -0.557489
}