{
    "timestamp": "2025-09-23 09:38:37",
    "cum_gam": null,
    "cum_vec": null,
    "DEX_Call": 81.937,
    "DEX_Put": -77.922,
    "DEX_Total": 4.015,
    "DEX_Ratio": 1.051526,
    "GEX_Call": 2128150.637,
    "GEX_Put": -1773918.839,
    "GEX_Total": 354231.798,
    "GEX_Ratio": 1.199689,
    "VEX_Call": -406617.087,
    "VEX_Put": 288151.878,
    "VEX_Total": -118465.209,
    "VEX_Ratio": -1.411121,
    "CEX_Call": -14878631.164,
    "CEX_Put": 10031118.804,
    "CEX_Total": -4847512.36,
    "CEX_Ratio": -1.483247
}