{
    "timestamp": "2025-10-28 10:09:08",
    "cum_gam": null,
    "cum_vec": 8552.763819095477,
    "DEX_Call": 499.963,
    "DEX_Put": -29.29,
    "DEX_Total": 470.673,
    "DEX_Ratio": 17.069409,
    "GEX_Call": 10212724.947,
    "GEX_Put": -1311386.446,
    "GEX_Total": 8901338.501,
    "GEX_Ratio": 7.787731,
    "VEX_Call": -341671.077,
    "VEX_Put": 627859.831,
    "VEX_Total": 286188.754,
    "VEX_Ratio": -0.544184,
    "CEX_Call": -14910652.914,
    "CEX_Put": 24263382.577,
    "CEX_Total": 9352729.663,
    "CEX_Ratio": -0.614533
}