{
    "timestamp": "2025-11-19 09:18:28",
    "cum_gam": 6635.81034525322,
    "cum_vec": 8393.392630241424,
    "DEX_Call": 69.666,
    "DEX_Put": -223.766,
    "DEX_Total": -154.1,
    "DEX_Ratio": 0.311334,
    "GEX_Call": 831876.035,
    "GEX_Put": -1357778.183,
    "GEX_Total": -525902.148,
    "GEX_Ratio": 0.612674,
    "VEX_Call": -230145.611,
    "VEX_Put": 244185.877,
    "VEX_Total": 14040.266,
    "VEX_Ratio": -0.942502,
    "CEX_Call": -7848896.445,
    "CEX_Put": 7977730.563,
    "CEX_Total": 128834.118,
    "CEX_Ratio": -0.983851
}