{
    "timestamp": "2025-09-19 07:41:21",
    "cum_gam": null,
    "cum_vec": null,
    "DEX_Call": 331.41,
    "DEX_Put": -151.272,
    "DEX_Total": 180.138,
    "DEX_Ratio": 2.190822,
    "GEX_Call": 3682604.426,
    "GEX_Put": -2413538.235,
    "GEX_Total": 1269066.191,
    "GEX_Ratio": 1.525812,
    "VEX_Call": -164064.611,
    "VEX_Put": 677095.024,
    "VEX_Total": 513030.413,
    "VEX_Ratio": -0.242307,
    "CEX_Call": -4719834.8,
    "CEX_Put": 16727476.377,
    "CEX_Total": 12007641.577,
    "CEX_Ratio": -0.282161
}