{
    "timestamp": "2025-10-15 09:16:19",
    "cum_gam": null,
    "cum_vec": null,
    "DEX_Call": 139.401,
    "DEX_Put": -79.241,
    "DEX_Total": 60.16,
    "DEX_Ratio": 1.759203,
    "GEX_Call": 1679278.651,
    "GEX_Put": -1083983.72,
    "GEX_Total": 595294.931,
    "GEX_Ratio": 1.549173,
    "VEX_Call": -240118.045,
    "VEX_Put": 374177.097,
    "VEX_Total": 134059.052,
    "VEX_Ratio": -0.641723,
    "CEX_Call": -8208659.152,
    "CEX_Put": 12213451.669,
    "CEX_Total": 4004792.517,
    "CEX_Ratio": -0.6721
}