{
    "timestamp": "2025-06-26 12:47:04",
    "cum_gam": null,
    "cum_vec": null,
    "DEX_Call": 192.107,
    "DEX_Put": -2.125,
    "DEX_Total": 189.982,
    "DEX_Ratio": 90.403294,
    "GEX_Call": 2746424.567,
    "GEX_Put": -133696.901,
    "GEX_Total": 2612727.666,
    "GEX_Ratio": 20.542171,
    "VEX_Call": 98656.118,
    "VEX_Put": 91333.806,
    "VEX_Total": 189989.924,
    "VEX_Ratio": 1.080171,
    "CEX_Call": 11548640.555,
    "CEX_Put": 11067808.952,
    "CEX_Total": 22616449.507,
    "CEX_Ratio": 1.043444
}