{
    "timestamp": "2025-10-30 07:35:30",
    "cum_gam": 6831.621498262585,
    "cum_vec": 7867.621776504298,
    "DEX_Call": 168.631,
    "DEX_Put": -121.364,
    "DEX_Total": 47.267,
    "DEX_Ratio": 1.389465,
    "GEX_Call": 1110801.945,
    "GEX_Put": -1361461.118,
    "GEX_Total": -250659.173,
    "GEX_Ratio": 0.81589,
    "VEX_Call": -185506.152,
    "VEX_Put": 355695.437,
    "VEX_Total": 170189.285,
    "VEX_Ratio": -0.521531,
    "CEX_Call": -4642850.935,
    "CEX_Put": 8356932.542,
    "CEX_Total": 3714081.607,
    "CEX_Ratio": -0.555569
}