{
    "timestamp": "2025-09-03 09:46:16",
    "cum_gam": null,
    "cum_vec": null,
    "DEX_Call": 131.368,
    "DEX_Put": -80.407,
    "DEX_Total": 50.961,
    "DEX_Ratio": 1.633788,
    "GEX_Call": 2694314.477,
    "GEX_Put": -1365364.978,
    "GEX_Total": 1328949.499,
    "GEX_Ratio": 1.973329,
    "VEX_Call": -275552.031,
    "VEX_Put": 404906.943,
    "VEX_Total": 129354.912,
    "VEX_Ratio": -0.680532,
    "CEX_Call": -10956437.865,
    "CEX_Put": 15268026.039,
    "CEX_Total": 4311588.174,
    "CEX_Ratio": -0.717607
}