{
    "timestamp": "2025-10-08 11:28:48",
    "cum_gam": null,
    "cum_vec": 8166.666666666667,
    "DEX_Call": 277.154,
    "DEX_Put": -38.151,
    "DEX_Total": 239.003,
    "DEX_Ratio": 7.264659,
    "GEX_Call": 5253670.94,
    "GEX_Put": -991524.086,
    "GEX_Total": 4262146.854,
    "GEX_Ratio": 5.298581,
    "VEX_Call": -21676.878,
    "VEX_Put": 327083.675,
    "VEX_Total": 305406.797,
    "VEX_Ratio": -0.066273,
    "CEX_Call": -2094368.194,
    "CEX_Put": 19063130.537,
    "CEX_Total": 16968762.343,
    "CEX_Ratio": -0.109865
}