{
    "timestamp": "2025-09-09 11:32:58",
    "cum_gam": null,
    "cum_vec": null,
    "DEX_Call": 142.563,
    "DEX_Put": -25.708,
    "DEX_Total": 116.855,
    "DEX_Ratio": 5.545472,
    "GEX_Call": 2733484.432,
    "GEX_Put": -1067787.277,
    "GEX_Total": 1665697.155,
    "GEX_Ratio": 2.559952,
    "VEX_Call": -48847.489,
    "VEX_Put": 190298.327,
    "VEX_Total": 141450.838,
    "VEX_Ratio": -0.256689,
    "CEX_Call": -3483012.288,
    "CEX_Put": 11738598.799,
    "CEX_Total": 8255586.511,
    "CEX_Ratio": -0.296714
}