{
    "timestamp": "2025-08-06 10:09:19",
    "cum_gam": null,
    "cum_vec": null,
    "DEX_Call": 108.937,
    "DEX_Put": -53.537,
    "DEX_Total": 55.4,
    "DEX_Ratio": 2.034798,
    "GEX_Call": 2201732.597,
    "GEX_Put": -943405.509,
    "GEX_Total": 1258327.088,
    "GEX_Ratio": 2.333814,
    "VEX_Call": -128132.49,
    "VEX_Put": 227534.223,
    "VEX_Total": 99401.733,
    "VEX_Ratio": -0.563135,
    "CEX_Call": -5775106.586,
    "CEX_Put": 9497114.429,
    "CEX_Total": 3722007.843,
    "CEX_Ratio": -0.608091
}