{
    "timestamp": "2025-10-24 12:04:27",
    "cum_gam": null,
    "cum_vec": null,
    "DEX_Call": 422.158,
    "DEX_Put": -25.338,
    "DEX_Total": 396.82,
    "DEX_Ratio": 16.661062,
    "GEX_Call": 6712553.975,
    "GEX_Put": -492888.656,
    "GEX_Total": 6219665.319,
    "GEX_Ratio": 13.618804,
    "VEX_Call": -158419.862,
    "VEX_Put": 309008.721,
    "VEX_Total": 150588.859,
    "VEX_Ratio": -0.512671,
    "CEX_Call": -12799784.268,
    "CEX_Put": 22844416.343,
    "CEX_Total": 10044632.075,
    "CEX_Ratio": -0.560303
}