{
    "timestamp": "2025-10-23 11:23:04",
    "cum_gam": null,
    "cum_vec": null,
    "DEX_Call": 178.667,
    "DEX_Put": -28.813,
    "DEX_Total": 149.854,
    "DEX_Ratio": 6.200916,
    "GEX_Call": 2860686.885,
    "GEX_Put": -845406.25,
    "GEX_Total": 2015280.635,
    "GEX_Ratio": 3.383801,
    "VEX_Call": -93276.579,
    "VEX_Put": 258262.037,
    "VEX_Total": 164985.458,
    "VEX_Ratio": -0.36117,
    "CEX_Call": -5743563.89,
    "CEX_Put": 14533221.289,
    "CEX_Total": 8789657.399,
    "CEX_Ratio": -0.395202
}