{
    "timestamp": "2025-09-22 07:13:56",
    "cum_gam": null,
    "cum_vec": 8400.0,
    "DEX_Call": 66.405,
    "DEX_Put": -67.294,
    "DEX_Total": -0.889,
    "DEX_Ratio": 0.986789,
    "GEX_Call": 1846698.429,
    "GEX_Put": -1539525.851,
    "GEX_Total": 307172.578,
    "GEX_Ratio": 1.199524,
    "VEX_Call": -208907.31,
    "VEX_Put": 414114.571,
    "VEX_Total": 205207.261,
    "VEX_Ratio": -0.504467,
    "CEX_Call": -5214625.859,
    "CEX_Put": 9524515.472,
    "CEX_Total": 4309889.613,
    "CEX_Ratio": -0.547495
}