{
    "timestamp": "2025-09-17 11:10:20",
    "cum_gam": null,
    "cum_vec": 8400.0,
    "DEX_Call": 148.301,
    "DEX_Put": -76.746,
    "DEX_Total": 71.555,
    "DEX_Ratio": 1.932361,
    "GEX_Call": 1440305.05,
    "GEX_Put": -1115967.92,
    "GEX_Total": 324337.13,
    "GEX_Ratio": 1.290633,
    "VEX_Call": -270931.13,
    "VEX_Put": 602799.728,
    "VEX_Total": 331868.598,
    "VEX_Ratio": -0.449455,
    "CEX_Call": -14853142.069,
    "CEX_Put": 32372079.493,
    "CEX_Total": 17518937.424,
    "CEX_Ratio": -0.458826
}