{
    "timestamp": "2025-09-19 12:10:35",
    "cum_gam": 9543.478260869566,
    "cum_vec": 9543.478260869566,
    "DEX_Call": 636.872,
    "DEX_Put": -27.998,
    "DEX_Total": 608.874,
    "DEX_Ratio": 22.747053,
    "GEX_Call": 4934540.873,
    "GEX_Put": -1983803.387,
    "GEX_Total": 2950737.486,
    "GEX_Ratio": 2.487414,
    "VEX_Call": 277567.013,
    "VEX_Put": 511605.995,
    "VEX_Total": 789173.008,
    "VEX_Ratio": 0.542541,
    "CEX_Call": 21281774.884,
    "CEX_Put": 40337095.015,
    "CEX_Total": 61618869.899,
    "CEX_Ratio": 0.527598
}