{
    "timestamp": "2025-11-25 12:06:27",
    "cum_gam": null,
    "cum_vec": 7993.355481727574,
    "DEX_Call": 216.936,
    "DEX_Put": -30.266,
    "DEX_Total": 186.67,
    "DEX_Ratio": 7.167647,
    "GEX_Call": 2295145.976,
    "GEX_Put": -578664.679,
    "GEX_Total": 1716481.297,
    "GEX_Ratio": 3.96628,
    "VEX_Call": -25884.774,
    "VEX_Put": 170263.171,
    "VEX_Total": 144378.397,
    "VEX_Ratio": -0.152028,
    "CEX_Call": -2193297.561,
    "CEX_Put": 12847686.928,
    "CEX_Total": 10654389.367,
    "CEX_Ratio": -0.170715
}