{
    "timestamp": "2025-07-03 08:05:22",
    "cum_gam": 7587.951807228916,
    "cum_vec": 7645.112781954887,
    "DEX_Call": 213.344,
    "DEX_Put": -12.105,
    "DEX_Total": 201.239,
    "DEX_Ratio": 17.624453,
    "GEX_Call": 4198970.103,
    "GEX_Put": -422739.558,
    "GEX_Total": 3776230.545,
    "GEX_Ratio": 9.932759,
    "VEX_Call": -153152.754,
    "VEX_Put": 275890.117,
    "VEX_Total": 122737.363,
    "VEX_Ratio": -0.555122,
    "CEX_Call": -5015649.727,
    "CEX_Put": 7787520.34,
    "CEX_Total": 2771870.613,
    "CEX_Ratio": -0.644062
}