{
    "timestamp": "2025-10-01 07:33:30",
    "cum_gam": null,
    "cum_vec": 8600.0,
    "DEX_Call": 139.897,
    "DEX_Put": -82.487,
    "DEX_Total": 57.41,
    "DEX_Ratio": 1.695988,
    "GEX_Call": 2181813.129,
    "GEX_Put": -1602336.491,
    "GEX_Total": 579476.638,
    "GEX_Ratio": 1.361645,
    "VEX_Call": -254336.113,
    "VEX_Put": 465889.728,
    "VEX_Total": 211553.615,
    "VEX_Ratio": -0.545915,
    "CEX_Call": -6608588.287,
    "CEX_Put": 11230861.308,
    "CEX_Total": 4622273.021,
    "CEX_Ratio": -0.588431
}