{
    "timestamp": "2025-08-25 11:09:29",
    "cum_gam": null,
    "cum_vec": 7375.863104172921,
    "DEX_Call": 88.928,
    "DEX_Put": -30.29,
    "DEX_Total": 58.638,
    "DEX_Ratio": 2.935886,
    "GEX_Call": 1764735.171,
    "GEX_Put": -1225032.175,
    "GEX_Total": 539702.996,
    "GEX_Ratio": 1.440562,
    "VEX_Call": -126160.179,
    "VEX_Put": 177108.557,
    "VEX_Total": 50948.378,
    "VEX_Ratio": -0.712332,
    "CEX_Call": -7223623.853,
    "CEX_Put": 9562409.166,
    "CEX_Total": 2338785.313,
    "CEX_Ratio": -0.755419
}