{
    "timestamp": "2025-09-29 12:45:10",
    "cum_gam": null,
    "cum_vec": 8200.0,
    "DEX_Call": 118.076,
    "DEX_Put": -28.36,
    "DEX_Total": 89.716,
    "DEX_Ratio": 4.16347,
    "GEX_Call": 2178176.573,
    "GEX_Put": -926685.77,
    "GEX_Total": 1251490.803,
    "GEX_Ratio": 2.350502,
    "VEX_Call": -117632.965,
    "VEX_Put": 177250.512,
    "VEX_Total": 59617.547,
    "VEX_Ratio": -0.663654,
    "CEX_Call": -13259830.419,
    "CEX_Put": 19322546.742,
    "CEX_Total": 6062716.323,
    "CEX_Ratio": -0.686236
}