{
    "timestamp": "2025-10-01 11:10:44",
    "cum_gam": null,
    "cum_vec": 8600.0,
    "DEX_Call": 213.248,
    "DEX_Put": -20.457,
    "DEX_Total": 192.791,
    "DEX_Ratio": 10.424207,
    "GEX_Call": 3772879.068,
    "GEX_Put": -966877.083,
    "GEX_Total": 2806001.985,
    "GEX_Ratio": 3.902129,
    "VEX_Call": -98334.316,
    "VEX_Put": 292661.333,
    "VEX_Total": 194327.017,
    "VEX_Ratio": -0.336,
    "CEX_Call": -5834361.01,
    "CEX_Put": 15458942.857,
    "CEX_Total": 9624581.847,
    "CEX_Ratio": -0.37741
}