{
    "timestamp": "2025-10-14 12:14:42",
    "cum_gam": null,
    "cum_vec": null,
    "DEX_Call": 36.635,
    "DEX_Put": -86.446,
    "DEX_Total": -49.811,
    "DEX_Ratio": 0.423791,
    "GEX_Call": 1789507.389,
    "GEX_Put": -1350434.997,
    "GEX_Total": 439072.392,
    "GEX_Ratio": 1.325134,
    "VEX_Call": -211855.958,
    "VEX_Put": 133048.937,
    "VEX_Total": -78807.021,
    "VEX_Ratio": -1.592316,
    "CEX_Call": -17652669.59,
    "CEX_Put": 10699628.225,
    "CEX_Total": -6953041.365,
    "CEX_Ratio": -1.64984
}