{
    "timestamp": "2025-07-28 09:39:24",
    "cum_gam": null,
    "cum_vec": 8200.0,
    "DEX_Call": 140.574,
    "DEX_Put": -34.701,
    "DEX_Total": 105.873,
    "DEX_Ratio": 4.051007,
    "GEX_Call": 2178610.197,
    "GEX_Put": -1250973.719,
    "GEX_Total": 927636.478,
    "GEX_Ratio": 1.741532,
    "VEX_Call": -186565.608,
    "VEX_Put": 239592.58,
    "VEX_Total": 53026.972,
    "VEX_Ratio": -0.778679,
    "CEX_Call": -7338115.331,
    "CEX_Put": 8791301.131,
    "CEX_Total": 1453185.8,
    "CEX_Ratio": -0.834702
}