{
    "timestamp": "2025-11-05 12:07:40",
    "cum_gam": null,
    "cum_vec": null,
    "DEX_Call": 132.488,
    "DEX_Put": -64.546,
    "DEX_Total": 67.942,
    "DEX_Ratio": 2.052614,
    "GEX_Call": 2128841.84,
    "GEX_Put": -911329.091,
    "GEX_Total": 1217512.749,
    "GEX_Ratio": 2.335975,
    "VEX_Call": -134522.685,
    "VEX_Put": 234123.88,
    "VEX_Total": 99601.195,
    "VEX_Ratio": -0.574579,
    "CEX_Call": -10505170.946,
    "CEX_Put": 17562076.002,
    "CEX_Total": 7056905.056,
    "CEX_Ratio": -0.598174
}