{
    "timestamp": "2025-11-11 08:24:13",
    "cum_gam": 8594.657293497365,
    "cum_vec": 8594.657293497365,
    "DEX_Call": 79.62,
    "DEX_Put": -85.677,
    "DEX_Total": -6.057,
    "DEX_Ratio": 0.929304,
    "GEX_Call": 1390145.078,
    "GEX_Put": -1265434.264,
    "GEX_Total": 124710.814,
    "GEX_Ratio": 1.098552,
    "VEX_Call": -272135.021,
    "VEX_Put": 296984.824,
    "VEX_Total": 24849.803,
    "VEX_Ratio": -0.916326,
    "CEX_Call": -7739252.902,
    "CEX_Put": 8011271.62,
    "CEX_Total": 272018.718,
    "CEX_Ratio": -0.966046
}