{
    "timestamp": "2025-09-08 08:06:08",
    "cum_gam": null,
    "cum_vec": 8200.0,
    "DEX_Call": 150.688,
    "DEX_Put": -47.389,
    "DEX_Total": 103.299,
    "DEX_Ratio": 3.17981,
    "GEX_Call": 2844753.918,
    "GEX_Put": -1294796.093,
    "GEX_Total": 1549957.825,
    "GEX_Ratio": 2.197067,
    "VEX_Call": -109984.765,
    "VEX_Put": 411957.834,
    "VEX_Total": 301973.069,
    "VEX_Ratio": -0.266981,
    "CEX_Call": -3474936.409,
    "CEX_Put": 11148846.027,
    "CEX_Total": 7673909.618,
    "CEX_Ratio": -0.311686
}