{
    "timestamp": "2025-11-04 11:53:42",
    "cum_gam": 6802.274987960638,
    "cum_vec": 6802.274987960638,
    "DEX_Call": 33.865,
    "DEX_Put": -82.86,
    "DEX_Total": -48.995,
    "DEX_Ratio": 0.408701,
    "GEX_Call": 418373.394,
    "GEX_Put": -1576709.352,
    "GEX_Total": -1158335.958,
    "GEX_Ratio": 0.265346,
    "VEX_Call": -125305.166,
    "VEX_Put": 178991.661,
    "VEX_Total": 53686.495,
    "VEX_Ratio": -0.700061,
    "CEX_Call": -8670581.41,
    "CEX_Put": 12045781.906,
    "CEX_Total": 3375200.496,
    "CEX_Ratio": -0.719802
}