{
    "timestamp": "2025-07-02 12:19:05",
    "cum_gam": null,
    "cum_vec": 7400.0,
    "DEX_Call": 200.727,
    "DEX_Put": -5.673,
    "DEX_Total": 195.054,
    "DEX_Ratio": 35.382866,
    "GEX_Call": 2512104.377,
    "GEX_Put": -402055.408,
    "GEX_Total": 2110048.969,
    "GEX_Ratio": 6.248155,
    "VEX_Call": 19339.589,
    "VEX_Put": 132363.428,
    "VEX_Total": 151703.017,
    "VEX_Ratio": 0.14611,
    "CEX_Call": 1367847.167,
    "CEX_Put": 11984898.094,
    "CEX_Total": 13352745.261,
    "CEX_Ratio": 0.114131
}