{
    "timestamp": "2025-10-13 10:21:52",
    "cum_gam": 6727.438406226515,
    "cum_vec": 8400.0,
    "DEX_Call": 108.484,
    "DEX_Put": -199.763,
    "DEX_Total": -91.279,
    "DEX_Ratio": 0.543064,
    "GEX_Call": 1417600.502,
    "GEX_Put": -1765029.329,
    "GEX_Total": -347428.827,
    "GEX_Ratio": 0.80316,
    "VEX_Call": -87160.958,
    "VEX_Put": 295481.849,
    "VEX_Total": 208320.891,
    "VEX_Ratio": -0.294979,
    "CEX_Call": -3929219.338,
    "CEX_Put": 12293843.093,
    "CEX_Total": 8364623.755,
    "CEX_Ratio": -0.319609
}