{
    "timestamp": "2025-10-24 10:38:29",
    "cum_gam": 7008.273054347149,
    "cum_vec": 7844.214487300094,
    "DEX_Call": 221.007,
    "DEX_Put": -33.013,
    "DEX_Total": 187.994,
    "DEX_Ratio": 6.694545,
    "GEX_Call": 5755211.216,
    "GEX_Put": -621328.473,
    "GEX_Total": 5133882.743,
    "GEX_Ratio": 9.262751,
    "VEX_Call": -275864.585,
    "VEX_Put": 506423.458,
    "VEX_Total": 230558.873,
    "VEX_Ratio": -0.544731,
    "CEX_Call": -13250317.256,
    "CEX_Put": 22576946.938,
    "CEX_Total": 9326629.682,
    "CEX_Ratio": -0.586896
}