{
    "timestamp": "2025-10-28 11:53:36",
    "cum_gam": null,
    "cum_vec": 8182.608695652174,
    "DEX_Call": 373.343,
    "DEX_Put": -14.747,
    "DEX_Total": 358.596,
    "DEX_Ratio": 25.316539,
    "GEX_Call": 11873813.964,
    "GEX_Put": -832912.649,
    "GEX_Total": 11040901.315,
    "GEX_Ratio": 14.255773,
    "VEX_Call": 141936.812,
    "VEX_Put": 421130.41,
    "VEX_Total": 563067.222,
    "VEX_Ratio": 0.337038,
    "CEX_Call": 7710847.208,
    "CEX_Put": 28251797.51,
    "CEX_Total": 35962644.718,
    "CEX_Ratio": 0.272933
}