{
    "timestamp": "2025-07-07 12:36:09",
    "cum_gam": 6616.229752770673,
    "cum_vec": 6616.229752770673,
    "DEX_Call": 13.197,
    "DEX_Put": -144.027,
    "DEX_Total": -130.83,
    "DEX_Ratio": 0.091629,
    "GEX_Call": 578525.809,
    "GEX_Put": -2246504.372,
    "GEX_Total": -1667978.563,
    "GEX_Ratio": 0.257523,
    "VEX_Call": -77271.872,
    "VEX_Put": -23565.601,
    "VEX_Total": -100837.473,
    "VEX_Ratio": -3.279011,
    "CEX_Call": -8327652.988,
    "CEX_Put": -2863070.91,
    "CEX_Total": -11190723.898,
    "CEX_Ratio": -2.908644
}