{
    "timestamp": "2025-07-21 09:18:13",
    "cum_gam": 6672.538067253713,
    "cum_vec": 6672.538067253713,
    "DEX_Call": 53.259,
    "DEX_Put": -18.961,
    "DEX_Total": 34.298,
    "DEX_Ratio": 2.808871,
    "GEX_Call": 2114515.994,
    "GEX_Put": -558117.711,
    "GEX_Total": 1556398.283,
    "GEX_Ratio": 3.788656,
    "VEX_Call": -173112.291,
    "VEX_Put": 292382.481,
    "VEX_Total": 119270.19,
    "VEX_Ratio": -0.592075,
    "CEX_Call": -6413279.813,
    "CEX_Put": 10186766.988,
    "CEX_Total": 3773487.175,
    "CEX_Ratio": -0.62957
}