{
    "timestamp": "2025-08-18 10:13:48",
    "cum_gam": null,
    "cum_vec": 8200.0,
    "DEX_Call": 114.888,
    "DEX_Put": -55.005,
    "DEX_Total": 59.883,
    "DEX_Ratio": 2.088683,
    "GEX_Call": 2019016.158,
    "GEX_Put": -1394841.787,
    "GEX_Total": 624174.371,
    "GEX_Ratio": 1.447488,
    "VEX_Call": -146562.451,
    "VEX_Put": 202601.836,
    "VEX_Total": 56039.385,
    "VEX_Ratio": -0.723401,
    "CEX_Call": -6542196.081,
    "CEX_Put": 8389747.097,
    "CEX_Total": 1847551.016,
    "CEX_Ratio": -0.779785
}