{
    "timestamp": "2025-11-25 10:44:58",
    "cum_gam": null,
    "cum_vec": null,
    "DEX_Call": 172.282,
    "DEX_Put": -84.445,
    "DEX_Total": 87.837,
    "DEX_Ratio": 2.040168,
    "GEX_Call": 2168351.129,
    "GEX_Put": -683536.55,
    "GEX_Total": 1484814.579,
    "GEX_Ratio": 3.172253,
    "VEX_Call": -140087.864,
    "VEX_Put": 191271.552,
    "VEX_Total": 51183.688,
    "VEX_Ratio": -0.732403,
    "CEX_Call": -6733198.271,
    "CEX_Put": 8829884.591,
    "CEX_Total": 2096686.32,
    "CEX_Ratio": -0.762547
}