{
    "timestamp": "2025-08-20 11:07:36",
    "cum_gam": 6406.35629976553,
    "cum_vec": 8200.0,
    "DEX_Call": 22.382,
    "DEX_Put": -238.554,
    "DEX_Total": -216.172,
    "DEX_Ratio": 0.093824,
    "GEX_Call": 348658.026,
    "GEX_Put": -2472104.031,
    "GEX_Total": -2123446.005,
    "GEX_Ratio": 0.141037,
    "VEX_Call": -111291.89,
    "VEX_Put": 164875.45,
    "VEX_Total": 53583.56,
    "VEX_Ratio": -0.675006,
    "CEX_Call": -6205395.744,
    "CEX_Put": 8726215.947,
    "CEX_Total": 2520820.203,
    "CEX_Ratio": -0.711121
}