{
    "timestamp": "2025-10-09 07:28:14",
    "cum_gam": 6720.420700417916,
    "cum_vec": 8200.0,
    "DEX_Call": 97.781,
    "DEX_Put": -147.711,
    "DEX_Total": -49.93,
    "DEX_Ratio": 0.661975,
    "GEX_Call": 2060844.665,
    "GEX_Put": -3583162.698,
    "GEX_Total": -1522318.033,
    "GEX_Ratio": 0.575147,
    "VEX_Call": -497904.575,
    "VEX_Put": 764563.427,
    "VEX_Total": 266658.852,
    "VEX_Ratio": -0.651227,
    "CEX_Call": -12337496.433,
    "CEX_Put": 17890864.059,
    "CEX_Total": 5553367.626,
    "CEX_Ratio": -0.689598
}