{
    "timestamp": "2025-10-23 12:16:29",
    "cum_gam": null,
    "cum_vec": null,
    "DEX_Call": 46.955,
    "DEX_Put": -22.153,
    "DEX_Total": 24.802,
    "DEX_Ratio": 2.119577,
    "GEX_Call": 2847462.308,
    "GEX_Put": -751195.739,
    "GEX_Total": 2096266.569,
    "GEX_Ratio": 3.790573,
    "VEX_Call": -192761.446,
    "VEX_Put": 159298.004,
    "VEX_Total": -33463.442,
    "VEX_Ratio": -1.210068,
    "CEX_Call": -16288092.973,
    "CEX_Put": 12975516.142,
    "CEX_Total": -3312576.831,
    "CEX_Ratio": -1.255294
}