{
    "timestamp": "2025-10-22 09:11:30",
    "cum_gam": 6712.7456382523615,
    "cum_vec": 6712.7456382523615,
    "DEX_Call": 88.034,
    "DEX_Put": -177.683,
    "DEX_Total": -89.649,
    "DEX_Ratio": 0.495455,
    "GEX_Call": 1224383.747,
    "GEX_Put": -2497063.237,
    "GEX_Total": -1272679.49,
    "GEX_Ratio": 0.490329,
    "VEX_Call": -253518.771,
    "VEX_Put": 452960.493,
    "VEX_Total": 199441.722,
    "VEX_Ratio": -0.559693,
    "CEX_Call": -8425477.863,
    "CEX_Put": 14321913.531,
    "CEX_Total": 5896435.668,
    "CEX_Ratio": -0.588293
}