{
    "timestamp": "2025-07-22 12:03:26",
    "cum_gam": 6286.6303694404805,
    "cum_vec": 6286.6303694404805,
    "DEX_Call": 97.786,
    "DEX_Put": -53.071,
    "DEX_Total": 44.715,
    "DEX_Ratio": 1.842551,
    "GEX_Call": 1673252.594,
    "GEX_Put": -1802758.195,
    "GEX_Total": -129505.601,
    "GEX_Ratio": 0.928163,
    "VEX_Call": -102919.516,
    "VEX_Put": 171063.072,
    "VEX_Total": 68143.556,
    "VEX_Ratio": -0.601647,
    "CEX_Call": -8419354.028,
    "CEX_Put": 13277758.775,
    "CEX_Total": 4858404.747,
    "CEX_Ratio": -0.634095
}