{
    "timestamp": "2025-11-05 11:49:49",
    "cum_gam": null,
    "cum_vec": null,
    "DEX_Call": 81.764,
    "DEX_Put": -75.335,
    "DEX_Total": 6.429,
    "DEX_Ratio": 1.085339,
    "GEX_Call": 2239560.964,
    "GEX_Put": -965357.62,
    "GEX_Total": 1274203.344,
    "GEX_Ratio": 2.319929,
    "VEX_Call": -182824.088,
    "VEX_Put": 219858.058,
    "VEX_Total": 37033.97,
    "VEX_Ratio": -0.831555,
    "CEX_Call": -12484098.984,
    "CEX_Put": 14441412.923,
    "CEX_Total": 1957313.939,
    "CEX_Ratio": -0.864465
}