{
    "timestamp": "2025-08-12 09:30:01",
    "cum_gam": null,
    "cum_vec": null,
    "DEX_Call": 113.24,
    "DEX_Put": -13.986,
    "DEX_Total": 99.254,
    "DEX_Ratio": 8.096668,
    "GEX_Call": 2142761.164,
    "GEX_Put": -427511.891,
    "GEX_Total": 1715249.273,
    "GEX_Ratio": 5.012167,
    "VEX_Call": -116262.319,
    "VEX_Put": 292800.58,
    "VEX_Total": 176538.261,
    "VEX_Ratio": -0.39707,
    "CEX_Call": -4524534.19,
    "CEX_Put": 10484986.489,
    "CEX_Total": 5960452.299,
    "CEX_Ratio": -0.431525
}