{
    "timestamp": "2025-07-22 12:26:14",
    "cum_gam": 6301.599341549857,
    "cum_vec": 6301.599341549857,
    "DEX_Call": 36.2,
    "DEX_Put": -65.704,
    "DEX_Total": -29.504,
    "DEX_Ratio": 0.550956,
    "GEX_Call": 1582088.091,
    "GEX_Put": -1875095.938,
    "GEX_Total": -293007.847,
    "GEX_Ratio": 0.843737,
    "VEX_Call": -117599.433,
    "VEX_Put": 114494.139,
    "VEX_Total": -3105.294,
    "VEX_Ratio": -1.027122,
    "CEX_Call": -11509181.714,
    "CEX_Put": 10671718.16,
    "CEX_Total": -837463.554,
    "CEX_Ratio": -1.078475
}