{
    "timestamp": "2025-08-26 09:40:57",
    "cum_gam": 6442.201834095899,
    "cum_vec": 6442.201834095899,
    "DEX_Call": 66.976,
    "DEX_Put": -72.497,
    "DEX_Total": -5.521,
    "DEX_Ratio": 0.923845,
    "GEX_Call": 1586261.651,
    "GEX_Put": -2235823.506,
    "GEX_Total": -649561.855,
    "GEX_Ratio": 0.709475,
    "VEX_Call": -167713.59,
    "VEX_Put": 265719.539,
    "VEX_Total": 98005.949,
    "VEX_Ratio": -0.631168,
    "CEX_Call": -6519023.719,
    "CEX_Put": 9586617.591,
    "CEX_Total": 3067593.872,
    "CEX_Ratio": -0.680013
}