{
    "timestamp": "2025-09-17 07:50:25",
    "cum_gam": 6409.564311349703,
    "cum_vec": 8400.0,
    "DEX_Call": 150.028,
    "DEX_Put": -112.989,
    "DEX_Total": 37.039,
    "DEX_Ratio": 1.327811,
    "GEX_Call": 1225312.075,
    "GEX_Put": -1275726.261,
    "GEX_Total": -50414.186,
    "GEX_Ratio": 0.960482,
    "VEX_Call": -340210.7,
    "VEX_Put": 645588.296,
    "VEX_Total": 305377.596,
    "VEX_Ratio": -0.526978,
    "CEX_Call": -9034485.659,
    "CEX_Put": 16581426.876,
    "CEX_Total": 7546941.217,
    "CEX_Ratio": -0.544856
}