{
    "timestamp": "2025-09-29 11:58:51",
    "cum_gam": null,
    "cum_vec": 8200.0,
    "DEX_Call": 143.699,
    "DEX_Put": -11.853,
    "DEX_Total": 131.846,
    "DEX_Ratio": 12.123429,
    "GEX_Call": 2642160.835,
    "GEX_Put": -931465.441,
    "GEX_Total": 1710695.394,
    "GEX_Ratio": 2.836563,
    "VEX_Call": -101555.766,
    "VEX_Put": 226028.413,
    "VEX_Total": 124472.647,
    "VEX_Ratio": -0.449305,
    "CEX_Call": -7786996.307,
    "CEX_Put": 16267019.732,
    "CEX_Total": 8480023.425,
    "CEX_Ratio": -0.478698
}