{
    "timestamp": "2025-11-17 09:16:52",
    "cum_gam": 6752.931733640783,
    "cum_vec": 6752.931733640783,
    "DEX_Call": 33.427,
    "DEX_Put": -276.349,
    "DEX_Total": -242.922,
    "DEX_Ratio": 0.120959,
    "GEX_Call": 469283.919,
    "GEX_Put": -1839279.076,
    "GEX_Total": -1369995.157,
    "GEX_Ratio": 0.255146,
    "VEX_Call": -194003.081,
    "VEX_Put": 250434.805,
    "VEX_Total": 56431.724,
    "VEX_Ratio": -0.774665,
    "CEX_Call": -6488629.613,
    "CEX_Put": 7994077.21,
    "CEX_Total": 1505447.597,
    "CEX_Ratio": -0.81168
}