{
    "timestamp": "2025-10-17 12:09:23",
    "cum_gam": 10374.509803921568,
    "cum_vec": 10374.509803921568,
    "DEX_Call": 101.686,
    "DEX_Put": -178.623,
    "DEX_Total": -76.937,
    "DEX_Ratio": 0.569277,
    "GEX_Call": 1911330.123,
    "GEX_Put": -1792477.495,
    "GEX_Total": 118852.628,
    "GEX_Ratio": 1.066306,
    "VEX_Call": -190137.45,
    "VEX_Put": 221516.592,
    "VEX_Total": 31379.142,
    "VEX_Ratio": -0.858344,
    "CEX_Call": -15233799.307,
    "CEX_Put": 17120008.445,
    "CEX_Total": 1886209.138,
    "CEX_Ratio": -0.889824
}