{
    "timestamp": "2025-09-18 12:45:51",
    "cum_gam": null,
    "cum_vec": null,
    "DEX_Call": 160.143,
    "DEX_Put": -8.989,
    "DEX_Total": 151.154,
    "DEX_Ratio": 17.815441,
    "GEX_Call": 1550430.11,
    "GEX_Put": -394640.659,
    "GEX_Total": 1155789.451,
    "GEX_Ratio": 3.928714,
    "VEX_Call": 9694.66,
    "VEX_Put": 124317.423,
    "VEX_Total": 134012.083,
    "VEX_Ratio": 0.077983,
    "CEX_Call": 834729.196,
    "CEX_Put": 13748231.082,
    "CEX_Total": 14582960.278,
    "CEX_Ratio": 0.060715
}