{
    "timestamp": "2025-07-30 11:43:22",
    "cum_gam": 6333.797816878304,
    "cum_vec": 6333.797816878304,
    "DEX_Call": 118.717,
    "DEX_Put": -63.442,
    "DEX_Total": 55.275,
    "DEX_Ratio": 1.871268,
    "GEX_Call": 1339258.101,
    "GEX_Put": -1570874.238,
    "GEX_Total": -231616.137,
    "GEX_Ratio": 0.852556,
    "VEX_Call": -95852.77,
    "VEX_Put": 359496.382,
    "VEX_Total": 263643.612,
    "VEX_Ratio": -0.266631,
    "CEX_Call": -6741174.718,
    "CEX_Put": 24252737.18,
    "CEX_Total": 17511562.462,
    "CEX_Ratio": -0.277955
}