{
    "timestamp": "2025-09-02 10:46:55",
    "cum_gam": 6427.891209512812,
    "cum_vec": 8000.0,
    "DEX_Call": 38.233,
    "DEX_Put": -122.908,
    "DEX_Total": -84.675,
    "DEX_Ratio": 0.31107,
    "GEX_Call": 473335.792,
    "GEX_Put": -1869992.138,
    "GEX_Total": -1396656.346,
    "GEX_Ratio": 0.253122,
    "VEX_Call": -98592.072,
    "VEX_Put": 158464.055,
    "VEX_Total": 59871.983,
    "VEX_Ratio": -0.622173,
    "CEX_Call": -4963905.633,
    "CEX_Put": 7567356.952,
    "CEX_Total": 2603451.319,
    "CEX_Ratio": -0.655963
}