{
    "timestamp": "2025-11-06 09:43:40",
    "cum_gam": 6756.163132155945,
    "cum_vec": 6756.163132155945,
    "DEX_Call": 27.5,
    "DEX_Put": -186.714,
    "DEX_Total": -159.214,
    "DEX_Ratio": 0.147284,
    "GEX_Call": 320359.924,
    "GEX_Put": -1682253.779,
    "GEX_Total": -1361893.855,
    "GEX_Ratio": 0.190435,
    "VEX_Call": -225520.239,
    "VEX_Put": 235128.224,
    "VEX_Total": 9607.985,
    "VEX_Ratio": -0.959137,
    "CEX_Call": -8219538.345,
    "CEX_Put": 8254740.154,
    "CEX_Total": 35201.809,
    "CEX_Ratio": -0.995736
}