{
    "timestamp": "2025-08-06 12:18:24",
    "cum_gam": null,
    "cum_vec": null,
    "DEX_Call": 102.575,
    "DEX_Put": -41.55,
    "DEX_Total": 61.025,
    "DEX_Ratio": 2.468712,
    "GEX_Call": 3058925.486,
    "GEX_Put": -923713.357,
    "GEX_Total": 2135212.129,
    "GEX_Ratio": 3.311553,
    "VEX_Call": -88119.556,
    "VEX_Put": 128628.208,
    "VEX_Total": 40508.652,
    "VEX_Ratio": -0.685072,
    "CEX_Call": -8323408.486,
    "CEX_Put": 11307844.696,
    "CEX_Total": 2984436.21,
    "CEX_Ratio": -0.736074
}