{
    "timestamp": "2025-09-19 07:37:43",
    "cum_gam": 8017.846790890269,
    "cum_vec": 9181.942257217848,
    "DEX_Call": 322.921,
    "DEX_Put": -143.99,
    "DEX_Total": 178.931,
    "DEX_Ratio": 2.242663,
    "GEX_Call": 3787433.204,
    "GEX_Put": -2373080.245,
    "GEX_Total": 1414352.959,
    "GEX_Ratio": 1.595999,
    "VEX_Call": -157329.023,
    "VEX_Put": 689960.347,
    "VEX_Total": 532631.324,
    "VEX_Ratio": -0.228026,
    "CEX_Call": -4529831.272,
    "CEX_Put": 16899919.012,
    "CEX_Total": 12370087.74,
    "CEX_Ratio": -0.268039
}