{
    "timestamp": "2025-08-25 07:58:14",
    "cum_gam": null,
    "cum_vec": 7489.142857142857,
    "DEX_Call": 90.408,
    "DEX_Put": -55.511,
    "DEX_Total": 34.897,
    "DEX_Ratio": 1.62865,
    "GEX_Call": 1585490.11,
    "GEX_Put": -1317634.371,
    "GEX_Total": 267855.739,
    "GEX_Ratio": 1.203285,
    "VEX_Call": -235150.629,
    "VEX_Put": 244606.285,
    "VEX_Total": 9455.656,
    "VEX_Ratio": -0.961343,
    "CEX_Call": -6635160.405,
    "CEX_Put": 6438481.52,
    "CEX_Total": -196678.885,
    "CEX_Ratio": -1.030547
}