{
    "timestamp": "2025-08-12 09:51:35",
    "cum_gam": null,
    "cum_vec": null,
    "DEX_Call": 142.24,
    "DEX_Put": -11.923,
    "DEX_Total": 130.317,
    "DEX_Ratio": 11.929883,
    "GEX_Call": 2242675.008,
    "GEX_Put": -365695.282,
    "GEX_Total": 1876979.726,
    "GEX_Ratio": 6.132633,
    "VEX_Call": -96432.537,
    "VEX_Put": 256375.298,
    "VEX_Total": 159942.761,
    "VEX_Ratio": -0.376138,
    "CEX_Call": -4107408.26,
    "CEX_Put": 9931374.405,
    "CEX_Total": 5823966.145,
    "CEX_Ratio": -0.413579
}