{
    "timestamp": "2025-10-22 09:57:28",
    "cum_gam": 6715.282019387213,
    "cum_vec": 6715.282019387213,
    "DEX_Call": 75.878,
    "DEX_Put": -191.648,
    "DEX_Total": -115.77,
    "DEX_Ratio": 0.395924,
    "GEX_Call": 999278.225,
    "GEX_Put": -2421626.294,
    "GEX_Total": -1422348.069,
    "GEX_Ratio": 0.412648,
    "VEX_Call": -197828.809,
    "VEX_Put": 444180.086,
    "VEX_Total": 246351.277,
    "VEX_Ratio": -0.44538,
    "CEX_Call": -7728715.283,
    "CEX_Put": 16624280.908,
    "CEX_Total": 8895565.625,
    "CEX_Ratio": -0.464905
}