{
    "timestamp": "2025-10-01 07:35:35",
    "cum_gam": null,
    "cum_vec": 8600.0,
    "DEX_Call": 153.475,
    "DEX_Put": -77.106,
    "DEX_Total": 76.369,
    "DEX_Ratio": 1.990442,
    "GEX_Call": 2302020.481,
    "GEX_Put": -1567715.81,
    "GEX_Total": 734304.671,
    "GEX_Ratio": 1.468391,
    "VEX_Call": -240868.424,
    "VEX_Put": 465630.844,
    "VEX_Total": 224762.42,
    "VEX_Ratio": -0.517295,
    "CEX_Call": -6325791.293,
    "CEX_Put": 11288494.457,
    "CEX_Total": 4962703.164,
    "CEX_Ratio": -0.560375
}