{
    "timestamp": "2025-10-02 11:30:07",
    "cum_gam": null,
    "cum_vec": null,
    "DEX_Call": 95.451,
    "DEX_Put": -24.165,
    "DEX_Total": 71.286,
    "DEX_Ratio": 3.949969,
    "GEX_Call": 3849964.681,
    "GEX_Put": -1093351.433,
    "GEX_Total": 2756613.248,
    "GEX_Ratio": 3.521251,
    "VEX_Call": -236402.063,
    "VEX_Put": 252049.396,
    "VEX_Total": 15647.333,
    "VEX_Ratio": -0.93792,
    "CEX_Call": -14668290.258,
    "CEX_Put": 14827123.073,
    "CEX_Total": 158832.815,
    "CEX_Ratio": -0.989288
}