{
    "timestamp": "2025-07-21 10:04:39",
    "cum_gam": 6671.89005515861,
    "cum_vec": 6671.89005515861,
    "DEX_Call": 49.21,
    "DEX_Put": -14.909,
    "DEX_Total": 34.301,
    "DEX_Ratio": 3.300691,
    "GEX_Call": 2349686.422,
    "GEX_Put": -478456.014,
    "GEX_Total": 1871230.408,
    "GEX_Ratio": 4.910977,
    "VEX_Call": -167093.643,
    "VEX_Put": 239712.316,
    "VEX_Total": 72618.673,
    "VEX_Ratio": -0.697059,
    "CEX_Call": -7318355.801,
    "CEX_Put": 9897563.883,
    "CEX_Total": 2579208.082,
    "CEX_Ratio": -0.73941
}