{
    "timestamp": "2025-09-04 07:39:42",
    "cum_gam": null,
    "cum_vec": 7099.350448499846,
    "DEX_Call": 161.377,
    "DEX_Put": -41.887,
    "DEX_Total": 119.49,
    "DEX_Ratio": 3.852675,
    "GEX_Call": 4195181.323,
    "GEX_Put": -1133303.753,
    "GEX_Total": 3061877.57,
    "GEX_Ratio": 3.701727,
    "VEX_Call": -315955.0,
    "VEX_Put": 482189.545,
    "VEX_Total": 166234.545,
    "VEX_Ratio": -0.655251,
    "CEX_Call": -8827053.394,
    "CEX_Put": 12294033.924,
    "CEX_Total": 3466980.53,
    "CEX_Ratio": -0.717995
}