{
    "timestamp": "2025-07-16 09:29:25",
    "cum_gam": 6244.638292637059,
    "cum_vec": 6244.638292637059,
    "DEX_Call": 54.905,
    "DEX_Put": -98.619,
    "DEX_Total": -43.714,
    "DEX_Ratio": 0.556739,
    "GEX_Call": 693055.797,
    "GEX_Put": -2319865.54,
    "GEX_Total": -1626809.743,
    "GEX_Ratio": 0.298748,
    "VEX_Call": -140295.415,
    "VEX_Put": 431831.674,
    "VEX_Total": 291536.259,
    "VEX_Ratio": -0.324884,
    "CEX_Call": -5307830.265,
    "CEX_Put": 15641928.424,
    "CEX_Total": 10334098.159,
    "CEX_Ratio": -0.339333
}