{
    "timestamp": "2025-09-22 08:13:05",
    "cum_gam": null,
    "cum_vec": 8400.0,
    "DEX_Call": 84.149,
    "DEX_Put": -47.592,
    "DEX_Total": 36.557,
    "DEX_Ratio": 1.768133,
    "GEX_Call": 2272376.529,
    "GEX_Put": -1178542.007,
    "GEX_Total": 1093834.522,
    "GEX_Ratio": 1.928125,
    "VEX_Call": -171463.201,
    "VEX_Put": 434080.085,
    "VEX_Total": 262616.884,
    "VEX_Ratio": -0.395004,
    "CEX_Call": -5047615.566,
    "CEX_Put": 11695842.588,
    "CEX_Total": 6648227.022,
    "CEX_Ratio": -0.431573
}