{
    "timestamp": "2025-09-17 09:33:08",
    "cum_gam": 6439.36603719737,
    "cum_vec": 8400.0,
    "DEX_Call": 147.682,
    "DEX_Put": -121.287,
    "DEX_Total": 26.395,
    "DEX_Ratio": 1.217624,
    "GEX_Call": 1182084.674,
    "GEX_Put": -1273051.423,
    "GEX_Total": -90966.749,
    "GEX_Ratio": 0.928544,
    "VEX_Call": -387341.316,
    "VEX_Put": 601425.882,
    "VEX_Total": 214084.566,
    "VEX_Ratio": -0.644038,
    "CEX_Call": -13951699.555,
    "CEX_Put": 21177234.548,
    "CEX_Total": 7225534.993,
    "CEX_Ratio": -0.658806
}