{
    "timestamp": "2025-07-25 10:15:06",
    "cum_gam": 7915.839243498818,
    "cum_vec": 8104.398826979472,
    "DEX_Call": 407.421,
    "DEX_Put": -39.018,
    "DEX_Total": 368.403,
    "DEX_Ratio": 10.441873,
    "GEX_Call": 5448795.858,
    "GEX_Put": -1337027.808,
    "GEX_Total": 4111768.05,
    "GEX_Ratio": 4.075305,
    "VEX_Call": -163932.386,
    "VEX_Put": 545575.171,
    "VEX_Total": 381642.785,
    "VEX_Ratio": -0.300476,
    "CEX_Call": -7896951.952,
    "CEX_Put": 23239706.964,
    "CEX_Total": 15342755.012,
    "CEX_Ratio": -0.339804
}