{
    "timestamp": "2025-08-08 10:17:56",
    "cum_gam": null,
    "cum_vec": 8200.0,
    "DEX_Call": 363.565,
    "DEX_Put": -48.891,
    "DEX_Total": 314.674,
    "DEX_Ratio": 7.436236,
    "GEX_Call": 3575534.246,
    "GEX_Put": -1037051.412,
    "GEX_Total": 2538482.834,
    "GEX_Ratio": 3.447789,
    "VEX_Call": -46278.699,
    "VEX_Put": 435547.11,
    "VEX_Total": 389268.411,
    "VEX_Ratio": -0.106254,
    "CEX_Call": -2578459.92,
    "CEX_Put": 18847973.125,
    "CEX_Total": 16269513.205,
    "CEX_Ratio": -0.136803
}