{
    "timestamp": "2025-11-17 07:51:59",
    "cum_gam": 6704.256250146091,
    "cum_vec": 7841.176470588235,
    "DEX_Call": 78.164,
    "DEX_Put": -176.426,
    "DEX_Total": -98.262,
    "DEX_Ratio": 0.443041,
    "GEX_Call": 900602.472,
    "GEX_Put": -1410729.839,
    "GEX_Total": -510127.367,
    "GEX_Ratio": 0.638395,
    "VEX_Call": -253305.872,
    "VEX_Put": 474556.385,
    "VEX_Total": 221250.513,
    "VEX_Ratio": -0.533774,
    "CEX_Call": -6615933.118,
    "CEX_Put": 11910668.83,
    "CEX_Total": 5294735.712,
    "CEX_Ratio": -0.555463
}