{
    "timestamp": "2025-08-15 08:46:49",
    "cum_gam": null,
    "cum_vec": 7594.985508103632,
    "DEX_Call": 243.559,
    "DEX_Put": -153.547,
    "DEX_Total": 90.012,
    "DEX_Ratio": 1.586218,
    "GEX_Call": 2403640.696,
    "GEX_Put": -2099842.94,
    "GEX_Total": 303797.756,
    "GEX_Ratio": 1.144676,
    "VEX_Call": -242895.926,
    "VEX_Put": 411548.926,
    "VEX_Total": 168653.0,
    "VEX_Ratio": -0.590199,
    "CEX_Call": -7968267.219,
    "CEX_Put": 12536717.589,
    "CEX_Total": 4568450.37,
    "CEX_Ratio": -0.635594
}