{
    "timestamp": "2025-11-18 08:40:43",
    "cum_gam": 8399.350485331794,
    "cum_vec": 8723.287671232876,
    "DEX_Call": 17.603,
    "DEX_Put": -290.469,
    "DEX_Total": -272.866,
    "DEX_Ratio": 0.060602,
    "GEX_Call": 240324.362,
    "GEX_Put": -1712815.534,
    "GEX_Total": -1472491.172,
    "GEX_Ratio": 0.14031,
    "VEX_Call": -228692.714,
    "VEX_Put": 181108.528,
    "VEX_Total": -47584.186,
    "VEX_Ratio": -1.262739,
    "CEX_Call": -6889617.239,
    "CEX_Put": 5158783.811,
    "CEX_Total": -1730833.428,
    "CEX_Ratio": -1.335512
}