{
    "timestamp": "2025-08-21 06:44:20",
    "cum_gam": 8109.677419354839,
    "cum_vec": 8109.677419354839,
    "DEX_Call": 55.523,
    "DEX_Put": -147.781,
    "DEX_Total": -92.258,
    "DEX_Ratio": 0.375711,
    "GEX_Call": 926706.875,
    "GEX_Put": -1482983.138,
    "GEX_Total": -556276.263,
    "GEX_Ratio": 0.624894,
    "VEX_Call": -296564.588,
    "VEX_Put": 330246.355,
    "VEX_Total": 33681.767,
    "VEX_Ratio": -0.89801,
    "CEX_Call": -6970343.471,
    "CEX_Put": 7369103.149,
    "CEX_Total": 398759.678,
    "CEX_Ratio": -0.945888
}