{
    "timestamp": "2025-08-11 11:55:53",
    "cum_gam": null,
    "cum_vec": null,
    "DEX_Call": 111.036,
    "DEX_Put": -50.756,
    "DEX_Total": 60.28,
    "DEX_Ratio": 2.187643,
    "GEX_Call": 1642328.541,
    "GEX_Put": -1498630.217,
    "GEX_Total": 143698.324,
    "GEX_Ratio": 1.095886,
    "VEX_Call": -178601.02,
    "VEX_Put": 166678.405,
    "VEX_Total": -11922.615,
    "VEX_Ratio": -1.071531,
    "CEX_Call": -13523921.895,
    "CEX_Put": 12147571.196,
    "CEX_Total": -1376350.699,
    "CEX_Ratio": -1.113303
}