{
    "timestamp": "2025-10-01 08:18:13",
    "cum_gam": null,
    "cum_vec": 8600.0,
    "DEX_Call": 128.247,
    "DEX_Put": -73.192,
    "DEX_Total": 55.055,
    "DEX_Ratio": 1.7522,
    "GEX_Call": 2440597.819,
    "GEX_Put": -1596478.098,
    "GEX_Total": 844119.721,
    "GEX_Ratio": 1.528739,
    "VEX_Call": -241270.794,
    "VEX_Put": 511759.093,
    "VEX_Total": 270488.299,
    "VEX_Ratio": -0.471454,
    "CEX_Call": -7065002.453,
    "CEX_Put": 13927451.87,
    "CEX_Total": 6862449.417,
    "CEX_Ratio": -0.507272
}