{
    "timestamp": "2025-11-14 08:33:50",
    "cum_gam": 6731.304972971835,
    "cum_vec": 6731.304972971835,
    "DEX_Call": 117.044,
    "DEX_Put": -299.341,
    "DEX_Total": -182.297,
    "DEX_Ratio": 0.391006,
    "GEX_Call": 852907.759,
    "GEX_Put": -2369707.319,
    "GEX_Total": -1516799.56,
    "GEX_Ratio": 0.359921,
    "VEX_Call": -397314.744,
    "VEX_Put": 736911.094,
    "VEX_Total": 339596.35,
    "VEX_Ratio": -0.539162,
    "CEX_Call": -11587090.143,
    "CEX_Put": 20873587.47,
    "CEX_Total": 9286497.327,
    "CEX_Ratio": -0.555108
}