{
    "timestamp": "2025-10-28 06:58:07",
    "cum_gam": null,
    "cum_vec": null,
    "DEX_Call": 335.007,
    "DEX_Put": -96.575,
    "DEX_Total": 238.432,
    "DEX_Ratio": 3.468879,
    "GEX_Call": 5922214.675,
    "GEX_Put": -2438416.961,
    "GEX_Total": 3483797.714,
    "GEX_Ratio": 2.428713,
    "VEX_Call": -687506.933,
    "VEX_Put": 1108774.13,
    "VEX_Total": 421267.197,
    "VEX_Ratio": -0.62006,
    "CEX_Call": -16046312.359,
    "CEX_Put": 24005636.52,
    "CEX_Total": 7959324.161,
    "CEX_Ratio": -0.668439
}