{
    "timestamp": "2025-09-15 08:55:05",
    "cum_gam": null,
    "cum_vec": null,
    "DEX_Call": 264.179,
    "DEX_Put": -21.376,
    "DEX_Total": 242.803,
    "DEX_Ratio": 12.358673,
    "GEX_Call": 3838822.469,
    "GEX_Put": -802606.859,
    "GEX_Total": 3036215.61,
    "GEX_Ratio": 4.782943,
    "VEX_Call": -3817.27,
    "VEX_Put": 423067.249,
    "VEX_Total": 419249.979,
    "VEX_Ratio": -0.009023,
    "CEX_Call": -718856.193,
    "CEX_Put": 13080575.084,
    "CEX_Total": 12361718.891,
    "CEX_Ratio": -0.054956
}