{
    "timestamp": "2025-08-18 10:10:19",
    "cum_gam": null,
    "cum_vec": 7800.0,
    "DEX_Call": 134.714,
    "DEX_Put": -56.977,
    "DEX_Total": 77.737,
    "DEX_Ratio": 2.364358,
    "GEX_Call": 1932393.08,
    "GEX_Put": -1406237.468,
    "GEX_Total": 526155.612,
    "GEX_Ratio": 1.374158,
    "VEX_Call": -130511.599,
    "VEX_Put": 206058.314,
    "VEX_Total": 75546.715,
    "VEX_Ratio": -0.633372,
    "CEX_Call": -5769450.398,
    "CEX_Put": 8412796.832,
    "CEX_Total": 2643346.434,
    "CEX_Ratio": -0.685795
}