{
    "timestamp": "2025-07-08 08:39:17",
    "cum_gam": 6188.189971732118,
    "cum_vec": 6188.189971732118,
    "DEX_Call": 42.52,
    "DEX_Put": -81.347,
    "DEX_Total": -38.827,
    "DEX_Ratio": 0.522699,
    "GEX_Call": 1350365.858,
    "GEX_Put": -1715749.223,
    "GEX_Total": -365383.365,
    "GEX_Ratio": 0.787042,
    "VEX_Call": -317676.159,
    "VEX_Put": 438533.117,
    "VEX_Total": 120856.958,
    "VEX_Ratio": -0.724406,
    "CEX_Call": -10245285.399,
    "CEX_Put": 13583765.549,
    "CEX_Total": 3338480.15,
    "CEX_Ratio": -0.75423
}