{
    "timestamp": "2025-09-03 10:53:45",
    "cum_gam": null,
    "cum_vec": null,
    "DEX_Call": 94.08,
    "DEX_Put": -76.703,
    "DEX_Total": 17.377,
    "DEX_Ratio": 1.226549,
    "GEX_Call": 2310606.174,
    "GEX_Put": -1359614.704,
    "GEX_Total": 950991.47,
    "GEX_Ratio": 1.699457,
    "VEX_Call": -243672.537,
    "VEX_Put": 292636.5,
    "VEX_Total": 48963.963,
    "VEX_Ratio": -0.83268,
    "CEX_Call": -12797451.708,
    "CEX_Put": 14723098.729,
    "CEX_Total": 1925647.021,
    "CEX_Ratio": -0.869209
}