{
    "timestamp": "2026-07-22 11:09:52",
    "cum_gam": null,
    "cum_vec": null,
    "DEX_Call": 64.799,
    "DEX_Put": -78.686,
    "DEX_Total": -13.887,
    "DEX_Ratio": 0.823514,
    "GEX_Call": 2100936.359,
    "GEX_Put": -1843126.273,
    "GEX_Total": 257810.086,
    "GEX_Ratio": 1.139877,
    "VEX_Call": -215513.037,
    "VEX_Put": 246803.477,
    "VEX_Total": 31290.44,
    "VEX_Ratio": -0.873217,
    "CEX_Call": -10585519.896,
    "CEX_Put": 11458641.879,
    "CEX_Total": 873121.983,
    "CEX_Ratio": -0.923802
}