{
    "timestamp": "2025-09-23 12:24:26",
    "cum_gam": 6655.042093936424,
    "cum_vec": 6655.042093936424,
    "DEX_Call": 85.741,
    "DEX_Put": -44.106,
    "DEX_Total": 41.635,
    "DEX_Ratio": 1.943976,
    "GEX_Call": 988603.129,
    "GEX_Put": -2050777.86,
    "GEX_Total": -1062174.731,
    "GEX_Ratio": 0.482063,
    "VEX_Call": -85780.726,
    "VEX_Put": 141298.677,
    "VEX_Total": 55517.951,
    "VEX_Ratio": -0.607088,
    "CEX_Call": -7825738.644,
    "CEX_Put": 12315849.972,
    "CEX_Total": 4490111.328,
    "CEX_Ratio": -0.63542
}