{
    "timestamp": "2025-09-04 10:23:13",
    "cum_gam": null,
    "cum_vec": 7335.294117647059,
    "DEX_Call": 278.405,
    "DEX_Put": -20.681,
    "DEX_Total": 257.724,
    "DEX_Ratio": 13.461873,
    "GEX_Call": 5785634.833,
    "GEX_Put": -828916.99,
    "GEX_Total": 4956717.843,
    "GEX_Ratio": 6.979752,
    "VEX_Call": 37302.257,
    "VEX_Put": 360853.884,
    "VEX_Total": 398156.141,
    "VEX_Ratio": 0.103372,
    "CEX_Call": 736414.854,
    "CEX_Put": 15737896.339,
    "CEX_Total": 16474311.193,
    "CEX_Ratio": 0.046792
}