{
    "timestamp": "2025-08-06 08:01:01",
    "cum_gam": null,
    "cum_vec": null,
    "DEX_Call": 70.814,
    "DEX_Put": -73.31,
    "DEX_Total": -2.496,
    "DEX_Ratio": 0.965953,
    "GEX_Call": 1621312.725,
    "GEX_Put": -1085894.913,
    "GEX_Total": 535417.812,
    "GEX_Ratio": 1.493066,
    "VEX_Call": -212821.757,
    "VEX_Put": 297703.538,
    "VEX_Total": 84881.781,
    "VEX_Ratio": -0.714878,
    "CEX_Call": -6197579.181,
    "CEX_Put": 8145481.597,
    "CEX_Total": 1947902.416,
    "CEX_Ratio": -0.760861
}