{
    "timestamp": "2025-09-22 12:00:18",
    "cum_gam": null,
    "cum_vec": 8400.0,
    "DEX_Call": 43.292,
    "DEX_Put": -19.91,
    "DEX_Total": 23.382,
    "DEX_Ratio": 2.174385,
    "GEX_Call": 2799456.125,
    "GEX_Put": -731776.166,
    "GEX_Total": 2067679.959,
    "GEX_Ratio": 3.825563,
    "VEX_Call": -154728.107,
    "VEX_Put": 125802.487,
    "VEX_Total": -28925.62,
    "VEX_Ratio": -1.229929,
    "CEX_Call": -11737191.778,
    "CEX_Put": 9073092.002,
    "CEX_Total": -2664099.776,
    "CEX_Ratio": -1.293626
}