{
    "timestamp": "2025-08-20 12:01:01",
    "cum_gam": 6391.644730432767,
    "cum_vec": 8200.0,
    "DEX_Call": 24.909,
    "DEX_Put": -56.631,
    "DEX_Total": -31.722,
    "DEX_Ratio": 0.439847,
    "GEX_Call": 400705.285,
    "GEX_Put": -2185564.674,
    "GEX_Total": -1784859.389,
    "GEX_Ratio": 0.183342,
    "VEX_Call": -90964.792,
    "VEX_Put": 224800.083,
    "VEX_Total": 133835.291,
    "VEX_Ratio": -0.404648,
    "CEX_Call": -7078983.065,
    "CEX_Put": 16998068.492,
    "CEX_Total": 9919085.427,
    "CEX_Ratio": -0.416458
}