{
    "timestamp": "2025-08-05 11:20:43",
    "cum_gam": 6304.48896493255,
    "cum_vec": 6304.48896493255,
    "DEX_Call": 29.801,
    "DEX_Put": -116.568,
    "DEX_Total": -86.767,
    "DEX_Ratio": 0.255653,
    "GEX_Call": 981041.322,
    "GEX_Put": -2643792.321,
    "GEX_Total": -1662750.999,
    "GEX_Ratio": 0.371074,
    "VEX_Call": -182589.443,
    "VEX_Put": 284341.838,
    "VEX_Total": 101752.395,
    "VEX_Ratio": -0.642148,
    "CEX_Call": -11108383.108,
    "CEX_Put": 16647120.276,
    "CEX_Total": 5538737.168,
    "CEX_Ratio": -0.667286
}