{
    "timestamp": "2025-08-19 10:17:32",
    "cum_gam": 6419.549194907114,
    "cum_vec": 6419.549194907114,
    "DEX_Call": 35.703,
    "DEX_Put": -63.601,
    "DEX_Total": -27.898,
    "DEX_Ratio": 0.561359,
    "GEX_Call": 476621.019,
    "GEX_Put": -1562361.561,
    "GEX_Total": -1085740.542,
    "GEX_Ratio": 0.305064,
    "VEX_Call": -115680.576,
    "VEX_Put": 211607.435,
    "VEX_Total": 95926.859,
    "VEX_Ratio": -0.546675,
    "CEX_Call": -5095046.275,
    "CEX_Put": 8939784.578,
    "CEX_Total": 3844738.303,
    "CEX_Ratio": -0.569929
}