{
    "timestamp": "2025-11-10 12:38:52",
    "cum_gam": null,
    "cum_vec": null,
    "DEX_Call": 328.388,
    "DEX_Put": -14.797,
    "DEX_Total": 313.591,
    "DEX_Ratio": 22.192877,
    "GEX_Call": 2703646.901,
    "GEX_Put": -645533.115,
    "GEX_Total": 2058113.786,
    "GEX_Ratio": 4.188239,
    "VEX_Call": 110078.55,
    "VEX_Put": 189605.428,
    "VEX_Total": 299683.978,
    "VEX_Ratio": 0.580566,
    "CEX_Call": 10591565.407,
    "CEX_Put": 18870161.114,
    "CEX_Total": 29461726.521,
    "CEX_Ratio": 0.561286
}