{
    "timestamp": "2025-08-25 08:10:07",
    "cum_gam": null,
    "cum_vec": 7470.227272727273,
    "DEX_Call": 80.502,
    "DEX_Put": -49.128,
    "DEX_Total": 31.374,
    "DEX_Ratio": 1.638617,
    "GEX_Call": 1744854.741,
    "GEX_Put": -1268284.751,
    "GEX_Total": 476569.99,
    "GEX_Ratio": 1.375759,
    "VEX_Call": -250632.637,
    "VEX_Put": 231244.959,
    "VEX_Total": -19387.678,
    "VEX_Ratio": -1.08384,
    "CEX_Call": -7301378.07,
    "CEX_Put": 6286953.053,
    "CEX_Total": -1014425.017,
    "CEX_Ratio": -1.161354
}