{
    "timestamp": "2025-11-25 07:29:12",
    "cum_gam": null,
    "cum_vec": null,
    "DEX_Call": 133.54,
    "DEX_Put": -71.335,
    "DEX_Total": 62.205,
    "DEX_Ratio": 1.872012,
    "GEX_Call": 1197615.322,
    "GEX_Put": -885233.814,
    "GEX_Total": 312381.508,
    "GEX_Ratio": 1.35288,
    "VEX_Call": -358417.423,
    "VEX_Put": 508621.271,
    "VEX_Total": 150203.848,
    "VEX_Ratio": -0.704684,
    "CEX_Call": -8829320.742,
    "CEX_Put": 12273044.519,
    "CEX_Total": 3443723.777,
    "CEX_Ratio": -0.719408
}