{
    "timestamp": "2025-11-20 12:31:44",
    "cum_gam": 8526.239168110918,
    "cum_vec": 8526.239168110918,
    "DEX_Call": 12.559,
    "DEX_Put": -261.887,
    "DEX_Total": -249.328,
    "DEX_Ratio": 0.047956,
    "GEX_Call": 227988.303,
    "GEX_Put": -1284461.742,
    "GEX_Total": -1056473.439,
    "GEX_Ratio": 0.177497,
    "VEX_Call": -155532.867,
    "VEX_Put": 71514.055,
    "VEX_Total": -84018.812,
    "VEX_Ratio": -2.174857,
    "CEX_Call": -15072437.237,
    "CEX_Put": 6713276.012,
    "CEX_Total": -8359161.225,
    "CEX_Ratio": -2.245169
}