{
    "timestamp": "2025-10-29 12:59:29",
    "cum_gam": null,
    "cum_vec": 8400.0,
    "DEX_Call": 264.157,
    "DEX_Put": -48.584,
    "DEX_Total": 215.573,
    "DEX_Ratio": 5.437119,
    "GEX_Call": 3257056.336,
    "GEX_Put": -1850660.911,
    "GEX_Total": 1406395.425,
    "GEX_Ratio": 1.759942,
    "VEX_Call": -152125.905,
    "VEX_Put": 176897.955,
    "VEX_Total": 24772.05,
    "VEX_Ratio": -0.859964,
    "CEX_Call": -19414569.775,
    "CEX_Put": 21695238.969,
    "CEX_Total": 2280669.194,
    "CEX_Ratio": -0.894877
}