{
    "timestamp": "2025-10-24 07:41:41",
    "cum_gam": null,
    "cum_vec": null,
    "DEX_Call": 564.225,
    "DEX_Put": -54.166,
    "DEX_Total": 510.059,
    "DEX_Ratio": 10.41659,
    "GEX_Call": 4668193.26,
    "GEX_Put": -868743.059,
    "GEX_Total": 3799450.201,
    "GEX_Ratio": 5.373503,
    "VEX_Call": -64910.608,
    "VEX_Put": 774231.983,
    "VEX_Total": 709321.375,
    "VEX_Ratio": -0.083839,
    "CEX_Call": -2335372.891,
    "CEX_Put": 19021399.863,
    "CEX_Total": 16686026.972,
    "CEX_Ratio": -0.122776
}