{
    "timestamp": "2025-11-04 08:09:24",
    "cum_gam": 8747.826086956522,
    "cum_vec": 8747.826086956522,
    "DEX_Call": 42.06,
    "DEX_Put": -179.002,
    "DEX_Total": -136.942,
    "DEX_Ratio": 0.234969,
    "GEX_Call": 761803.05,
    "GEX_Put": -1729440.417,
    "GEX_Total": -967637.367,
    "GEX_Ratio": 0.440491,
    "VEX_Call": -267568.096,
    "VEX_Put": 264104.007,
    "VEX_Total": -3464.089,
    "VEX_Ratio": -1.013116,
    "CEX_Call": -7217060.032,
    "CEX_Put": 6735982.584,
    "CEX_Total": -481077.448,
    "CEX_Ratio": -1.071419
}