{
    "timestamp": "2025-09-18 07:00:41",
    "cum_gam": null,
    "cum_vec": null,
    "DEX_Call": 148.381,
    "DEX_Put": -41.079,
    "DEX_Total": 107.302,
    "DEX_Ratio": 3.612089,
    "GEX_Call": 1549344.301,
    "GEX_Put": -847974.684,
    "GEX_Total": 701369.617,
    "GEX_Ratio": 1.827112,
    "VEX_Call": -80481.089,
    "VEX_Put": 393909.776,
    "VEX_Total": 313428.687,
    "VEX_Ratio": -0.204314,
    "CEX_Call": -2089907.223,
    "CEX_Put": 8911809.045,
    "CEX_Total": 6821901.822,
    "CEX_Ratio": -0.23451
}