{
    "timestamp": "2025-07-01 11:30:24",
    "cum_gam": 7248.4375,
    "cum_vec": 7248.4375,
    "DEX_Call": 73.479,
    "DEX_Put": -48.352,
    "DEX_Total": 25.127,
    "DEX_Ratio": 1.519668,
    "GEX_Call": 2256941.439,
    "GEX_Put": -2146323.211,
    "GEX_Total": 110618.228,
    "GEX_Ratio": 1.051538,
    "VEX_Call": -369559.728,
    "VEX_Put": 575736.127,
    "VEX_Total": 206176.399,
    "VEX_Ratio": -0.641891,
    "CEX_Call": -24178854.466,
    "CEX_Put": 36783592.94,
    "CEX_Total": 12604738.474,
    "CEX_Ratio": -0.657327
}