{
    "timestamp": "2025-09-23 10:41:40",
    "cum_gam": 6654.515745030514,
    "cum_vec": 6654.515745030514,
    "DEX_Call": 92.044,
    "DEX_Put": -84.928,
    "DEX_Total": 7.116,
    "DEX_Ratio": 1.083789,
    "GEX_Call": 1054903.856,
    "GEX_Put": -1885487.752,
    "GEX_Total": -830583.896,
    "GEX_Ratio": 0.559486,
    "VEX_Call": -195736.817,
    "VEX_Put": 323509.867,
    "VEX_Total": 127773.05,
    "VEX_Ratio": -0.605041,
    "CEX_Call": -9266912.3,
    "CEX_Put": 14749241.218,
    "CEX_Total": 5482328.918,
    "CEX_Ratio": -0.628298
}