{
    "timestamp": "2025-10-20 07:10:23",
    "cum_gam": null,
    "cum_vec": null,
    "DEX_Call": 174.108,
    "DEX_Put": -38.503,
    "DEX_Total": 135.605,
    "DEX_Ratio": 4.521933,
    "GEX_Call": 1968859.268,
    "GEX_Put": -697143.223,
    "GEX_Total": 1271716.045,
    "GEX_Ratio": 2.824182,
    "VEX_Call": -161067.797,
    "VEX_Put": 426160.438,
    "VEX_Total": 265092.641,
    "VEX_Ratio": -0.377951,
    "CEX_Call": -4040684.113,
    "CEX_Put": 9768319.904,
    "CEX_Total": 5727635.791,
    "CEX_Ratio": -0.413652
}