{
    "timestamp": "2025-10-27 10:47:41",
    "cum_gam": null,
    "cum_vec": 7399.443036564649,
    "DEX_Call": 258.28,
    "DEX_Put": -9.742,
    "DEX_Total": 248.538,
    "DEX_Ratio": 26.51201,
    "GEX_Call": 5418347.795,
    "GEX_Put": -315278.22,
    "GEX_Total": 5103069.575,
    "GEX_Ratio": 17.185925,
    "VEX_Call": -298702.089,
    "VEX_Put": 326832.649,
    "VEX_Total": 28130.56,
    "VEX_Ratio": -0.91393,
    "CEX_Call": -14692984.918,
    "CEX_Put": 15101288.374,
    "CEX_Total": 408303.456,
    "CEX_Ratio": -0.972962
}