{
    "timestamp": "2025-10-08 10:07:25",
    "cum_gam": null,
    "cum_vec": null,
    "DEX_Call": 197.129,
    "DEX_Put": -55.667,
    "DEX_Total": 141.462,
    "DEX_Ratio": 3.541218,
    "GEX_Call": 4696320.616,
    "GEX_Put": -1347177.357,
    "GEX_Total": 3349143.259,
    "GEX_Ratio": 3.486045,
    "VEX_Call": -120959.741,
    "VEX_Put": 534188.75,
    "VEX_Total": 413229.009,
    "VEX_Ratio": -0.226436,
    "CEX_Call": -5514454.477,
    "CEX_Put": 20902742.305,
    "CEX_Total": 15388287.828,
    "CEX_Ratio": -0.263815
}