{
    "timestamp": "2026-07-20 09:33:51",
    "cum_gam": 7454.529681236755,
    "cum_vec": 9471.42857142857,
    "DEX_Call": 48.162,
    "DEX_Put": -138.02,
    "DEX_Total": -89.858,
    "DEX_Ratio": 0.348949,
    "GEX_Call": 1330304.358,
    "GEX_Put": -1660321.831,
    "GEX_Total": -330017.473,
    "GEX_Ratio": 0.801233,
    "VEX_Call": -280729.873,
    "VEX_Put": 172984.619,
    "VEX_Total": -107745.254,
    "VEX_Ratio": -1.62286,
    "CEX_Call": -9033460.173,
    "CEX_Put": 5178948.611,
    "CEX_Total": -3854511.562,
    "CEX_Ratio": -1.744265
}