{
    "timestamp": "2025-09-23 09:47:27",
    "cum_gam": null,
    "cum_vec": null,
    "DEX_Call": 89.294,
    "DEX_Put": -72.267,
    "DEX_Total": 17.027,
    "DEX_Ratio": 1.235612,
    "GEX_Call": 2199771.836,
    "GEX_Put": -1763551.07,
    "GEX_Total": 436220.766,
    "GEX_Ratio": 1.247354,
    "VEX_Call": -362433.586,
    "VEX_Put": 266264.772,
    "VEX_Total": -96168.814,
    "VEX_Ratio": -1.361177,
    "CEX_Call": -13727006.87,
    "CEX_Put": 9556690.626,
    "CEX_Total": -4170316.244,
    "CEX_Ratio": -1.436377
}