{
    "timestamp": "2025-08-14 11:23:57",
    "cum_gam": null,
    "cum_vec": null,
    "DEX_Call": 164.755,
    "DEX_Put": -36.308,
    "DEX_Total": 128.447,
    "DEX_Ratio": 4.537705,
    "GEX_Call": 2122152.931,
    "GEX_Put": -1983159.297,
    "GEX_Total": 138993.634,
    "GEX_Ratio": 1.070087,
    "VEX_Call": -58168.04,
    "VEX_Put": 368466.594,
    "VEX_Total": 310298.554,
    "VEX_Ratio": -0.157865,
    "CEX_Call": -3804592.46,
    "CEX_Put": 21690420.714,
    "CEX_Total": 17885828.254,
    "CEX_Ratio": -0.175404
}