{
    "timestamp": "2025-08-07 11:31:28",
    "cum_gam": 6328.984167347157,
    "cum_vec": 8000.0,
    "DEX_Call": 22.521,
    "DEX_Put": -112.091,
    "DEX_Total": -89.57,
    "DEX_Ratio": 0.200917,
    "GEX_Call": 641998.033,
    "GEX_Put": -1588668.51,
    "GEX_Total": -946670.477,
    "GEX_Ratio": 0.404111,
    "VEX_Call": -123680.568,
    "VEX_Put": 100604.521,
    "VEX_Total": -23076.047,
    "VEX_Ratio": -1.229374,
    "CEX_Call": -8005736.083,
    "CEX_Put": 6182281.266,
    "CEX_Total": -1823454.817,
    "CEX_Ratio": -1.294949
}