{
    "timestamp": "2025-08-04 09:56:55",
    "cum_gam": 6410.978800617676,
    "cum_vec": 6410.978800617676,
    "DEX_Call": 99.577,
    "DEX_Put": -116.675,
    "DEX_Total": -17.098,
    "DEX_Ratio": 0.853456,
    "GEX_Call": 1433344.603,
    "GEX_Put": -1152588.928,
    "GEX_Total": 280755.675,
    "GEX_Ratio": 1.243587,
    "VEX_Call": -27120.423,
    "VEX_Put": 210596.135,
    "VEX_Total": 183475.712,
    "VEX_Ratio": -0.128779,
    "CEX_Call": -1322228.65,
    "CEX_Put": 8348577.218,
    "CEX_Total": 7026348.568,
    "CEX_Ratio": -0.158378
}