{
    "timestamp": "2025-10-08 09:22:19",
    "cum_gam": null,
    "cum_vec": 7788.518518518518,
    "DEX_Call": 228.246,
    "DEX_Put": -54.736,
    "DEX_Total": 173.51,
    "DEX_Ratio": 4.169943,
    "GEX_Call": 4778591.346,
    "GEX_Put": -1265545.438,
    "GEX_Total": 3513045.908,
    "GEX_Ratio": 3.775914,
    "VEX_Call": -116417.855,
    "VEX_Put": 575934.651,
    "VEX_Total": 459516.796,
    "VEX_Ratio": -0.202137,
    "CEX_Call": -4637212.715,
    "CEX_Put": 19050114.037,
    "CEX_Total": 14412901.322,
    "CEX_Ratio": -0.243422
}