{
    "timestamp": "2025-07-08 08:44:17",
    "cum_gam": 6188.212331157367,
    "cum_vec": 6188.212331157367,
    "DEX_Call": 94.607,
    "DEX_Put": -58.934,
    "DEX_Total": 35.673,
    "DEX_Ratio": 1.605304,
    "GEX_Call": 1382641.446,
    "GEX_Put": -1679907.672,
    "GEX_Total": -297266.226,
    "GEX_Ratio": 0.823046,
    "VEX_Call": -270751.97,
    "VEX_Put": 455910.371,
    "VEX_Total": 185158.401,
    "VEX_Ratio": -0.593871,
    "CEX_Call": -8896727.246,
    "CEX_Put": 14354762.908,
    "CEX_Total": 5458035.662,
    "CEX_Ratio": -0.619775
}