{
    "timestamp": "2025-07-07 11:01:41",
    "cum_gam": 6234.165674413791,
    "cum_vec": 6234.165674413791,
    "DEX_Call": 170.739,
    "DEX_Put": -70.24,
    "DEX_Total": 100.499,
    "DEX_Ratio": 2.430794,
    "GEX_Call": 819846.448,
    "GEX_Put": -1943714.998,
    "GEX_Total": -1123868.55,
    "GEX_Ratio": 0.421794,
    "VEX_Call": 47398.952,
    "VEX_Put": 152936.583,
    "VEX_Total": 200335.535,
    "VEX_Ratio": 0.309926,
    "CEX_Call": 2467848.271,
    "CEX_Put": 8072315.7,
    "CEX_Total": 10540163.971,
    "CEX_Ratio": 0.305718
}