{
    "timestamp": "2025-07-10 08:05:41",
    "cum_gam": 6985.746606334842,
    "cum_vec": 6985.746606334842,
    "DEX_Call": 85.245,
    "DEX_Put": -28.918,
    "DEX_Total": 56.327,
    "DEX_Ratio": 2.947818,
    "GEX_Call": 1669910.102,
    "GEX_Put": -749713.786,
    "GEX_Total": 920196.316,
    "GEX_Ratio": 2.227397,
    "VEX_Call": -179580.458,
    "VEX_Put": 240703.229,
    "VEX_Total": 61122.771,
    "VEX_Ratio": -0.746066,
    "CEX_Call": -5381419.34,
    "CEX_Put": 6746276.302,
    "CEX_Total": 1364856.962,
    "CEX_Ratio": -0.797687
}