{
    "timestamp": "2025-08-15 08:13:18",
    "cum_gam": null,
    "cum_vec": 7586.4007912266925,
    "DEX_Call": 177.366,
    "DEX_Put": -128.914,
    "DEX_Total": 48.452,
    "DEX_Ratio": 1.375847,
    "GEX_Call": 2618111.009,
    "GEX_Put": -2008629.117,
    "GEX_Total": 609481.892,
    "GEX_Ratio": 1.303432,
    "VEX_Call": -294274.465,
    "VEX_Put": 454863.934,
    "VEX_Total": 160589.469,
    "VEX_Ratio": -0.646951,
    "CEX_Call": -8744596.642,
    "CEX_Put": 12570652.023,
    "CEX_Total": 3826055.381,
    "CEX_Ratio": -0.695636
}