{
    "timestamp": "2025-08-25 11:57:47",
    "cum_gam": null,
    "cum_vec": 7395.350241545893,
    "DEX_Call": 26.551,
    "DEX_Put": -47.839,
    "DEX_Total": -21.288,
    "DEX_Ratio": 0.555007,
    "GEX_Call": 1548363.019,
    "GEX_Put": -1413648.691,
    "GEX_Total": 134714.328,
    "GEX_Ratio": 1.095295,
    "VEX_Call": -155131.984,
    "VEX_Put": 116350.388,
    "VEX_Total": -38781.596,
    "VEX_Ratio": -1.333317,
    "CEX_Call": -11779381.813,
    "CEX_Put": 8432386.31,
    "CEX_Total": -3346995.503,
    "CEX_Ratio": -1.396922
}