{
    "timestamp": "2025-10-02 08:15:19",
    "cum_gam": null,
    "cum_vec": null,
    "DEX_Call": 155.016,
    "DEX_Put": -82.352,
    "DEX_Total": 72.664,
    "DEX_Ratio": 1.882359,
    "GEX_Call": 2665283.376,
    "GEX_Put": -1812946.767,
    "GEX_Total": 852336.609,
    "GEX_Ratio": 1.470139,
    "VEX_Call": -447722.026,
    "VEX_Put": 451843.977,
    "VEX_Total": 4121.951,
    "VEX_Ratio": -0.990877,
    "CEX_Call": -12699718.262,
    "CEX_Put": 12113215.665,
    "CEX_Total": -586502.597,
    "CEX_Ratio": -1.048418
}