{
    "timestamp": "2025-09-24 09:59:22",
    "cum_gam": 6654.260723785183,
    "cum_vec": 6654.260723785183,
    "DEX_Call": 35.266,
    "DEX_Put": -202.839,
    "DEX_Total": -167.573,
    "DEX_Ratio": 0.173862,
    "GEX_Call": 911679.161,
    "GEX_Put": -3105380.18,
    "GEX_Total": -2193701.019,
    "GEX_Ratio": 0.293581,
    "VEX_Call": -226543.056,
    "VEX_Put": 265827.731,
    "VEX_Total": 39284.675,
    "VEX_Ratio": -0.852218,
    "CEX_Call": -8958120.012,
    "CEX_Put": 9859299.045,
    "CEX_Total": 901179.033,
    "CEX_Ratio": -0.908596
}