{
    "timestamp": "2025-11-05 11:26:00",
    "cum_gam": null,
    "cum_vec": null,
    "DEX_Call": 133.789,
    "DEX_Put": -29.724,
    "DEX_Total": 104.065,
    "DEX_Ratio": 4.501043,
    "GEX_Call": 2058670.787,
    "GEX_Put": -881576.083,
    "GEX_Total": 1177094.704,
    "GEX_Ratio": 2.335216,
    "VEX_Call": -121314.242,
    "VEX_Put": 302904.902,
    "VEX_Total": 181590.66,
    "VEX_Ratio": -0.400503,
    "CEX_Call": -7253411.295,
    "CEX_Put": 17170041.27,
    "CEX_Total": 9916629.975,
    "CEX_Ratio": -0.422446
}