{
    "timestamp": "2025-08-20 10:12:38",
    "cum_gam": 6413.943705032363,
    "cum_vec": 8200.0,
    "DEX_Call": 17.599,
    "DEX_Put": -203.448,
    "DEX_Total": -185.849,
    "DEX_Ratio": 0.086504,
    "GEX_Call": 511940.433,
    "GEX_Put": -2498200.152,
    "GEX_Total": -1986259.719,
    "GEX_Ratio": 0.204924,
    "VEX_Call": -159382.481,
    "VEX_Put": 161966.477,
    "VEX_Total": 2583.996,
    "VEX_Ratio": -0.984046,
    "CEX_Call": -6883626.819,
    "CEX_Put": 6523687.188,
    "CEX_Total": -359939.631,
    "CEX_Ratio": -1.055174
}