{
    "timestamp": "2025-07-01 09:24:39",
    "cum_gam": 7336.184210526316,
    "cum_vec": 7336.184210526316,
    "DEX_Call": 209.556,
    "DEX_Put": -89.367,
    "DEX_Total": 120.189,
    "DEX_Ratio": 2.344892,
    "GEX_Call": 2034673.357,
    "GEX_Put": -3418059.209,
    "GEX_Total": -1383385.852,
    "GEX_Ratio": 0.595272,
    "VEX_Call": -302486.015,
    "VEX_Put": 810000.129,
    "VEX_Total": 507514.114,
    "VEX_Ratio": -0.373439,
    "CEX_Call": -11416676.67,
    "CEX_Put": 29186563.772,
    "CEX_Total": 17769887.102,
    "CEX_Ratio": -0.391162
}