{
    "timestamp": "2025-07-03 08:36:32",
    "cum_gam": null,
    "cum_vec": 7861.538461538462,
    "DEX_Call": 617.483,
    "DEX_Put": -10.057,
    "DEX_Total": 607.426,
    "DEX_Ratio": 61.39833,
    "GEX_Call": 4566370.75,
    "GEX_Put": -376871.244,
    "GEX_Total": 4189499.506,
    "GEX_Ratio": 12.116527,
    "VEX_Call": 61730.335,
    "VEX_Put": 245823.324,
    "VEX_Total": 307553.659,
    "VEX_Ratio": 0.251117,
    "CEX_Call": 1204806.19,
    "CEX_Put": 7579664.7,
    "CEX_Total": 8784470.89,
    "CEX_Ratio": 0.158952
}