{
    "timestamp": "2025-09-15 10:32:48",
    "cum_gam": null,
    "cum_vec": null,
    "DEX_Call": 195.218,
    "DEX_Put": -29.852,
    "DEX_Total": 165.366,
    "DEX_Ratio": 6.539528,
    "GEX_Call": 3805575.94,
    "GEX_Put": -1083091.07,
    "GEX_Total": 2722484.87,
    "GEX_Ratio": 3.513625,
    "VEX_Call": -107041.277,
    "VEX_Put": 524448.77,
    "VEX_Total": 417407.493,
    "VEX_Ratio": -0.204102,
    "CEX_Call": -5409340.597,
    "CEX_Put": 23421077.109,
    "CEX_Total": 18011736.512,
    "CEX_Ratio": -0.23096
}