{
    "timestamp": "2026-07-20 09:31:21",
    "cum_gam": 7421.383837810569,
    "cum_vec": 8981.534460338102,
    "DEX_Call": 41.611,
    "DEX_Put": -124.467,
    "DEX_Total": -82.856,
    "DEX_Ratio": 0.334314,
    "GEX_Call": 1495830.503,
    "GEX_Put": -1608075.095,
    "GEX_Total": -112244.592,
    "GEX_Ratio": 0.930199,
    "VEX_Call": -285392.474,
    "VEX_Put": 177579.543,
    "VEX_Total": -107812.931,
    "VEX_Ratio": -1.607125,
    "CEX_Call": -9108809.29,
    "CEX_Put": 5271152.317,
    "CEX_Total": -3837656.973,
    "CEX_Ratio": -1.728049
}