{
    "timestamp": "2025-08-25 09:27:55",
    "cum_gam": null,
    "cum_vec": 7419.347581552306,
    "DEX_Call": 61.636,
    "DEX_Put": -39.484,
    "DEX_Total": 22.152,
    "DEX_Ratio": 1.561037,
    "GEX_Call": 2019979.173,
    "GEX_Put": -1261160.51,
    "GEX_Total": 758818.663,
    "GEX_Ratio": 1.601683,
    "VEX_Call": -195349.492,
    "VEX_Put": 198295.345,
    "VEX_Total": 2945.853,
    "VEX_Ratio": -0.985144,
    "CEX_Call": -7270013.924,
    "CEX_Put": 6862306.872,
    "CEX_Total": -407707.052,
    "CEX_Ratio": -1.059413
}