{
    "timestamp": "2025-08-27 11:05:14",
    "cum_gam": null,
    "cum_vec": 7483.898495396362,
    "DEX_Call": 124.737,
    "DEX_Put": -20.174,
    "DEX_Total": 104.563,
    "DEX_Ratio": 6.183057,
    "GEX_Call": 3599878.677,
    "GEX_Put": -863459.974,
    "GEX_Total": 2736418.703,
    "GEX_Ratio": 4.169132,
    "VEX_Call": -197545.099,
    "VEX_Put": 229927.638,
    "VEX_Total": 32382.539,
    "VEX_Ratio": -0.859162,
    "CEX_Call": -11162664.239,
    "CEX_Put": 12203051.649,
    "CEX_Total": 1040387.41,
    "CEX_Ratio": -0.914744
}