{
    "timestamp": "2025-10-28 08:45:16",
    "cum_gam": null,
    "cum_vec": null,
    "DEX_Call": 370.504,
    "DEX_Put": -90.112,
    "DEX_Total": 280.392,
    "DEX_Ratio": 4.111594,
    "GEX_Call": 5116520.659,
    "GEX_Put": -2837031.927,
    "GEX_Total": 2279488.732,
    "GEX_Ratio": 1.803477,
    "VEX_Call": -588559.009,
    "VEX_Put": 989719.973,
    "VEX_Total": 401160.964,
    "VEX_Ratio": -0.594672,
    "CEX_Call": -17949415.166,
    "CEX_Put": 28396402.747,
    "CEX_Total": 10446987.581,
    "CEX_Ratio": -0.632102
}