{
    "timestamp": "2025-11-05 08:37:33",
    "cum_gam": 6622.784125580927,
    "cum_vec": 6622.784125580927,
    "DEX_Call": 72.124,
    "DEX_Put": -122.34,
    "DEX_Total": -50.216,
    "DEX_Ratio": 0.589537,
    "GEX_Call": 1259799.892,
    "GEX_Put": -1287446.045,
    "GEX_Total": -27646.153,
    "GEX_Ratio": 0.978526,
    "VEX_Call": -257996.484,
    "VEX_Put": 355794.152,
    "VEX_Total": 97797.668,
    "VEX_Ratio": -0.725129,
    "CEX_Call": -7629076.511,
    "CEX_Put": 10048466.012,
    "CEX_Total": 2419389.501,
    "CEX_Ratio": -0.759228
}