{
    "timestamp": "2026-07-20 09:05:32",
    "cum_gam": 7451.19591330308,
    "cum_vec": 8981.894150417827,
    "DEX_Call": 49.767,
    "DEX_Put": -136.629,
    "DEX_Total": -86.862,
    "DEX_Ratio": 0.364249,
    "GEX_Call": 1359392.829,
    "GEX_Put": -1639345.126,
    "GEX_Total": -279952.297,
    "GEX_Ratio": 0.829229,
    "VEX_Call": -296613.037,
    "VEX_Put": 185704.94,
    "VEX_Total": -110908.097,
    "VEX_Ratio": -1.597227,
    "CEX_Call": -8679965.467,
    "CEX_Put": 5045338.639,
    "CEX_Total": -3634626.828,
    "CEX_Ratio": -1.720393
}