{
    "timestamp": "2025-10-27 06:38:15",
    "cum_gam": null,
    "cum_vec": 7399.520596590909,
    "DEX_Call": 352.896,
    "DEX_Put": -22.804,
    "DEX_Total": 330.092,
    "DEX_Ratio": 15.47518,
    "GEX_Call": 4028799.923,
    "GEX_Put": -548367.926,
    "GEX_Total": 3480431.997,
    "GEX_Ratio": 7.346892,
    "VEX_Call": -211667.711,
    "VEX_Put": 516135.554,
    "VEX_Total": 304467.843,
    "VEX_Ratio": -0.410101,
    "CEX_Call": -5104426.662,
    "CEX_Put": 10826395.942,
    "CEX_Total": 5721969.28,
    "CEX_Ratio": -0.47148
}