{
    "timestamp": "2026-07-20 09:35:46",
    "cum_gam": 7463.392140204071,
    "cum_vec": 9135.802469135802,
    "DEX_Call": 49.617,
    "DEX_Put": -145.296,
    "DEX_Total": -95.679,
    "DEX_Ratio": 0.341489,
    "GEX_Call": 1264080.15,
    "GEX_Put": -1658713.838,
    "GEX_Total": -394633.688,
    "GEX_Ratio": 0.762085,
    "VEX_Call": -270497.791,
    "VEX_Put": 189927.718,
    "VEX_Total": -80570.073,
    "VEX_Ratio": -1.424214,
    "CEX_Call": -8758337.347,
    "CEX_Put": 5751812.434,
    "CEX_Total": -3006524.913,
    "CEX_Ratio": -1.522709
}