{
    "timestamp": "2025-10-30 11:16:50",
    "cum_gam": 6882.403596297215,
    "cum_vec": 6882.403596297215,
    "DEX_Call": 61.622,
    "DEX_Put": -161.108,
    "DEX_Total": -99.486,
    "DEX_Ratio": 0.382489,
    "GEX_Call": 783239.189,
    "GEX_Put": -1593291.145,
    "GEX_Total": -810051.956,
    "GEX_Ratio": 0.491586,
    "VEX_Call": -135327.397,
    "VEX_Put": 111414.238,
    "VEX_Total": -23913.159,
    "VEX_Ratio": -1.214633,
    "CEX_Call": -7433373.306,
    "CEX_Put": 5770211.653,
    "CEX_Total": -1663161.653,
    "CEX_Ratio": -1.288232
}