{
    "timestamp": "2025-10-23 09:21:48",
    "cum_gam": null,
    "cum_vec": null,
    "DEX_Call": 119.111,
    "DEX_Put": -50.894,
    "DEX_Total": 68.217,
    "DEX_Ratio": 2.340374,
    "GEX_Call": 1954964.038,
    "GEX_Put": -1037801.379,
    "GEX_Total": 917162.659,
    "GEX_Ratio": 1.883755,
    "VEX_Call": -146975.445,
    "VEX_Put": 382112.151,
    "VEX_Total": 235136.706,
    "VEX_Ratio": -0.38464,
    "CEX_Call": -5224747.019,
    "CEX_Put": 12627362.049,
    "CEX_Total": 7402615.03,
    "CEX_Ratio": -0.413764
}