{
    "timestamp": "2025-08-14 11:18:48",
    "cum_gam": 6436.043948592909,
    "cum_vec": 6436.043948592909,
    "DEX_Call": 164.976,
    "DEX_Put": -48.482,
    "DEX_Total": 116.494,
    "DEX_Ratio": 3.40283,
    "GEX_Call": 2031783.354,
    "GEX_Put": -2160580.266,
    "GEX_Total": -128796.912,
    "GEX_Ratio": 0.940388,
    "VEX_Call": -94873.205,
    "VEX_Put": 394937.879,
    "VEX_Total": 300064.674,
    "VEX_Ratio": -0.240223,
    "CEX_Call": -5818539.94,
    "CEX_Put": 22562580.9,
    "CEX_Total": 16744040.96,
    "CEX_Ratio": -0.257885
}