{
    "timestamp": "2025-08-28 09:50:27",
    "cum_gam": null,
    "cum_vec": 7359.036274456961,
    "DEX_Call": 98.646,
    "DEX_Put": -28.776,
    "DEX_Total": 69.87,
    "DEX_Ratio": 3.428065,
    "GEX_Call": 2431763.249,
    "GEX_Put": -858686.648,
    "GEX_Total": 1573076.601,
    "GEX_Ratio": 2.831957,
    "VEX_Call": -156724.393,
    "VEX_Put": 229846.912,
    "VEX_Total": 73122.519,
    "VEX_Ratio": -0.681864,
    "CEX_Call": -6402573.934,
    "CEX_Put": 8698528.82,
    "CEX_Total": 2295954.886,
    "CEX_Ratio": -0.736053
}