{
    "timestamp": "2025-07-28 12:52:38",
    "cum_gam": 6335.370772839202,
    "cum_vec": 8200.0,
    "DEX_Call": 13.302,
    "DEX_Put": -38.936,
    "DEX_Total": -25.634,
    "DEX_Ratio": 0.341638,
    "GEX_Call": 1559287.781,
    "GEX_Put": -1609906.099,
    "GEX_Total": -50618.318,
    "GEX_Ratio": 0.968558,
    "VEX_Call": -124660.889,
    "VEX_Put": 72215.877,
    "VEX_Total": -52445.012,
    "VEX_Ratio": -1.726226,
    "CEX_Call": -15814586.275,
    "CEX_Put": 8768755.291,
    "CEX_Total": -7045830.984,
    "CEX_Ratio": -1.803516
}