{
    "timestamp": "2025-09-08 08:48:48",
    "cum_gam": null,
    "cum_vec": 8200.0,
    "DEX_Call": 134.409,
    "DEX_Put": -61.649,
    "DEX_Total": 72.76,
    "DEX_Ratio": 2.18023,
    "GEX_Call": 2576677.829,
    "GEX_Put": -1513106.826,
    "GEX_Total": 1063571.003,
    "GEX_Ratio": 1.702905,
    "VEX_Call": -120762.445,
    "VEX_Put": 400684.187,
    "VEX_Total": 279921.742,
    "VEX_Ratio": -0.301391,
    "CEX_Call": -4168238.037,
    "CEX_Put": 12258070.977,
    "CEX_Total": 8089832.94,
    "CEX_Ratio": -0.34004
}