{
    "timestamp": "2025-10-21 07:15:50",
    "cum_gam": null,
    "cum_vec": 8027.272727272727,
    "DEX_Call": 95.442,
    "DEX_Put": -79.934,
    "DEX_Total": 15.508,
    "DEX_Ratio": 1.19401,
    "GEX_Call": 1709622.243,
    "GEX_Put": -1277230.517,
    "GEX_Total": 432391.726,
    "GEX_Ratio": 1.338539,
    "VEX_Call": -308604.658,
    "VEX_Put": 435923.781,
    "VEX_Total": 127319.123,
    "VEX_Ratio": -0.707933,
    "CEX_Call": -7494392.136,
    "CEX_Put": 10009514.771,
    "CEX_Total": 2515122.635,
    "CEX_Ratio": -0.748727
}