{
    "timestamp": "2025-08-21 09:45:28",
    "cum_gam": 8124.324324324324,
    "cum_vec": 8124.324324324324,
    "DEX_Call": 40.525,
    "DEX_Put": -152.73,
    "DEX_Total": -112.205,
    "DEX_Ratio": 0.265338,
    "GEX_Call": 737623.078,
    "GEX_Put": -1581274.939,
    "GEX_Total": -843651.861,
    "GEX_Ratio": 0.466474,
    "VEX_Call": -180476.702,
    "VEX_Put": 210320.882,
    "VEX_Total": 29844.18,
    "VEX_Ratio": -0.858102,
    "CEX_Call": -7064271.465,
    "CEX_Put": 7851127.783,
    "CEX_Total": 786856.318,
    "CEX_Ratio": -0.899778
}