{
    "timestamp": "2025-07-08 11:05:47",
    "cum_gam": null,
    "cum_vec": null,
    "DEX_Call": 95.676,
    "DEX_Put": -37.251,
    "DEX_Total": 58.425,
    "DEX_Ratio": 2.568414,
    "GEX_Call": 1419008.27,
    "GEX_Put": -1395741.159,
    "GEX_Total": 23267.111,
    "GEX_Ratio": 1.01667,
    "VEX_Call": -190207.365,
    "VEX_Put": 332853.456,
    "VEX_Total": 142646.091,
    "VEX_Ratio": -0.571445,
    "CEX_Call": -10847411.436,
    "CEX_Put": 18376464.492,
    "CEX_Total": 7529053.056,
    "CEX_Ratio": -0.590288
}