{
    "timestamp": "2025-10-01 07:45:35",
    "cum_gam": null,
    "cum_vec": 8600.0,
    "DEX_Call": 104.14,
    "DEX_Put": -81.729,
    "DEX_Total": 22.411,
    "DEX_Ratio": 1.274211,
    "GEX_Call": 2198439.077,
    "GEX_Put": -1609414.893,
    "GEX_Total": 589024.184,
    "GEX_Ratio": 1.365987,
    "VEX_Call": -273138.544,
    "VEX_Put": 494617.872,
    "VEX_Total": 221479.328,
    "VEX_Ratio": -0.552221,
    "CEX_Call": -7284560.038,
    "CEX_Put": 12318029.83,
    "CEX_Total": 5033469.792,
    "CEX_Ratio": -0.591374
}