{
    "timestamp": "2025-08-28 12:42:07",
    "cum_gam": 8391.477272727272,
    "cum_vec": 8391.477272727272,
    "DEX_Call": 180.672,
    "DEX_Put": -6.644,
    "DEX_Total": 174.028,
    "DEX_Ratio": 27.193257,
    "GEX_Call": 2877743.531,
    "GEX_Put": -720271.514,
    "GEX_Total": 2157472.017,
    "GEX_Ratio": 3.995359,
    "VEX_Call": 57824.664,
    "VEX_Put": 126681.645,
    "VEX_Total": 184506.309,
    "VEX_Ratio": 0.456457,
    "CEX_Call": 5851377.96,
    "CEX_Put": 13691508.641,
    "CEX_Total": 19542886.601,
    "CEX_Ratio": 0.427373
}