{
    "timestamp": "2025-11-18 13:04:21",
    "cum_gam": 8397.085266821347,
    "cum_vec": 8397.085266821347,
    "DEX_Call": 21.18,
    "DEX_Put": -240.711,
    "DEX_Total": -219.531,
    "DEX_Ratio": 0.087989,
    "GEX_Call": 532244.211,
    "GEX_Put": -2169187.535,
    "GEX_Total": -1636943.324,
    "GEX_Ratio": 0.245366,
    "VEX_Call": -132920.912,
    "VEX_Put": 62707.207,
    "VEX_Total": -70213.705,
    "VEX_Ratio": -2.119707,
    "CEX_Call": -18590648.86,
    "CEX_Put": 8392289.059,
    "CEX_Total": -10198359.801,
    "CEX_Ratio": -2.215206
}