{
    "timestamp": "2025-08-22 09:31:40",
    "cum_gam": null,
    "cum_vec": 8170.118577075099,
    "DEX_Call": 498.341,
    "DEX_Put": -43.733,
    "DEX_Total": 454.608,
    "DEX_Ratio": 11.395079,
    "GEX_Call": 3691636.78,
    "GEX_Put": -971471.645,
    "GEX_Total": 2720165.135,
    "GEX_Ratio": 3.800046,
    "VEX_Call": 143225.095,
    "VEX_Put": 508983.772,
    "VEX_Total": 652208.867,
    "VEX_Ratio": 0.281394,
    "CEX_Call": 4589013.626,
    "CEX_Put": 18205831.928,
    "CEX_Total": 22794845.554,
    "CEX_Ratio": 0.252063
}