{
    "timestamp": "2025-07-17 09:32:40",
    "cum_gam": null,
    "cum_vec": null,
    "DEX_Call": 124.977,
    "DEX_Put": -23.578,
    "DEX_Total": 101.399,
    "DEX_Ratio": 5.300577,
    "GEX_Call": 2113228.905,
    "GEX_Put": -712740.915,
    "GEX_Total": 1400487.99,
    "GEX_Ratio": 2.964933,
    "VEX_Call": -87877.86,
    "VEX_Put": 273842.833,
    "VEX_Total": 185964.973,
    "VEX_Ratio": -0.320906,
    "CEX_Call": -3596536.431,
    "CEX_Put": 10067355.771,
    "CEX_Total": 6470819.34,
    "CEX_Ratio": -0.357247
}