{
    "timestamp": "2025-11-11 12:33:24",
    "cum_gam": null,
    "cum_vec": null,
    "DEX_Call": 197.735,
    "DEX_Put": -17.389,
    "DEX_Total": 180.346,
    "DEX_Ratio": 11.371269,
    "GEX_Call": 2514731.467,
    "GEX_Put": -712523.166,
    "GEX_Total": 1802208.301,
    "GEX_Ratio": 3.529333,
    "VEX_Call": -19242.887,
    "VEX_Put": 194657.687,
    "VEX_Total": 175414.8,
    "VEX_Ratio": -0.098855,
    "CEX_Call": -2207089.897,
    "CEX_Put": 18241204.782,
    "CEX_Total": 16034114.885,
    "CEX_Ratio": -0.120995
}