{
    "timestamp": "2025-08-06 07:02:35",
    "cum_gam": 6125.213650161039,
    "cum_vec": 6125.213650161039,
    "DEX_Call": 59.88,
    "DEX_Put": -97.268,
    "DEX_Total": -37.388,
    "DEX_Ratio": 0.615619,
    "GEX_Call": 1197194.135,
    "GEX_Put": -1215567.074,
    "GEX_Total": -18372.939,
    "GEX_Ratio": 0.984885,
    "VEX_Call": -238429.417,
    "VEX_Put": 334440.144,
    "VEX_Total": 96010.727,
    "VEX_Ratio": -0.712921,
    "CEX_Call": -5960102.489,
    "CEX_Put": 7907882.802,
    "CEX_Total": 1947780.313,
    "CEX_Ratio": -0.753691
}