{
    "timestamp": "2025-08-05 12:25:16",
    "cum_gam": 8143.303571428572,
    "cum_vec": 8143.303571428572,
    "DEX_Call": 20.433,
    "DEX_Put": -93.538,
    "DEX_Total": -73.105,
    "DEX_Ratio": 0.218446,
    "GEX_Call": 904547.89,
    "GEX_Put": -2476426.791,
    "GEX_Total": -1571878.901,
    "GEX_Ratio": 0.365263,
    "VEX_Call": -119306.615,
    "VEX_Put": 195127.805,
    "VEX_Total": 75821.19,
    "VEX_Ratio": -0.611428,
    "CEX_Call": -11481632.516,
    "CEX_Put": 18160406.45,
    "CEX_Total": 6678773.934,
    "CEX_Ratio": -0.632234
}