{
    "timestamp": "2025-10-02 07:52:32",
    "cum_gam": null,
    "cum_vec": null,
    "DEX_Call": 178.353,
    "DEX_Put": -75.338,
    "DEX_Total": 103.015,
    "DEX_Ratio": 2.367371,
    "GEX_Call": 2788539.086,
    "GEX_Put": -1713054.934,
    "GEX_Total": 1075484.152,
    "GEX_Ratio": 1.627816,
    "VEX_Call": -418373.119,
    "VEX_Put": 449000.737,
    "VEX_Total": 30627.618,
    "VEX_Ratio": -0.931787,
    "CEX_Call": -11224823.43,
    "CEX_Put": 11311423.198,
    "CEX_Total": 86599.768,
    "CEX_Ratio": -0.992344
}