{
    "timestamp": "2025-09-18 10:26:34",
    "cum_gam": null,
    "cum_vec": null,
    "DEX_Call": 82.812,
    "DEX_Put": -18.356,
    "DEX_Total": 64.456,
    "DEX_Ratio": 4.51144,
    "GEX_Call": 1649501.752,
    "GEX_Put": -577891.524,
    "GEX_Total": 1071610.228,
    "GEX_Ratio": 2.854345,
    "VEX_Call": -79326.81,
    "VEX_Put": 239963.355,
    "VEX_Total": 160636.545,
    "VEX_Ratio": -0.330579,
    "CEX_Call": -3706202.634,
    "CEX_Put": 10341476.641,
    "CEX_Total": 6635274.007,
    "CEX_Ratio": -0.358382
}