{
    "timestamp": "2025-08-13 11:09:36",
    "cum_gam": null,
    "cum_vec": null,
    "DEX_Call": 159.896,
    "DEX_Put": -16.472,
    "DEX_Total": 143.424,
    "DEX_Ratio": 9.707139,
    "GEX_Call": 3322304.522,
    "GEX_Put": -746983.59,
    "GEX_Total": 2575320.932,
    "GEX_Ratio": 4.447627,
    "VEX_Call": -199952.441,
    "VEX_Put": 210331.385,
    "VEX_Total": 10378.944,
    "VEX_Ratio": -0.950654,
    "CEX_Call": -11540582.079,
    "CEX_Put": 11476975.486,
    "CEX_Total": -63606.593,
    "CEX_Ratio": -1.005542
}