{
    "timestamp": "2025-11-17 08:53:01",
    "cum_gam": 6732.705274359632,
    "cum_vec": 6732.705274359632,
    "DEX_Call": 55.31,
    "DEX_Put": -159.291,
    "DEX_Total": -103.981,
    "DEX_Ratio": 0.347226,
    "GEX_Call": 651655.671,
    "GEX_Put": -1600892.208,
    "GEX_Total": -949236.537,
    "GEX_Ratio": 0.407058,
    "VEX_Call": -206151.337,
    "VEX_Put": 420496.576,
    "VEX_Total": 214345.239,
    "VEX_Ratio": -0.490257,
    "CEX_Call": -6391671.303,
    "CEX_Put": 12579651.569,
    "CEX_Total": 6187980.266,
    "CEX_Ratio": -0.508096
}