{
    "timestamp": "2025-08-25 12:55:10",
    "cum_gam": 6452.919845460639,
    "cum_vec": 7521.02206736353,
    "DEX_Call": 8.521,
    "DEX_Put": -58.08,
    "DEX_Total": -49.559,
    "DEX_Ratio": 0.146711,
    "GEX_Call": 1064111.698,
    "GEX_Put": -1619970.396,
    "GEX_Total": -555858.698,
    "GEX_Ratio": 0.656871,
    "VEX_Call": -133560.03,
    "VEX_Put": 70271.844,
    "VEX_Total": -63288.186,
    "VEX_Ratio": -1.900619,
    "CEX_Call": -17200267.33,
    "CEX_Put": 8709286.401,
    "CEX_Total": -8490980.929,
    "CEX_Ratio": -1.974934
}