{
    "timestamp": "2025-11-25 13:35:21",
    "cum_gam": null,
    "cum_vec": 8190.322580645161,
    "DEX_Call": 75.825,
    "DEX_Put": -72.955,
    "DEX_Total": 2.87,
    "DEX_Ratio": 1.039339,
    "GEX_Call": 2177587.628,
    "GEX_Put": -586959.686,
    "GEX_Total": 1590627.942,
    "GEX_Ratio": 3.709944,
    "VEX_Call": -150949.886,
    "VEX_Put": 50851.415,
    "VEX_Total": -100098.471,
    "VEX_Ratio": -2.96845,
    "CEX_Call": -36724342.233,
    "CEX_Put": 12243052.437,
    "CEX_Total": -24481289.796,
    "CEX_Ratio": -2.999607
}