{
    "timestamp": "2025-08-06 07:09:08",
    "cum_gam": null,
    "cum_vec": null,
    "DEX_Call": 76.559,
    "DEX_Put": -84.866,
    "DEX_Total": -8.307,
    "DEX_Ratio": 0.902116,
    "GEX_Call": 1428881.508,
    "GEX_Put": -1126917.247,
    "GEX_Total": 301964.261,
    "GEX_Ratio": 1.267956,
    "VEX_Call": -236864.936,
    "VEX_Put": 330372.299,
    "VEX_Total": 93507.363,
    "VEX_Ratio": -0.716964,
    "CEX_Call": -6039093.613,
    "CEX_Put": 7935763.946,
    "CEX_Total": 1896670.333,
    "CEX_Ratio": -0.760997
}