{
    "timestamp": "2025-07-15 10:21:40",
    "cum_gam": 6228.603093748373,
    "cum_vec": 6228.603093748373,
    "DEX_Call": 75.668,
    "DEX_Put": -42.969,
    "DEX_Total": 32.699,
    "DEX_Ratio": 1.76099,
    "GEX_Call": 1021940.402,
    "GEX_Put": -1331687.183,
    "GEX_Total": -309746.781,
    "GEX_Ratio": 0.767403,
    "VEX_Call": -112684.982,
    "VEX_Put": 262005.638,
    "VEX_Total": 149320.656,
    "VEX_Ratio": -0.430086,
    "CEX_Call": -5252059.91,
    "CEX_Put": 11632413.126,
    "CEX_Total": 6380353.216,
    "CEX_Ratio": -0.451502
}