{
    "timestamp": "2025-09-09 07:19:25",
    "cum_gam": null,
    "cum_vec": null,
    "DEX_Call": 118.863,
    "DEX_Put": -60.97,
    "DEX_Total": 57.893,
    "DEX_Ratio": 1.949533,
    "GEX_Call": 2041344.106,
    "GEX_Put": -1271104.247,
    "GEX_Total": 770239.859,
    "GEX_Ratio": 1.605961,
    "VEX_Call": -178487.247,
    "VEX_Put": 311621.993,
    "VEX_Total": 133134.746,
    "VEX_Ratio": -0.572768,
    "CEX_Call": -4688884.944,
    "CEX_Put": 7431013.928,
    "CEX_Total": 2742128.984,
    "CEX_Ratio": -0.630989
}