{
    "timestamp": "2025-08-21 10:41:03",
    "cum_gam": 6381.153818453123,
    "cum_vec": 6381.153818453123,
    "DEX_Call": 33.725,
    "DEX_Put": -147.828,
    "DEX_Total": -114.103,
    "DEX_Ratio": 0.228137,
    "GEX_Call": 744519.565,
    "GEX_Put": -1598717.668,
    "GEX_Total": -854198.103,
    "GEX_Ratio": 0.465698,
    "VEX_Call": -169776.537,
    "VEX_Put": 157823.637,
    "VEX_Total": -11952.9,
    "VEX_Ratio": -1.075736,
    "CEX_Call": -8299059.385,
    "CEX_Put": 7356902.752,
    "CEX_Total": -942156.633,
    "CEX_Ratio": -1.128064
}