{
    "timestamp": "2025-07-31 07:22:35",
    "cum_gam": null,
    "cum_vec": 6973.2231170219875,
    "DEX_Call": 287.872,
    "DEX_Put": -76.628,
    "DEX_Total": 211.244,
    "DEX_Ratio": 3.756747,
    "GEX_Call": 2907641.938,
    "GEX_Put": -1008973.581,
    "GEX_Total": 1898668.357,
    "GEX_Ratio": 2.881782,
    "VEX_Call": -147038.796,
    "VEX_Put": 427425.648,
    "VEX_Total": 280386.852,
    "VEX_Ratio": -0.34401,
    "CEX_Call": -4132583.575,
    "CEX_Put": 10534943.307,
    "CEX_Total": 6402359.732,
    "CEX_Ratio": -0.392274
}