{
    "timestamp": "2025-11-24 08:48:15",
    "cum_gam": null,
    "cum_vec": null,
    "DEX_Call": 151.959,
    "DEX_Put": -98.674,
    "DEX_Total": 53.285,
    "DEX_Ratio": 1.540011,
    "GEX_Call": 1365637.586,
    "GEX_Put": -706820.533,
    "GEX_Total": 658817.053,
    "GEX_Ratio": 1.932085,
    "VEX_Call": -152195.334,
    "VEX_Put": 375697.664,
    "VEX_Total": 223502.33,
    "VEX_Ratio": -0.405101,
    "CEX_Call": -4816086.223,
    "CEX_Put": 11251564.902,
    "CEX_Total": 6435478.679,
    "CEX_Ratio": -0.428037
}