{
    "timestamp": "2025-11-03 11:00:45",
    "cum_gam": null,
    "cum_vec": null,
    "DEX_Call": 78.835,
    "DEX_Put": -115.109,
    "DEX_Total": -36.274,
    "DEX_Ratio": 0.684873,
    "GEX_Call": 1771312.24,
    "GEX_Put": -1755013.158,
    "GEX_Total": 16299.082,
    "GEX_Ratio": 1.009287,
    "VEX_Call": -162129.415,
    "VEX_Put": 255556.488,
    "VEX_Total": 93427.073,
    "VEX_Ratio": -0.634417,
    "CEX_Call": -8298781.746,
    "CEX_Put": 12370614.95,
    "CEX_Total": 4071833.204,
    "CEX_Ratio": -0.670846
}