{
    "timestamp": "2025-10-21 09:38:41",
    "cum_gam": null,
    "cum_vec": 8462.068965517241,
    "DEX_Call": 90.82,
    "DEX_Put": -45.0,
    "DEX_Total": 45.82,
    "DEX_Ratio": 2.018222,
    "GEX_Call": 2430375.613,
    "GEX_Put": -1082308.213,
    "GEX_Total": 1348067.4,
    "GEX_Ratio": 2.245549,
    "VEX_Call": -207960.066,
    "VEX_Put": 347348.616,
    "VEX_Total": 139388.55,
    "VEX_Ratio": -0.598707,
    "CEX_Call": -7741150.89,
    "CEX_Put": 12126547.356,
    "CEX_Total": 4385396.466,
    "CEX_Ratio": -0.638364
}