{
    "timestamp": "2025-09-04 12:21:57",
    "cum_gam": null,
    "cum_vec": 7160.43956043956,
    "DEX_Call": 396.918,
    "DEX_Put": -10.109,
    "DEX_Total": 386.809,
    "DEX_Ratio": 39.263824,
    "GEX_Call": 4952406.28,
    "GEX_Put": -462922.752,
    "GEX_Total": 4489483.528,
    "GEX_Ratio": 10.698127,
    "VEX_Call": 159514.222,
    "VEX_Put": 147010.45,
    "VEX_Total": 306524.672,
    "VEX_Ratio": 1.085054,
    "CEX_Call": 13533587.301,
    "CEX_Put": 13113437.839,
    "CEX_Total": 26647025.14,
    "CEX_Ratio": 1.03204
}