{
    "timestamp": "2025-07-22 07:24:46",
    "cum_gam": 6291.5831558147665,
    "cum_vec": 6291.5831558147665,
    "DEX_Call": 66.917,
    "DEX_Put": -83.803,
    "DEX_Total": -16.886,
    "DEX_Ratio": 0.798504,
    "GEX_Call": 881320.382,
    "GEX_Put": -1761677.935,
    "GEX_Total": -880357.553,
    "GEX_Ratio": 0.500273,
    "VEX_Call": -175539.414,
    "VEX_Put": 287455.544,
    "VEX_Total": 111916.13,
    "VEX_Ratio": -0.610666,
    "CEX_Call": -4633500.426,
    "CEX_Put": 7086946.571,
    "CEX_Total": 2453446.145,
    "CEX_Ratio": -0.653808
}