{
    "timestamp": "2026-07-22 12:08:53",
    "cum_gam": 8980.689655172413,
    "cum_vec": 8980.689655172413,
    "DEX_Call": 87.311,
    "DEX_Put": -76.978,
    "DEX_Total": 10.333,
    "DEX_Ratio": 1.134233,
    "GEX_Call": 2203016.006,
    "GEX_Put": -2062886.496,
    "GEX_Total": 140129.51,
    "GEX_Ratio": 1.067929,
    "VEX_Call": -154909.362,
    "VEX_Put": 202751.451,
    "VEX_Total": 47842.089,
    "VEX_Ratio": -0.764036,
    "CEX_Call": -11159853.923,
    "CEX_Put": 13833747.015,
    "CEX_Total": 2673893.092,
    "CEX_Ratio": -0.806712
}