{
    "timestamp": "2025-07-17 12:09:43",
    "cum_gam": null,
    "cum_vec": null,
    "DEX_Call": 85.496,
    "DEX_Put": -8.991,
    "DEX_Total": 76.505,
    "DEX_Ratio": 9.509065,
    "GEX_Call": 2685465.082,
    "GEX_Put": -403496.619,
    "GEX_Total": 2281968.463,
    "GEX_Ratio": 6.655483,
    "VEX_Call": -94471.814,
    "VEX_Put": 126056.053,
    "VEX_Total": 31584.239,
    "VEX_Ratio": -0.749443,
    "CEX_Call": -8281710.681,
    "CEX_Put": 10427674.377,
    "CEX_Total": 2145963.696,
    "CEX_Ratio": -0.794205
}