{
    "timestamp": "2025-11-04 13:41:22",
    "cum_gam": 6800.838566214666,
    "cum_vec": 6800.838566214666,
    "DEX_Call": 31.805,
    "DEX_Put": -82.671,
    "DEX_Total": -50.866,
    "DEX_Ratio": 0.384718,
    "GEX_Call": 382574.79,
    "GEX_Put": -1771410.014,
    "GEX_Total": -1388835.224,
    "GEX_Ratio": 0.215972,
    "VEX_Call": -90648.614,
    "VEX_Put": 95063.296,
    "VEX_Total": 4414.682,
    "VEX_Ratio": -0.953561,
    "CEX_Call": -25728690.876,
    "CEX_Put": 26642294.81,
    "CEX_Total": 913603.934,
    "CEX_Ratio": -0.965709
}