{
    "timestamp": "2025-09-26 06:33:18",
    "cum_gam": null,
    "cum_vec": 7293.658810325477,
    "DEX_Call": 162.213,
    "DEX_Put": -176.602,
    "DEX_Total": -14.389,
    "DEX_Ratio": 0.918523,
    "GEX_Call": 2457376.008,
    "GEX_Put": -2058644.801,
    "GEX_Total": 398731.207,
    "GEX_Ratio": 1.193686,
    "VEX_Call": -375272.742,
    "VEX_Put": 579036.603,
    "VEX_Total": 203763.861,
    "VEX_Ratio": -0.648098,
    "CEX_Call": -8493358.037,
    "CEX_Put": 12191106.235,
    "CEX_Total": 3697748.198,
    "CEX_Ratio": -0.696685
}