{
    "timestamp": "2025-08-04 10:20:54",
    "cum_gam": 6404.922156214723,
    "cum_vec": 6404.922156214723,
    "DEX_Call": 102.233,
    "DEX_Put": -114.912,
    "DEX_Total": -12.679,
    "DEX_Ratio": 0.889663,
    "GEX_Call": 1428389.904,
    "GEX_Put": -1141371.276,
    "GEX_Total": 287018.628,
    "GEX_Ratio": 1.251468,
    "VEX_Call": -33803.262,
    "VEX_Put": 201643.884,
    "VEX_Total": 167840.622,
    "VEX_Ratio": -0.167638,
    "CEX_Call": -1731699.665,
    "CEX_Put": 8820567.31,
    "CEX_Total": 7088867.645,
    "CEX_Ratio": -0.196325
}