{
    "timestamp": "2025-08-27 08:28:24",
    "cum_gam": null,
    "cum_vec": 7447.662073639033,
    "DEX_Call": 136.175,
    "DEX_Put": -27.899,
    "DEX_Total": 108.276,
    "DEX_Ratio": 4.880999,
    "GEX_Call": 3167837.412,
    "GEX_Put": -1015403.421,
    "GEX_Total": 2152433.991,
    "GEX_Ratio": 3.119782,
    "VEX_Call": -204688.129,
    "VEX_Put": 295441.544,
    "VEX_Total": 90753.415,
    "VEX_Ratio": -0.692821,
    "CEX_Call": -6520689.445,
    "CEX_Put": 8538871.748,
    "CEX_Total": 2018182.303,
    "CEX_Ratio": -0.763648
}