{
    "timestamp": "2025-10-07 11:07:29",
    "cum_gam": 6714.333663383706,
    "cum_vec": 6714.333663383706,
    "DEX_Call": 59.395,
    "DEX_Put": -91.176,
    "DEX_Total": -31.781,
    "DEX_Ratio": 0.651432,
    "GEX_Call": 781019.431,
    "GEX_Put": -2280915.937,
    "GEX_Total": -1499896.506,
    "GEX_Ratio": 0.342415,
    "VEX_Call": -159295.61,
    "VEX_Put": 267807.081,
    "VEX_Total": 108511.471,
    "VEX_Ratio": -0.594815,
    "CEX_Call": -8477686.552,
    "CEX_Put": 13691200.519,
    "CEX_Total": 5213513.967,
    "CEX_Ratio": -0.619207
}