{
    "timestamp": "2025-07-17 12:49:07",
    "cum_gam": null,
    "cum_vec": null,
    "DEX_Call": 169.524,
    "DEX_Put": -4.067,
    "DEX_Total": 165.457,
    "DEX_Ratio": 41.682813,
    "GEX_Call": 2647058.608,
    "GEX_Put": -542482.943,
    "GEX_Total": 2104575.665,
    "GEX_Ratio": 4.879524,
    "VEX_Call": 98366.891,
    "VEX_Put": 92043.068,
    "VEX_Total": 190409.959,
    "VEX_Ratio": 1.068705,
    "CEX_Call": 11509105.723,
    "CEX_Put": 11071398.848,
    "CEX_Total": 22580504.571,
    "CEX_Ratio": 1.039535
}