{
    "timestamp": "2025-09-17 06:40:45",
    "cum_gam": null,
    "cum_vec": 8400.0,
    "DEX_Call": 158.252,
    "DEX_Put": -95.28,
    "DEX_Total": 62.972,
    "DEX_Ratio": 1.660915,
    "GEX_Call": 1297929.269,
    "GEX_Put": -1217098.087,
    "GEX_Total": 80831.182,
    "GEX_Ratio": 1.066413,
    "VEX_Call": -273332.9,
    "VEX_Put": 638695.869,
    "VEX_Total": 365362.969,
    "VEX_Ratio": -0.427955,
    "CEX_Call": -6220349.342,
    "CEX_Put": 13871135.365,
    "CEX_Total": 7650786.023,
    "CEX_Ratio": -0.448438
}