{
    "timestamp": "2025-10-06 07:16:51",
    "cum_gam": null,
    "cum_vec": null,
    "DEX_Call": 167.217,
    "DEX_Put": -69.822,
    "DEX_Total": 97.395,
    "DEX_Ratio": 2.394904,
    "GEX_Call": 2157143.298,
    "GEX_Put": -1536676.049,
    "GEX_Total": 620467.249,
    "GEX_Ratio": 1.403772,
    "VEX_Call": -241498.628,
    "VEX_Put": 441566.068,
    "VEX_Total": 200067.44,
    "VEX_Ratio": -0.546914,
    "CEX_Call": -6011225.95,
    "CEX_Put": 10134949.921,
    "CEX_Total": 4123723.971,
    "CEX_Ratio": -0.593118
}