{
    "timestamp": "2025-10-22 06:40:33",
    "cum_gam": null,
    "cum_vec": null,
    "DEX_Call": 141.826,
    "DEX_Put": -115.802,
    "DEX_Total": 26.024,
    "DEX_Ratio": 1.224728,
    "GEX_Call": 1904789.724,
    "GEX_Put": -1875563.209,
    "GEX_Total": 29226.515,
    "GEX_Ratio": 1.015583,
    "VEX_Call": -343232.594,
    "VEX_Put": 727481.958,
    "VEX_Total": 384249.364,
    "VEX_Ratio": -0.471809,
    "CEX_Call": -7706842.446,
    "CEX_Put": 15410970.786,
    "CEX_Total": 7704128.34,
    "CEX_Ratio": -0.500088
}