{
    "timestamp": "2025-08-21 08:38:25",
    "cum_gam": 6351.254950382552,
    "cum_vec": 6351.254950382552,
    "DEX_Call": 73.38,
    "DEX_Put": -98.238,
    "DEX_Total": -24.858,
    "DEX_Ratio": 0.746961,
    "GEX_Call": 1100820.261,
    "GEX_Put": -1381922.091,
    "GEX_Total": -281101.83,
    "GEX_Ratio": 0.796586,
    "VEX_Call": -210675.617,
    "VEX_Put": 274825.681,
    "VEX_Total": 64150.064,
    "VEX_Ratio": -0.766579,
    "CEX_Call": -6649253.133,
    "CEX_Put": 8233711.534,
    "CEX_Total": 1584458.401,
    "CEX_Ratio": -0.807564
}