{
    "timestamp": "2025-10-09 11:34:55",
    "cum_gam": 6724.823120953776,
    "cum_vec": 8200.0,
    "DEX_Call": 38.29,
    "DEX_Put": -216.359,
    "DEX_Total": -178.069,
    "DEX_Ratio": 0.176974,
    "GEX_Call": 1139602.229,
    "GEX_Put": -7178040.319,
    "GEX_Total": -6038438.09,
    "GEX_Ratio": 0.158762,
    "VEX_Call": -236159.89,
    "VEX_Put": 298350.185,
    "VEX_Total": 62190.295,
    "VEX_Ratio": -0.791553,
    "CEX_Call": -14646489.838,
    "CEX_Put": 17157229.32,
    "CEX_Total": 2510739.482,
    "CEX_Ratio": -0.853663
}