{
    "timestamp": "2025-08-26 07:28:02",
    "cum_gam": 6434.320963355169,
    "cum_vec": 6434.320963355169,
    "DEX_Call": 48.885,
    "DEX_Put": -79.557,
    "DEX_Total": -30.672,
    "DEX_Ratio": 0.614465,
    "GEX_Call": 1416535.034,
    "GEX_Put": -1942096.596,
    "GEX_Total": -525561.562,
    "GEX_Ratio": 0.729384,
    "VEX_Call": -206324.876,
    "VEX_Put": 291963.345,
    "VEX_Total": 85638.469,
    "VEX_Ratio": -0.706681,
    "CEX_Call": -5421291.806,
    "CEX_Put": 7054950.362,
    "CEX_Total": 1633658.556,
    "CEX_Ratio": -0.768438
}