{
    "timestamp": "2025-10-02 10:11:15",
    "cum_gam": null,
    "cum_vec": null,
    "DEX_Call": 156.409,
    "DEX_Put": -53.855,
    "DEX_Total": 102.554,
    "DEX_Ratio": 2.904261,
    "GEX_Call": 3276151.349,
    "GEX_Put": -1710635.963,
    "GEX_Total": 1565515.386,
    "GEX_Ratio": 1.915166,
    "VEX_Call": -311552.619,
    "VEX_Put": 379578.857,
    "VEX_Total": 68026.238,
    "VEX_Ratio": -0.820785,
    "CEX_Call": -13099607.664,
    "CEX_Put": 15069067.827,
    "CEX_Total": 1969460.163,
    "CEX_Ratio": -0.869304
}