{
    "timestamp": "2025-09-22 09:06:30",
    "cum_gam": null,
    "cum_vec": 8400.0,
    "DEX_Call": 94.657,
    "DEX_Put": -43.986,
    "DEX_Total": 50.671,
    "DEX_Ratio": 2.15198,
    "GEX_Call": 2315302.012,
    "GEX_Put": -1147829.277,
    "GEX_Total": 1167472.735,
    "GEX_Ratio": 2.017114,
    "VEX_Call": -148930.261,
    "VEX_Put": 346002.118,
    "VEX_Total": 197071.857,
    "VEX_Ratio": -0.430432,
    "CEX_Call": -5140899.469,
    "CEX_Put": 10923965.765,
    "CEX_Total": 5783066.296,
    "CEX_Ratio": -0.470607
}