{
    "timestamp": "2025-08-20 07:28:32",
    "cum_gam": 6409.870469932542,
    "cum_vec": 8200.0,
    "DEX_Call": 19.135,
    "DEX_Put": -278.251,
    "DEX_Total": -259.116,
    "DEX_Ratio": 0.068769,
    "GEX_Call": 359693.776,
    "GEX_Put": -2421815.217,
    "GEX_Total": -2062121.441,
    "GEX_Ratio": 0.148522,
    "VEX_Call": -194669.257,
    "VEX_Put": 201397.882,
    "VEX_Total": 6728.625,
    "VEX_Ratio": -0.96659,
    "CEX_Call": -5034648.917,
    "CEX_Put": 4772199.084,
    "CEX_Total": -262449.833,
    "CEX_Ratio": -1.054996
}