{
    "timestamp": "2025-10-24 12:38:13",
    "cum_gam": null,
    "cum_vec": null,
    "DEX_Call": 625.151,
    "DEX_Put": -7.439,
    "DEX_Total": 617.712,
    "DEX_Ratio": 84.036967,
    "GEX_Call": 6796682.195,
    "GEX_Put": -469146.034,
    "GEX_Total": 6327536.161,
    "GEX_Ratio": 14.487349,
    "VEX_Call": 190504.005,
    "VEX_Put": 245240.328,
    "VEX_Total": 435744.333,
    "VEX_Ratio": 0.776805,
    "CEX_Call": 17918303.867,
    "CEX_Put": 24360220.071,
    "CEX_Total": 42278523.938,
    "CEX_Ratio": 0.735556
}