{
    "timestamp": "2026-07-22 09:17:24",
    "cum_gam": 8978.461538461539,
    "cum_vec": 8978.461538461539,
    "DEX_Call": 93.236,
    "DEX_Put": -66.396,
    "DEX_Total": 26.84,
    "DEX_Ratio": 1.404241,
    "GEX_Call": 2540975.354,
    "GEX_Put": -1296264.102,
    "GEX_Total": 1244711.252,
    "GEX_Ratio": 1.96023,
    "VEX_Call": -299192.645,
    "VEX_Put": 337018.623,
    "VEX_Total": 37825.978,
    "VEX_Ratio": -0.887763,
    "CEX_Call": -9242083.485,
    "CEX_Put": 9760891.807,
    "CEX_Total": 518808.322,
    "CEX_Ratio": -0.946848
}