{
    "timestamp": "2025-07-10 11:21:53",
    "cum_gam": null,
    "cum_vec": null,
    "DEX_Call": 85.921,
    "DEX_Put": -13.097,
    "DEX_Total": 72.824,
    "DEX_Ratio": 6.560357,
    "GEX_Call": 2293540.457,
    "GEX_Put": -421287.598,
    "GEX_Total": 1872252.859,
    "GEX_Ratio": 5.444121,
    "VEX_Call": -110227.117,
    "VEX_Put": 148053.111,
    "VEX_Total": 37825.994,
    "VEX_Ratio": -0.744511,
    "CEX_Call": -7026026.727,
    "CEX_Put": 8890042.212,
    "CEX_Total": 1864015.485,
    "CEX_Ratio": -0.790325
}