{
    "timestamp": "2025-10-27 07:39:52",
    "cum_gam": null,
    "cum_vec": 7399.637316139432,
    "DEX_Call": 291.577,
    "DEX_Put": -16.026,
    "DEX_Total": 275.551,
    "DEX_Ratio": 18.193997,
    "GEX_Call": 4427399.77,
    "GEX_Put": -437275.789,
    "GEX_Total": 3990123.981,
    "GEX_Ratio": 10.12496,
    "VEX_Call": -174664.442,
    "VEX_Put": 445419.508,
    "VEX_Total": 270755.066,
    "VEX_Ratio": -0.392135,
    "CEX_Call": -4953572.778,
    "CEX_Put": 10800210.519,
    "CEX_Total": 5846637.741,
    "CEX_Ratio": -0.458655
}