{
    "timestamp": "2025-10-15 08:59:22",
    "cum_gam": null,
    "cum_vec": null,
    "DEX_Call": 138.007,
    "DEX_Put": -97.464,
    "DEX_Total": 40.543,
    "DEX_Ratio": 1.415979,
    "GEX_Call": 1613356.665,
    "GEX_Put": -1105162.323,
    "GEX_Total": 508194.342,
    "GEX_Ratio": 1.459837,
    "VEX_Call": -270325.738,
    "VEX_Put": 382165.052,
    "VEX_Total": 111839.314,
    "VEX_Ratio": -0.707353,
    "CEX_Call": -8724309.249,
    "CEX_Put": 11804774.463,
    "CEX_Total": 3080465.214,
    "CEX_Ratio": -0.739049
}