{
    "timestamp": "2025-08-06 07:47:30",
    "cum_gam": null,
    "cum_vec": null,
    "DEX_Call": 57.855,
    "DEX_Put": -81.196,
    "DEX_Total": -23.341,
    "DEX_Ratio": 0.712535,
    "GEX_Call": 1393012.108,
    "GEX_Put": -1131123.842,
    "GEX_Total": 261888.266,
    "GEX_Ratio": 1.231529,
    "VEX_Call": -217515.708,
    "VEX_Put": 279598.233,
    "VEX_Total": 62082.525,
    "VEX_Ratio": -0.777958,
    "CEX_Call": -6087184.608,
    "CEX_Put": 7368134.414,
    "CEX_Total": 1280949.806,
    "CEX_Ratio": -0.82615
}