{
    "timestamp": "2025-08-13 11:01:16",
    "cum_gam": null,
    "cum_vec": null,
    "DEX_Call": 214.561,
    "DEX_Put": -18.071,
    "DEX_Total": 196.49,
    "DEX_Ratio": 11.873222,
    "GEX_Call": 3179112.082,
    "GEX_Put": -813893.187,
    "GEX_Total": 2365218.895,
    "GEX_Ratio": 3.906056,
    "VEX_Call": -144352.758,
    "VEX_Put": 208665.886,
    "VEX_Total": 64313.128,
    "VEX_Ratio": -0.691789,
    "CEX_Call": -8114121.666,
    "CEX_Put": 10884131.256,
    "CEX_Total": 2770009.59,
    "CEX_Ratio": -0.7455
}