{
    "timestamp": "2025-10-07 07:57:08",
    "cum_gam": null,
    "cum_vec": null,
    "DEX_Call": 69.162,
    "DEX_Put": -69.256,
    "DEX_Total": -0.094,
    "DEX_Ratio": 0.998643,
    "GEX_Call": 1729993.24,
    "GEX_Put": -1729759.746,
    "GEX_Total": 233.494,
    "GEX_Ratio": 1.000135,
    "VEX_Call": -356463.008,
    "VEX_Put": 413580.839,
    "VEX_Total": 57117.831,
    "VEX_Ratio": -0.861894,
    "CEX_Call": -9531476.744,
    "CEX_Put": 10474964.941,
    "CEX_Total": 943488.197,
    "CEX_Ratio": -0.909929
}