{
    "timestamp": "2026-07-21 12:00:25",
    "cum_gam": null,
    "cum_vec": null,
    "DEX_Call": 85.867,
    "DEX_Put": -60.847,
    "DEX_Total": 25.02,
    "DEX_Ratio": 1.411195,
    "GEX_Call": 2364822.739,
    "GEX_Put": -823789.474,
    "GEX_Total": 1541033.265,
    "GEX_Ratio": 2.870664,
    "VEX_Call": -113271.571,
    "VEX_Put": 137127.271,
    "VEX_Total": 23855.7,
    "VEX_Ratio": -0.826032,
    "CEX_Call": -7761926.192,
    "CEX_Put": 8820706.406,
    "CEX_Total": 1058780.214,
    "CEX_Ratio": -0.879967
}