{
    "timestamp": "2025-11-13 13:12:33",
    "cum_gam": 6768.439267646453,
    "cum_vec": 6768.439267646453,
    "DEX_Call": 21.479,
    "DEX_Put": -88.53,
    "DEX_Total": -67.051,
    "DEX_Ratio": 0.242618,
    "GEX_Call": 197756.743,
    "GEX_Put": -1390444.279,
    "GEX_Total": -1192687.536,
    "GEX_Ratio": 0.142226,
    "VEX_Call": -88358.347,
    "VEX_Put": 198383.9,
    "VEX_Total": 110025.553,
    "VEX_Ratio": -0.445391,
    "CEX_Call": -13746604.744,
    "CEX_Put": 30577572.377,
    "CEX_Total": 16830967.633,
    "CEX_Ratio": -0.449565
}