{
    "timestamp": "2025-07-22 08:26:22",
    "cum_gam": 6296.028333132054,
    "cum_vec": 6296.028333132054,
    "DEX_Call": 75.171,
    "DEX_Put": -66.703,
    "DEX_Total": 8.468,
    "DEX_Ratio": 1.126951,
    "GEX_Call": 1071671.498,
    "GEX_Put": -1802578.894,
    "GEX_Total": -730907.396,
    "GEX_Ratio": 0.594521,
    "VEX_Call": -147445.769,
    "VEX_Put": 262226.943,
    "VEX_Total": 114781.174,
    "VEX_Ratio": -0.562283,
    "CEX_Call": -4602865.676,
    "CEX_Put": 7606686.335,
    "CEX_Total": 3003820.659,
    "CEX_Ratio": -0.605108
}