{
    "timestamp": "2025-09-09 07:03:12",
    "cum_gam": null,
    "cum_vec": null,
    "DEX_Call": 115.697,
    "DEX_Put": -66.976,
    "DEX_Total": 48.721,
    "DEX_Ratio": 1.72744,
    "GEX_Call": 1934732.669,
    "GEX_Put": -1268549.782,
    "GEX_Total": 666182.887,
    "GEX_Ratio": 1.525153,
    "VEX_Call": -205450.725,
    "VEX_Put": 352571.566,
    "VEX_Total": 147120.841,
    "VEX_Ratio": -0.582721,
    "CEX_Call": -5142849.688,
    "CEX_Put": 8108733.738,
    "CEX_Total": 2965884.05,
    "CEX_Ratio": -0.634236
}