{
    "timestamp": "2025-09-24 11:24:42",
    "cum_gam": 6666.07860529967,
    "cum_vec": 6666.07860529967,
    "DEX_Call": 17.635,
    "DEX_Put": -200.697,
    "DEX_Total": -183.062,
    "DEX_Ratio": 0.087869,
    "GEX_Call": 782737.638,
    "GEX_Put": -3357233.33,
    "GEX_Total": -2574495.692,
    "GEX_Ratio": 0.23315,
    "VEX_Call": -152164.297,
    "VEX_Put": 154666.292,
    "VEX_Total": 2501.995,
    "VEX_Ratio": -0.983823,
    "CEX_Call": -9008542.1,
    "CEX_Put": 8507910.3,
    "CEX_Total": -500631.8,
    "CEX_Ratio": -1.058843
}