{
    "timestamp": "2025-11-26 10:05:32",
    "cum_gam": null,
    "cum_vec": null,
    "DEX_Call": 487.105,
    "DEX_Put": -29.901,
    "DEX_Total": 457.204,
    "DEX_Ratio": 16.290592,
    "GEX_Call": 5789951.625,
    "GEX_Put": -453935.394,
    "GEX_Total": 5336016.231,
    "GEX_Ratio": 12.755013,
    "VEX_Call": 41958.345,
    "VEX_Put": 311530.13,
    "VEX_Total": 353488.475,
    "VEX_Ratio": 0.134685,
    "CEX_Call": 1040278.661,
    "CEX_Put": 12031011.37,
    "CEX_Total": 13071290.031,
    "CEX_Ratio": 0.086466
}