{
    "timestamp": "2025-09-15 07:35:51",
    "cum_gam": null,
    "cum_vec": null,
    "DEX_Call": 194.076,
    "DEX_Put": -30.221,
    "DEX_Total": 163.855,
    "DEX_Ratio": 6.421892,
    "GEX_Call": 3629093.246,
    "GEX_Put": -907834.555,
    "GEX_Total": 2721258.691,
    "GEX_Ratio": 3.997527,
    "VEX_Call": -102933.788,
    "VEX_Put": 580910.919,
    "VEX_Total": 477977.131,
    "VEX_Ratio": -0.177194,
    "CEX_Call": -3143189.973,
    "CEX_Put": 14397364.083,
    "CEX_Total": 11254174.11,
    "CEX_Ratio": -0.218317
}