{
    "timestamp": "2025-09-09 08:18:23",
    "cum_gam": null,
    "cum_vec": null,
    "DEX_Call": 85.188,
    "DEX_Put": -64.234,
    "DEX_Total": 20.954,
    "DEX_Ratio": 1.326214,
    "GEX_Call": 2003048.101,
    "GEX_Put": -1419221.909,
    "GEX_Total": 583826.192,
    "GEX_Ratio": 1.411371,
    "VEX_Call": -181646.875,
    "VEX_Put": 257647.486,
    "VEX_Total": 76000.611,
    "VEX_Ratio": -0.705021,
    "CEX_Call": -5496248.342,
    "CEX_Put": 7130314.992,
    "CEX_Total": 1634066.65,
    "CEX_Ratio": -0.770828
}