{
    "timestamp": "2025-11-10 11:55:46",
    "cum_gam": 8789.219858156028,
    "cum_vec": 8789.219858156028,
    "DEX_Call": 315.985,
    "DEX_Put": -17.709,
    "DEX_Total": 298.276,
    "DEX_Ratio": 17.843187,
    "GEX_Call": 2655534.114,
    "GEX_Put": -700872.81,
    "GEX_Total": 1954661.304,
    "GEX_Ratio": 3.788896,
    "VEX_Call": 107206.402,
    "VEX_Put": 219905.872,
    "VEX_Total": 327112.274,
    "VEX_Ratio": 0.48751,
    "CEX_Call": 7018017.285,
    "CEX_Put": 15137087.236,
    "CEX_Total": 22155104.521,
    "CEX_Ratio": 0.463631
}