{
    "timestamp": "2025-08-08 10:09:06",
    "cum_gam": 7443.98766700925,
    "cum_vec": 8200.0,
    "DEX_Call": 262.158,
    "DEX_Put": -49.902,
    "DEX_Total": 212.256,
    "DEX_Ratio": 5.253457,
    "GEX_Call": 3536553.012,
    "GEX_Put": -1045793.202,
    "GEX_Total": 2490759.81,
    "GEX_Ratio": 3.381694,
    "VEX_Call": -109266.617,
    "VEX_Put": 450200.21,
    "VEX_Total": 340933.593,
    "VEX_Ratio": -0.242707,
    "CEX_Call": -5152516.37,
    "CEX_Put": 18789691.097,
    "CEX_Total": 13637174.727,
    "CEX_Ratio": -0.27422
}