{
    "timestamp": "2025-10-29 07:22:07",
    "cum_gam": null,
    "cum_vec": 8400.0,
    "DEX_Call": 351.053,
    "DEX_Put": -81.192,
    "DEX_Total": 269.861,
    "DEX_Ratio": 4.323739,
    "GEX_Call": 3630470.672,
    "GEX_Put": -1388136.054,
    "GEX_Total": 2242334.618,
    "GEX_Ratio": 2.615357,
    "VEX_Call": -403892.371,
    "VEX_Put": 904289.215,
    "VEX_Total": 500396.844,
    "VEX_Ratio": -0.446641,
    "CEX_Call": -9922072.801,
    "CEX_Put": 20728215.103,
    "CEX_Total": 10806142.302,
    "CEX_Ratio": -0.478675
}