{
    "timestamp": "2025-10-23 06:40:45",
    "cum_gam": null,
    "cum_vec": null,
    "DEX_Call": 97.517,
    "DEX_Put": -86.08,
    "DEX_Total": 11.437,
    "DEX_Ratio": 1.132865,
    "GEX_Call": 1568921.577,
    "GEX_Put": -1209159.416,
    "GEX_Total": 359762.161,
    "GEX_Ratio": 1.297531,
    "VEX_Call": -324248.691,
    "VEX_Put": 513749.789,
    "VEX_Total": 189501.098,
    "VEX_Ratio": -0.631141,
    "CEX_Call": -7271960.692,
    "CEX_Put": 10944688.364,
    "CEX_Total": 3672727.672,
    "CEX_Ratio": -0.664428
}