{
    "timestamp": "2025-09-10 07:10:42",
    "cum_gam": null,
    "cum_vec": null,
    "DEX_Call": 264.946,
    "DEX_Put": -31.825,
    "DEX_Total": 233.121,
    "DEX_Ratio": 8.32509,
    "GEX_Call": 3166765.101,
    "GEX_Put": -949183.371,
    "GEX_Total": 2217581.73,
    "GEX_Ratio": 3.336305,
    "VEX_Call": -58774.064,
    "VEX_Put": 440716.59,
    "VEX_Total": 381942.526,
    "VEX_Ratio": -0.13336,
    "CEX_Call": -1891357.591,
    "CEX_Put": 10324448.11,
    "CEX_Total": 8433090.519,
    "CEX_Ratio": -0.183192
}