{
    "timestamp": "2025-11-24 10:26:16",
    "cum_gam": null,
    "cum_vec": null,
    "DEX_Call": 117.629,
    "DEX_Put": -90.22,
    "DEX_Total": 27.409,
    "DEX_Ratio": 1.303802,
    "GEX_Call": 1631336.359,
    "GEX_Put": -701634.71,
    "GEX_Total": 929701.649,
    "GEX_Ratio": 2.325051,
    "VEX_Call": -154020.681,
    "VEX_Put": 315537.375,
    "VEX_Total": 161516.694,
    "VEX_Ratio": -0.488122,
    "CEX_Call": -6889662.216,
    "CEX_Put": 13482929.308,
    "CEX_Total": 6593267.092,
    "CEX_Ratio": -0.510991
}