{
    "timestamp": "2025-10-06 12:12:41",
    "cum_gam": null,
    "cum_vec": null,
    "DEX_Call": 180.165,
    "DEX_Put": -30.534,
    "DEX_Total": 149.631,
    "DEX_Ratio": 5.900472,
    "GEX_Call": 2822315.07,
    "GEX_Put": -1153006.088,
    "GEX_Total": 1669308.982,
    "GEX_Ratio": 2.447789,
    "VEX_Call": -98101.238,
    "VEX_Put": 183967.296,
    "VEX_Total": 85866.058,
    "VEX_Ratio": -0.533254,
    "CEX_Call": -8262719.427,
    "CEX_Put": 14487974.931,
    "CEX_Total": 6225255.504,
    "CEX_Ratio": -0.570316
}