{
    "timestamp": "2025-09-12 11:23:58",
    "cum_gam": 7918.725099601594,
    "cum_vec": 8048.456057007126,
    "DEX_Call": 447.799,
    "DEX_Put": -30.282,
    "DEX_Total": 417.517,
    "DEX_Ratio": 14.78763,
    "GEX_Call": 5269351.037,
    "GEX_Put": -1963671.841,
    "GEX_Total": 3305679.196,
    "GEX_Ratio": 2.683417,
    "VEX_Call": 108922.315,
    "VEX_Put": 351763.052,
    "VEX_Total": 460685.367,
    "VEX_Ratio": 0.309647,
    "CEX_Call": 5542442.455,
    "CEX_Put": 20250914.581,
    "CEX_Total": 25793357.036,
    "CEX_Ratio": 0.273689
}