{
    "timestamp": "2025-07-23 12:28:31",
    "cum_gam": null,
    "cum_vec": null,
    "DEX_Call": 57.618,
    "DEX_Put": -7.03,
    "DEX_Total": 50.588,
    "DEX_Ratio": 8.196017,
    "GEX_Call": 3560410.719,
    "GEX_Put": -378795.123,
    "GEX_Total": 3181615.596,
    "GEX_Ratio": 9.399305,
    "VEX_Call": -113169.833,
    "VEX_Put": 129099.967,
    "VEX_Total": 15930.134,
    "VEX_Ratio": -0.876606,
    "CEX_Call": -11533246.587,
    "CEX_Put": 12463025.587,
    "CEX_Total": 929779.0,
    "CEX_Ratio": -0.925397
}