{
    "timestamp": "2025-07-07 08:08:54",
    "cum_gam": 6234.586747948949,
    "cum_vec": 6234.586747948949,
    "DEX_Call": 199.402,
    "DEX_Put": -92.075,
    "DEX_Total": 107.327,
    "DEX_Ratio": 2.165648,
    "GEX_Call": 962557.831,
    "GEX_Put": -1536917.054,
    "GEX_Total": -574359.223,
    "GEX_Ratio": 0.626291,
    "VEX_Call": -119859.85,
    "VEX_Put": 282239.019,
    "VEX_Total": 162379.169,
    "VEX_Ratio": -0.424675,
    "CEX_Call": -3614347.426,
    "CEX_Put": 7916673.714,
    "CEX_Total": 4302326.288,
    "CEX_Ratio": -0.456549
}