{
    "timestamp": "2025-08-08 12:33:42",
    "cum_gam": null,
    "cum_vec": 8200.0,
    "DEX_Call": 389.919,
    "DEX_Put": -10.432,
    "DEX_Total": 379.487,
    "DEX_Ratio": 37.377205,
    "GEX_Call": 4365373.045,
    "GEX_Put": -714512.044,
    "GEX_Total": 3650861.001,
    "GEX_Ratio": 6.109586,
    "VEX_Call": 75119.779,
    "VEX_Put": 220256.837,
    "VEX_Total": 295376.616,
    "VEX_Ratio": 0.341055,
    "CEX_Call": 6953311.427,
    "CEX_Put": 22275566.915,
    "CEX_Total": 29228878.342,
    "CEX_Ratio": 0.31215
}