{
    "timestamp": "2025-08-05 11:16:47",
    "cum_gam": 6301.706549753979,
    "cum_vec": 6301.706549753979,
    "DEX_Call": 43.826,
    "DEX_Put": -117.546,
    "DEX_Total": -73.72,
    "DEX_Ratio": 0.372841,
    "GEX_Call": 1028343.582,
    "GEX_Put": -2540593.194,
    "GEX_Total": -1512249.612,
    "GEX_Ratio": 0.404765,
    "VEX_Call": -183945.848,
    "VEX_Put": 303445.206,
    "VEX_Total": 119499.358,
    "VEX_Ratio": -0.606191,
    "CEX_Call": -10909506.493,
    "CEX_Put": 17334901.447,
    "CEX_Total": 6425394.954,
    "CEX_Ratio": -0.629338
}