{
    "timestamp": "2025-09-25 08:35:59",
    "cum_gam": 6623.577556735164,
    "cum_vec": 8600.0,
    "DEX_Call": 52.696,
    "DEX_Put": -122.926,
    "DEX_Total": -70.23,
    "DEX_Ratio": 0.428681,
    "GEX_Call": 714442.968,
    "GEX_Put": -2135521.779,
    "GEX_Total": -1421078.811,
    "GEX_Ratio": 0.334552,
    "VEX_Call": -180717.911,
    "VEX_Put": 346856.525,
    "VEX_Total": 166138.614,
    "VEX_Ratio": -0.521016,
    "CEX_Call": -5439394.033,
    "CEX_Put": 9892140.962,
    "CEX_Total": 4452746.929,
    "CEX_Ratio": -0.54987
}