{
    "timestamp": "2025-07-21 11:37:52",
    "cum_gam": 6666.160099851572,
    "cum_vec": 6666.160099851572,
    "DEX_Call": 191.143,
    "DEX_Put": -13.882,
    "DEX_Total": 177.261,
    "DEX_Ratio": 13.769125,
    "GEX_Call": 2678185.316,
    "GEX_Put": -440459.422,
    "GEX_Total": 2237725.894,
    "GEX_Ratio": 6.080436,
    "VEX_Call": -31327.818,
    "VEX_Put": 160061.209,
    "VEX_Total": 128733.391,
    "VEX_Ratio": -0.195724,
    "CEX_Call": -2491916.071,
    "CEX_Put": 10525344.732,
    "CEX_Total": 8033428.661,
    "CEX_Ratio": -0.236754
}