{
    "timestamp": "2025-07-08 11:48:37",
    "cum_gam": 6211.891092918343,
    "cum_vec": 6211.891092918343,
    "DEX_Call": 45.312,
    "DEX_Put": -63.892,
    "DEX_Total": -18.58,
    "DEX_Ratio": 0.709197,
    "GEX_Call": 1091249.627,
    "GEX_Put": -1650227.703,
    "GEX_Total": -558978.076,
    "GEX_Ratio": 0.661272,
    "VEX_Call": -136674.347,
    "VEX_Put": 278709.565,
    "VEX_Total": 142035.218,
    "VEX_Ratio": -0.490383,
    "CEX_Call": -10033242.069,
    "CEX_Put": 19854589.585,
    "CEX_Total": 9821347.516,
    "CEX_Ratio": -0.505336
}