{
    "timestamp": "2025-09-19 07:55:56",
    "cum_gam": 8041.6155419222905,
    "cum_vec": 9146.920492721165,
    "DEX_Call": 284.687,
    "DEX_Put": -153.623,
    "DEX_Total": 131.064,
    "DEX_Ratio": 1.853153,
    "GEX_Call": 3640738.271,
    "GEX_Put": -2422414.123,
    "GEX_Total": 1218324.148,
    "GEX_Ratio": 1.502938,
    "VEX_Call": -236590.251,
    "VEX_Put": 610872.021,
    "VEX_Total": 374281.77,
    "VEX_Ratio": -0.387299,
    "CEX_Call": -6777742.488,
    "CEX_Put": 15653068.349,
    "CEX_Total": 8875325.861,
    "CEX_Ratio": -0.432998
}