{
    "timestamp": "2025-11-26 13:11:19",
    "cum_gam": null,
    "cum_vec": 8337.98076923077,
    "DEX_Call": 481.39,
    "DEX_Put": -7.439,
    "DEX_Total": 473.951,
    "DEX_Ratio": 64.711655,
    "GEX_Call": 7338257.993,
    "GEX_Put": -279082.479,
    "GEX_Total": 7059175.514,
    "GEX_Ratio": 26.294227,
    "VEX_Call": 82782.868,
    "VEX_Put": 126707.499,
    "VEX_Total": 209490.367,
    "VEX_Ratio": 0.653338,
    "CEX_Call": 11695029.523,
    "CEX_Put": 19015068.421,
    "CEX_Total": 30710097.944,
    "CEX_Ratio": 0.61504
}