{
    "timestamp": "2025-09-05 07:26:35",
    "cum_gam": 6433.058534945147,
    "cum_vec": 7121.058126220785,
    "DEX_Call": 291.156,
    "DEX_Put": -285.941,
    "DEX_Total": 5.215,
    "DEX_Ratio": 1.018238,
    "GEX_Call": 4125731.656,
    "GEX_Put": -4666648.939,
    "GEX_Total": -540917.283,
    "GEX_Ratio": 0.884089,
    "VEX_Call": -1054292.982,
    "VEX_Put": 1744576.862,
    "VEX_Total": 690283.88,
    "VEX_Ratio": -0.604326,
    "CEX_Call": -26970171.448,
    "CEX_Put": 42832983.99,
    "CEX_Total": 15862812.542,
    "CEX_Ratio": -0.629659
}