{
    "timestamp": "2025-11-24 07:49:59",
    "cum_gam": 6815.929046542311,
    "cum_vec": 6815.929046542311,
    "DEX_Call": 90.795,
    "DEX_Put": -140.7,
    "DEX_Total": -49.905,
    "DEX_Ratio": 0.645309,
    "GEX_Call": 932766.653,
    "GEX_Put": -914405.121,
    "GEX_Total": 18361.532,
    "GEX_Ratio": 1.02008,
    "VEX_Call": -253901.668,
    "VEX_Put": 356247.599,
    "VEX_Total": 102345.931,
    "VEX_Ratio": -0.712711,
    "CEX_Call": -6698261.511,
    "CEX_Put": 9050979.793,
    "CEX_Total": 2352718.282,
    "CEX_Ratio": -0.740059
}