{
    "timestamp": "2025-08-27 08:13:44",
    "cum_gam": null,
    "cum_vec": 7546.232179226069,
    "DEX_Call": 163.222,
    "DEX_Put": -29.808,
    "DEX_Total": 133.414,
    "DEX_Ratio": 5.475778,
    "GEX_Call": 3094397.067,
    "GEX_Put": -1053582.609,
    "GEX_Total": 2040814.458,
    "GEX_Ratio": 2.937024,
    "VEX_Call": -186219.261,
    "VEX_Put": 308625.572,
    "VEX_Total": 122406.311,
    "VEX_Ratio": -0.603382,
    "CEX_Call": -5744354.612,
    "CEX_Put": 8554502.475,
    "CEX_Total": 2810147.863,
    "CEX_Ratio": -0.671501
}