{
    "timestamp": "2025-09-08 08:50:56",
    "cum_gam": null,
    "cum_vec": 8200.0,
    "DEX_Call": 152.935,
    "DEX_Put": -58.523,
    "DEX_Total": 94.412,
    "DEX_Ratio": 2.613246,
    "GEX_Call": 2641770.483,
    "GEX_Put": -1480294.992,
    "GEX_Total": 1161475.491,
    "GEX_Ratio": 1.784624,
    "VEX_Call": -107912.581,
    "VEX_Put": 388501.122,
    "VEX_Total": 280588.541,
    "VEX_Ratio": -0.277766,
    "CEX_Call": -3799109.982,
    "CEX_Put": 11960330.688,
    "CEX_Total": 8161220.706,
    "CEX_Ratio": -0.317643
}