{
    "timestamp": "2025-11-26 09:24:50",
    "cum_gam": null,
    "cum_vec": null,
    "DEX_Call": 354.933,
    "DEX_Put": -30.819,
    "DEX_Total": 324.114,
    "DEX_Ratio": 11.516694,
    "GEX_Call": 5332315.587,
    "GEX_Put": -468376.808,
    "GEX_Total": 4863938.779,
    "GEX_Ratio": 11.38467,
    "VEX_Call": -177658.933,
    "VEX_Put": 282769.681,
    "VEX_Total": 105110.748,
    "VEX_Ratio": -0.628281,
    "CEX_Call": -6466663.083,
    "CEX_Put": 9392626.697,
    "CEX_Total": 2925963.614,
    "CEX_Ratio": -0.688483
}