{
    "timestamp": "2025-07-28 09:53:16",
    "cum_gam": null,
    "cum_vec": 8200.0,
    "DEX_Call": 157.835,
    "DEX_Put": -41.112,
    "DEX_Total": 116.723,
    "DEX_Ratio": 3.839147,
    "GEX_Call": 2020575.096,
    "GEX_Put": -1348978.113,
    "GEX_Total": 671596.983,
    "GEX_Ratio": 1.497856,
    "VEX_Call": -162729.851,
    "VEX_Put": 237640.62,
    "VEX_Total": 74910.769,
    "VEX_Ratio": -0.684773,
    "CEX_Call": -6743452.897,
    "CEX_Put": 9176023.007,
    "CEX_Total": 2432570.11,
    "CEX_Ratio": -0.734899
}