{
    "timestamp": "2025-06-25 12:24:35",
    "cum_gam": null,
    "cum_vec": null,
    "DEX_Call": 110.822,
    "DEX_Put": -21.683,
    "DEX_Total": 89.139,
    "DEX_Ratio": 5.111009,
    "GEX_Call": 2392460.131,
    "GEX_Put": -1022757.095,
    "GEX_Total": 1369703.036,
    "GEX_Ratio": 2.339226,
    "VEX_Call": -140954.17,
    "VEX_Put": 193484.353,
    "VEX_Total": 52530.183,
    "VEX_Ratio": -0.728504,
    "CEX_Call": -14104905.631,
    "CEX_Put": 18688646.898,
    "CEX_Total": 4583741.267,
    "CEX_Ratio": -0.754731
}