{
    "timestamp": "2025-07-09 10:16:07",
    "cum_gam": null,
    "cum_vec": null,
    "DEX_Call": 50.923,
    "DEX_Put": -38.717,
    "DEX_Total": 12.206,
    "DEX_Ratio": 1.315262,
    "GEX_Call": 1512961.572,
    "GEX_Put": -871726.873,
    "GEX_Total": 641234.699,
    "GEX_Ratio": 1.735591,
    "VEX_Call": -179833.156,
    "VEX_Put": 220436.974,
    "VEX_Total": 40603.818,
    "VEX_Ratio": -0.815803,
    "CEX_Call": -8188375.231,
    "CEX_Put": 9611294.88,
    "CEX_Total": 1422919.649,
    "CEX_Ratio": -0.851953
}