{
    "timestamp": "2026-07-20 12:56:19",
    "cum_gam": 7452.413046098846,
    "cum_vec": 7452.413046098846,
    "DEX_Call": 37.164,
    "DEX_Put": -29.339,
    "DEX_Total": 7.825,
    "DEX_Ratio": 1.26671,
    "GEX_Call": 587705.772,
    "GEX_Put": -1693119.884,
    "GEX_Total": -1105414.112,
    "GEX_Ratio": 0.347114,
    "VEX_Call": -90139.1,
    "VEX_Put": 127918.376,
    "VEX_Total": 37779.276,
    "VEX_Ratio": -0.704661,
    "CEX_Call": -10251399.318,
    "CEX_Put": 14153196.21,
    "CEX_Total": 3901796.892,
    "CEX_Ratio": -0.724317
}