{
    "timestamp": "2025-10-29 12:47:41",
    "cum_gam": null,
    "cum_vec": 8400.0,
    "DEX_Call": 124.496,
    "DEX_Put": -76.385,
    "DEX_Total": 48.111,
    "DEX_Ratio": 1.629849,
    "GEX_Call": 2627190.324,
    "GEX_Put": -2080915.178,
    "GEX_Total": 546275.146,
    "GEX_Ratio": 1.262517,
    "VEX_Call": -193913.959,
    "VEX_Put": 307687.812,
    "VEX_Total": 113773.853,
    "VEX_Ratio": -0.63023,
    "CEX_Call": -21577958.425,
    "CEX_Put": 33261946.762,
    "CEX_Total": 11683988.337,
    "CEX_Ratio": -0.648728
}