{
    "timestamp": "2025-07-15 08:57:25",
    "cum_gam": null,
    "cum_vec": null,
    "DEX_Call": 51.356,
    "DEX_Put": -55.48,
    "DEX_Total": -4.124,
    "DEX_Ratio": 0.925667,
    "GEX_Call": 1344247.078,
    "GEX_Put": -1099605.662,
    "GEX_Total": 244641.416,
    "GEX_Ratio": 1.222481,
    "VEX_Call": -209251.584,
    "VEX_Put": 260446.552,
    "VEX_Total": 51194.968,
    "VEX_Ratio": -0.803434,
    "CEX_Call": -7151505.123,
    "CEX_Put": 8468018.049,
    "CEX_Total": 1316512.926,
    "CEX_Ratio": -0.844531
}