{
    "timestamp": "2025-07-28 06:39:24",
    "cum_gam": null,
    "cum_vec": 8200.0,
    "DEX_Call": 103.17,
    "DEX_Put": -36.635,
    "DEX_Total": 66.535,
    "DEX_Ratio": 2.816159,
    "GEX_Call": 2045936.124,
    "GEX_Put": -1045455.126,
    "GEX_Total": 1000480.998,
    "GEX_Ratio": 1.956981,
    "VEX_Call": -219096.232,
    "VEX_Put": 326120.516,
    "VEX_Total": 107024.284,
    "VEX_Ratio": -0.671826,
    "CEX_Call": -5292789.081,
    "CEX_Put": 7239151.035,
    "CEX_Total": 1946361.954,
    "CEX_Ratio": -0.731134
}