{
    "timestamp": "2025-11-07 13:29:58",
    "cum_gam": 6900.643022575325,
    "cum_vec": 6900.643022575325,
    "DEX_Call": 19.524,
    "DEX_Put": -422.118,
    "DEX_Total": -402.594,
    "DEX_Ratio": 0.046252,
    "GEX_Call": 687845.668,
    "GEX_Put": -2915549.866,
    "GEX_Total": -2227704.198,
    "GEX_Ratio": 0.235923,
    "VEX_Call": -216781.174,
    "VEX_Put": -13316.487,
    "VEX_Total": -230097.661,
    "VEX_Ratio": -16.279156,
    "CEX_Call": -46892412.032,
    "CEX_Put": -3329386.43,
    "CEX_Total": -50221798.462,
    "CEX_Ratio": -14.084401
}