{
    "timestamp": "2025-11-25 12:52:18",
    "cum_gam": null,
    "cum_vec": 7996.655518394648,
    "DEX_Call": 210.146,
    "DEX_Put": -25.705,
    "DEX_Total": 184.441,
    "DEX_Ratio": 8.175297,
    "GEX_Call": 2286357.37,
    "GEX_Put": -520631.207,
    "GEX_Total": 1765726.163,
    "GEX_Ratio": 4.39151,
    "VEX_Call": -24864.587,
    "VEX_Put": 133535.0,
    "VEX_Total": 108670.413,
    "VEX_Ratio": -0.186203,
    "CEX_Call": -3151860.415,
    "CEX_Put": 15638369.602,
    "CEX_Total": 12486509.187,
    "CEX_Ratio": -0.201547
}