{
    "timestamp": "2025-08-20 08:36:12",
    "cum_gam": 6407.450347523013,
    "cum_vec": 8200.0,
    "DEX_Call": 24.597,
    "DEX_Put": -221.047,
    "DEX_Total": -196.45,
    "DEX_Ratio": 0.111275,
    "GEX_Call": 514546.011,
    "GEX_Put": -2410006.5,
    "GEX_Total": -1895460.489,
    "GEX_Ratio": 0.213504,
    "VEX_Call": -187422.307,
    "VEX_Put": 251059.417,
    "VEX_Total": 63637.11,
    "VEX_Ratio": -0.746526,
    "CEX_Call": -5810622.487,
    "CEX_Put": 7299386.58,
    "CEX_Total": 1488764.093,
    "CEX_Ratio": -0.796043
}