{
    "timestamp": "2025-10-27 08:13:15",
    "cum_gam": null,
    "cum_vec": 7399.399731919109,
    "DEX_Call": 309.806,
    "DEX_Put": -15.756,
    "DEX_Total": 294.05,
    "DEX_Ratio": 19.662732,
    "GEX_Call": 4269436.79,
    "GEX_Put": -446993.303,
    "GEX_Total": 3822443.487,
    "GEX_Ratio": 9.551456,
    "VEX_Call": -113741.874,
    "VEX_Put": 429190.675,
    "VEX_Total": 315448.801,
    "VEX_Ratio": -0.265015,
    "CEX_Call": -3698800.626,
    "CEX_Put": 11370397.292,
    "CEX_Total": 7671596.666,
    "CEX_Ratio": -0.325301
}