{
    "timestamp": "2025-08-07 09:14:21",
    "cum_gam": null,
    "cum_vec": 8000.0,
    "DEX_Call": 78.266,
    "DEX_Put": -71.586,
    "DEX_Total": 6.68,
    "DEX_Ratio": 1.093314,
    "GEX_Call": 1397505.173,
    "GEX_Put": -1211664.598,
    "GEX_Total": 185840.575,
    "GEX_Ratio": 1.153376,
    "VEX_Call": -227504.239,
    "VEX_Put": 223768.315,
    "VEX_Total": -3735.924,
    "VEX_Ratio": -1.016696,
    "CEX_Call": -8104818.075,
    "CEX_Put": 7567706.532,
    "CEX_Total": -537111.543,
    "CEX_Ratio": -1.070974
}