{
    "timestamp": "2025-10-24 12:01:43",
    "cum_gam": null,
    "cum_vec": null,
    "DEX_Call": 235.039,
    "DEX_Put": -25.909,
    "DEX_Total": 209.13,
    "DEX_Ratio": 9.071713,
    "GEX_Call": 6470044.302,
    "GEX_Put": -509552.968,
    "GEX_Total": 5960491.334,
    "GEX_Ratio": 12.697491,
    "VEX_Call": -220754.025,
    "VEX_Put": 320463.811,
    "VEX_Total": 99709.786,
    "VEX_Ratio": -0.688858,
    "CEX_Call": -17056407.354,
    "CEX_Put": 23213527.914,
    "CEX_Total": 6157120.56,
    "CEX_Ratio": -0.734762
}