{
    "timestamp": "2025-11-25 13:18:21",
    "cum_gam": null,
    "cum_vec": null,
    "DEX_Call": 236.123,
    "DEX_Put": -17.529,
    "DEX_Total": 218.594,
    "DEX_Ratio": 13.47042,
    "GEX_Call": 2368884.763,
    "GEX_Put": -481921.31,
    "GEX_Total": 1886963.453,
    "GEX_Ratio": 4.915501,
    "VEX_Call": 17661.969,
    "VEX_Put": 96156.003,
    "VEX_Total": 113817.972,
    "VEX_Ratio": 0.18368,
    "CEX_Call": 2769791.219,
    "CEX_Put": 16339109.737,
    "CEX_Total": 19108900.956,
    "CEX_Ratio": 0.169519
}