{
    "timestamp": "2025-08-06 06:36:54",
    "cum_gam": 6220.54084574323,
    "cum_vec": 6220.54084574323,
    "DEX_Call": 68.138,
    "DEX_Put": -105.463,
    "DEX_Total": -37.325,
    "DEX_Ratio": 0.646084,
    "GEX_Call": 1106174.605,
    "GEX_Put": -1223011.004,
    "GEX_Total": -116836.399,
    "GEX_Ratio": 0.904468,
    "VEX_Call": -251998.288,
    "VEX_Put": 364505.003,
    "VEX_Total": 112506.715,
    "VEX_Ratio": -0.691344,
    "CEX_Call": -5937488.66,
    "CEX_Put": 8147313.037,
    "CEX_Total": 2209824.377,
    "CEX_Ratio": -0.728766
}