{
    "timestamp": "2025-11-14 09:51:18",
    "cum_gam": 6722.702719316069,
    "cum_vec": 6722.702719316069,
    "DEX_Call": 131.868,
    "DEX_Put": -271.643,
    "DEX_Total": -139.775,
    "DEX_Ratio": 0.485446,
    "GEX_Call": 1501176.053,
    "GEX_Put": -2098912.571,
    "GEX_Total": -597736.518,
    "GEX_Ratio": 0.715216,
    "VEX_Call": -359682.557,
    "VEX_Put": 631329.029,
    "VEX_Total": 271646.472,
    "VEX_Ratio": -0.569723,
    "CEX_Call": -13546439.053,
    "CEX_Put": 23037724.88,
    "CEX_Total": 9491285.827,
    "CEX_Ratio": -0.588011
}