{
    "timestamp": "2025-07-28 06:38:16",
    "cum_gam": null,
    "cum_vec": 8200.0,
    "DEX_Call": 112.529,
    "DEX_Put": -35.457,
    "DEX_Total": 77.072,
    "DEX_Ratio": 3.173675,
    "GEX_Call": 2077279.231,
    "GEX_Put": -1020565.854,
    "GEX_Total": 1056713.377,
    "GEX_Ratio": 2.035419,
    "VEX_Call": -210595.395,
    "VEX_Put": 321418.95,
    "VEX_Total": 110823.555,
    "VEX_Ratio": -0.655205,
    "CEX_Call": -5092493.294,
    "CEX_Put": 7117646.585,
    "CEX_Total": 2025153.291,
    "CEX_Ratio": -0.715474
}