{
    "timestamp": "2025-08-19 11:52:46",
    "cum_gam": 6414.051306541043,
    "cum_vec": 6414.051306541043,
    "DEX_Call": 31.989,
    "DEX_Put": -40.368,
    "DEX_Total": -8.379,
    "DEX_Ratio": 0.792435,
    "GEX_Call": 416587.449,
    "GEX_Put": -1671802.202,
    "GEX_Total": -1255214.753,
    "GEX_Ratio": 0.249185,
    "VEX_Call": -62137.433,
    "VEX_Put": 147792.913,
    "VEX_Total": 85655.48,
    "VEX_Ratio": -0.420436,
    "CEX_Call": -4567171.164,
    "CEX_Put": 10446986.467,
    "CEX_Total": 5879815.303,
    "CEX_Ratio": -0.437176
}