{
    "timestamp": "2025-11-19 10:20:28",
    "cum_gam": 6731.949601750667,
    "cum_vec": 8357.704706640878,
    "DEX_Call": 49.043,
    "DEX_Put": -244.05,
    "DEX_Total": -195.007,
    "DEX_Ratio": 0.200955,
    "GEX_Call": 764982.008,
    "GEX_Put": -1438491.613,
    "GEX_Total": -673509.605,
    "GEX_Ratio": 0.531795,
    "VEX_Call": -249367.524,
    "VEX_Put": 104616.171,
    "VEX_Total": -144751.353,
    "VEX_Ratio": -2.383642,
    "CEX_Call": -10703395.596,
    "CEX_Put": 4215496.335,
    "CEX_Total": -6487899.261,
    "CEX_Ratio": -2.539059
}