{
    "timestamp": "2025-09-04 11:41:59",
    "cum_gam": null,
    "cum_vec": 7630.5084745762715,
    "DEX_Call": 340.82,
    "DEX_Put": -15.703,
    "DEX_Total": 325.117,
    "DEX_Ratio": 21.704133,
    "GEX_Call": 6102329.353,
    "GEX_Put": -658209.239,
    "GEX_Total": 5444120.114,
    "GEX_Ratio": 9.271109,
    "VEX_Call": 223682.58,
    "VEX_Put": 242366.448,
    "VEX_Total": 466049.028,
    "VEX_Ratio": 0.922911,
    "CEX_Call": 13921140.659,
    "CEX_Put": 16014061.458,
    "CEX_Total": 29935202.117,
    "CEX_Ratio": 0.869307
}