{
    "timestamp": "2025-06-25 12:47:50",
    "cum_gam": null,
    "cum_vec": null,
    "DEX_Call": 78.814,
    "DEX_Put": -25.056,
    "DEX_Total": 53.758,
    "DEX_Ratio": 3.145514,
    "GEX_Call": 1805840.345,
    "GEX_Put": -1041521.822,
    "GEX_Total": 764318.523,
    "GEX_Ratio": 1.733848,
    "VEX_Call": -136820.245,
    "VEX_Put": 152650.643,
    "VEX_Total": 15830.398,
    "VEX_Ratio": -0.896297,
    "CEX_Call": -17138768.316,
    "CEX_Put": 18644305.37,
    "CEX_Total": 1505537.054,
    "CEX_Ratio": -0.919249
}