{
    "timestamp": "2025-10-02 07:05:10",
    "cum_gam": null,
    "cum_vec": null,
    "DEX_Call": 168.286,
    "DEX_Put": -50.354,
    "DEX_Total": 117.932,
    "DEX_Ratio": 3.342058,
    "GEX_Call": 3635472.886,
    "GEX_Put": -1271884.968,
    "GEX_Total": 2363587.918,
    "GEX_Ratio": 2.858335,
    "VEX_Call": -435592.367,
    "VEX_Put": 517667.227,
    "VEX_Total": 82074.86,
    "VEX_Ratio": -0.841452,
    "CEX_Call": -10539133.222,
    "CEX_Put": 11651291.889,
    "CEX_Total": 1112158.667,
    "CEX_Ratio": -0.904546
}