{
    "timestamp": "2025-07-24 08:43:29",
    "cum_gam": null,
    "cum_vec": 8200.0,
    "DEX_Call": 200.238,
    "DEX_Put": -21.066,
    "DEX_Total": 179.172,
    "DEX_Ratio": 9.505269,
    "GEX_Call": 2680550.837,
    "GEX_Put": -752846.603,
    "GEX_Total": 1927704.234,
    "GEX_Ratio": 3.560554,
    "VEX_Call": -133430.185,
    "VEX_Put": 317643.716,
    "VEX_Total": 184213.531,
    "VEX_Ratio": -0.420062,
    "CEX_Call": -4588285.192,
    "CEX_Put": 9808367.122,
    "CEX_Total": 5220081.93,
    "CEX_Ratio": -0.467793
}