{
    "timestamp": "2025-06-26 10:50:13",
    "cum_gam": 6426.690946930281,
    "cum_vec": 6426.690946930281,
    "DEX_Call": 173.051,
    "DEX_Put": -7.699,
    "DEX_Total": 165.352,
    "DEX_Ratio": 22.477075,
    "GEX_Call": 2624704.714,
    "GEX_Put": -279849.536,
    "GEX_Total": 2344855.178,
    "GEX_Ratio": 9.378985,
    "VEX_Call": 18489.487,
    "VEX_Put": 187354.747,
    "VEX_Total": 205844.234,
    "VEX_Ratio": 0.098687,
    "CEX_Call": 559401.252,
    "CEX_Put": 9779583.341,
    "CEX_Total": 10338984.593,
    "CEX_Ratio": 0.057201
}