{
    "timestamp": "2025-08-04 10:23:18",
    "cum_gam": 6412.106747329698,
    "cum_vec": 6412.106747329698,
    "DEX_Call": 72.839,
    "DEX_Put": -115.635,
    "DEX_Total": -42.796,
    "DEX_Ratio": 0.629904,
    "GEX_Call": 1385183.218,
    "GEX_Put": -1172503.328,
    "GEX_Total": 212679.89,
    "GEX_Ratio": 1.18139,
    "VEX_Call": -48361.467,
    "VEX_Put": 204276.06,
    "VEX_Total": 155914.593,
    "VEX_Ratio": -0.236746,
    "CEX_Call": -2397478.408,
    "CEX_Put": 9029609.935,
    "CEX_Total": 6632131.527,
    "CEX_Ratio": -0.265513
}