{
    "timestamp": "2026-07-21 09:34:49",
    "cum_gam": null,
    "cum_vec": null,
    "DEX_Call": 93.794,
    "DEX_Put": -63.168,
    "DEX_Total": 30.626,
    "DEX_Ratio": 1.484834,
    "GEX_Call": 2311778.351,
    "GEX_Put": -950897.999,
    "GEX_Total": 1360880.352,
    "GEX_Ratio": 2.431153,
    "VEX_Call": -172639.789,
    "VEX_Put": 283880.945,
    "VEX_Total": 111241.156,
    "VEX_Ratio": -0.608142,
    "CEX_Call": -5789797.877,
    "CEX_Put": 8778077.061,
    "CEX_Total": 2988279.184,
    "CEX_Ratio": -0.659575
}