{
    "timestamp": "2025-10-10 11:14:16",
    "cum_gam": 8590.22954679223,
    "cum_vec": 8590.22954679223,
    "DEX_Call": 34.19,
    "DEX_Put": -638.367,
    "DEX_Total": -604.177,
    "DEX_Ratio": 0.053559,
    "GEX_Call": 515219.602,
    "GEX_Put": -3763992.643,
    "GEX_Total": -3248773.041,
    "GEX_Ratio": 0.136881,
    "VEX_Call": -190835.826,
    "VEX_Put": 168612.467,
    "VEX_Total": -22223.359,
    "VEX_Ratio": -1.131801,
    "CEX_Call": -10605106.695,
    "CEX_Put": 8710986.992,
    "CEX_Total": -1894119.703,
    "CEX_Ratio": -1.21744
}