{
    "timestamp": "2025-10-22 07:52:13",
    "cum_gam": 6704.990157499255,
    "cum_vec": 6704.990157499255,
    "DEX_Call": 98.071,
    "DEX_Put": -170.646,
    "DEX_Total": -72.575,
    "DEX_Ratio": 0.574704,
    "GEX_Call": 1388244.505,
    "GEX_Put": -2350789.337,
    "GEX_Total": -962544.832,
    "GEX_Ratio": 0.590544,
    "VEX_Call": -304919.172,
    "VEX_Put": 522418.627,
    "VEX_Total": 217499.455,
    "VEX_Ratio": -0.583668,
    "CEX_Call": -8058918.057,
    "CEX_Put": 13068553.671,
    "CEX_Total": 5009635.614,
    "CEX_Ratio": -0.616665
}