{
    "timestamp": "2025-10-27 08:11:56",
    "cum_gam": null,
    "cum_vec": 7399.435853965099,
    "DEX_Call": 286.983,
    "DEX_Put": -16.396,
    "DEX_Total": 270.587,
    "DEX_Ratio": 17.503232,
    "GEX_Call": 4182127.102,
    "GEX_Put": -460151.811,
    "GEX_Total": 3721975.291,
    "GEX_Ratio": 9.088581,
    "VEX_Call": -135082.058,
    "VEX_Put": 438100.129,
    "VEX_Total": 303018.071,
    "VEX_Ratio": -0.308336,
    "CEX_Call": -4241554.747,
    "CEX_Put": 11565492.792,
    "CEX_Total": 7323938.045,
    "CEX_Ratio": -0.366742
}