{
    "timestamp": "2025-10-23 10:02:08",
    "cum_gam": null,
    "cum_vec": null,
    "DEX_Call": 136.31,
    "DEX_Put": -39.989,
    "DEX_Total": 96.321,
    "DEX_Ratio": 3.408687,
    "GEX_Call": 2230112.442,
    "GEX_Put": -946299.843,
    "GEX_Total": 1283812.599,
    "GEX_Ratio": 2.356666,
    "VEX_Call": -132515.852,
    "VEX_Put": 330458.917,
    "VEX_Total": 197943.065,
    "VEX_Ratio": -0.401006,
    "CEX_Call": -5469633.964,
    "CEX_Put": 12623179.501,
    "CEX_Total": 7153545.537,
    "CEX_Ratio": -0.433301
}