{
    "timestamp": "2025-10-17 09:17:49",
    "cum_gam": 10377.092511013216,
    "cum_vec": 10377.092511013216,
    "DEX_Call": 181.932,
    "DEX_Put": -240.427,
    "DEX_Total": -58.495,
    "DEX_Ratio": 0.756704,
    "GEX_Call": 1516759.77,
    "GEX_Put": -1812709.921,
    "GEX_Total": -295950.151,
    "GEX_Ratio": 0.836736,
    "VEX_Call": -257349.936,
    "VEX_Put": 668114.846,
    "VEX_Total": 410764.91,
    "VEX_Ratio": -0.385188,
    "CEX_Call": -8834123.489,
    "CEX_Put": 22036235.28,
    "CEX_Total": 13202111.791,
    "CEX_Ratio": -0.400891
}