{
    "timestamp": "2025-07-30 08:29:50",
    "cum_gam": 6328.937365926722,
    "cum_vec": 6328.937365926722,
    "DEX_Call": 88.72,
    "DEX_Put": -95.506,
    "DEX_Total": -6.786,
    "DEX_Ratio": 0.928947,
    "GEX_Call": 1237563.154,
    "GEX_Put": -1641428.644,
    "GEX_Total": -403865.49,
    "GEX_Ratio": 0.753955,
    "VEX_Call": -218935.75,
    "VEX_Put": 455865.254,
    "VEX_Total": 236929.504,
    "VEX_Ratio": -0.480264,
    "CEX_Call": -6769700.708,
    "CEX_Put": 13436807.672,
    "CEX_Total": 6667106.964,
    "CEX_Ratio": -0.503818
}