{
    "timestamp": "2025-09-09 07:37:06",
    "cum_gam": null,
    "cum_vec": null,
    "DEX_Call": 86.164,
    "DEX_Put": -66.474,
    "DEX_Total": 19.69,
    "DEX_Ratio": 1.296206,
    "GEX_Call": 1627890.257,
    "GEX_Put": -1474215.493,
    "GEX_Total": 153674.764,
    "GEX_Ratio": 1.104242,
    "VEX_Call": -222521.735,
    "VEX_Put": 296243.032,
    "VEX_Total": 73721.297,
    "VEX_Ratio": -0.751146,
    "CEX_Call": -5953408.296,
    "CEX_Put": 7356905.12,
    "CEX_Total": 1403496.824,
    "CEX_Ratio": -0.809227
}