{
    "timestamp": "2025-10-02 12:41:00",
    "cum_gam": null,
    "cum_vec": null,
    "DEX_Call": 96.981,
    "DEX_Put": -24.056,
    "DEX_Total": 72.925,
    "DEX_Ratio": 4.031468,
    "GEX_Call": 3846236.481,
    "GEX_Put": -1291011.996,
    "GEX_Total": 2555224.485,
    "GEX_Ratio": 2.979241,
    "VEX_Call": -146903.537,
    "VEX_Put": 170138.959,
    "VEX_Total": 23235.422,
    "VEX_Ratio": -0.863433,
    "CEX_Call": -15879533.819,
    "CEX_Put": 17493589.22,
    "CEX_Total": 1614055.401,
    "CEX_Ratio": -0.907734
}