{
    "timestamp": "2025-09-03 09:01:42",
    "cum_gam": null,
    "cum_vec": 7383.006535947712,
    "DEX_Call": 157.55,
    "DEX_Put": -72.518,
    "DEX_Total": 85.032,
    "DEX_Ratio": 2.172564,
    "GEX_Call": 3169829.252,
    "GEX_Put": -1222060.6,
    "GEX_Total": 1947768.652,
    "GEX_Ratio": 2.59384,
    "VEX_Call": -232738.356,
    "VEX_Put": 398291.423,
    "VEX_Total": 165553.067,
    "VEX_Ratio": -0.584342,
    "CEX_Call": -8123216.925,
    "CEX_Put": 12863136.487,
    "CEX_Total": 4739919.562,
    "CEX_Ratio": -0.631511
}