{
    "timestamp": "2025-09-15 11:38:16",
    "cum_gam": null,
    "cum_vec": null,
    "DEX_Call": 232.377,
    "DEX_Put": -18.856,
    "DEX_Total": 213.521,
    "DEX_Ratio": 12.32377,
    "GEX_Call": 4042762.167,
    "GEX_Put": -903229.85,
    "GEX_Total": 3139532.317,
    "GEX_Ratio": 4.475895,
    "VEX_Call": -56245.506,
    "VEX_Put": 322301.385,
    "VEX_Total": 266055.879,
    "VEX_Ratio": -0.174512,
    "CEX_Call": -4210321.708,
    "CEX_Put": 20366130.497,
    "CEX_Total": 16155808.789,
    "CEX_Ratio": -0.206732
}