{
    "timestamp": "2025-10-30 06:58:23",
    "cum_gam": 6781.476553279284,
    "cum_vec": 8048.648648648648,
    "DEX_Call": 134.562,
    "DEX_Put": -130.744,
    "DEX_Total": 3.818,
    "DEX_Ratio": 1.029202,
    "GEX_Call": 1167592.595,
    "GEX_Put": -1321904.975,
    "GEX_Total": -154312.38,
    "GEX_Ratio": 0.883265,
    "VEX_Call": -270361.437,
    "VEX_Put": 398067.9,
    "VEX_Total": 127706.463,
    "VEX_Ratio": -0.679184,
    "CEX_Call": -6138847.204,
    "CEX_Put": 8563492.332,
    "CEX_Total": 2424645.128,
    "CEX_Ratio": -0.716863
}