{
    "timestamp": "2025-08-25 07:54:08",
    "cum_gam": null,
    "cum_vec": 7439.314285714286,
    "DEX_Call": 60.547,
    "DEX_Put": -54.826,
    "DEX_Total": 5.721,
    "DEX_Ratio": 1.104348,
    "GEX_Call": 1581860.55,
    "GEX_Put": -1302214.473,
    "GEX_Total": 279646.077,
    "GEX_Ratio": 1.214747,
    "VEX_Call": -267315.216,
    "VEX_Put": 246211.443,
    "VEX_Total": -21103.773,
    "VEX_Ratio": -1.085714,
    "CEX_Call": -7432944.793,
    "CEX_Put": 6415094.133,
    "CEX_Total": -1017850.66,
    "CEX_Ratio": -1.158665
}