{
    "timestamp": "2025-11-21 12:27:20",
    "cum_gam": 10722.222222222223,
    "cum_vec": 11200.0,
    "DEX_Call": 141.944,
    "DEX_Put": -296.255,
    "DEX_Total": -154.311,
    "DEX_Ratio": 0.479128,
    "GEX_Call": 1596284.335,
    "GEX_Put": -1838286.038,
    "GEX_Total": -242001.703,
    "GEX_Ratio": 0.868355,
    "VEX_Call": -168856.871,
    "VEX_Put": 286832.564,
    "VEX_Total": 117975.693,
    "VEX_Ratio": -0.588695,
    "CEX_Call": -15724964.147,
    "CEX_Put": 26000790.901,
    "CEX_Total": 10275826.754,
    "CEX_Ratio": -0.604788
}