{
    "timestamp": "2025-10-28 09:03:44",
    "cum_gam": null,
    "cum_vec": 8125.256673511293,
    "DEX_Call": 277.137,
    "DEX_Put": -57.221,
    "DEX_Total": 219.916,
    "DEX_Ratio": 4.843274,
    "GEX_Call": 6649597.669,
    "GEX_Put": -2141173.218,
    "GEX_Total": 4508424.451,
    "GEX_Ratio": 3.105586,
    "VEX_Call": -706434.807,
    "VEX_Put": 838664.569,
    "VEX_Total": 132229.762,
    "VEX_Ratio": -0.842333,
    "CEX_Call": -22816973.746,
    "CEX_Put": 25520096.357,
    "CEX_Total": 2703122.611,
    "CEX_Ratio": -0.894079
}