{
    "timestamp": "2025-09-11 07:51:00",
    "cum_gam": null,
    "cum_vec": 7345.522388059701,
    "DEX_Call": 229.342,
    "DEX_Put": -24.802,
    "DEX_Total": 204.54,
    "DEX_Ratio": 9.246916,
    "GEX_Call": 2538273.372,
    "GEX_Put": -653236.634,
    "GEX_Total": 1885036.738,
    "GEX_Ratio": 3.885687,
    "VEX_Call": -13951.192,
    "VEX_Put": 503550.817,
    "VEX_Total": 489599.625,
    "VEX_Ratio": -0.027706,
    "CEX_Call": -761647.978,
    "CEX_Put": 13076466.656,
    "CEX_Total": 12314818.678,
    "CEX_Ratio": -0.058246
}