{
    "timestamp": "2025-09-11 10:36:13",
    "cum_gam": null,
    "cum_vec": 7363.369963369963,
    "DEX_Call": 129.653,
    "DEX_Put": -9.49,
    "DEX_Total": 120.163,
    "DEX_Ratio": 13.662065,
    "GEX_Call": 2643358.421,
    "GEX_Put": -377981.32,
    "GEX_Total": 2265377.101,
    "GEX_Ratio": 6.993357,
    "VEX_Call": -80532.253,
    "VEX_Put": 257841.608,
    "VEX_Total": 177309.355,
    "VEX_Ratio": -0.312332,
    "CEX_Call": -4104215.624,
    "CEX_Put": 11759360.291,
    "CEX_Total": 7655144.667,
    "CEX_Ratio": -0.349017
}