{
    "timestamp": "2025-07-10 09:50:37",
    "cum_gam": 6658.509234828496,
    "cum_vec": 6658.509234828496,
    "DEX_Call": 70.041,
    "DEX_Put": -22.968,
    "DEX_Total": 47.073,
    "DEX_Ratio": 3.049504,
    "GEX_Call": 1783456.29,
    "GEX_Put": -686979.396,
    "GEX_Total": 1096476.894,
    "GEX_Ratio": 2.596084,
    "VEX_Call": -119817.04,
    "VEX_Put": 218323.312,
    "VEX_Total": 98506.272,
    "VEX_Ratio": -0.548806,
    "CEX_Call": -5042995.737,
    "CEX_Put": 8574051.061,
    "CEX_Total": 3531055.324,
    "CEX_Ratio": -0.58817
}