{
    "timestamp": "2025-09-03 08:16:28",
    "cum_gam": null,
    "cum_vec": 7593.81443298969,
    "DEX_Call": 205.183,
    "DEX_Put": -58.064,
    "DEX_Total": 147.119,
    "DEX_Ratio": 3.533739,
    "GEX_Call": 3746758.636,
    "GEX_Put": -1052964.341,
    "GEX_Total": 2693794.295,
    "GEX_Ratio": 3.558296,
    "VEX_Call": -88390.816,
    "VEX_Put": 392480.917,
    "VEX_Total": 304090.101,
    "VEX_Ratio": -0.22521,
    "CEX_Call": -3112536.003,
    "CEX_Put": 11057085.612,
    "CEX_Total": 7944549.609,
    "CEX_Ratio": -0.281497
}