{
    "timestamp": "2025-08-04 12:37:40",
    "cum_gam": null,
    "cum_vec": null,
    "DEX_Call": 172.599,
    "DEX_Put": -12.015,
    "DEX_Total": 160.584,
    "DEX_Ratio": 14.365293,
    "GEX_Call": 1813019.827,
    "GEX_Put": -764627.569,
    "GEX_Total": 1048392.258,
    "GEX_Ratio": 2.371115,
    "VEX_Call": 85841.029,
    "VEX_Put": 125679.686,
    "VEX_Total": 211520.715,
    "VEX_Ratio": 0.683014,
    "CEX_Call": 8904598.498,
    "CEX_Put": 13332432.979,
    "CEX_Total": 22237031.477,
    "CEX_Ratio": 0.66789
}