{
    "timestamp": "2025-10-07 12:54:08",
    "cum_gam": 6737.853136007489,
    "cum_vec": 8586.474501108647,
    "DEX_Call": 7.735,
    "DEX_Put": -86.149,
    "DEX_Total": -78.414,
    "DEX_Ratio": 0.089786,
    "GEX_Call": 1053039.943,
    "GEX_Put": -2542724.764,
    "GEX_Total": -1489684.821,
    "GEX_Ratio": 0.414138,
    "VEX_Call": -172617.585,
    "VEX_Put": 56371.769,
    "VEX_Total": -116245.816,
    "VEX_Ratio": -3.062128,
    "CEX_Call": -21018743.691,
    "CEX_Put": 6413149.992,
    "CEX_Total": -14605593.699,
    "CEX_Ratio": -3.277445
}