{
    "timestamp": "2025-07-01 06:38:37",
    "cum_gam": 7293.333333333333,
    "cum_vec": 7293.333333333333,
    "DEX_Call": 107.697,
    "DEX_Put": -164.292,
    "DEX_Total": -56.595,
    "DEX_Ratio": 0.655522,
    "GEX_Call": 1905489.297,
    "GEX_Put": -3505253.765,
    "GEX_Total": -1599764.468,
    "GEX_Ratio": 0.54361,
    "VEX_Call": -464354.867,
    "VEX_Put": 772643.631,
    "VEX_Total": 308288.764,
    "VEX_Ratio": -0.600995,
    "CEX_Call": -11154579.821,
    "CEX_Put": 17517295.688,
    "CEX_Total": 6362715.867,
    "CEX_Ratio": -0.636775
}