{
    "timestamp": "2025-08-04 09:29:34",
    "cum_gam": 6420.478494842884,
    "cum_vec": 6420.478494842884,
    "DEX_Call": 107.51,
    "DEX_Put": -123.435,
    "DEX_Total": -15.925,
    "DEX_Ratio": 0.870985,
    "GEX_Call": 1437317.602,
    "GEX_Put": -1211467.261,
    "GEX_Total": 225850.341,
    "GEX_Ratio": 1.186427,
    "VEX_Call": -18892.408,
    "VEX_Put": 263522.524,
    "VEX_Total": 244630.116,
    "VEX_Ratio": -0.071692,
    "CEX_Call": -916810.11,
    "CEX_Put": 9466972.078,
    "CEX_Total": 8550161.968,
    "CEX_Ratio": -0.096843
}