{
    "timestamp": "2025-10-01 11:21:57",
    "cum_gam": null,
    "cum_vec": 8600.0,
    "DEX_Call": 101.774,
    "DEX_Put": -18.575,
    "DEX_Total": 83.199,
    "DEX_Ratio": 5.479085,
    "GEX_Call": 3559293.827,
    "GEX_Put": -891572.374,
    "GEX_Total": 2667721.453,
    "GEX_Ratio": 3.992154,
    "VEX_Call": -179305.911,
    "VEX_Put": 272297.976,
    "VEX_Total": 92992.065,
    "VEX_Ratio": -0.658492,
    "CEX_Call": -10735475.724,
    "CEX_Put": 15319448.667,
    "CEX_Total": 4583972.943,
    "CEX_Ratio": -0.700774
}