{
    "timestamp": "2025-07-15 09:13:26",
    "cum_gam": 6111.993237392125,
    "cum_vec": 6111.993237392125,
    "DEX_Call": 48.436,
    "DEX_Put": -63.697,
    "DEX_Total": -15.261,
    "DEX_Ratio": 0.760413,
    "GEX_Call": 1194953.361,
    "GEX_Put": -1207927.46,
    "GEX_Total": -12974.099,
    "GEX_Ratio": 0.989259,
    "VEX_Call": -187357.493,
    "VEX_Put": 265766.896,
    "VEX_Total": 78409.403,
    "VEX_Ratio": -0.704969,
    "CEX_Call": -6734809.09,
    "CEX_Put": 9099834.747,
    "CEX_Total": 2365025.657,
    "CEX_Ratio": -0.740102
}