{
    "timestamp": "2025-10-27 09:40:58",
    "cum_gam": null,
    "cum_vec": 7399.313791934937,
    "DEX_Call": 299.003,
    "DEX_Put": -15.058,
    "DEX_Total": 283.945,
    "DEX_Ratio": 19.856754,
    "GEX_Call": 5088570.181,
    "GEX_Put": -417802.391,
    "GEX_Total": 4670767.79,
    "GEX_Ratio": 12.179371,
    "VEX_Call": -225445.277,
    "VEX_Put": 448363.164,
    "VEX_Total": 222917.887,
    "VEX_Ratio": -0.502818,
    "CEX_Call": -8711484.744,
    "CEX_Put": 15679077.659,
    "CEX_Total": 6967592.915,
    "CEX_Ratio": -0.555612
}