{
    "timestamp": "2026-07-22 12:49:37",
    "cum_gam": 8992.045454545454,
    "cum_vec": 8992.045454545454,
    "DEX_Call": 33.956,
    "DEX_Put": -81.302,
    "DEX_Total": -47.346,
    "DEX_Ratio": 0.417653,
    "GEX_Call": 2296877.291,
    "GEX_Put": -2539111.936,
    "GEX_Total": -242234.645,
    "GEX_Ratio": 0.904599,
    "VEX_Call": -150532.784,
    "VEX_Put": 119111.034,
    "VEX_Total": -31421.75,
    "VEX_Ratio": -1.263802,
    "CEX_Call": -15886863.417,
    "CEX_Put": 11890108.972,
    "CEX_Total": -3996754.445,
    "CEX_Ratio": -1.336141
}