{
    "timestamp": "2025-07-29 11:11:57",
    "cum_gam": 6371.925225274364,
    "cum_vec": 6371.925225274364,
    "DEX_Call": 25.3,
    "DEX_Put": -79.591,
    "DEX_Total": -54.291,
    "DEX_Ratio": 0.317875,
    "GEX_Call": 1316695.423,
    "GEX_Put": -2212200.323,
    "GEX_Total": -895504.9,
    "GEX_Ratio": 0.595197,
    "VEX_Call": -213265.429,
    "VEX_Put": 228499.6,
    "VEX_Total": 15234.171,
    "VEX_Ratio": -0.93333,
    "CEX_Call": -12269666.617,
    "CEX_Put": 12580147.553,
    "CEX_Total": 310480.936,
    "CEX_Ratio": -0.97532
}