{
    "timestamp": "2025-11-24 11:17:48",
    "cum_gam": null,
    "cum_vec": null,
    "DEX_Call": 127.204,
    "DEX_Put": -77.162,
    "DEX_Total": 50.042,
    "DEX_Ratio": 1.648532,
    "GEX_Call": 1898695.026,
    "GEX_Put": -589236.164,
    "GEX_Total": 1309458.862,
    "GEX_Ratio": 3.222299,
    "VEX_Call": -86581.378,
    "VEX_Put": 213392.467,
    "VEX_Total": 126811.089,
    "VEX_Ratio": -0.405738,
    "CEX_Call": -5093749.893,
    "CEX_Put": 11731191.979,
    "CEX_Total": 6637442.086,
    "CEX_Ratio": -0.434206
}