{
    "timestamp": "2025-09-04 07:51:53",
    "cum_gam": null,
    "cum_vec": 7095.875613747954,
    "DEX_Call": 167.065,
    "DEX_Put": -42.955,
    "DEX_Total": 124.11,
    "DEX_Ratio": 3.889303,
    "GEX_Call": 4175023.521,
    "GEX_Put": -1167586.597,
    "GEX_Total": 3007436.924,
    "GEX_Ratio": 3.575772,
    "VEX_Call": -310481.998,
    "VEX_Put": 491498.351,
    "VEX_Total": 181016.353,
    "VEX_Ratio": -0.631705,
    "CEX_Call": -8935726.452,
    "CEX_Put": 12930529.288,
    "CEX_Total": 3994802.836,
    "CEX_Ratio": -0.691057
}