{
    "timestamp": "2025-11-06 11:38:03",
    "cum_gam": 6796.430260835485,
    "cum_vec": 6796.430260835485,
    "DEX_Call": 22.945,
    "DEX_Put": -287.413,
    "DEX_Total": -264.468,
    "DEX_Ratio": 0.079833,
    "GEX_Call": 346306.704,
    "GEX_Put": -1937732.208,
    "GEX_Total": -1591425.504,
    "GEX_Ratio": 0.178718,
    "VEX_Call": -179139.79,
    "VEX_Put": 67400.122,
    "VEX_Total": -111739.668,
    "VEX_Ratio": -2.657856,
    "CEX_Call": -11202837.497,
    "CEX_Put": 3891923.626,
    "CEX_Total": -7310913.871,
    "CEX_Ratio": -2.878483
}