{
    "timestamp": "2025-10-13 12:39:55",
    "cum_gam": 6654.786330504419,
    "cum_vec": 8400.0,
    "DEX_Call": 134.203,
    "DEX_Put": -40.498,
    "DEX_Total": 93.705,
    "DEX_Ratio": 3.313818,
    "GEX_Call": 1673964.75,
    "GEX_Put": -1695319.88,
    "GEX_Total": -21355.13,
    "GEX_Ratio": 0.987403,
    "VEX_Call": -15315.141,
    "VEX_Put": 161408.831,
    "VEX_Total": 146093.69,
    "VEX_Ratio": -0.094884,
    "CEX_Call": -1850550.993,
    "CEX_Put": 16482369.83,
    "CEX_Total": 14631818.837,
    "CEX_Ratio": -0.112275
}