{
    "timestamp": "2025-11-10 12:58:33",
    "cum_gam": null,
    "cum_vec": 7933.333333333333,
    "DEX_Call": 131.866,
    "DEX_Put": -49.415,
    "DEX_Total": 82.451,
    "DEX_Ratio": 2.668542,
    "GEX_Call": 2507775.43,
    "GEX_Put": -584527.637,
    "GEX_Total": 1923247.793,
    "GEX_Ratio": 4.29026,
    "VEX_Call": -179070.538,
    "VEX_Put": 128239.492,
    "VEX_Total": -50831.046,
    "VEX_Ratio": -1.396376,
    "CEX_Call": -22853035.583,
    "CEX_Put": 15994089.08,
    "CEX_Total": -6858946.503,
    "CEX_Ratio": -1.428843
}