{
    "timestamp": "2025-11-18 09:50:29",
    "cum_gam": 8396.279422930904,
    "cum_vec": 8396.279422930904,
    "DEX_Call": 22.637,
    "DEX_Put": -320.737,
    "DEX_Total": -298.1,
    "DEX_Ratio": 0.070578,
    "GEX_Call": 349744.113,
    "GEX_Put": -1813045.745,
    "GEX_Total": -1463301.632,
    "GEX_Ratio": 0.192904,
    "VEX_Call": -211659.33,
    "VEX_Put": 116171.104,
    "VEX_Total": -95488.226,
    "VEX_Ratio": -1.821962,
    "CEX_Call": -8021972.483,
    "CEX_Put": 4089708.855,
    "CEX_Total": -3932263.628,
    "CEX_Ratio": -1.961502
}