{
    "timestamp": "2025-11-21 12:38:10",
    "cum_gam": 10706.666666666666,
    "cum_vec": 11200.0,
    "DEX_Call": 182.286,
    "DEX_Put": -313.452,
    "DEX_Total": -131.166,
    "DEX_Ratio": 0.581544,
    "GEX_Call": 1599049.764,
    "GEX_Put": -1851439.618,
    "GEX_Total": -252389.854,
    "GEX_Ratio": 0.863679,
    "VEX_Call": -118219.942,
    "VEX_Put": 338084.583,
    "VEX_Total": 219864.641,
    "VEX_Ratio": -0.349676,
    "CEX_Call": -12300119.379,
    "CEX_Put": 34172179.929,
    "CEX_Total": 21872060.55,
    "CEX_Ratio": -0.359945
}