{
    "timestamp": "2025-09-25 06:50:45",
    "cum_gam": 6619.476024901729,
    "cum_vec": 8600.0,
    "DEX_Call": 42.05,
    "DEX_Put": -218.4,
    "DEX_Total": -176.35,
    "DEX_Ratio": 0.192537,
    "GEX_Call": 492956.853,
    "GEX_Put": -2406015.793,
    "GEX_Total": -1913058.94,
    "GEX_Ratio": 0.204885,
    "VEX_Call": -207466.962,
    "VEX_Put": 398177.457,
    "VEX_Total": 190710.495,
    "VEX_Ratio": -0.521041,
    "CEX_Call": -4764331.517,
    "CEX_Put": 8620195.489,
    "CEX_Total": 3855863.972,
    "CEX_Ratio": -0.552694
}