{
    "timestamp": "2025-08-21 09:31:37",
    "cum_gam": 8180.141843971631,
    "cum_vec": 8180.141843971631,
    "DEX_Call": 49.356,
    "DEX_Put": -150.556,
    "DEX_Total": -101.2,
    "DEX_Ratio": 0.327825,
    "GEX_Call": 761043.147,
    "GEX_Put": -1534246.224,
    "GEX_Total": -773203.077,
    "GEX_Ratio": 0.496037,
    "VEX_Call": -181783.822,
    "VEX_Put": 221987.775,
    "VEX_Total": 40203.953,
    "VEX_Ratio": -0.818891,
    "CEX_Call": -6771967.536,
    "CEX_Put": 7884815.205,
    "CEX_Total": 1112847.669,
    "CEX_Ratio": -0.858862
}