{
    "timestamp": "2025-11-05 11:52:22",
    "cum_gam": null,
    "cum_vec": null,
    "DEX_Call": 79.098,
    "DEX_Put": -76.368,
    "DEX_Total": 2.73,
    "DEX_Ratio": 1.035748,
    "GEX_Call": 2215467.615,
    "GEX_Put": -971314.047,
    "GEX_Total": 1244153.568,
    "GEX_Ratio": 2.280897,
    "VEX_Call": -177655.828,
    "VEX_Put": 226357.576,
    "VEX_Total": 48701.748,
    "VEX_Ratio": -0.784846,
    "CEX_Call": -12348920.815,
    "CEX_Put": 15141479.123,
    "CEX_Total": 2792558.308,
    "CEX_Ratio": -0.815569
}