{
    "timestamp": "2025-11-25 08:33:52",
    "cum_gam": 6816.803976579012,
    "cum_vec": 8655.813953488372,
    "DEX_Call": 103.16,
    "DEX_Put": -131.926,
    "DEX_Total": -28.766,
    "DEX_Ratio": 0.781954,
    "GEX_Call": 1181429.695,
    "GEX_Put": -932607.664,
    "GEX_Total": 248822.031,
    "GEX_Ratio": 1.266802,
    "VEX_Call": -239268.4,
    "VEX_Put": 276264.798,
    "VEX_Total": 36996.398,
    "VEX_Ratio": -0.866084,
    "CEX_Call": -7029144.076,
    "CEX_Put": 7888581.86,
    "CEX_Total": 859437.784,
    "CEX_Ratio": -0.891053
}