{
    "timestamp": "2025-07-01 12:22:13",
    "cum_gam": 7268.027210884354,
    "cum_vec": 7268.027210884354,
    "DEX_Call": 44.404,
    "DEX_Put": -39.278,
    "DEX_Total": 5.126,
    "DEX_Ratio": 1.130506,
    "GEX_Call": 1805474.806,
    "GEX_Put": -1854801.293,
    "GEX_Total": -49326.487,
    "GEX_Ratio": 0.973406,
    "VEX_Call": -245212.99,
    "VEX_Put": 427031.134,
    "VEX_Total": 181818.144,
    "VEX_Ratio": -0.574227,
    "CEX_Call": -23293852.296,
    "CEX_Put": 39784610.373,
    "CEX_Total": 16490758.077,
    "CEX_Ratio": -0.585499
}