{
    "timestamp": "2025-08-08 12:10:48",
    "cum_gam": null,
    "cum_vec": 8190.909090909091,
    "DEX_Call": 397.957,
    "DEX_Put": -19.962,
    "DEX_Total": 377.995,
    "DEX_Ratio": 19.935728,
    "GEX_Call": 4533124.611,
    "GEX_Put": -798728.063,
    "GEX_Total": 3734396.548,
    "GEX_Ratio": 5.675429,
    "VEX_Call": 51970.599,
    "VEX_Put": 238273.471,
    "VEX_Total": 290244.07,
    "VEX_Ratio": 0.218113,
    "CEX_Call": 3604780.966,
    "CEX_Put": 19649104.947,
    "CEX_Total": 23253885.913,
    "CEX_Ratio": 0.183458
}