{
    "timestamp": "2025-07-02 12:03:37",
    "cum_gam": null,
    "cum_vec": 7400.0,
    "DEX_Call": 197.644,
    "DEX_Put": -6.925,
    "DEX_Total": 190.719,
    "DEX_Ratio": 28.54065,
    "GEX_Call": 2466663.101,
    "GEX_Put": -450460.916,
    "GEX_Total": 2016202.185,
    "GEX_Ratio": 5.475865,
    "VEX_Call": 44072.719,
    "VEX_Put": 154499.874,
    "VEX_Total": 198572.593,
    "VEX_Ratio": 0.285261,
    "CEX_Call": 3157935.802,
    "CEX_Put": 12350828.982,
    "CEX_Total": 15508764.784,
    "CEX_Ratio": 0.255686
}