{
    "timestamp": "2025-09-22 09:51:28",
    "cum_gam": null,
    "cum_vec": 8400.0,
    "DEX_Call": 111.103,
    "DEX_Put": -30.133,
    "DEX_Total": 80.97,
    "DEX_Ratio": 3.687087,
    "GEX_Call": 2697987.531,
    "GEX_Put": -876302.423,
    "GEX_Total": 1821685.108,
    "GEX_Ratio": 3.078832,
    "VEX_Call": -110519.881,
    "VEX_Put": 328202.705,
    "VEX_Total": 217682.824,
    "VEX_Ratio": -0.336743,
    "CEX_Call": -4562673.301,
    "CEX_Put": 12160900.013,
    "CEX_Total": 7598226.712,
    "CEX_Ratio": -0.375192
}