{
    "timestamp": "2025-11-18 07:31:59",
    "cum_gam": 6670.022122128531,
    "cum_vec": 6670.022122128531,
    "DEX_Call": 29.793,
    "DEX_Put": -246.93,
    "DEX_Total": -217.137,
    "DEX_Ratio": 0.120654,
    "GEX_Call": 369249.937,
    "GEX_Put": -1653861.337,
    "GEX_Total": -1284611.4,
    "GEX_Ratio": 0.223265,
    "VEX_Call": -267565.41,
    "VEX_Put": 401039.921,
    "VEX_Total": 133474.511,
    "VEX_Ratio": -0.667179,
    "CEX_Call": -6680044.187,
    "CEX_Put": 9667545.452,
    "CEX_Total": 2987501.265,
    "CEX_Ratio": -0.690976
}