{
    "timestamp": "2025-07-08 11:19:09",
    "cum_gam": null,
    "cum_vec": null,
    "DEX_Call": 95.716,
    "DEX_Put": -31.016,
    "DEX_Total": 64.7,
    "DEX_Ratio": 3.08602,
    "GEX_Call": 1468052.893,
    "GEX_Put": -1319505.275,
    "GEX_Total": 148547.618,
    "GEX_Ratio": 1.112578,
    "VEX_Call": -173299.602,
    "VEX_Put": 315855.639,
    "VEX_Total": 142556.037,
    "VEX_Ratio": -0.548667,
    "CEX_Call": -10640532.445,
    "CEX_Put": 18769294.607,
    "CEX_Total": 8128762.162,
    "CEX_Ratio": -0.566912
}