{
    "timestamp": "2025-08-12 08:13:25",
    "cum_gam": null,
    "cum_vec": null,
    "DEX_Call": 162.969,
    "DEX_Put": -20.048,
    "DEX_Total": 142.921,
    "DEX_Ratio": 8.128941,
    "GEX_Call": 2043575.5,
    "GEX_Put": -568839.254,
    "GEX_Total": 1474736.246,
    "GEX_Ratio": 3.592536,
    "VEX_Call": -74264.738,
    "VEX_Put": 339067.931,
    "VEX_Total": 264803.193,
    "VEX_Ratio": -0.219026,
    "CEX_Call": -2432235.249,
    "CEX_Put": 9558331.387,
    "CEX_Total": 7126096.138,
    "CEX_Ratio": -0.254462
}