{
    "timestamp": "2025-10-30 10:44:02",
    "cum_gam": 6857.593115134182,
    "cum_vec": 6857.593115134182,
    "DEX_Call": 151.698,
    "DEX_Put": -80.545,
    "DEX_Total": 71.153,
    "DEX_Ratio": 1.883394,
    "GEX_Call": 996944.971,
    "GEX_Put": -1498031.591,
    "GEX_Total": -501086.62,
    "GEX_Ratio": 0.665503,
    "VEX_Call": -92813.595,
    "VEX_Put": 217005.426,
    "VEX_Total": 124191.831,
    "VEX_Ratio": -0.427702,
    "CEX_Call": -4387236.064,
    "CEX_Put": 9659538.752,
    "CEX_Total": 5272302.688,
    "CEX_Ratio": -0.454187
}