{
    "timestamp": "2025-09-22 09:32:33",
    "cum_gam": null,
    "cum_vec": 8400.0,
    "DEX_Call": 75.672,
    "DEX_Put": -28.875,
    "DEX_Total": 46.797,
    "DEX_Ratio": 2.620675,
    "GEX_Call": 2498798.778,
    "GEX_Put": -808714.318,
    "GEX_Total": 1690084.46,
    "GEX_Ratio": 3.089841,
    "VEX_Call": -167719.78,
    "VEX_Put": 269215.513,
    "VEX_Total": 101495.733,
    "VEX_Ratio": -0.622994,
    "CEX_Call": -6256703.214,
    "CEX_Put": 9290023.54,
    "CEX_Total": 3033320.326,
    "CEX_Ratio": -0.673486
}