{
    "timestamp": "2025-08-15 08:07:00",
    "cum_gam": null,
    "cum_vec": 7592.980734012161,
    "DEX_Call": 225.836,
    "DEX_Put": -140.911,
    "DEX_Total": 84.925,
    "DEX_Ratio": 1.602685,
    "GEX_Call": 2544127.227,
    "GEX_Put": -2055552.717,
    "GEX_Total": 488574.51,
    "GEX_Ratio": 1.237685,
    "VEX_Call": -265441.659,
    "VEX_Put": 458138.23,
    "VEX_Total": 192696.571,
    "VEX_Ratio": -0.579392,
    "CEX_Call": -7789242.174,
    "CEX_Put": 12436734.303,
    "CEX_Total": 4647492.129,
    "CEX_Ratio": -0.626309
}