{
    "timestamp": "2025-08-28 09:36:16",
    "cum_gam": null,
    "cum_vec": 7364.141683559159,
    "DEX_Call": 98.249,
    "DEX_Put": -31.087,
    "DEX_Total": 67.162,
    "DEX_Ratio": 3.160453,
    "GEX_Call": 2353409.047,
    "GEX_Put": -881418.865,
    "GEX_Total": 1471990.182,
    "GEX_Ratio": 2.670023,
    "VEX_Call": -156519.261,
    "VEX_Put": 226442.567,
    "VEX_Total": 69923.306,
    "VEX_Ratio": -0.69121,
    "CEX_Call": -6084698.801,
    "CEX_Put": 8133384.83,
    "CEX_Total": 2048686.029,
    "CEX_Ratio": -0.748114
}