{
    "timestamp": "2025-09-16 08:31:51",
    "cum_gam": null,
    "cum_vec": null,
    "DEX_Call": 95.728,
    "DEX_Put": -74.58,
    "DEX_Total": 21.148,
    "DEX_Ratio": 1.283561,
    "GEX_Call": 2241541.303,
    "GEX_Put": -2116840.527,
    "GEX_Total": 124700.776,
    "GEX_Ratio": 1.058909,
    "VEX_Call": -265221.38,
    "VEX_Put": 363403.931,
    "VEX_Total": 98182.551,
    "VEX_Ratio": -0.729825,
    "CEX_Call": -8082498.738,
    "CEX_Put": 10264069.213,
    "CEX_Total": 2181570.475,
    "CEX_Ratio": -0.787456
}