{
    "timestamp": "2026-07-20 08:44:39",
    "cum_gam": 7457.7517951230475,
    "cum_vec": 8990.535491905355,
    "DEX_Call": 61.307,
    "DEX_Put": -150.215,
    "DEX_Total": -88.908,
    "DEX_Ratio": 0.408128,
    "GEX_Call": 1239894.042,
    "GEX_Put": -1650559.707,
    "GEX_Total": -410665.665,
    "GEX_Ratio": 0.751196,
    "VEX_Call": -288626.295,
    "VEX_Put": 230220.379,
    "VEX_Total": -58405.916,
    "VEX_Ratio": -1.253696,
    "CEX_Call": -7920362.048,
    "CEX_Put": 5905260.36,
    "CEX_Total": -2015101.688,
    "CEX_Ratio": -1.341238
}