{
    "timestamp": "2025-10-06 10:41:43",
    "cum_gam": null,
    "cum_vec": null,
    "DEX_Call": 76.489,
    "DEX_Put": -32.909,
    "DEX_Total": 43.58,
    "DEX_Ratio": 2.324258,
    "GEX_Call": 2549558.692,
    "GEX_Put": -1134618.039,
    "GEX_Total": 1414940.653,
    "GEX_Ratio": 2.247063,
    "VEX_Call": -186500.57,
    "VEX_Put": 295952.389,
    "VEX_Total": 109451.819,
    "VEX_Ratio": -0.630171,
    "CEX_Call": -8945831.607,
    "CEX_Put": 13386594.363,
    "CEX_Total": 4440762.756,
    "CEX_Ratio": -0.668268
}