{
    "timestamp": "2025-07-16 07:48:49",
    "cum_gam": 6891.129273397787,
    "cum_vec": 6891.129273397787,
    "DEX_Call": 32.758,
    "DEX_Put": -106.942,
    "DEX_Total": -74.184,
    "DEX_Ratio": 0.306316,
    "GEX_Call": 1082469.521,
    "GEX_Put": -1992783.794,
    "GEX_Total": -910314.273,
    "GEX_Ratio": 0.543195,
    "VEX_Call": -232737.296,
    "VEX_Put": 389340.13,
    "VEX_Total": 156602.834,
    "VEX_Ratio": -0.597774,
    "CEX_Call": -6536575.48,
    "CEX_Put": 10340664.792,
    "CEX_Total": 3804089.312,
    "CEX_Ratio": -0.632123
}