{
    "timestamp": "2025-08-13 12:06:15",
    "cum_gam": null,
    "cum_vec": null,
    "DEX_Call": 246.692,
    "DEX_Put": -8.951,
    "DEX_Total": 237.741,
    "DEX_Ratio": 27.560273,
    "GEX_Call": 3571600.555,
    "GEX_Put": -557520.079,
    "GEX_Total": 3014080.476,
    "GEX_Ratio": 6.406228,
    "VEX_Call": -100316.89,
    "VEX_Put": 154560.719,
    "VEX_Total": 54243.829,
    "VEX_Ratio": -0.649045,
    "CEX_Call": -8500429.372,
    "CEX_Put": 12150070.972,
    "CEX_Total": 3649641.6,
    "CEX_Ratio": -0.69962
}