{
    "timestamp": "2025-11-06 08:57:43",
    "cum_gam": 6754.382977017598,
    "cum_vec": 6754.382977017598,
    "DEX_Call": 32.942,
    "DEX_Put": -149.431,
    "DEX_Total": -116.489,
    "DEX_Ratio": 0.22045,
    "GEX_Call": 412205.004,
    "GEX_Put": -1625870.467,
    "GEX_Total": -1213665.463,
    "GEX_Ratio": 0.253529,
    "VEX_Call": -288997.775,
    "VEX_Put": 291340.96,
    "VEX_Total": 2343.185,
    "VEX_Ratio": -0.991957,
    "CEX_Call": -9003660.219,
    "CEX_Put": 8757751.508,
    "CEX_Total": -245908.711,
    "CEX_Ratio": -1.028079
}