{
    "timestamp": "2025-08-28 08:34:42",
    "cum_gam": null,
    "cum_vec": 7379.396273432633,
    "DEX_Call": 112.045,
    "DEX_Put": -45.314,
    "DEX_Total": 66.731,
    "DEX_Ratio": 2.472635,
    "GEX_Call": 1908908.709,
    "GEX_Put": -1033738.665,
    "GEX_Total": 875170.044,
    "GEX_Ratio": 1.846607,
    "VEX_Call": -197110.685,
    "VEX_Put": 263595.723,
    "VEX_Total": 66485.038,
    "VEX_Ratio": -0.747776,
    "CEX_Call": -6204950.697,
    "CEX_Put": 7737581.973,
    "CEX_Total": 1532631.276,
    "CEX_Ratio": -0.801924
}