{
    "timestamp": "2026-07-20 09:00:19",
    "cum_gam": 7454.617642603575,
    "cum_vec": 9160.493827160493,
    "DEX_Call": 50.28,
    "DEX_Put": -142.263,
    "DEX_Total": -91.983,
    "DEX_Ratio": 0.35343,
    "GEX_Call": 1304140.468,
    "GEX_Put": -1650495.865,
    "GEX_Total": -346355.397,
    "GEX_Ratio": 0.790151,
    "VEX_Call": -291311.129,
    "VEX_Put": 192353.889,
    "VEX_Total": -98957.24,
    "VEX_Ratio": -1.514454,
    "CEX_Call": -8387200.988,
    "CEX_Put": 5145735.886,
    "CEX_Total": -3241465.102,
    "CEX_Ratio": -1.629932
}