{
    "timestamp": "2025-10-14 07:46:47",
    "cum_gam": 6608.697850884936,
    "cum_vec": 6608.697850884936,
    "DEX_Call": 55.736,
    "DEX_Put": -187.562,
    "DEX_Total": -131.826,
    "DEX_Ratio": 0.29716,
    "GEX_Call": 785084.734,
    "GEX_Put": -1657449.302,
    "GEX_Total": -872364.568,
    "GEX_Ratio": 0.47367,
    "VEX_Call": -309009.714,
    "VEX_Put": 447532.525,
    "VEX_Total": 138522.811,
    "VEX_Ratio": -0.690474,
    "CEX_Call": -8064376.85,
    "CEX_Put": 11242921.58,
    "CEX_Total": 3178544.73,
    "CEX_Ratio": -0.717285
}