{
    "timestamp": "2026-07-22 12:36:10",
    "cum_gam": 7500.110281769697,
    "cum_vec": 7500.110281769697,
    "DEX_Call": 76.346,
    "DEX_Put": -32.219,
    "DEX_Total": 44.127,
    "DEX_Ratio": 2.369596,
    "GEX_Call": 2398599.649,
    "GEX_Put": -2585390.106,
    "GEX_Total": -186790.457,
    "GEX_Ratio": 0.927752,
    "VEX_Call": -140631.351,
    "VEX_Put": 176577.512,
    "VEX_Total": 35946.161,
    "VEX_Ratio": -0.796428,
    "CEX_Call": -12908316.163,
    "CEX_Put": 15333378.008,
    "CEX_Total": 2425061.845,
    "CEX_Ratio": -0.841844
}