{
    "timestamp": "2025-11-24 11:24:52",
    "cum_gam": null,
    "cum_vec": null,
    "DEX_Call": 200.564,
    "DEX_Put": -79.987,
    "DEX_Total": 120.577,
    "DEX_Ratio": 2.507457,
    "GEX_Call": 1954005.819,
    "GEX_Put": -576071.327,
    "GEX_Total": 1377934.492,
    "GEX_Ratio": 3.391951,
    "VEX_Call": -21806.217,
    "VEX_Put": 233703.23,
    "VEX_Total": 211897.013,
    "VEX_Ratio": -0.093307,
    "CEX_Call": -1563988.831,
    "CEX_Put": 13400209.395,
    "CEX_Total": 11836220.564,
    "CEX_Ratio": -0.116714
}