{
    "timestamp": "2025-10-10 11:39:15",
    "cum_gam": 6651.64748085186,
    "cum_vec": 6651.64748085186,
    "DEX_Call": 56.507,
    "DEX_Put": -283.333,
    "DEX_Total": -226.826,
    "DEX_Ratio": 0.199437,
    "GEX_Call": 496048.281,
    "GEX_Put": -3544295.386,
    "GEX_Total": -3048247.105,
    "GEX_Ratio": 0.139957,
    "VEX_Call": -149539.004,
    "VEX_Put": 490731.429,
    "VEX_Total": 341192.425,
    "VEX_Ratio": -0.304727,
    "CEX_Call": -9647351.374,
    "CEX_Put": 30851029.574,
    "CEX_Total": 21203678.2,
    "CEX_Ratio": -0.312708
}