{
    "timestamp": "2025-11-26 08:00:40",
    "cum_gam": null,
    "cum_vec": 8394.933043792978,
    "DEX_Call": 244.476,
    "DEX_Put": -67.526,
    "DEX_Total": 176.95,
    "DEX_Ratio": 3.620472,
    "GEX_Call": 3275346.157,
    "GEX_Put": -879755.736,
    "GEX_Total": 2395590.421,
    "GEX_Ratio": 3.723018,
    "VEX_Call": -516632.545,
    "VEX_Put": 486829.078,
    "VEX_Total": -29803.467,
    "VEX_Ratio": -1.06122,
    "CEX_Call": -13764462.342,
    "CEX_Put": 12575105.346,
    "CEX_Total": -1189356.996,
    "CEX_Ratio": -1.09458
}