{
    "timestamp": "2025-11-17 10:04:45",
    "cum_gam": 6734.179301817841,
    "cum_vec": 8428.57142857143,
    "DEX_Call": 63.317,
    "DEX_Put": -174.509,
    "DEX_Total": -111.192,
    "DEX_Ratio": 0.362829,
    "GEX_Call": 840349.156,
    "GEX_Put": -1511298.654,
    "GEX_Total": -670949.498,
    "GEX_Ratio": 0.556044,
    "VEX_Call": -163673.762,
    "VEX_Put": 328740.023,
    "VEX_Total": 165066.261,
    "VEX_Ratio": -0.497882,
    "CEX_Call": -6532522.643,
    "CEX_Put": 12620851.635,
    "CEX_Total": 6088328.992,
    "CEX_Ratio": -0.517598
}