{
    "timestamp": "2025-07-09 07:14:02",
    "cum_gam": 6222.041957961137,
    "cum_vec": 6222.041957961137,
    "DEX_Call": 116.628,
    "DEX_Put": -19.361,
    "DEX_Total": 97.267,
    "DEX_Ratio": 6.023862,
    "GEX_Call": 829427.161,
    "GEX_Put": -1569316.447,
    "GEX_Total": -739889.286,
    "GEX_Ratio": 0.528528,
    "VEX_Call": -260413.252,
    "VEX_Put": 309368.807,
    "VEX_Total": 48955.555,
    "VEX_Ratio": -0.841757,
    "CEX_Call": -6695643.075,
    "CEX_Put": 7555278.698,
    "CEX_Total": 859635.623,
    "CEX_Ratio": -0.886221
}