{
    "timestamp": "2025-07-21 10:10:40",
    "cum_gam": 6670.894335310106,
    "cum_vec": 6670.894335310106,
    "DEX_Call": 61.892,
    "DEX_Put": -15.425,
    "DEX_Total": 46.467,
    "DEX_Ratio": 4.012447,
    "GEX_Call": 2449009.619,
    "GEX_Put": -496013.055,
    "GEX_Total": 1952996.564,
    "GEX_Ratio": 4.937389,
    "VEX_Call": -146828.084,
    "VEX_Put": 236336.726,
    "VEX_Total": 89508.642,
    "VEX_Ratio": -0.621266,
    "CEX_Call": -6642687.189,
    "CEX_Put": 9998870.462,
    "CEX_Total": 3356183.273,
    "CEX_Ratio": -0.664344
}