{
    "timestamp": "2025-10-06 10:48:07",
    "cum_gam": null,
    "cum_vec": null,
    "DEX_Call": 175.252,
    "DEX_Put": -36.714,
    "DEX_Total": 138.538,
    "DEX_Ratio": 4.773438,
    "GEX_Call": 2690584.197,
    "GEX_Put": -1229251.008,
    "GEX_Total": 1461333.189,
    "GEX_Ratio": 2.1888,
    "VEX_Call": -110644.013,
    "VEX_Put": 291950.503,
    "VEX_Total": 181306.49,
    "VEX_Ratio": -0.378982,
    "CEX_Call": -5652229.394,
    "CEX_Put": 13613120.705,
    "CEX_Total": 7960891.311,
    "CEX_Ratio": -0.415205
}