{
    "timestamp": "2025-10-09 07:29:09",
    "cum_gam": 6720.698329477048,
    "cum_vec": 8200.0,
    "DEX_Call": 102.732,
    "DEX_Put": -129.953,
    "DEX_Total": -27.221,
    "DEX_Ratio": 0.790532,
    "GEX_Call": 2054184.921,
    "GEX_Put": -3628866.755,
    "GEX_Total": -1574681.834,
    "GEX_Ratio": 0.566068,
    "VEX_Call": -471813.52,
    "VEX_Put": 783034.053,
    "VEX_Total": 311220.533,
    "VEX_Ratio": -0.602545,
    "CEX_Call": -11732212.574,
    "CEX_Put": 18371603.297,
    "CEX_Total": 6639390.723,
    "CEX_Ratio": -0.638606
}