{
    "timestamp": "2025-08-05 12:23:56",
    "cum_gam": 8124.179104477612,
    "cum_vec": 8124.179104477612,
    "DEX_Call": 48.83,
    "DEX_Put": -45.886,
    "DEX_Total": 2.944,
    "DEX_Ratio": 1.064159,
    "GEX_Call": 920757.959,
    "GEX_Put": -2388449.037,
    "GEX_Total": -1467691.078,
    "GEX_Ratio": 0.385505,
    "VEX_Call": -101564.357,
    "VEX_Put": 263308.496,
    "VEX_Total": 161744.139,
    "VEX_Ratio": -0.385724,
    "CEX_Call": -9683702.51,
    "CEX_Put": 24359237.665,
    "CEX_Total": 14675535.155,
    "CEX_Ratio": -0.397537
}