{
    "timestamp": "2025-10-27 12:44:17",
    "cum_gam": null,
    "cum_vec": null,
    "DEX_Call": 497.534,
    "DEX_Put": -2.066,
    "DEX_Total": 495.468,
    "DEX_Ratio": 240.819942,
    "GEX_Call": 7324920.618,
    "GEX_Put": -108544.936,
    "GEX_Total": 7216375.682,
    "GEX_Ratio": 67.482841,
    "VEX_Call": 120635.763,
    "VEX_Put": 122153.005,
    "VEX_Total": 242788.768,
    "VEX_Ratio": 0.987579,
    "CEX_Call": 11560584.399,
    "CEX_Put": 12847716.492,
    "CEX_Total": 24408300.891,
    "CEX_Ratio": 0.899816
}