{
    "timestamp": "2025-08-18 08:06:12",
    "cum_gam": null,
    "cum_vec": 7800.0,
    "DEX_Call": 72.23,
    "DEX_Put": -57.289,
    "DEX_Total": 14.941,
    "DEX_Ratio": 1.260801,
    "GEX_Call": 1897168.082,
    "GEX_Put": -1314659.851,
    "GEX_Total": 582508.231,
    "GEX_Ratio": 1.443087,
    "VEX_Call": -202648.08,
    "VEX_Put": 296190.127,
    "VEX_Total": 93542.047,
    "VEX_Ratio": -0.684182,
    "CEX_Call": -5930181.658,
    "CEX_Put": 8028986.014,
    "CEX_Total": 2098804.356,
    "CEX_Ratio": -0.738597
}