{
    "timestamp": "2025-08-20 09:36:18",
    "cum_gam": 6404.1364315836645,
    "cum_vec": 8200.0,
    "DEX_Call": 30.724,
    "DEX_Put": -168.39,
    "DEX_Total": -137.666,
    "DEX_Ratio": 0.182457,
    "GEX_Call": 521104.679,
    "GEX_Put": -2376626.416,
    "GEX_Total": -1855521.737,
    "GEX_Ratio": 0.219262,
    "VEX_Call": -158123.58,
    "VEX_Put": 273762.149,
    "VEX_Total": 115638.569,
    "VEX_Ratio": -0.577595,
    "CEX_Call": -5954152.6,
    "CEX_Put": 9796311.551,
    "CEX_Total": 3842158.951,
    "CEX_Ratio": -0.607795
}