{
    "timestamp": "2025-09-23 11:24:36",
    "cum_gam": 6657.054991573375,
    "cum_vec": 6657.054991573375,
    "DEX_Call": 86.636,
    "DEX_Put": -80.68,
    "DEX_Total": 5.956,
    "DEX_Ratio": 1.073823,
    "GEX_Call": 967694.561,
    "GEX_Put": -1992348.276,
    "GEX_Total": -1024653.715,
    "GEX_Ratio": 0.485706,
    "VEX_Call": -126040.131,
    "VEX_Put": 217943.589,
    "VEX_Total": 91903.458,
    "VEX_Ratio": -0.578315,
    "CEX_Call": -7484148.907,
    "CEX_Put": 12368645.661,
    "CEX_Total": 4884496.754,
    "CEX_Ratio": -0.60509
}