{
    "timestamp": "2025-11-07 08:25:34",
    "cum_gam": 6744.843984338067,
    "cum_vec": 6744.843984338067,
    "DEX_Call": 80.728,
    "DEX_Put": -556.573,
    "DEX_Total": -475.845,
    "DEX_Ratio": 0.145045,
    "GEX_Call": 626279.972,
    "GEX_Put": -2850152.925,
    "GEX_Total": -2223872.953,
    "GEX_Ratio": 0.219736,
    "VEX_Call": -332194.355,
    "VEX_Put": 451944.614,
    "VEX_Total": 119750.259,
    "VEX_Ratio": -0.735033,
    "CEX_Call": -9487515.368,
    "CEX_Put": 12329241.733,
    "CEX_Total": 2841726.365,
    "CEX_Ratio": -0.769513
}