{
    "timestamp": "2025-11-13 13:47:41",
    "cum_gam": 6842.976967635218,
    "cum_vec": 6842.976967635218,
    "DEX_Call": 4.52,
    "DEX_Put": -255.949,
    "DEX_Total": -251.429,
    "DEX_Ratio": 0.01766,
    "GEX_Call": 179181.148,
    "GEX_Put": -1557567.401,
    "GEX_Total": -1378386.253,
    "GEX_Ratio": 0.115039,
    "VEX_Call": -92661.53,
    "VEX_Put": -137343.435,
    "VEX_Total": -230004.965,
    "VEX_Ratio": -0.67467,
    "CEX_Call": -32365427.794,
    "CEX_Put": -48174049.858,
    "CEX_Total": -80539477.652,
    "CEX_Ratio": -0.671844
}