{
    "timestamp": "2025-07-01 12:09:32",
    "cum_gam": 6176.765346341394,
    "cum_vec": 6176.765346341394,
    "DEX_Call": 197.093,
    "DEX_Put": -53.061,
    "DEX_Total": 144.032,
    "DEX_Ratio": 3.714461,
    "GEX_Call": 1859360.973,
    "GEX_Put": -3118121.815,
    "GEX_Total": -1258760.842,
    "GEX_Ratio": 0.596308,
    "VEX_Call": -92458.168,
    "VEX_Put": 657983.804,
    "VEX_Total": 565525.636,
    "VEX_Ratio": -0.140517,
    "CEX_Call": -8106185.645,
    "CEX_Put": 55133875.109,
    "CEX_Total": 47027689.464,
    "CEX_Ratio": -0.147027
}