{
    "timestamp": "2025-10-23 12:51:32",
    "cum_gam": null,
    "cum_vec": null,
    "DEX_Call": 109.485,
    "DEX_Put": -30.262,
    "DEX_Total": 79.223,
    "DEX_Ratio": 3.617904,
    "GEX_Call": 2164635.007,
    "GEX_Put": -764955.067,
    "GEX_Total": 1399679.94,
    "GEX_Ratio": 2.829754,
    "VEX_Call": -128407.448,
    "VEX_Put": 120612.141,
    "VEX_Total": -7795.307,
    "VEX_Ratio": -1.064631,
    "CEX_Call": -15304498.935,
    "CEX_Put": 13938266.766,
    "CEX_Total": -1366232.169,
    "CEX_Ratio": -1.09802
}