{
    "timestamp": "2025-07-28 06:53:49",
    "cum_gam": null,
    "cum_vec": 8200.0,
    "DEX_Call": 99.408,
    "DEX_Put": -39.73,
    "DEX_Total": 59.678,
    "DEX_Ratio": 2.502089,
    "GEX_Call": 2033650.852,
    "GEX_Put": -1100278.031,
    "GEX_Total": 933372.821,
    "GEX_Ratio": 1.848306,
    "VEX_Call": -227456.358,
    "VEX_Put": 339677.917,
    "VEX_Total": 112221.559,
    "VEX_Ratio": -0.669624,
    "CEX_Call": -5648667.287,
    "CEX_Put": 7789258.808,
    "CEX_Total": 2140591.521,
    "CEX_Ratio": -0.725187
}