{
    "timestamp": "2025-10-22 08:51:45",
    "cum_gam": 6711.117667201085,
    "cum_vec": 6711.117667201085,
    "DEX_Call": 95.003,
    "DEX_Put": -148.665,
    "DEX_Total": -53.662,
    "DEX_Ratio": 0.639041,
    "GEX_Call": 1495170.607,
    "GEX_Put": -2413144.572,
    "GEX_Total": -917973.965,
    "GEX_Ratio": 0.619594,
    "VEX_Call": -275392.239,
    "VEX_Put": 439456.801,
    "VEX_Total": 164064.562,
    "VEX_Ratio": -0.626665,
    "CEX_Call": -8611057.141,
    "CEX_Put": 12991373.781,
    "CEX_Total": 4380316.64,
    "CEX_Ratio": -0.662829
}