{
    "timestamp": "2025-11-24 11:35:50",
    "cum_gam": null,
    "cum_vec": null,
    "DEX_Call": 183.74,
    "DEX_Put": -72.777,
    "DEX_Total": 110.963,
    "DEX_Ratio": 2.524699,
    "GEX_Call": 1955183.649,
    "GEX_Put": -600078.822,
    "GEX_Total": 1355104.827,
    "GEX_Ratio": 3.258211,
    "VEX_Call": -41610.394,
    "VEX_Put": 256243.413,
    "VEX_Total": 214633.019,
    "VEX_Ratio": -0.162386,
    "CEX_Call": -2873822.877,
    "CEX_Put": 15722771.847,
    "CEX_Total": 12848948.97,
    "CEX_Ratio": -0.182781
}