{
    "timestamp": "2025-11-05 09:15:25",
    "cum_gam": 6747.551929744077,
    "cum_vec": 6747.551929744077,
    "DEX_Call": 62.224,
    "DEX_Put": -133.802,
    "DEX_Total": -71.578,
    "DEX_Ratio": 0.465045,
    "GEX_Call": 1106434.13,
    "GEX_Put": -1386459.559,
    "GEX_Total": -280025.429,
    "GEX_Ratio": 0.798028,
    "VEX_Call": -252082.851,
    "VEX_Put": 324285.761,
    "VEX_Total": 72202.91,
    "VEX_Ratio": -0.777348,
    "CEX_Call": -8355478.753,
    "CEX_Put": 10309752.312,
    "CEX_Total": 1954273.559,
    "CEX_Ratio": -0.810444
}