{
    "timestamp": "2025-11-18 12:22:59",
    "cum_gam": 8398.631691133496,
    "cum_vec": 8398.631691133496,
    "DEX_Call": 21.031,
    "DEX_Put": -268.975,
    "DEX_Total": -247.944,
    "DEX_Ratio": 0.078189,
    "GEX_Call": 447997.035,
    "GEX_Put": -2077808.09,
    "GEX_Total": -1629811.055,
    "GEX_Ratio": 0.21561,
    "VEX_Call": -152894.001,
    "VEX_Put": 107903.468,
    "VEX_Total": -44990.533,
    "VEX_Ratio": -1.416952,
    "CEX_Call": -13568281.779,
    "CEX_Put": 9201697.253,
    "CEX_Total": -4366584.526,
    "CEX_Ratio": -1.474541
}