{
    "timestamp": "2025-09-10 09:24:24",
    "cum_gam": null,
    "cum_vec": null,
    "DEX_Call": 223.547,
    "DEX_Put": -41.569,
    "DEX_Total": 181.978,
    "DEX_Ratio": 5.377733,
    "GEX_Call": 3034130.574,
    "GEX_Put": -1304905.676,
    "GEX_Total": 1729224.898,
    "GEX_Ratio": 2.325172,
    "VEX_Call": -44873.514,
    "VEX_Put": 329299.664,
    "VEX_Total": 284426.15,
    "VEX_Ratio": -0.13627,
    "CEX_Call": -2033631.39,
    "CEX_Put": 11241402.672,
    "CEX_Total": 9207771.282,
    "CEX_Ratio": -0.180905
}