{
    "timestamp": "2025-08-25 11:32:52",
    "cum_gam": null,
    "cum_vec": 7600.0,
    "DEX_Call": 51.247,
    "DEX_Put": -49.811,
    "DEX_Total": 1.436,
    "DEX_Ratio": 1.028829,
    "GEX_Call": 1529079.979,
    "GEX_Put": -1421767.108,
    "GEX_Total": 107312.871,
    "GEX_Ratio": 1.075479,
    "VEX_Call": -155070.926,
    "VEX_Put": 145544.587,
    "VEX_Total": -9526.339,
    "VEX_Ratio": -1.065453,
    "CEX_Call": -10017183.559,
    "CEX_Put": 8955500.306,
    "CEX_Total": -1061683.253,
    "CEX_Ratio": -1.118551
}