{
    "timestamp": "2025-07-28 11:26:20",
    "cum_gam": null,
    "cum_vec": 8200.0,
    "DEX_Call": 126.182,
    "DEX_Put": -38.327,
    "DEX_Total": 87.855,
    "DEX_Ratio": 3.292248,
    "GEX_Call": 1602694.34,
    "GEX_Put": -1557356.901,
    "GEX_Total": 45337.439,
    "GEX_Ratio": 1.029112,
    "VEX_Call": -48635.62,
    "VEX_Put": 189313.321,
    "VEX_Total": 140677.701,
    "VEX_Ratio": -0.256905,
    "CEX_Call": -3232104.502,
    "CEX_Put": 11363050.447,
    "CEX_Total": 8130945.945,
    "CEX_Ratio": -0.28444
}