{
    "timestamp": "2025-10-15 11:47:22",
    "cum_gam": null,
    "cum_vec": null,
    "DEX_Call": 78.774,
    "DEX_Put": -97.648,
    "DEX_Total": -18.874,
    "DEX_Ratio": 0.806714,
    "GEX_Call": 1595858.647,
    "GEX_Put": -1228014.652,
    "GEX_Total": 367843.995,
    "GEX_Ratio": 1.299544,
    "VEX_Call": -211960.326,
    "VEX_Put": 200401.691,
    "VEX_Total": -11558.635,
    "VEX_Ratio": -1.057677,
    "CEX_Call": -14423099.556,
    "CEX_Put": 13209027.569,
    "CEX_Total": -1214071.987,
    "CEX_Ratio": -1.091912
}