{
    "timestamp": "2025-09-10 09:02:24",
    "cum_gam": null,
    "cum_vec": null,
    "DEX_Call": 239.06,
    "DEX_Put": -35.849,
    "DEX_Total": 203.211,
    "DEX_Ratio": 6.668526,
    "GEX_Call": 3174423.607,
    "GEX_Put": -1170290.792,
    "GEX_Total": 2004132.815,
    "GEX_Ratio": 2.712508,
    "VEX_Call": -68102.652,
    "VEX_Put": 327986.192,
    "VEX_Total": 259883.54,
    "VEX_Ratio": -0.207639,
    "CEX_Call": -2694359.335,
    "CEX_Put": 10405039.998,
    "CEX_Total": 7710680.663,
    "CEX_Ratio": -0.258948
}