{
    "timestamp": "2025-11-25 09:00:37",
    "cum_gam": null,
    "cum_vec": null,
    "DEX_Call": 133.321,
    "DEX_Put": -71.875,
    "DEX_Total": 61.446,
    "DEX_Ratio": 1.854901,
    "GEX_Call": 1262072.33,
    "GEX_Put": -861081.028,
    "GEX_Total": 400991.302,
    "GEX_Ratio": 1.465684,
    "VEX_Call": -200946.23,
    "VEX_Put": 325083.912,
    "VEX_Total": 124137.682,
    "VEX_Ratio": -0.618136,
    "CEX_Call": -6418482.338,
    "CEX_Put": 10095089.877,
    "CEX_Total": 3676607.539,
    "CEX_Ratio": -0.635802
}