{
    "timestamp": "2025-10-01 08:50:00",
    "cum_gam": null,
    "cum_vec": 8600.0,
    "DEX_Call": 122.688,
    "DEX_Put": -50.76,
    "DEX_Total": 71.928,
    "DEX_Ratio": 2.417021,
    "GEX_Call": 3069614.809,
    "GEX_Put": -1395419.907,
    "GEX_Total": 1674194.902,
    "GEX_Ratio": 2.199779,
    "VEX_Call": -288249.967,
    "VEX_Put": 488551.141,
    "VEX_Total": 200301.174,
    "VEX_Ratio": -0.59001,
    "CEX_Call": -9230479.73,
    "CEX_Put": 14613870.126,
    "CEX_Total": 5383390.396,
    "CEX_Ratio": -0.631625
}