{
    "timestamp": "2025-09-05 06:38:53",
    "cum_gam": null,
    "cum_vec": null,
    "DEX_Call": 700.654,
    "DEX_Put": -85.607,
    "DEX_Total": 615.047,
    "DEX_Ratio": 8.184541,
    "GEX_Call": 8796985.439,
    "GEX_Put": -2049197.923,
    "GEX_Total": 6747787.516,
    "GEX_Ratio": 4.292892,
    "VEX_Call": -627311.853,
    "VEX_Put": 1481146.368,
    "VEX_Total": 853834.515,
    "VEX_Ratio": -0.423531,
    "CEX_Call": -15311919.821,
    "CEX_Put": 32588078.551,
    "CEX_Total": 17276158.73,
    "CEX_Ratio": -0.469863
}