{
    "timestamp": "2025-09-02 09:35:54",
    "cum_gam": 6428.323857429263,
    "cum_vec": 8000.0,
    "DEX_Call": 25.264,
    "DEX_Put": -282.311,
    "DEX_Total": -257.047,
    "DEX_Ratio": 0.08949,
    "GEX_Call": 285075.072,
    "GEX_Put": -1788191.474,
    "GEX_Total": -1503116.402,
    "GEX_Ratio": 0.159421,
    "VEX_Call": -126128.594,
    "VEX_Put": 90642.08,
    "VEX_Total": -35486.514,
    "VEX_Ratio": -1.391502,
    "CEX_Call": -4732368.188,
    "CEX_Put": 3089551.93,
    "CEX_Total": -1642816.258,
    "CEX_Ratio": -1.531733
}