{
    "timestamp": "2025-11-18 12:00:07",
    "cum_gam": 8398.543903515223,
    "cum_vec": 8398.543903515223,
    "DEX_Call": 24.199,
    "DEX_Put": -180.441,
    "DEX_Total": -156.242,
    "DEX_Ratio": 0.13411,
    "GEX_Call": 405134.685,
    "GEX_Put": -1937917.365,
    "GEX_Total": -1532782.68,
    "GEX_Ratio": 0.209057,
    "VEX_Call": -157443.707,
    "VEX_Put": 231066.657,
    "VEX_Total": 73622.95,
    "VEX_Ratio": -0.681378,
    "CEX_Call": -11628913.032,
    "CEX_Put": 16671133.417,
    "CEX_Total": 5042220.385,
    "CEX_Ratio": -0.697548
}