{
    "timestamp": "2025-10-02 08:24:10",
    "cum_gam": null,
    "cum_vec": null,
    "DEX_Call": 153.981,
    "DEX_Put": -77.972,
    "DEX_Total": 76.009,
    "DEX_Ratio": 1.974824,
    "GEX_Call": 2771395.645,
    "GEX_Put": -1794497.717,
    "GEX_Total": 976897.928,
    "GEX_Ratio": 1.544385,
    "VEX_Call": -448806.086,
    "VEX_Put": 446137.072,
    "VEX_Total": -2669.014,
    "VEX_Ratio": -1.005982,
    "CEX_Call": -13050283.038,
    "CEX_Put": 12261964.82,
    "CEX_Total": -788318.218,
    "CEX_Ratio": -1.06429
}