{
    "timestamp": "2025-10-07 07:12:18",
    "cum_gam": null,
    "cum_vec": 7789.849624060151,
    "DEX_Call": 106.931,
    "DEX_Put": -32.971,
    "DEX_Total": 73.96,
    "DEX_Ratio": 3.243183,
    "GEX_Call": 980094.884,
    "GEX_Put": -509075.338,
    "GEX_Total": 471019.546,
    "GEX_Ratio": 1.925245,
    "VEX_Call": -120597.616,
    "VEX_Put": 306798.128,
    "VEX_Total": 186200.512,
    "VEX_Ratio": -0.393085,
    "CEX_Call": -788391.323,
    "CEX_Put": 1536615.219,
    "CEX_Total": 748223.896,
    "CEX_Ratio": -0.51307
}