{
    "timestamp": "2025-08-13 10:58:30",
    "cum_gam": null,
    "cum_vec": null,
    "DEX_Call": 121.73,
    "DEX_Put": -19.681,
    "DEX_Total": 102.049,
    "DEX_Ratio": 6.185153,
    "GEX_Call": 917593.701,
    "GEX_Put": -348309.727,
    "GEX_Total": 569283.974,
    "GEX_Ratio": 2.634419,
    "VEX_Call": 16227.758,
    "VEX_Put": 240352.792,
    "VEX_Total": 256580.55,
    "VEX_Ratio": 0.067516,
    "CEX_Call": -41640.135,
    "CEX_Put": 1451981.339,
    "CEX_Total": 1410341.204,
    "CEX_Ratio": -0.028678
}