{
    "timestamp": "2025-11-06 11:52:38",
    "cum_gam": 6752.5505289482,
    "cum_vec": 6752.5505289482,
    "DEX_Call": 160.639,
    "DEX_Put": -236.28,
    "DEX_Total": -75.641,
    "DEX_Ratio": 0.679867,
    "GEX_Call": 770303.693,
    "GEX_Put": -1658350.715,
    "GEX_Total": -888047.022,
    "GEX_Ratio": 0.4645,
    "VEX_Call": -329502.543,
    "VEX_Put": 632852.699,
    "VEX_Total": 303350.156,
    "VEX_Ratio": -0.520662,
    "CEX_Call": -2165332.419,
    "CEX_Put": 3668613.759,
    "CEX_Total": 1503281.34,
    "CEX_Ratio": -0.590232
}