{
    "timestamp": "2025-10-13 08:53:13",
    "cum_gam": 6604.149675322783,
    "cum_vec": 8000.0,
    "DEX_Call": 48.34,
    "DEX_Put": -95.782,
    "DEX_Total": -47.442,
    "DEX_Ratio": 0.504688,
    "GEX_Call": 394202.091,
    "GEX_Put": -598182.973,
    "GEX_Total": -203980.882,
    "GEX_Ratio": 0.658999,
    "VEX_Call": -120266.582,
    "VEX_Put": 239320.527,
    "VEX_Total": 119053.945,
    "VEX_Ratio": -0.502533,
    "CEX_Call": -740908.985,
    "CEX_Put": 1258355.738,
    "CEX_Total": 517446.753,
    "CEX_Ratio": -0.588791
}