{
    "timestamp": "2025-11-03 10:48:07",
    "cum_gam": null,
    "cum_vec": 8800.0,
    "DEX_Call": 69.542,
    "DEX_Put": -34.197,
    "DEX_Total": 35.345,
    "DEX_Ratio": 2.03357,
    "GEX_Call": 520279.589,
    "GEX_Put": -358585.946,
    "GEX_Total": 161693.643,
    "GEX_Ratio": 1.45092,
    "VEX_Call": -42111.143,
    "VEX_Put": 169400.625,
    "VEX_Total": 127289.482,
    "VEX_Ratio": -0.248589,
    "CEX_Call": -328085.59,
    "CEX_Put": 936815.126,
    "CEX_Total": 608729.536,
    "CEX_Ratio": -0.350214
}