{
    "timestamp": "2025-10-29 07:28:39",
    "cum_gam": null,
    "cum_vec": 7795.569268744215,
    "DEX_Call": 179.024,
    "DEX_Put": -60.445,
    "DEX_Total": 118.579,
    "DEX_Ratio": 2.961767,
    "GEX_Call": 697401.973,
    "GEX_Put": -472877.207,
    "GEX_Total": 224524.766,
    "GEX_Ratio": 1.474806,
    "VEX_Call": 22758.133,
    "VEX_Put": 371016.42,
    "VEX_Total": 393774.553,
    "VEX_Ratio": 0.06134,
    "CEX_Call": 9102.663,
    "CEX_Put": 1850660.159,
    "CEX_Total": 1859762.822,
    "CEX_Ratio": 0.004919
}