{
    "timestamp": "2025-09-02 08:07:12",
    "cum_gam": 6421.846443527295,
    "cum_vec": 7800.0,
    "DEX_Call": 16.874,
    "DEX_Put": -112.197,
    "DEX_Total": -95.323,
    "DEX_Ratio": 0.150396,
    "GEX_Call": 201718.86,
    "GEX_Put": -648093.841,
    "GEX_Total": -446374.981,
    "GEX_Ratio": 0.311249,
    "VEX_Call": -112645.277,
    "VEX_Put": 109743.677,
    "VEX_Total": -2901.6,
    "VEX_Ratio": -1.02644,
    "CEX_Call": -677715.64,
    "CEX_Put": 528312.476,
    "CEX_Total": -149403.164,
    "CEX_Ratio": -1.282793
}