{
    "timestamp": "2025-09-19 08:47:51",
    "cum_gam": null,
    "cum_vec": 8400.0,
    "DEX_Call": 60.883,
    "DEX_Put": -39.352,
    "DEX_Total": 21.531,
    "DEX_Ratio": 1.547139,
    "GEX_Call": 656166.436,
    "GEX_Put": -501526.77,
    "GEX_Total": 154639.666,
    "GEX_Ratio": 1.308338,
    "VEX_Call": -60260.188,
    "VEX_Put": 349049.378,
    "VEX_Total": 288789.19,
    "VEX_Ratio": -0.172641,
    "CEX_Call": -231878.354,
    "CEX_Put": 671022.291,
    "CEX_Total": 439143.937,
    "CEX_Ratio": -0.34556
}