{
    "timestamp": "2025-09-23 11:04:03",
    "cum_gam": 6552.605312545552,
    "cum_vec": 8200.0,
    "DEX_Call": 56.755,
    "DEX_Put": -55.878,
    "DEX_Total": 0.877,
    "DEX_Ratio": 1.015695,
    "GEX_Call": 588864.129,
    "GEX_Put": -694360.867,
    "GEX_Total": -105496.738,
    "GEX_Ratio": 0.848066,
    "VEX_Call": -135913.824,
    "VEX_Put": 344674.406,
    "VEX_Total": 208760.582,
    "VEX_Ratio": -0.394325,
    "CEX_Call": -920743.652,
    "CEX_Put": 1993221.53,
    "CEX_Total": 1072477.878,
    "CEX_Ratio": -0.461937
}