{
    "timestamp": "2025-09-09 10:58:45",
    "cum_gam": null,
    "cum_vec": 8200.0,
    "DEX_Call": 78.164,
    "DEX_Put": -26.668,
    "DEX_Total": 51.496,
    "DEX_Ratio": 2.931003,
    "GEX_Call": 968133.781,
    "GEX_Put": -536470.435,
    "GEX_Total": 431663.346,
    "GEX_Ratio": 1.804636,
    "VEX_Call": -81386.244,
    "VEX_Put": 276670.015,
    "VEX_Total": 195283.771,
    "VEX_Ratio": -0.294164,
    "CEX_Call": -657150.251,
    "CEX_Put": 1636012.505,
    "CEX_Total": 978862.254,
    "CEX_Ratio": -0.401678
}