{
    "timestamp": "2025-06-30 10:46:44",
    "cum_gam": null,
    "cum_vec": 8000.0,
    "DEX_Call": 159.915,
    "DEX_Put": -17.322,
    "DEX_Total": 142.593,
    "DEX_Ratio": 9.231902,
    "GEX_Call": 615090.197,
    "GEX_Put": -279085.493,
    "GEX_Total": 336004.704,
    "GEX_Ratio": 2.203949,
    "VEX_Call": 15930.656,
    "VEX_Put": 201767.745,
    "VEX_Total": 217698.401,
    "VEX_Ratio": 0.078955,
    "CEX_Call": 7359.52,
    "CEX_Put": 1266620.708,
    "CEX_Total": 1273980.228,
    "CEX_Ratio": 0.00581
}