{
    "timestamp": "2025-11-04 11:16:28",
    "cum_gam": 6799.576220004787,
    "cum_vec": 8800.0,
    "DEX_Call": 28.943,
    "DEX_Put": -93.327,
    "DEX_Total": -64.384,
    "DEX_Ratio": 0.310125,
    "GEX_Call": 246139.916,
    "GEX_Put": -735781.92,
    "GEX_Total": -489642.004,
    "GEX_Ratio": 0.334528,
    "VEX_Call": -117236.436,
    "VEX_Put": 285489.899,
    "VEX_Total": 168253.463,
    "VEX_Ratio": -0.41065,
    "CEX_Call": -745675.218,
    "CEX_Put": 1607260.241,
    "CEX_Total": 861585.023,
    "CEX_Ratio": -0.463942
}