{
    "timestamp": "2025-10-02 11:04:10",
    "cum_gam": null,
    "cum_vec": 8573.89404696887,
    "DEX_Call": 393.782,
    "DEX_Put": -85.364,
    "DEX_Total": 308.418,
    "DEX_Ratio": 4.612975,
    "GEX_Call": 2371881.636,
    "GEX_Put": -1396669.875,
    "GEX_Total": 975211.761,
    "GEX_Ratio": 1.698241,
    "VEX_Call": 131544.138,
    "VEX_Put": 928586.649,
    "VEX_Total": 1060130.787,
    "VEX_Ratio": 0.141661,
    "CEX_Call": 424614.999,
    "CEX_Put": 5394879.04,
    "CEX_Total": 5819494.039,
    "CEX_Ratio": 0.078707
}