{
    "timestamp": "2025-10-01 12:46:05",
    "cum_gam": null,
    "cum_vec": 8600.0,
    "DEX_Call": 117.778,
    "DEX_Put": -22.149,
    "DEX_Total": 95.629,
    "DEX_Ratio": 5.317531,
    "GEX_Call": 886372.241,
    "GEX_Put": -416404.295,
    "GEX_Total": 469967.946,
    "GEX_Ratio": 2.128634,
    "VEX_Call": 44190.594,
    "VEX_Put": 309476.382,
    "VEX_Total": 353666.976,
    "VEX_Ratio": 0.142791,
    "CEX_Call": 146531.757,
    "CEX_Put": 1930872.48,
    "CEX_Total": 2077404.237,
    "CEX_Ratio": 0.075889
}