{
    "timestamp": "2025-09-22 07:10:59",
    "cum_gam": null,
    "cum_vec": 8200.0,
    "DEX_Call": 48.068,
    "DEX_Put": -19.569,
    "DEX_Total": 28.499,
    "DEX_Ratio": 2.456334,
    "GEX_Call": 476941.572,
    "GEX_Put": -329499.977,
    "GEX_Total": 147441.595,
    "GEX_Ratio": 1.447471,
    "VEX_Call": -43594.654,
    "VEX_Put": 210221.693,
    "VEX_Total": 166627.039,
    "VEX_Ratio": -0.207375,
    "CEX_Call": -306900.647,
    "CEX_Put": 1069167.776,
    "CEX_Total": 762267.129,
    "CEX_Ratio": -0.287046
}