{
    "timestamp": "2025-11-24 10:41:43",
    "cum_gam": 6826.133529328025,
    "cum_vec": 8035.087719298245,
    "DEX_Call": 60.783,
    "DEX_Put": -97.655,
    "DEX_Total": -36.872,
    "DEX_Ratio": 0.622426,
    "GEX_Call": 387072.259,
    "GEX_Put": -391607.242,
    "GEX_Total": -4534.983,
    "GEX_Ratio": 0.98842,
    "VEX_Call": -71225.497,
    "VEX_Put": 196807.832,
    "VEX_Total": 125582.335,
    "VEX_Ratio": -0.361904,
    "CEX_Call": -485837.023,
    "CEX_Put": 1114186.924,
    "CEX_Total": 628349.901,
    "CEX_Ratio": -0.436046
}