{
    "timestamp": "2025-09-29 10:00:27",
    "cum_gam": 6327.9843590462615,
    "cum_vec": 6908.403980822086,
    "DEX_Call": 300.602,
    "DEX_Put": -204.067,
    "DEX_Total": 96.535,
    "DEX_Ratio": 1.473055,
    "GEX_Call": 1472313.546,
    "GEX_Put": -1501139.872,
    "GEX_Total": -28826.326,
    "GEX_Ratio": 0.980797,
    "VEX_Call": -1538.821,
    "VEX_Put": 846659.388,
    "VEX_Total": 845120.567,
    "VEX_Ratio": -0.001818,
    "CEX_Call": -239035.769,
    "CEX_Put": 4734336.753,
    "CEX_Total": 4495300.984,
    "CEX_Ratio": -0.05049
}