{
    "timestamp": "2025-06-30 10:09:45",
    "cum_gam": null,
    "cum_vec": 8000.0,
    "DEX_Call": 161.258,
    "DEX_Put": -15.429,
    "DEX_Total": 145.829,
    "DEX_Ratio": 10.451617,
    "GEX_Call": 634506.477,
    "GEX_Put": -261166.121,
    "GEX_Total": 373340.356,
    "GEX_Ratio": 2.429513,
    "VEX_Call": 47535.143,
    "VEX_Put": 196405.624,
    "VEX_Total": 243940.767,
    "VEX_Ratio": 0.242025,
    "CEX_Call": 202601.826,
    "CEX_Put": 1205865.103,
    "CEX_Total": 1408466.929,
    "CEX_Ratio": 0.168014
}