{
    "timestamp": "2025-10-16 06:37:58",
    "cum_gam": 10936.263736263736,
    "cum_vec": 10936.263736263736,
    "DEX_Call": 2475.486,
    "DEX_Put": -995.396,
    "DEX_Total": 1480.09,
    "DEX_Ratio": 2.486936,
    "GEX_Call": 5874767.911,
    "GEX_Put": -4595019.351,
    "GEX_Total": 1279748.56,
    "GEX_Ratio": 1.278508,
    "VEX_Call": -388320.334,
    "VEX_Put": 2771424.189,
    "VEX_Total": 2383103.855,
    "VEX_Ratio": -0.140116,
    "CEX_Call": -2942862.223,
    "CEX_Put": 13735253.507,
    "CEX_Total": 10792391.284,
    "CEX_Ratio": -0.214256
}