{
    "timestamp": "2025-10-14 06:52:08",
    "cum_gam": 6643.908434137657,
    "cum_vec": 6643.908434137657,
    "DEX_Call": 17.121,
    "DEX_Put": -202.226,
    "DEX_Total": -185.105,
    "DEX_Ratio": 0.084663,
    "GEX_Call": 154827.597,
    "GEX_Put": -728090.492,
    "GEX_Total": -573262.895,
    "GEX_Ratio": 0.212649,
    "VEX_Call": -151583.653,
    "VEX_Put": 218697.57,
    "VEX_Total": 67113.917,
    "VEX_Ratio": -0.69312,
    "CEX_Call": -836048.777,
    "CEX_Put": 1057572.399,
    "CEX_Total": 221523.622,
    "CEX_Ratio": -0.790536
}