{
    "timestamp": "2025-07-10 11:46:24",
    "cum_gam": null,
    "cum_vec": 7800.0,
    "DEX_Call": 314.384,
    "DEX_Put": -29.94,
    "DEX_Total": 284.444,
    "DEX_Ratio": 10.500468,
    "GEX_Call": 1366748.49,
    "GEX_Put": -512499.558,
    "GEX_Total": 854248.932,
    "GEX_Ratio": 2.666829,
    "VEX_Call": 74203.968,
    "VEX_Put": 333675.153,
    "VEX_Total": 407879.121,
    "VEX_Ratio": 0.222384,
    "CEX_Call": 278365.673,
    "CEX_Put": 2131784.55,
    "CEX_Total": 2410150.223,
    "CEX_Ratio": 0.130579
}