{
    "timestamp": "2025-10-20 11:57:00",
    "cum_gam": null,
    "cum_vec": null,
    "DEX_Call": 81.804,
    "DEX_Put": -19.016,
    "DEX_Total": 62.788,
    "DEX_Ratio": 4.301851,
    "GEX_Call": 604900.555,
    "GEX_Put": -293087.965,
    "GEX_Total": 311812.59,
    "GEX_Ratio": 2.063887,
    "VEX_Call": -14584.577,
    "VEX_Put": 282665.883,
    "VEX_Total": 268081.306,
    "VEX_Ratio": -0.051597,
    "CEX_Call": -185298.653,
    "CEX_Put": 1714043.045,
    "CEX_Total": 1528744.392,
    "CEX_Ratio": -0.108106
}