{
    "timestamp": "2025-08-19 10:40:09",
    "cum_gam": 6422.716021625524,
    "cum_vec": 8200.0,
    "DEX_Call": 24.181,
    "DEX_Put": -70.869,
    "DEX_Total": -46.688,
    "DEX_Ratio": 0.341207,
    "GEX_Call": 336514.733,
    "GEX_Put": -773949.323,
    "GEX_Total": -437434.59,
    "GEX_Ratio": 0.434802,
    "VEX_Call": -105166.61,
    "VEX_Put": 205959.972,
    "VEX_Total": 100793.362,
    "VEX_Ratio": -0.510617,
    "CEX_Call": -708338.277,
    "CEX_Put": 1163360.064,
    "CEX_Total": 455021.787,
    "CEX_Ratio": -0.608873
}