{
    "timestamp": "2025-07-31 11:42:04",
    "cum_gam": 6178.672493223571,
    "cum_vec": 8200.0,
    "DEX_Call": 221.133,
    "DEX_Put": -133.895,
    "DEX_Total": 87.238,
    "DEX_Ratio": 1.65154,
    "GEX_Call": 1124918.879,
    "GEX_Put": -1187464.793,
    "GEX_Total": -62545.914,
    "GEX_Ratio": 0.947328,
    "VEX_Call": -275418.537,
    "VEX_Put": 688765.838,
    "VEX_Total": 413347.301,
    "VEX_Ratio": -0.399873,
    "CEX_Call": -1973599.832,
    "CEX_Put": 4310589.575,
    "CEX_Total": 2336989.743,
    "CEX_Ratio": -0.457849
}