{
    "timestamp": "2025-10-24 12:59:13",
    "cum_gam": null,
    "cum_vec": 7397.674501045765,
    "DEX_Call": 145.143,
    "DEX_Put": -26.891,
    "DEX_Total": 118.252,
    "DEX_Ratio": 5.397456,
    "GEX_Call": 1040403.849,
    "GEX_Put": -359723.026,
    "GEX_Total": 680680.823,
    "GEX_Ratio": 2.892236,
    "VEX_Call": -6360.129,
    "VEX_Put": 443251.665,
    "VEX_Total": 436891.536,
    "VEX_Ratio": -0.014349,
    "CEX_Call": -176627.486,
    "CEX_Put": 926157.698,
    "CEX_Total": 749530.212,
    "CEX_Ratio": -0.19071
}