{
    "timestamp": "2025-10-10 08:29:24",
    "cum_gam": 6701.278424740652,
    "cum_vec": 8400.0,
    "DEX_Call": 30.759,
    "DEX_Put": -159.904,
    "DEX_Total": -129.145,
    "DEX_Ratio": 0.192359,
    "GEX_Call": 247780.928,
    "GEX_Put": -709529.887,
    "GEX_Total": -461748.959,
    "GEX_Ratio": 0.349218,
    "VEX_Call": -187531.265,
    "VEX_Put": 347632.903,
    "VEX_Total": 160101.638,
    "VEX_Ratio": -0.539452,
    "CEX_Call": -438624.567,
    "CEX_Put": 630495.159,
    "CEX_Total": 191870.592,
    "CEX_Ratio": -0.695683
}