{
    "timestamp": "2025-10-29 06:25:57",
    "cum_gam": null,
    "cum_vec": null,
    "DEX_Call": 185.735,
    "DEX_Put": -75.468,
    "DEX_Total": 110.267,
    "DEX_Ratio": 2.461109,
    "GEX_Call": 701894.0,
    "GEX_Put": -557245.793,
    "GEX_Total": 144648.207,
    "GEX_Ratio": 1.259577,
    "VEX_Call": 36728.303,
    "VEX_Put": 387425.585,
    "VEX_Total": 424153.888,
    "VEX_Ratio": 0.094801,
    "CEX_Call": 75173.378,
    "CEX_Put": 1862540.764,
    "CEX_Total": 1937714.142,
    "CEX_Ratio": 0.040361
}