{
    "timestamp": "2025-11-06 10:21:28",
    "cum_gam": 6751.253219421031,
    "cum_vec": 6751.253219421031,
    "DEX_Call": 142.123,
    "DEX_Put": -290.597,
    "DEX_Total": -148.474,
    "DEX_Ratio": 0.489072,
    "GEX_Call": 628374.631,
    "GEX_Put": -1644651.458,
    "GEX_Total": -1016276.827,
    "GEX_Ratio": 0.382072,
    "VEX_Call": -355651.056,
    "VEX_Put": 574640.227,
    "VEX_Total": 218989.171,
    "VEX_Ratio": -0.618911,
    "CEX_Call": -2192893.042,
    "CEX_Put": 3127612.39,
    "CEX_Total": 934719.348,
    "CEX_Ratio": -0.70114
}