{
    "timestamp": "2025-07-01 09:44:26",
    "cum_gam": null,
    "cum_vec": 7400.0,
    "DEX_Call": 122.665,
    "DEX_Put": -21.22,
    "DEX_Total": 101.445,
    "DEX_Ratio": 5.780631,
    "GEX_Call": 692585.817,
    "GEX_Put": -321462.818,
    "GEX_Total": 371122.999,
    "GEX_Ratio": 2.154482,
    "VEX_Call": -13236.091,
    "VEX_Put": 201548.667,
    "VEX_Total": 188312.576,
    "VEX_Ratio": -0.065672,
    "CEX_Call": -190827.787,
    "CEX_Put": 1208035.659,
    "CEX_Total": 1017207.872,
    "CEX_Ratio": -0.157965
}