{
    "timestamp": "2025-11-11 11:11:44",
    "cum_gam": null,
    "cum_vec": 8200.0,
    "DEX_Call": 127.961,
    "DEX_Put": -40.08,
    "DEX_Total": 87.881,
    "DEX_Ratio": 3.19264,
    "GEX_Call": 967950.624,
    "GEX_Put": -503546.759,
    "GEX_Total": 464403.865,
    "GEX_Ratio": 1.922266,
    "VEX_Call": -66811.296,
    "VEX_Put": 266987.977,
    "VEX_Total": 200176.681,
    "VEX_Ratio": -0.250241,
    "CEX_Call": -549317.144,
    "CEX_Put": 1512218.847,
    "CEX_Total": 962901.703,
    "CEX_Ratio": -0.363252
}