{
    "timestamp": "2025-09-10 07:47:41",
    "cum_gam": null,
    "cum_vec": 8200.0,
    "DEX_Call": 101.133,
    "DEX_Put": -21.323,
    "DEX_Total": 79.81,
    "DEX_Ratio": 4.742907,
    "GEX_Call": 804319.258,
    "GEX_Put": -330815.199,
    "GEX_Total": 473504.059,
    "GEX_Ratio": 2.431325,
    "VEX_Call": -19197.565,
    "VEX_Put": 286693.479,
    "VEX_Total": 267495.914,
    "VEX_Ratio": -0.066962,
    "CEX_Call": -231884.231,
    "CEX_Put": 1534794.404,
    "CEX_Total": 1302910.173,
    "CEX_Ratio": -0.151085
}