{
    "timestamp": "2025-08-14 10:14:48",
    "cum_gam": 7009.374523467738,
    "cum_vec": 7646.444979216802,
    "DEX_Call": 1041.203,
    "DEX_Put": -268.521,
    "DEX_Total": 772.682,
    "DEX_Ratio": 3.877548,
    "GEX_Call": 4422411.699,
    "GEX_Put": -2400156.02,
    "GEX_Total": 2022255.679,
    "GEX_Ratio": 1.842552,
    "VEX_Call": -344771.77,
    "VEX_Put": 1761115.885,
    "VEX_Total": 1416344.115,
    "VEX_Ratio": -0.195769,
    "CEX_Call": -2792781.344,
    "CEX_Put": 10361747.158,
    "CEX_Total": 7568965.814,
    "CEX_Ratio": -0.269528
}