{
    "timestamp": "2025-10-17 09:25:13",
    "cum_gam": 6594.971163951655,
    "cum_vec": 6594.971163951655,
    "DEX_Call": 40.693,
    "DEX_Put": -93.985,
    "DEX_Total": -53.292,
    "DEX_Ratio": 0.432973,
    "GEX_Call": 342335.371,
    "GEX_Put": -573323.918,
    "GEX_Total": -230988.547,
    "GEX_Ratio": 0.597106,
    "VEX_Call": -169626.418,
    "VEX_Put": 428588.734,
    "VEX_Total": 258962.316,
    "VEX_Ratio": -0.395779,
    "CEX_Call": -419737.069,
    "CEX_Put": 835844.355,
    "CEX_Total": 416107.286,
    "CEX_Ratio": -0.502171
}