{
    "timestamp": "2025-09-11 06:54:08",
    "cum_gam": null,
    "cum_vec": null,
    "DEX_Call": 307.595,
    "DEX_Put": -44.754,
    "DEX_Total": 262.841,
    "DEX_Ratio": 6.873017,
    "GEX_Call": 1869410.919,
    "GEX_Put": -707958.291,
    "GEX_Total": 1161452.628,
    "GEX_Ratio": 2.640566,
    "VEX_Call": 5205.302,
    "VEX_Put": 715219.27,
    "VEX_Total": 720424.572,
    "VEX_Ratio": 0.007278,
    "CEX_Call": -264103.685,
    "CEX_Put": 3727823.107,
    "CEX_Total": 3463719.422,
    "CEX_Ratio": -0.070847
}