{
    "timestamp": "2025-09-10 06:36:31",
    "cum_gam": null,
    "cum_vec": 8200.0,
    "DEX_Call": 97.911,
    "DEX_Put": -21.765,
    "DEX_Total": 76.146,
    "DEX_Ratio": 4.498553,
    "GEX_Call": 789497.522,
    "GEX_Put": -331314.718,
    "GEX_Total": 458182.804,
    "GEX_Ratio": 2.382923,
    "VEX_Call": -22816.38,
    "VEX_Put": 280458.404,
    "VEX_Total": 257642.024,
    "VEX_Ratio": -0.081354,
    "CEX_Call": -244875.421,
    "CEX_Put": 1442209.8,
    "CEX_Total": 1197334.379,
    "CEX_Ratio": -0.169792
}