{
    "timestamp": "2025-10-17 10:25:57",
    "cum_gam": 6602.626014135143,
    "cum_vec": 6602.626014135143,
    "DEX_Call": 34.528,
    "DEX_Put": -108.56,
    "DEX_Total": -74.032,
    "DEX_Ratio": 0.318055,
    "GEX_Call": 289225.087,
    "GEX_Put": -603045.783,
    "GEX_Total": -313820.696,
    "GEX_Ratio": 0.479607,
    "VEX_Call": -162694.372,
    "VEX_Put": 409351.516,
    "VEX_Total": 246657.144,
    "VEX_Ratio": -0.397444,
    "CEX_Call": -402076.461,
    "CEX_Put": 803764.177,
    "CEX_Total": 401687.716,
    "CEX_Ratio": -0.500242
}