{
    "timestamp": "2025-09-09 08:17:17",
    "cum_gam": null,
    "cum_vec": 8200.0,
    "DEX_Call": 66.104,
    "DEX_Put": -39.897,
    "DEX_Total": 26.207,
    "DEX_Ratio": 1.656866,
    "GEX_Call": 831554.221,
    "GEX_Put": -647612.005,
    "GEX_Total": 183942.216,
    "GEX_Ratio": 1.284032,
    "VEX_Call": -111662.769,
    "VEX_Put": 278178.094,
    "VEX_Total": 166515.325,
    "VEX_Ratio": -0.401407,
    "CEX_Call": -763010.241,
    "CEX_Put": 1476042.405,
    "CEX_Total": 713032.164,
    "CEX_Ratio": -0.51693
}