{
    "timestamp": "2026-07-21 12:06:13",
    "cum_gam": 8980.0,
    "cum_vec": 8980.0,
    "DEX_Call": 55.71,
    "DEX_Put": -71.421,
    "DEX_Total": -15.711,
    "DEX_Ratio": 0.780023,
    "GEX_Call": 796164.357,
    "GEX_Put": -693890.377,
    "GEX_Total": 102273.98,
    "GEX_Ratio": 1.147392,
    "VEX_Call": -162305.712,
    "VEX_Put": 264074.093,
    "VEX_Total": 101768.381,
    "VEX_Ratio": -0.614622,
    "CEX_Call": -1036379.754,
    "CEX_Put": 1375444.488,
    "CEX_Total": 339064.734,
    "CEX_Ratio": -0.753487
}