{
    "timestamp": "2025-10-09 07:57:04",
    "cum_gam": null,
    "cum_vec": null,
    "DEX_Call": 232.813,
    "DEX_Put": -122.412,
    "DEX_Total": 110.401,
    "DEX_Ratio": 1.901881,
    "GEX_Call": 1872792.446,
    "GEX_Put": -1656874.271,
    "GEX_Total": 215918.175,
    "GEX_Ratio": 1.130317,
    "VEX_Call": -305450.899,
    "VEX_Put": 1050081.787,
    "VEX_Total": 744630.888,
    "VEX_Ratio": -0.290883,
    "CEX_Call": -1943902.395,
    "CEX_Put": 5418136.236,
    "CEX_Total": 3474233.841,
    "CEX_Ratio": -0.358777
}