{
    "timestamp": "2025-11-24 07:52:48",
    "cum_gam": 6571.693759487158,
    "cum_vec": 7570.37037037037,
    "DEX_Call": 35.787,
    "DEX_Put": -85.599,
    "DEX_Total": -49.812,
    "DEX_Ratio": 0.418077,
    "GEX_Call": 234127.292,
    "GEX_Put": -399562.084,
    "GEX_Total": -165434.792,
    "GEX_Ratio": 0.58596,
    "VEX_Call": -121057.692,
    "VEX_Put": 271962.037,
    "VEX_Total": 150904.345,
    "VEX_Ratio": -0.445127,
    "CEX_Call": -699310.453,
    "CEX_Put": 1426447.259,
    "CEX_Total": 727136.806,
    "CEX_Ratio": -0.490246
}