{
    "timestamp": "2025-06-26 07:34:04",
    "cum_gam": 7599.738805970149,
    "cum_vec": 7599.738805970149,
    "DEX_Call": 382.832,
    "DEX_Put": -45.155,
    "DEX_Total": 337.677,
    "DEX_Ratio": 8.478175,
    "GEX_Call": 3621368.559,
    "GEX_Put": -903528.948,
    "GEX_Total": 2717839.611,
    "GEX_Ratio": 4.008027,
    "VEX_Call": -84324.226,
    "VEX_Put": 806730.355,
    "VEX_Total": 722406.129,
    "VEX_Ratio": -0.104526,
    "CEX_Call": -2552417.957,
    "CEX_Put": 10423518.512,
    "CEX_Total": 7871100.555,
    "CEX_Ratio": -0.244871
}