{
    "timestamp": "2025-09-04 12:51:37",
    "cum_gam": null,
    "cum_vec": null,
    "DEX_Call": 265.324,
    "DEX_Put": -65.852,
    "DEX_Total": 199.472,
    "DEX_Ratio": 4.029096,
    "GEX_Call": 1765164.012,
    "GEX_Put": -862650.072,
    "GEX_Total": 902513.94,
    "GEX_Ratio": 2.046211,
    "VEX_Call": -52838.121,
    "VEX_Put": 694826.692,
    "VEX_Total": 641988.571,
    "VEX_Ratio": -0.076045,
    "CEX_Call": -629336.776,
    "CEX_Put": 4514887.16,
    "CEX_Total": 3885550.384,
    "CEX_Ratio": -0.139391
}