{
    "timestamp": "2025-09-19 10:29:40",
    "cum_gam": null,
    "cum_vec": 8400.0,
    "DEX_Call": 69.795,
    "DEX_Put": -32.402,
    "DEX_Total": 37.393,
    "DEX_Ratio": 2.154034,
    "GEX_Call": 712400.066,
    "GEX_Put": -456600.676,
    "GEX_Total": 255799.39,
    "GEX_Ratio": 1.560226,
    "VEX_Call": -36759.74,
    "VEX_Put": 352058.552,
    "VEX_Total": 315298.812,
    "VEX_Ratio": -0.104414,
    "CEX_Call": -191835.968,
    "CEX_Put": 700070.772,
    "CEX_Total": 508234.804,
    "CEX_Ratio": -0.274024
}