{
    "timestamp": "2025-10-31 11:30:33",
    "cum_gam": 6866.978682212358,
    "cum_vec": 6866.978682212358,
    "DEX_Call": 79.815,
    "DEX_Put": -141.067,
    "DEX_Total": -61.252,
    "DEX_Ratio": 0.565795,
    "GEX_Call": 598399.678,
    "GEX_Put": -1007051.053,
    "GEX_Total": -408651.375,
    "GEX_Ratio": 0.59421,
    "VEX_Call": -116136.387,
    "VEX_Put": 241226.831,
    "VEX_Total": 125090.444,
    "VEX_Ratio": -0.481441,
    "CEX_Call": -344000.817,
    "CEX_Put": 363030.976,
    "CEX_Total": 19030.159,
    "CEX_Ratio": -0.94758
}