{
    "timestamp": "2025-10-22 08:34:06",
    "cum_gam": 6649.110652789695,
    "cum_vec": 8150.50505050505,
    "DEX_Call": 45.864,
    "DEX_Put": -62.29,
    "DEX_Total": -16.426,
    "DEX_Ratio": 0.736298,
    "GEX_Call": 450101.13,
    "GEX_Put": -600987.313,
    "GEX_Total": -150886.183,
    "GEX_Ratio": 0.748936,
    "VEX_Call": -123786.42,
    "VEX_Put": 264628.519,
    "VEX_Total": 140842.099,
    "VEX_Ratio": -0.467774,
    "CEX_Call": -756735.85,
    "CEX_Put": 1373533.045,
    "CEX_Total": 616797.195,
    "CEX_Ratio": -0.550941
}