{
    "timestamp": "2025-09-17 08:52:32",
    "cum_gam": null,
    "cum_vec": null,
    "DEX_Call": 99.675,
    "DEX_Put": -67.113,
    "DEX_Total": 32.562,
    "DEX_Ratio": 1.485182,
    "GEX_Call": 565189.327,
    "GEX_Put": -494025.034,
    "GEX_Total": 71164.293,
    "GEX_Ratio": 1.14405,
    "VEX_Call": -127705.91,
    "VEX_Put": 287224.226,
    "VEX_Total": 159518.316,
    "VEX_Ratio": -0.444621,
    "CEX_Call": -815298.456,
    "CEX_Put": 1557934.36,
    "CEX_Total": 742635.904,
    "CEX_Ratio": -0.52332
}