{
    "timestamp": "2025-09-15 08:08:12",
    "cum_gam": null,
    "cum_vec": 7800.0,
    "DEX_Call": 156.952,
    "DEX_Put": -28.403,
    "DEX_Total": 128.549,
    "DEX_Ratio": 5.525895,
    "GEX_Call": 1297661.738,
    "GEX_Put": -498221.413,
    "GEX_Total": 799440.325,
    "GEX_Ratio": 2.604588,
    "VEX_Call": 48975.108,
    "VEX_Put": 398754.234,
    "VEX_Total": 447729.342,
    "VEX_Ratio": 0.12282,
    "CEX_Call": 68481.938,
    "CEX_Put": 2130293.853,
    "CEX_Total": 2198775.791,
    "CEX_Ratio": 0.032147
}