{
    "timestamp": "2025-07-08 12:41:35",
    "cum_gam": null,
    "cum_vec": 7200.0,
    "DEX_Call": 71.189,
    "DEX_Put": -38.632,
    "DEX_Total": 32.557,
    "DEX_Ratio": 1.842747,
    "GEX_Call": 619983.741,
    "GEX_Put": -432595.495,
    "GEX_Total": 187388.246,
    "GEX_Ratio": 1.433172,
    "VEX_Call": -102429.116,
    "VEX_Put": 152151.268,
    "VEX_Total": 49722.152,
    "VEX_Ratio": -0.673206,
    "CEX_Call": -807075.333,
    "CEX_Put": 987404.1,
    "CEX_Total": 180328.767,
    "CEX_Ratio": -0.817371
}