{
    "timestamp": "2025-11-19 09:47:49",
    "cum_gam": 8525.340418465626,
    "cum_vec": 8525.340418465626,
    "DEX_Call": 25.292,
    "DEX_Put": -150.214,
    "DEX_Total": -124.922,
    "DEX_Ratio": 0.168373,
    "GEX_Call": 176224.814,
    "GEX_Put": -486871.915,
    "GEX_Total": -310647.101,
    "GEX_Ratio": 0.361953,
    "VEX_Call": -155357.129,
    "VEX_Put": 115057.369,
    "VEX_Total": -40299.76,
    "VEX_Ratio": -1.350258,
    "CEX_Call": -935472.233,
    "CEX_Put": 596362.279,
    "CEX_Total": -339109.954,
    "CEX_Ratio": -1.568631
}