{
    "timestamp": "2025-11-04 07:31:24",
    "cum_gam": 6782.908656670149,
    "cum_vec": 8800.0,
    "DEX_Call": 30.752,
    "DEX_Put": -98.643,
    "DEX_Total": -67.891,
    "DEX_Ratio": 0.31175,
    "GEX_Call": 248544.99,
    "GEX_Put": -706487.454,
    "GEX_Total": -457942.464,
    "GEX_Ratio": 0.351804,
    "VEX_Call": -159378.61,
    "VEX_Put": 350208.787,
    "VEX_Total": 190830.177,
    "VEX_Ratio": -0.455096,
    "CEX_Call": -883634.667,
    "CEX_Put": 1745959.551,
    "CEX_Total": 862324.884,
    "CEX_Ratio": -0.506103
}