{
    "timestamp": "2025-07-01 09:21:21",
    "cum_gam": null,
    "cum_vec": 7400.0,
    "DEX_Call": 88.266,
    "DEX_Put": -21.334,
    "DEX_Total": 66.932,
    "DEX_Ratio": 4.137339,
    "GEX_Call": 676280.785,
    "GEX_Put": -316118.508,
    "GEX_Total": 360162.277,
    "GEX_Ratio": 2.139327,
    "VEX_Call": -51170.255,
    "VEX_Put": 208261.719,
    "VEX_Total": 157091.464,
    "VEX_Ratio": -0.245702,
    "CEX_Call": -420774.332,
    "CEX_Put": 1233170.37,
    "CEX_Total": 812396.038,
    "CEX_Ratio": -0.341213
}