{
    "timestamp": "2025-10-23 07:45:41",
    "cum_gam": null,
    "cum_vec": null,
    "DEX_Call": 252.096,
    "DEX_Put": -115.552,
    "DEX_Total": 136.544,
    "DEX_Ratio": 2.181667,
    "GEX_Call": 1389145.743,
    "GEX_Put": -1114654.381,
    "GEX_Total": 274491.362,
    "GEX_Ratio": 1.246257,
    "VEX_Call": -189960.885,
    "VEX_Put": 770527.66,
    "VEX_Total": 580566.775,
    "VEX_Ratio": -0.246534,
    "CEX_Call": -1239801.409,
    "CEX_Put": 3974550.481,
    "CEX_Total": 2734749.072,
    "CEX_Ratio": -0.311935
}