{
    "timestamp": "2026-07-23 11:34:55",
    "cum_gam": 7452.688906648912,
    "cum_vec": 7452.688906648912,
    "DEX_Call": 76.944,
    "DEX_Put": -315.746,
    "DEX_Total": -238.802,
    "DEX_Ratio": 0.24369,
    "GEX_Call": 477730.181,
    "GEX_Put": -1911070.351,
    "GEX_Total": -1433340.17,
    "GEX_Ratio": 0.24998,
    "VEX_Call": -318807.022,
    "VEX_Put": 542709.627,
    "VEX_Total": 223902.605,
    "VEX_Ratio": -0.587436,
    "CEX_Call": -1857265.983,
    "CEX_Put": 2736056.911,
    "CEX_Total": 878790.928,
    "CEX_Ratio": -0.678811
}