{
    "timestamp": "2025-07-17 10:55:51",
    "cum_gam": 6508.086286494322,
    "cum_vec": 8575.308109041462,
    "DEX_Call": 1516.452,
    "DEX_Put": -262.514,
    "DEX_Total": 1253.938,
    "DEX_Ratio": 5.776652,
    "GEX_Call": 5353293.192,
    "GEX_Put": -3244281.831,
    "GEX_Total": 2109011.361,
    "GEX_Ratio": 1.65007,
    "VEX_Call": 71318.923,
    "VEX_Put": 1267426.241,
    "VEX_Total": 1338745.164,
    "VEX_Ratio": 0.056271,
    "CEX_Call": -378813.458,
    "CEX_Put": 7623133.195,
    "CEX_Total": 7244319.737,
    "CEX_Ratio": -0.049693
}