{
    "timestamp": "2025-07-08 09:26:57",
    "cum_gam": null,
    "cum_vec": 7200.0,
    "DEX_Call": 100.746,
    "DEX_Put": -32.162,
    "DEX_Total": 68.584,
    "DEX_Ratio": 3.132454,
    "GEX_Call": 725967.318,
    "GEX_Put": -370101.107,
    "GEX_Total": 355866.211,
    "GEX_Ratio": 1.961538,
    "VEX_Call": -99719.113,
    "VEX_Put": 182386.93,
    "VEX_Total": 82667.817,
    "VEX_Ratio": -0.546745,
    "CEX_Call": -725733.95,
    "CEX_Put": 1062126.234,
    "CEX_Total": 336392.284,
    "CEX_Ratio": -0.683284
}