{
    "timestamp": "2025-11-17 13:55:35",
    "cum_gam": 8397.773793515613,
    "cum_vec": 8800.0,
    "DEX_Call": 8.267,
    "DEX_Put": -183.002,
    "DEX_Total": -174.735,
    "DEX_Ratio": 0.045174,
    "GEX_Call": 95417.473,
    "GEX_Put": -879817.983,
    "GEX_Total": -784400.51,
    "GEX_Ratio": 0.108451,
    "VEX_Call": -77687.346,
    "VEX_Put": 128617.676,
    "VEX_Total": 50930.33,
    "VEX_Ratio": -0.604018,
    "CEX_Call": -543756.297,
    "CEX_Put": 738109.05,
    "CEX_Total": 194352.753,
    "CEX_Ratio": -0.736688
}