{
    "timestamp": "2025-09-17 06:50:51",
    "cum_gam": null,
    "cum_vec": null,
    "DEX_Call": 112.209,
    "DEX_Put": -58.492,
    "DEX_Total": 53.717,
    "DEX_Ratio": 1.918365,
    "GEX_Call": 597909.376,
    "GEX_Put": -486726.714,
    "GEX_Total": 111182.662,
    "GEX_Ratio": 1.228429,
    "VEX_Call": -89602.238,
    "VEX_Put": 308671.267,
    "VEX_Total": 219069.029,
    "VEX_Ratio": -0.290284,
    "CEX_Call": -569658.611,
    "CEX_Put": 1564610.976,
    "CEX_Total": 994952.365,
    "CEX_Ratio": -0.36409
}