{
    "timestamp": "2025-08-27 12:52:05",
    "cum_gam": null,
    "cum_vec": 7500.0,
    "DEX_Call": 89.916,
    "DEX_Put": -30.486,
    "DEX_Total": 59.43,
    "DEX_Ratio": 2.949419,
    "GEX_Call": 720958.487,
    "GEX_Put": -360868.693,
    "GEX_Total": 360089.794,
    "GEX_Ratio": 1.997842,
    "VEX_Call": -102208.812,
    "VEX_Put": 236801.007,
    "VEX_Total": 134592.195,
    "VEX_Ratio": -0.431623,
    "CEX_Call": -797619.827,
    "CEX_Put": 1530638.097,
    "CEX_Total": 733018.27,
    "CEX_Ratio": -0.521103
}