{
    "timestamp": "2025-10-15 08:33:09",
    "cum_gam": null,
    "cum_vec": 8200.0,
    "DEX_Call": 88.978,
    "DEX_Put": -57.224,
    "DEX_Total": 31.754,
    "DEX_Ratio": 1.554907,
    "GEX_Call": 643085.698,
    "GEX_Put": -502577.8,
    "GEX_Total": 140507.898,
    "GEX_Ratio": 1.279574,
    "VEX_Call": -68320.089,
    "VEX_Put": 344519.219,
    "VEX_Total": 276199.13,
    "VEX_Ratio": -0.198306,
    "CEX_Call": -479287.884,
    "CEX_Put": 1831796.87,
    "CEX_Total": 1352508.986,
    "CEX_Ratio": -0.261649
}