{
    "timestamp": "2025-08-22 11:50:31",
    "cum_gam": null,
    "cum_vec": 7600.0,
    "DEX_Call": 69.302,
    "DEX_Put": -15.637,
    "DEX_Total": 53.665,
    "DEX_Ratio": 4.431924,
    "GEX_Call": 747663.769,
    "GEX_Put": -253925.862,
    "GEX_Total": 493737.907,
    "GEX_Ratio": 2.944418,
    "VEX_Call": -90509.762,
    "VEX_Put": 216935.02,
    "VEX_Total": 126425.258,
    "VEX_Ratio": -0.417221,
    "CEX_Call": -324256.285,
    "CEX_Put": 457565.641,
    "CEX_Total": 133309.356,
    "CEX_Ratio": -0.708655
}