{
    "timestamp": "2025-06-30 10:53:11",
    "cum_gam": null,
    "cum_vec": 8000.0,
    "DEX_Call": 69.916,
    "DEX_Put": -16.975,
    "DEX_Total": 52.941,
    "DEX_Ratio": 4.118763,
    "GEX_Call": 580885.682,
    "GEX_Put": -270229.668,
    "GEX_Total": 310656.014,
    "GEX_Ratio": 2.1496,
    "VEX_Call": -43244.591,
    "VEX_Put": 200725.736,
    "VEX_Total": 157481.145,
    "VEX_Ratio": -0.215441,
    "CEX_Call": -372589.16,
    "CEX_Put": 1265998.947,
    "CEX_Total": 893409.787,
    "CEX_Ratio": -0.294304
}