{
    "timestamp": "2025-10-20 08:55:49",
    "cum_gam": null,
    "cum_vec": 8193.181818181818,
    "DEX_Call": 76.737,
    "DEX_Put": -25.15,
    "DEX_Total": 51.587,
    "DEX_Ratio": 3.051173,
    "GEX_Call": 559002.124,
    "GEX_Put": -314843.356,
    "GEX_Total": 244158.768,
    "GEX_Ratio": 1.775493,
    "VEX_Call": -37861.431,
    "VEX_Put": 304441.485,
    "VEX_Total": 266580.054,
    "VEX_Ratio": -0.124364,
    "CEX_Call": -299008.885,
    "CEX_Put": 1652933.916,
    "CEX_Total": 1353925.031,
    "CEX_Ratio": -0.180896
}