{
    "timestamp": "2025-09-15 07:41:39",
    "cum_gam": null,
    "cum_vec": 7800.0,
    "DEX_Call": 185.833,
    "DEX_Put": -30.15,
    "DEX_Total": 155.683,
    "DEX_Ratio": 6.163615,
    "GEX_Call": 1302799.992,
    "GEX_Put": -521753.59,
    "GEX_Total": 781046.402,
    "GEX_Ratio": 2.496964,
    "VEX_Call": 67423.986,
    "VEX_Put": 407273.787,
    "VEX_Total": 474697.773,
    "VEX_Ratio": 0.16555,
    "CEX_Call": 164575.543,
    "CEX_Put": 2141989.095,
    "CEX_Total": 2306564.638,
    "CEX_Ratio": 0.076833
}