{
    "timestamp": "2025-11-05 09:28:39",
    "cum_gam": 6708.041056526663,
    "cum_vec": 8600.0,
    "DEX_Call": 58.29,
    "DEX_Put": -101.471,
    "DEX_Total": -43.181,
    "DEX_Ratio": 0.57445,
    "GEX_Call": 550489.121,
    "GEX_Put": -624511.474,
    "GEX_Total": -74022.353,
    "GEX_Ratio": 0.881472,
    "VEX_Call": -158130.594,
    "VEX_Put": 127120.837,
    "VEX_Total": -31009.757,
    "VEX_Ratio": -1.243939,
    "CEX_Call": -977305.806,
    "CEX_Put": 618959.732,
    "CEX_Total": -358346.074,
    "CEX_Ratio": -1.578949
}