{
    "timestamp": "2025-07-17 11:59:49",
    "cum_gam": null,
    "cum_vec": 8580.290514300426,
    "DEX_Call": 1374.446,
    "DEX_Put": -233.547,
    "DEX_Total": 1140.899,
    "DEX_Ratio": 5.885094,
    "GEX_Call": 5577948.197,
    "GEX_Put": -3040937.049,
    "GEX_Total": 2537011.148,
    "GEX_Ratio": 1.834286,
    "VEX_Call": 371147.362,
    "VEX_Put": 1399972.778,
    "VEX_Total": 1771120.14,
    "VEX_Ratio": 0.26511,
    "CEX_Call": 1603569.408,
    "CEX_Put": 8860513.383,
    "CEX_Total": 10464082.791,
    "CEX_Ratio": 0.180979
}