{
    "timestamp": "2025-07-28 10:07:58",
    "cum_gam": null,
    "cum_vec": 8200.0,
    "DEX_Call": 70.524,
    "DEX_Put": -20.374,
    "DEX_Total": 50.15,
    "DEX_Ratio": 3.461471,
    "GEX_Call": 805548.938,
    "GEX_Put": -367835.413,
    "GEX_Total": 437713.525,
    "GEX_Ratio": 2.189971,
    "VEX_Call": -96375.013,
    "VEX_Put": 162225.982,
    "VEX_Total": 65850.969,
    "VEX_Ratio": -0.594079,
    "CEX_Call": -717629.776,
    "CEX_Put": 938678.951,
    "CEX_Total": 221049.175,
    "CEX_Ratio": -0.76451
}