{
    "timestamp": "2025-10-01 11:18:41",
    "cum_gam": null,
    "cum_vec": 8600.0,
    "DEX_Call": 116.916,
    "DEX_Put": -23.203,
    "DEX_Total": 93.713,
    "DEX_Ratio": 5.038831,
    "GEX_Call": 888021.572,
    "GEX_Put": -416279.7,
    "GEX_Total": 471741.872,
    "GEX_Ratio": 2.133233,
    "VEX_Call": 26328.65,
    "VEX_Put": 314659.66,
    "VEX_Total": 340988.31,
    "VEX_Ratio": 0.083673,
    "CEX_Call": 21893.797,
    "CEX_Put": 1854580.874,
    "CEX_Total": 1876474.671,
    "CEX_Ratio": 0.011805
}