{
    "timestamp": "2025-10-14 11:24:34",
    "cum_gam": 6602.802968762915,
    "cum_vec": 6602.802968762915,
    "DEX_Call": 49.816,
    "DEX_Put": -91.847,
    "DEX_Total": -42.031,
    "DEX_Ratio": 0.54238,
    "GEX_Call": 513996.596,
    "GEX_Put": -712003.338,
    "GEX_Total": -198006.742,
    "GEX_Ratio": 0.721902,
    "VEX_Call": -145634.024,
    "VEX_Put": 348178.911,
    "VEX_Total": 202544.887,
    "VEX_Ratio": -0.418274,
    "CEX_Call": -977670.827,
    "CEX_Put": 2034195.283,
    "CEX_Total": 1056524.456,
    "CEX_Ratio": -0.480618
}