{
    "timestamp": "2025-10-20 08:26:11",
    "cum_gam": null,
    "cum_vec": 8150.0,
    "DEX_Call": 77.593,
    "DEX_Put": -24.67,
    "DEX_Total": 52.923,
    "DEX_Ratio": 3.145237,
    "GEX_Call": 569569.292,
    "GEX_Put": -311362.671,
    "GEX_Total": 258206.621,
    "GEX_Ratio": 1.829279,
    "VEX_Call": -35812.34,
    "VEX_Put": 304901.448,
    "VEX_Total": 269089.108,
    "VEX_Ratio": -0.117455,
    "CEX_Call": -285855.201,
    "CEX_Put": 1627543.872,
    "CEX_Total": 1341688.671,
    "CEX_Ratio": -0.175636
}