{
    "timestamp": "2025-10-24 12:26:09",
    "cum_gam": null,
    "cum_vec": 7397.015281757402,
    "DEX_Call": 145.335,
    "DEX_Put": -27.565,
    "DEX_Total": 117.77,
    "DEX_Ratio": 5.272447,
    "GEX_Call": 1089128.257,
    "GEX_Put": -341155.768,
    "GEX_Total": 747972.489,
    "GEX_Ratio": 3.192466,
    "VEX_Call": 1791.141,
    "VEX_Put": 484388.328,
    "VEX_Total": 486179.469,
    "VEX_Ratio": 0.003698,
    "CEX_Call": -166209.26,
    "CEX_Put": 1010697.284,
    "CEX_Total": 844488.024,
    "CEX_Ratio": -0.16445
}