{
    "timestamp": "2025-10-31 08:10:54",
    "cum_gam": 6827.912834601412,
    "cum_vec": 6827.912834601412,
    "DEX_Call": 86.915,
    "DEX_Put": -121.229,
    "DEX_Total": -34.314,
    "DEX_Ratio": 0.716949,
    "GEX_Call": 648758.374,
    "GEX_Put": -928798.413,
    "GEX_Total": -280040.039,
    "GEX_Ratio": 0.698492,
    "VEX_Call": -105389.263,
    "VEX_Put": 352416.242,
    "VEX_Total": 247026.979,
    "VEX_Ratio": -0.299048,
    "CEX_Call": -318401.227,
    "CEX_Put": 580714.426,
    "CEX_Total": 262313.199,
    "CEX_Ratio": -0.548292
}