{
    "timestamp": "2025-09-09 10:50:33",
    "cum_gam": null,
    "cum_vec": 8200.0,
    "DEX_Call": 75.786,
    "DEX_Put": -27.677,
    "DEX_Total": 48.109,
    "DEX_Ratio": 2.73823,
    "GEX_Call": 951831.624,
    "GEX_Put": -546137.244,
    "GEX_Total": 405694.38,
    "GEX_Ratio": 1.742843,
    "VEX_Call": -81904.193,
    "VEX_Put": 276295.368,
    "VEX_Total": 194391.175,
    "VEX_Ratio": -0.296437,
    "CEX_Call": -655349.554,
    "CEX_Put": 1623828.888,
    "CEX_Total": 968479.334,
    "CEX_Ratio": -0.403583
}