{
    "timestamp": "2025-08-19 11:41:42",
    "cum_gam": 6424.010053757015,
    "cum_vec": 8200.0,
    "DEX_Call": 28.04,
    "DEX_Put": -78.122,
    "DEX_Total": -50.082,
    "DEX_Ratio": 0.358926,
    "GEX_Call": 286329.357,
    "GEX_Put": -795194.036,
    "GEX_Total": -508864.679,
    "GEX_Ratio": 0.360075,
    "VEX_Call": -93415.947,
    "VEX_Put": 194924.853,
    "VEX_Total": 101508.906,
    "VEX_Ratio": -0.479241,
    "CEX_Call": -650692.114,
    "CEX_Put": 1140194.912,
    "CEX_Total": 489502.798,
    "CEX_Ratio": -0.570685
}