{
    "timestamp": "2025-09-15 07:21:18",
    "cum_gam": null,
    "cum_vec": 7800.0,
    "DEX_Call": 161.27,
    "DEX_Put": -32.25,
    "DEX_Total": 129.02,
    "DEX_Ratio": 5.00062,
    "GEX_Call": 1284310.372,
    "GEX_Put": -556805.042,
    "GEX_Total": 727505.33,
    "GEX_Ratio": 2.306571,
    "VEX_Call": 33171.018,
    "VEX_Put": 399208.436,
    "VEX_Total": 432379.454,
    "VEX_Ratio": 0.083092,
    "CEX_Call": -21409.675,
    "CEX_Put": 2069966.68,
    "CEX_Total": 2048557.005,
    "CEX_Ratio": -0.010343
}