{
    "timestamp": "2025-08-15 11:37:28",
    "cum_gam": null,
    "cum_vec": 8200.0,
    "DEX_Call": 83.96,
    "DEX_Put": -28.362,
    "DEX_Total": 55.598,
    "DEX_Ratio": 2.960299,
    "GEX_Call": 1036868.937,
    "GEX_Put": -408678.599,
    "GEX_Total": 628190.338,
    "GEX_Ratio": 2.537126,
    "VEX_Call": -101487.427,
    "VEX_Put": 232594.344,
    "VEX_Total": 131106.917,
    "VEX_Ratio": -0.436328,
    "CEX_Call": -394340.297,
    "CEX_Put": 468692.834,
    "CEX_Total": 74352.537,
    "CEX_Ratio": -0.841362
}