{
    "timestamp": "2025-08-28 11:04:33",
    "cum_gam": null,
    "cum_vec": null,
    "DEX_Call": 700.42,
    "DEX_Put": -63.245,
    "DEX_Total": 637.175,
    "DEX_Ratio": 11.074709,
    "GEX_Call": 2702346.475,
    "GEX_Put": -1157426.616,
    "GEX_Total": 1544919.859,
    "GEX_Ratio": 2.334789,
    "VEX_Call": 145218.971,
    "VEX_Put": 853477.484,
    "VEX_Total": 998696.455,
    "VEX_Ratio": 0.17015,
    "CEX_Call": 485284.035,
    "CEX_Put": 5152398.741,
    "CEX_Total": 5637682.776,
    "CEX_Ratio": 0.094186
}