{
    "timestamp": "2025-10-10 06:45:57",
    "cum_gam": null,
    "cum_vec": 8400.0,
    "DEX_Call": 64.465,
    "DEX_Put": -39.602,
    "DEX_Total": 24.863,
    "DEX_Ratio": 1.627822,
    "GEX_Call": 962006.422,
    "GEX_Put": -539521.804,
    "GEX_Total": 422484.618,
    "GEX_Ratio": 1.783072,
    "VEX_Call": -216825.465,
    "VEX_Put": 401198.834,
    "VEX_Total": 184373.369,
    "VEX_Ratio": -0.540444,
    "CEX_Call": -595703.407,
    "CEX_Put": 739887.997,
    "CEX_Total": 144184.59,
    "CEX_Ratio": -0.805126
}