{
    "timestamp": "2025-08-13 12:23:04",
    "cum_gam": null,
    "cum_vec": null,
    "DEX_Call": 148.214,
    "DEX_Put": -14.57,
    "DEX_Total": 133.644,
    "DEX_Ratio": 10.172546,
    "GEX_Call": 935440.971,
    "GEX_Put": -291152.25,
    "GEX_Total": 644288.721,
    "GEX_Ratio": 3.212893,
    "VEX_Call": 54376.043,
    "VEX_Put": 214359.015,
    "VEX_Total": 268735.058,
    "VEX_Ratio": 0.253668,
    "CEX_Call": 212682.118,
    "CEX_Put": 1369028.779,
    "CEX_Total": 1581710.897,
    "CEX_Ratio": 0.155353
}