{
    "timestamp": "2025-07-11 08:52:58",
    "cum_gam": 6645.036112007747,
    "cum_vec": 7400.0,
    "DEX_Call": 48.249,
    "DEX_Put": -49.523,
    "DEX_Total": -1.274,
    "DEX_Ratio": 0.974275,
    "GEX_Call": 496943.601,
    "GEX_Put": -511983.191,
    "GEX_Total": -15039.59,
    "GEX_Ratio": 0.970625,
    "VEX_Call": -83229.362,
    "VEX_Put": 187735.41,
    "VEX_Total": 104506.048,
    "VEX_Ratio": -0.443333,
    "CEX_Call": -267257.319,
    "CEX_Put": 347743.095,
    "CEX_Total": 80485.776,
    "CEX_Ratio": -0.768548
}