{
    "timestamp": "2025-07-21 10:54:17",
    "cum_gam": null,
    "cum_vec": null,
    "DEX_Call": 51.511,
    "DEX_Put": -11.575,
    "DEX_Total": 39.936,
    "DEX_Ratio": 4.450194,
    "GEX_Call": 623392.248,
    "GEX_Put": -212624.837,
    "GEX_Total": 410767.411,
    "GEX_Ratio": 2.931888,
    "VEX_Call": -50496.47,
    "VEX_Put": 139795.574,
    "VEX_Total": 89299.104,
    "VEX_Ratio": -0.361217,
    "CEX_Call": -419073.041,
    "CEX_Put": 857348.571,
    "CEX_Total": 438275.53,
    "CEX_Ratio": -0.488801
}