{
    "timestamp": "2025-06-27 12:06:17",
    "cum_gam": 6579.594416534884,
    "cum_vec": 6600.936262460523,
    "DEX_Call": 247.771,
    "DEX_Put": -139.164,
    "DEX_Total": 108.607,
    "DEX_Ratio": 1.780425,
    "GEX_Call": 1812368.533,
    "GEX_Put": -895261.77,
    "GEX_Total": 917106.763,
    "GEX_Ratio": 2.024401,
    "VEX_Call": -99067.644,
    "VEX_Put": 707271.444,
    "VEX_Total": 608203.8,
    "VEX_Ratio": -0.14007,
    "CEX_Call": -523260.767,
    "CEX_Put": 1574515.274,
    "CEX_Total": 1051254.507,
    "CEX_Ratio": -0.332331
}