{
    "timestamp": "2025-09-25 06:57:35",
    "cum_gam": 6601.801918485937,
    "cum_vec": 8600.0,
    "DEX_Call": 168.175,
    "DEX_Put": -238.119,
    "DEX_Total": -69.944,
    "DEX_Ratio": 0.706265,
    "GEX_Call": 862085.216,
    "GEX_Put": -1798716.749,
    "GEX_Total": -936631.533,
    "GEX_Ratio": 0.479278,
    "VEX_Call": -248419.371,
    "VEX_Put": 475893.132,
    "VEX_Total": 227473.761,
    "VEX_Ratio": -0.522007,
    "CEX_Call": -1465031.2,
    "CEX_Put": 2267547.251,
    "CEX_Total": 802516.051,
    "CEX_Ratio": -0.646086
}