{
    "timestamp": "2025-07-16 08:14:21",
    "cum_gam": 6177.324395136278,
    "cum_vec": 7800.0,
    "DEX_Call": 24.572,
    "DEX_Put": -33.482,
    "DEX_Total": -8.91,
    "DEX_Ratio": 0.733887,
    "GEX_Call": 291635.578,
    "GEX_Put": -362148.894,
    "GEX_Total": -70513.316,
    "GEX_Ratio": 0.805292,
    "VEX_Call": -79563.352,
    "VEX_Put": 150165.147,
    "VEX_Total": 70601.795,
    "VEX_Ratio": -0.529839,
    "CEX_Call": -513257.44,
    "CEX_Put": 826142.578,
    "CEX_Total": 312885.138,
    "CEX_Ratio": -0.62127
}