{
    "timestamp": "2025-08-11 10:16:54",
    "cum_gam": null,
    "cum_vec": 7200.0,
    "DEX_Call": 84.826,
    "DEX_Put": -42.13,
    "DEX_Total": 42.696,
    "DEX_Ratio": 2.013435,
    "GEX_Call": 681616.36,
    "GEX_Put": -491080.055,
    "GEX_Total": 190536.305,
    "GEX_Ratio": 1.387994,
    "VEX_Call": -103441.98,
    "VEX_Put": 273655.547,
    "VEX_Total": 170213.567,
    "VEX_Ratio": -0.378001,
    "CEX_Call": -745218.259,
    "CEX_Put": 1613058.56,
    "CEX_Total": 867840.301,
    "CEX_Ratio": -0.461991
}