{
    "timestamp": "2025-10-24 06:38:10",
    "cum_gam": null,
    "cum_vec": 7396.408692877654,
    "DEX_Call": 136.806,
    "DEX_Put": -30.158,
    "DEX_Total": 106.648,
    "DEX_Ratio": 4.536309,
    "GEX_Call": 1014096.063,
    "GEX_Put": -369342.692,
    "GEX_Total": 644753.371,
    "GEX_Ratio": 2.745678,
    "VEX_Call": -42464.44,
    "VEX_Put": 473234.285,
    "VEX_Total": 430769.845,
    "VEX_Ratio": -0.089732,
    "CEX_Call": -245043.703,
    "CEX_Put": 907634.131,
    "CEX_Total": 662590.428,
    "CEX_Ratio": -0.269981
}