{
    "timestamp": "2025-10-30 09:17:28",
    "cum_gam": null,
    "cum_vec": null,
    "DEX_Call": 784.402,
    "DEX_Put": -258.437,
    "DEX_Total": 525.965,
    "DEX_Ratio": 3.035177,
    "GEX_Call": 2428450.762,
    "GEX_Put": -1717035.26,
    "GEX_Total": 711415.502,
    "GEX_Ratio": 1.414328,
    "VEX_Call": -97495.841,
    "VEX_Put": 1085037.375,
    "VEX_Total": 987541.534,
    "VEX_Ratio": -0.089855,
    "CEX_Call": -919889.301,
    "CEX_Put": 5747209.304,
    "CEX_Total": 4827320.003,
    "CEX_Ratio": -0.160058
}