{
    "timestamp": "2025-10-23 10:22:38",
    "cum_gam": null,
    "cum_vec": null,
    "DEX_Call": 234.293,
    "DEX_Put": -94.339,
    "DEX_Total": 139.954,
    "DEX_Ratio": 2.483522,
    "GEX_Call": 1566575.697,
    "GEX_Put": -1053484.185,
    "GEX_Total": 513091.512,
    "GEX_Ratio": 1.487042,
    "VEX_Call": -130909.154,
    "VEX_Put": 758632.518,
    "VEX_Total": 627723.364,
    "VEX_Ratio": -0.172559,
    "CEX_Call": -1014168.057,
    "CEX_Put": 4294397.779,
    "CEX_Total": 3280229.722,
    "CEX_Ratio": -0.236161
}