{
    "timestamp": "2025-11-04 10:37:48",
    "cum_gam": 6799.832002507184,
    "cum_vec": 8800.0,
    "DEX_Call": 31.643,
    "DEX_Put": -115.371,
    "DEX_Total": -83.728,
    "DEX_Ratio": 0.274272,
    "GEX_Call": 271448.394,
    "GEX_Put": -723667.494,
    "GEX_Total": -452219.1,
    "GEX_Ratio": 0.375101,
    "VEX_Call": -123847.382,
    "VEX_Put": 289711.62,
    "VEX_Total": 165864.238,
    "VEX_Ratio": -0.427485,
    "CEX_Call": -771254.163,
    "CEX_Put": 1591917.131,
    "CEX_Total": 820662.968,
    "CEX_Ratio": -0.484481
}