{
    "timestamp": "2025-10-01 12:47:16",
    "cum_gam": null,
    "cum_vec": 8600.0,
    "DEX_Call": 117.661,
    "DEX_Put": -21.914,
    "DEX_Total": 95.747,
    "DEX_Ratio": 5.369216,
    "GEX_Call": 883668.543,
    "GEX_Put": -413008.817,
    "GEX_Total": 470659.726,
    "GEX_Ratio": 2.139588,
    "VEX_Call": 46347.468,
    "VEX_Put": 307437.64,
    "VEX_Total": 353785.108,
    "VEX_Ratio": 0.150754,
    "CEX_Call": 161060.982,
    "CEX_Put": 1919557.045,
    "CEX_Total": 2080618.027,
    "CEX_Ratio": 0.083905
}