{
    "timestamp": "2025-09-26 11:49:34",
    "cum_gam": 6504.301133164915,
    "cum_vec": 8200.0,
    "DEX_Call": 54.813,
    "DEX_Put": -52.052,
    "DEX_Total": 2.761,
    "DEX_Ratio": 1.053043,
    "GEX_Call": 589112.208,
    "GEX_Put": -671545.609,
    "GEX_Total": -82433.401,
    "GEX_Ratio": 0.877248,
    "VEX_Call": -78392.08,
    "VEX_Put": 391665.697,
    "VEX_Total": 313273.617,
    "VEX_Ratio": -0.20015,
    "CEX_Call": -266970.704,
    "CEX_Put": 769131.441,
    "CEX_Total": 502160.737,
    "CEX_Ratio": -0.347107
}