{
    "timestamp": "2025-06-27 12:03:09",
    "cum_gam": 6578.190724937967,
    "cum_vec": 6603.281610859146,
    "DEX_Call": 285.857,
    "DEX_Put": -144.777,
    "DEX_Total": 141.08,
    "DEX_Ratio": 1.974464,
    "GEX_Call": 1826798.439,
    "GEX_Put": -923651.027,
    "GEX_Total": 903147.412,
    "GEX_Ratio": 1.977802,
    "VEX_Call": -64553.187,
    "VEX_Put": 716495.868,
    "VEX_Total": 651942.681,
    "VEX_Ratio": -0.090096,
    "CEX_Call": -441847.284,
    "CEX_Put": 1592359.039,
    "CEX_Total": 1150511.755,
    "CEX_Ratio": -0.27748
}