{
    "timestamp": "2025-10-21 10:57:49",
    "cum_gam": null,
    "cum_vec": 8400.0,
    "DEX_Call": 130.617,
    "DEX_Put": -43.057,
    "DEX_Total": 87.56,
    "DEX_Ratio": 3.033583,
    "GEX_Call": 1155122.635,
    "GEX_Put": -691831.87,
    "GEX_Total": 463290.765,
    "GEX_Ratio": 1.669658,
    "VEX_Call": -63843.207,
    "VEX_Put": 461940.309,
    "VEX_Total": 398097.102,
    "VEX_Ratio": -0.138207,
    "CEX_Call": -563246.186,
    "CEX_Put": 2661636.947,
    "CEX_Total": 2098390.761,
    "CEX_Ratio": -0.211616
}