{
    "timestamp": "2025-10-29 08:51:09",
    "cum_gam": null,
    "cum_vec": 7797.189107792697,
    "DEX_Call": 185.187,
    "DEX_Put": -63.439,
    "DEX_Total": 121.748,
    "DEX_Ratio": 2.919135,
    "GEX_Call": 710032.106,
    "GEX_Put": -495529.769,
    "GEX_Total": 214502.337,
    "GEX_Ratio": 1.432875,
    "VEX_Call": 18157.745,
    "VEX_Put": 362403.437,
    "VEX_Total": 380561.182,
    "VEX_Ratio": 0.050104,
    "CEX_Call": -12259.703,
    "CEX_Put": 1891735.389,
    "CEX_Total": 1879475.686,
    "CEX_Ratio": -0.006481
}