{
    "timestamp": "2025-07-24 08:24:32",
    "cum_gam": null,
    "cum_vec": 8200.0,
    "DEX_Call": 278.991,
    "DEX_Put": -26.572,
    "DEX_Total": 252.419,
    "DEX_Ratio": 10.499435,
    "GEX_Call": 2570595.373,
    "GEX_Put": -475760.34,
    "GEX_Total": 2094835.033,
    "GEX_Ratio": 5.403131,
    "VEX_Call": -210669.586,
    "VEX_Put": 469644.15,
    "VEX_Total": 258974.564,
    "VEX_Ratio": -0.448573,
    "CEX_Call": -1623043.581,
    "CEX_Put": 2648680.041,
    "CEX_Total": 1025636.46,
    "CEX_Ratio": -0.612774
}