{
    "timestamp": "2025-08-27 07:05:55",
    "cum_gam": null,
    "cum_vec": 7397.071420303276,
    "DEX_Call": 69.944,
    "DEX_Put": -40.459,
    "DEX_Total": 29.485,
    "DEX_Ratio": 1.728762,
    "GEX_Call": 622691.488,
    "GEX_Put": -423029.83,
    "GEX_Total": 199661.658,
    "GEX_Ratio": 1.47198,
    "VEX_Call": -138815.547,
    "VEX_Put": 236363.239,
    "VEX_Total": 97547.692,
    "VEX_Ratio": -0.587298,
    "CEX_Call": -857552.398,
    "CEX_Put": 1228446.411,
    "CEX_Total": 370894.013,
    "CEX_Ratio": -0.698079
}