{
    "timestamp": "2025-07-08 11:44:01",
    "cum_gam": null,
    "cum_vec": 7200.0,
    "DEX_Call": 53.971,
    "DEX_Put": -36.799,
    "DEX_Total": 17.172,
    "DEX_Ratio": 1.466643,
    "GEX_Call": 642636.664,
    "GEX_Put": -409913.286,
    "GEX_Total": 232723.378,
    "GEX_Ratio": 1.567738,
    "VEX_Call": -125447.111,
    "VEX_Put": 156026.84,
    "VEX_Total": 30579.729,
    "VEX_Ratio": -0.80401,
    "CEX_Call": -938326.341,
    "CEX_Put": 978156.677,
    "CEX_Total": 39830.336,
    "CEX_Ratio": -0.95928
}