{
    "timestamp": "2025-09-19 11:21:22",
    "cum_gam": null,
    "cum_vec": 8400.0,
    "DEX_Call": 69.714,
    "DEX_Put": -30.009,
    "DEX_Total": 39.705,
    "DEX_Ratio": 2.323103,
    "GEX_Call": 726994.896,
    "GEX_Put": -438394.52,
    "GEX_Total": 288600.376,
    "GEX_Ratio": 1.658312,
    "VEX_Call": -35990.414,
    "VEX_Put": 353644.465,
    "VEX_Total": 317654.051,
    "VEX_Ratio": -0.10177,
    "CEX_Call": -193288.912,
    "CEX_Put": 714826.729,
    "CEX_Total": 521537.817,
    "CEX_Ratio": -0.2704
}