{
    "timestamp": "2025-07-22 11:05:07",
    "cum_gam": null,
    "cum_vec": null,
    "DEX_Call": 64.829,
    "DEX_Put": -33.911,
    "DEX_Total": 30.918,
    "DEX_Ratio": 1.91174,
    "GEX_Call": 663653.724,
    "GEX_Put": -538717.511,
    "GEX_Total": 124936.213,
    "GEX_Ratio": 1.231914,
    "VEX_Call": -68414.131,
    "VEX_Put": 167295.13,
    "VEX_Total": 98880.999,
    "VEX_Ratio": -0.408943,
    "CEX_Call": -544217.291,
    "CEX_Put": 993110.495,
    "CEX_Total": 448893.204,
    "CEX_Ratio": -0.547993
}