{
    "timestamp": "2026-07-22 12:48:10",
    "cum_gam": 7475.1728307530175,
    "cum_vec": 9400.0,
    "DEX_Call": 44.98,
    "DEX_Put": -71.214,
    "DEX_Total": -26.234,
    "DEX_Ratio": 0.631617,
    "GEX_Call": 507921.959,
    "GEX_Put": -684227.42,
    "GEX_Total": -176305.461,
    "GEX_Ratio": 0.742329,
    "VEX_Call": -139102.881,
    "VEX_Put": 180955.48,
    "VEX_Total": 41852.599,
    "VEX_Ratio": -0.768713,
    "CEX_Call": -883265.335,
    "CEX_Put": 938906.674,
    "CEX_Total": 55641.339,
    "CEX_Ratio": -0.940738
}