{
    "timestamp": "2025-10-20 09:22:05",
    "cum_gam": null,
    "cum_vec": null,
    "DEX_Call": 73.353,
    "DEX_Put": -26.768,
    "DEX_Total": 46.585,
    "DEX_Ratio": 2.740324,
    "GEX_Call": 551986.551,
    "GEX_Put": -331379.628,
    "GEX_Total": 220606.923,
    "GEX_Ratio": 1.665723,
    "VEX_Call": -38812.417,
    "VEX_Put": 314884.296,
    "VEX_Total": 276071.879,
    "VEX_Ratio": -0.123259,
    "CEX_Call": -306643.415,
    "CEX_Put": 1736430.254,
    "CEX_Total": 1429786.839,
    "CEX_Ratio": -0.176594
}