{
    "timestamp": "2025-09-12 08:49:32",
    "cum_gam": null,
    "cum_vec": 8200.0,
    "DEX_Call": 73.879,
    "DEX_Put": -32.727,
    "DEX_Total": 41.152,
    "DEX_Ratio": 2.257433,
    "GEX_Call": 1257384.587,
    "GEX_Put": -562025.966,
    "GEX_Total": 695358.621,
    "GEX_Ratio": 2.237236,
    "VEX_Call": -179484.985,
    "VEX_Put": 379575.736,
    "VEX_Total": 200090.751,
    "VEX_Ratio": -0.472857,
    "CEX_Call": -585089.442,
    "CEX_Put": 734142.136,
    "CEX_Total": 149052.694,
    "CEX_Ratio": -0.79697
}