{
    "timestamp": "2025-08-15 06:59:35",
    "cum_gam": null,
    "cum_vec": 8200.0,
    "DEX_Call": 101.311,
    "DEX_Put": -35.188,
    "DEX_Total": 66.123,
    "DEX_Ratio": 2.879135,
    "GEX_Call": 964268.477,
    "GEX_Put": -412450.637,
    "GEX_Total": 551817.84,
    "GEX_Ratio": 2.3379,
    "VEX_Call": -94896.478,
    "VEX_Put": 271494.884,
    "VEX_Total": 176598.406,
    "VEX_Ratio": -0.349533,
    "CEX_Call": -355294.354,
    "CEX_Put": 521080.25,
    "CEX_Total": 165785.896,
    "CEX_Ratio": -0.681842
}