{
    "timestamp": "2025-06-27 11:47:03",
    "cum_gam": null,
    "cum_vec": 6609.006883596772,
    "DEX_Call": 1238.853,
    "DEX_Put": -111.924,
    "DEX_Total": 1126.929,
    "DEX_Ratio": 11.068698,
    "GEX_Call": 2091828.427,
    "GEX_Put": -884422.006,
    "GEX_Total": 1207406.421,
    "GEX_Ratio": 2.365193,
    "VEX_Call": 559640.436,
    "VEX_Put": 740642.472,
    "VEX_Total": 1300282.908,
    "VEX_Ratio": 0.755615,
    "CEX_Call": 1023841.447,
    "CEX_Put": 1649289.774,
    "CEX_Total": 2673131.221,
    "CEX_Ratio": 0.620777
}