{
    "timestamp": "2025-11-07 07:53:58",
    "cum_gam": 6903.50208828373,
    "cum_vec": 7786.221404154615,
    "DEX_Call": 17.185,
    "DEX_Put": -193.828,
    "DEX_Total": -176.643,
    "DEX_Ratio": 0.088661,
    "GEX_Call": 171361.561,
    "GEX_Put": -665974.786,
    "GEX_Total": -494613.225,
    "GEX_Ratio": 0.257309,
    "VEX_Call": -149176.08,
    "VEX_Put": 91428.523,
    "VEX_Total": -57747.557,
    "VEX_Ratio": -1.631614,
    "CEX_Call": -341234.246,
    "CEX_Put": 88693.339,
    "CEX_Total": -252540.907,
    "CEX_Ratio": -3.847349
}