{
    "timestamp": "2025-10-21 07:25:07",
    "cum_gam": null,
    "cum_vec": 8400.0,
    "DEX_Call": 126.956,
    "DEX_Put": -56.004,
    "DEX_Total": 70.952,
    "DEX_Ratio": 2.26691,
    "GEX_Call": 1077160.885,
    "GEX_Put": -731484.259,
    "GEX_Total": 345676.626,
    "GEX_Ratio": 1.472569,
    "VEX_Call": -103959.585,
    "VEX_Put": 506769.441,
    "VEX_Total": 402809.856,
    "VEX_Ratio": -0.205142,
    "CEX_Call": -720406.115,
    "CEX_Put": 2577193.081,
    "CEX_Total": 1856786.966,
    "CEX_Ratio": -0.279531
}