{
    "timestamp": "2025-09-15 11:01:28",
    "cum_gam": null,
    "cum_vec": 7800.0,
    "DEX_Call": 195.489,
    "DEX_Put": -28.823,
    "DEX_Total": 166.666,
    "DEX_Ratio": 6.782396,
    "GEX_Call": 1345939.38,
    "GEX_Put": -525737.407,
    "GEX_Total": 820201.973,
    "GEX_Ratio": 2.560098,
    "VEX_Call": 95785.009,
    "VEX_Put": 398531.364,
    "VEX_Total": 494316.373,
    "VEX_Ratio": 0.240345,
    "CEX_Call": 376644.848,
    "CEX_Put": 2359807.184,
    "CEX_Total": 2736452.032,
    "CEX_Ratio": 0.159608
}