{
    "timestamp": "2025-06-30 10:21:07",
    "cum_gam": null,
    "cum_vec": 8000.0,
    "DEX_Call": 159.789,
    "DEX_Put": -15.665,
    "DEX_Total": 144.124,
    "DEX_Ratio": 10.200383,
    "GEX_Call": 637257.334,
    "GEX_Put": -265100.183,
    "GEX_Total": 372157.151,
    "GEX_Ratio": 2.403836,
    "VEX_Call": 54616.08,
    "VEX_Put": 197025.0,
    "VEX_Total": 251641.08,
    "VEX_Ratio": 0.277204,
    "CEX_Call": 249519.455,
    "CEX_Put": 1217846.536,
    "CEX_Total": 1467365.991,
    "CEX_Ratio": 0.204886
}