{
    "timestamp": "2025-07-11 09:07:27",
    "cum_gam": 6645.904416722859,
    "cum_vec": 7400.0,
    "DEX_Call": 44.216,
    "DEX_Put": -53.26,
    "DEX_Total": -9.044,
    "DEX_Ratio": 0.830192,
    "GEX_Call": 478374.244,
    "GEX_Put": -514053.808,
    "GEX_Total": -35679.564,
    "GEX_Ratio": 0.930592,
    "VEX_Call": -89041.684,
    "VEX_Put": 184656.71,
    "VEX_Total": 95615.026,
    "VEX_Ratio": -0.482201,
    "CEX_Call": -278383.945,
    "CEX_Put": 342033.43,
    "CEX_Total": 63649.485,
    "CEX_Ratio": -0.813909
}