{
    "timestamp": "2025-11-25 09:59:24",
    "cum_gam": null,
    "cum_vec": 8368.954758190328,
    "DEX_Call": 85.693,
    "DEX_Put": -41.732,
    "DEX_Total": 43.961,
    "DEX_Ratio": 2.053412,
    "GEX_Call": 662694.936,
    "GEX_Put": -354974.67,
    "GEX_Total": 307720.266,
    "GEX_Ratio": 1.86688,
    "VEX_Call": -147616.912,
    "VEX_Put": 322909.105,
    "VEX_Total": 175292.193,
    "VEX_Ratio": -0.457147,
    "CEX_Call": -922769.592,
    "CEX_Put": 1839610.496,
    "CEX_Total": 916840.904,
    "CEX_Ratio": -0.501611
}