{
    "timestamp": "2025-10-30 08:42:15",
    "cum_gam": null,
    "cum_vec": null,
    "DEX_Call": 832.119,
    "DEX_Put": -235.911,
    "DEX_Total": 596.208,
    "DEX_Ratio": 3.527258,
    "GEX_Call": 2274547.39,
    "GEX_Put": -1807546.718,
    "GEX_Total": 467000.672,
    "GEX_Ratio": 1.258362,
    "VEX_Call": -75578.893,
    "VEX_Put": 1088098.806,
    "VEX_Total": 1012519.913,
    "VEX_Ratio": -0.06946,
    "CEX_Call": -767075.891,
    "CEX_Put": 5645475.997,
    "CEX_Total": 4878400.106,
    "CEX_Ratio": -0.135874
}