{
    "timestamp": "2025-08-01 09:49:49",
    "cum_gam": 6707.967517299132,
    "cum_vec": 8000.0,
    "DEX_Call": 16.562,
    "DEX_Put": -209.844,
    "DEX_Total": -193.282,
    "DEX_Ratio": 0.078925,
    "GEX_Call": 166167.209,
    "GEX_Put": -833428.966,
    "GEX_Total": -667261.757,
    "GEX_Ratio": 0.199378,
    "VEX_Call": -124301.413,
    "VEX_Put": 78734.574,
    "VEX_Total": -45566.839,
    "VEX_Ratio": -1.57874,
    "CEX_Call": -313154.572,
    "CEX_Put": 51716.385,
    "CEX_Total": -261438.187,
    "CEX_Ratio": -6.055229
}