{
    "timestamp": "2025-08-11 12:40:37",
    "cum_gam": null,
    "cum_vec": 7200.0,
    "DEX_Call": 74.173,
    "DEX_Put": -49.952,
    "DEX_Total": 24.221,
    "DEX_Ratio": 1.484885,
    "GEX_Call": 637019.742,
    "GEX_Put": -539284.927,
    "GEX_Total": 97734.815,
    "GEX_Ratio": 1.18123,
    "VEX_Call": -116887.506,
    "VEX_Put": 269579.643,
    "VEX_Total": 152692.137,
    "VEX_Ratio": -0.433592,
    "CEX_Call": -890090.593,
    "CEX_Put": 1739070.288,
    "CEX_Total": 848979.695,
    "CEX_Ratio": -0.51182
}