{
    "timestamp": "2025-10-10 11:15:29",
    "cum_gam": 6723.599992807132,
    "cum_vec": 8400.0,
    "DEX_Call": 15.918,
    "DEX_Put": -185.649,
    "DEX_Total": -169.731,
    "DEX_Ratio": 0.085742,
    "GEX_Call": 156482.765,
    "GEX_Put": -775757.594,
    "GEX_Total": -619274.829,
    "GEX_Ratio": 0.201716,
    "VEX_Call": -128172.069,
    "VEX_Put": 140303.19,
    "VEX_Total": 12131.121,
    "VEX_Ratio": -0.913536,
    "CEX_Call": -309521.727,
    "CEX_Put": 190868.769,
    "CEX_Total": -118652.958,
    "CEX_Ratio": -1.621647
}