{
    "timestamp": "2025-11-26 10:05:33",
    "cum_gam": null,
    "cum_vec": null,
    "DEX_Call": 871.959,
    "DEX_Put": -102.98,
    "DEX_Total": 768.979,
    "DEX_Ratio": 8.467265,
    "GEX_Call": 3288863.753,
    "GEX_Put": -966928.289,
    "GEX_Total": 2321935.464,
    "GEX_Ratio": 3.401352,
    "VEX_Call": 391607.819,
    "VEX_Put": 867246.033,
    "VEX_Total": 1258853.852,
    "VEX_Ratio": 0.451553,
    "CEX_Call": 883430.754,
    "CEX_Put": 2606138.891,
    "CEX_Total": 3489569.645,
    "CEX_Ratio": 0.338981
}