{
    "timestamp": "2025-11-20 08:25:05",
    "cum_gam": null,
    "cum_vec": null,
    "DEX_Call": 2133.277,
    "DEX_Put": -422.511,
    "DEX_Total": 1710.766,
    "DEX_Ratio": 5.049045,
    "GEX_Call": 4811517.016,
    "GEX_Put": -3592711.753,
    "GEX_Total": 1218805.263,
    "GEX_Ratio": 1.339244,
    "VEX_Call": 555016.281,
    "VEX_Put": 2197428.647,
    "VEX_Total": 2752444.928,
    "VEX_Ratio": 0.252575,
    "CEX_Call": 2283570.47,
    "CEX_Put": 11455856.722,
    "CEX_Total": 13739427.192,
    "CEX_Ratio": 0.199337
}