{
    "timestamp": "2025-10-08 10:45:15",
    "cum_gam": null,
    "cum_vec": 8200.0,
    "DEX_Call": 69.4,
    "DEX_Put": -24.785,
    "DEX_Total": 44.615,
    "DEX_Ratio": 2.800081,
    "GEX_Call": 689448.619,
    "GEX_Put": -414591.759,
    "GEX_Total": 274856.86,
    "GEX_Ratio": 1.662958,
    "VEX_Call": -76936.315,
    "VEX_Put": 298354.162,
    "VEX_Total": 221417.847,
    "VEX_Ratio": -0.257869,
    "CEX_Call": -565017.324,
    "CEX_Put": 1708658.079,
    "CEX_Total": 1143640.755,
    "CEX_Ratio": -0.330679
}