{
    "timestamp": "2025-10-03 09:54:02",
    "cum_gam": null,
    "cum_vec": null,
    "DEX_Call": 104.168,
    "DEX_Put": -23.006,
    "DEX_Total": 81.162,
    "DEX_Ratio": 4.527862,
    "GEX_Call": 1048592.575,
    "GEX_Put": -373652.367,
    "GEX_Total": 674940.208,
    "GEX_Ratio": 2.806332,
    "VEX_Call": -35821.202,
    "VEX_Put": 333521.593,
    "VEX_Total": 297700.391,
    "VEX_Ratio": -0.107403,
    "CEX_Call": -240567.554,
    "CEX_Put": 656286.49,
    "CEX_Total": 415718.936,
    "CEX_Ratio": -0.366559
}