{
    "timestamp": "2025-07-15 11:29:34",
    "cum_gam": 6890.062311989686,
    "cum_vec": 6890.062311989686,
    "DEX_Call": 44.19,
    "DEX_Put": -30.093,
    "DEX_Total": 14.097,
    "DEX_Ratio": 1.468448,
    "GEX_Call": 600065.896,
    "GEX_Put": -436715.612,
    "GEX_Total": 163350.284,
    "GEX_Ratio": 1.374043,
    "VEX_Call": -139777.012,
    "VEX_Put": 232010.299,
    "VEX_Total": 92233.287,
    "VEX_Ratio": -0.60246,
    "CEX_Call": -1013111.621,
    "CEX_Put": 1457800.886,
    "CEX_Total": 444689.265,
    "CEX_Ratio": -0.694959
}