{
    "timestamp": "2026-07-22 10:42:38",
    "cum_gam": 7351.627807127137,
    "cum_vec": 9400.0,
    "DEX_Call": 52.385,
    "DEX_Put": -62.082,
    "DEX_Total": -9.697,
    "DEX_Ratio": 0.843803,
    "GEX_Call": 618848.639,
    "GEX_Put": -654658.782,
    "GEX_Total": -35810.143,
    "GEX_Ratio": 0.9453,
    "VEX_Call": -161417.706,
    "VEX_Put": 237984.736,
    "VEX_Total": 76567.03,
    "VEX_Ratio": -0.678269,
    "CEX_Call": -957173.983,
    "CEX_Put": 1166395.806,
    "CEX_Total": 209221.823,
    "CEX_Ratio": -0.820625
}