{
    "timestamp": "2025-11-14 08:26:46",
    "cum_gam": 8082.716049382716,
    "cum_vec": 8335.714285714286,
    "DEX_Call": 22.067,
    "DEX_Put": -222.035,
    "DEX_Total": -199.968,
    "DEX_Ratio": 0.099385,
    "GEX_Call": 196806.783,
    "GEX_Put": -887627.719,
    "GEX_Total": -690820.936,
    "GEX_Ratio": 0.221722,
    "VEX_Call": -178185.463,
    "VEX_Put": 202175.6,
    "VEX_Total": 23990.137,
    "VEX_Ratio": -0.88134,
    "CEX_Call": -408205.807,
    "CEX_Put": 289615.146,
    "CEX_Total": -118590.661,
    "CEX_Ratio": -1.409477
}