{
    "timestamp": "2025-09-04 09:24:21",
    "cum_gam": null,
    "cum_vec": null,
    "DEX_Call": 227.765,
    "DEX_Put": -93.263,
    "DEX_Total": 134.502,
    "DEX_Ratio": 2.44218,
    "GEX_Call": 1580342.181,
    "GEX_Put": -1055235.971,
    "GEX_Total": 525106.21,
    "GEX_Ratio": 1.49762,
    "VEX_Call": -155950.2,
    "VEX_Put": 739384.544,
    "VEX_Total": 583434.344,
    "VEX_Ratio": -0.210919,
    "CEX_Call": -1168314.89,
    "CEX_Put": 4203814.649,
    "CEX_Total": 3035499.759,
    "CEX_Ratio": -0.277918
}