{
    "timestamp": "2025-11-07 07:56:20",
    "cum_gam": 6903.887132849094,
    "cum_vec": 7791.428571428572,
    "DEX_Call": 16.777,
    "DEX_Put": -196.413,
    "DEX_Total": -179.636,
    "DEX_Ratio": 0.085417,
    "GEX_Call": 167053.476,
    "GEX_Put": -665463.878,
    "GEX_Total": -498410.402,
    "GEX_Ratio": 0.251033,
    "VEX_Call": -150139.999,
    "VEX_Put": 83946.786,
    "VEX_Total": -66193.213,
    "VEX_Ratio": -1.788514,
    "CEX_Call": -342893.301,
    "CEX_Put": 73169.392,
    "CEX_Total": -269723.909,
    "CEX_Ratio": -4.686294
}