{
    "timestamp": "2025-07-23 09:40:10",
    "cum_gam": null,
    "cum_vec": 8200.0,
    "DEX_Call": 59.308,
    "DEX_Put": -14.547,
    "DEX_Total": 44.761,
    "DEX_Ratio": 4.076992,
    "GEX_Call": 542662.344,
    "GEX_Put": -240391.435,
    "GEX_Total": 302270.909,
    "GEX_Ratio": 2.257411,
    "VEX_Call": -53750.872,
    "VEX_Put": 158993.703,
    "VEX_Total": 105242.831,
    "VEX_Ratio": -0.338069,
    "CEX_Call": -412152.479,
    "CEX_Put": 930821.13,
    "CEX_Total": 518668.651,
    "CEX_Ratio": -0.442784
}