{
    "timestamp": "2025-08-20 08:56:12",
    "cum_gam": 8190.532544378698,
    "cum_vec": 8400.0,
    "DEX_Call": 27.058,
    "DEX_Put": -103.351,
    "DEX_Total": -76.293,
    "DEX_Ratio": 0.261807,
    "GEX_Call": 224319.213,
    "GEX_Put": -703056.308,
    "GEX_Total": -478737.095,
    "GEX_Ratio": 0.319063,
    "VEX_Call": -74183.595,
    "VEX_Put": 164420.455,
    "VEX_Total": 90236.86,
    "VEX_Ratio": -0.451182,
    "CEX_Call": -473608.764,
    "CEX_Put": 862204.98,
    "CEX_Total": 388596.216,
    "CEX_Ratio": -0.549299
}