{
    "timestamp": "2025-08-18 11:32:52",
    "cum_gam": null,
    "cum_vec": 7800.0,
    "DEX_Call": 32.207,
    "DEX_Put": -26.339,
    "DEX_Total": 5.868,
    "DEX_Ratio": 1.222788,
    "GEX_Call": 360230.094,
    "GEX_Put": -342360.2,
    "GEX_Total": 17869.894,
    "GEX_Ratio": 1.052196,
    "VEX_Call": -58424.319,
    "VEX_Put": 93882.152,
    "VEX_Total": 35457.833,
    "VEX_Ratio": -0.622316,
    "CEX_Call": -430787.757,
    "CEX_Put": 548321.519,
    "CEX_Total": 117533.762,
    "CEX_Ratio": -0.785648
}