{
    "timestamp": "2025-08-22 10:34:32",
    "cum_gam": null,
    "cum_vec": 7600.0,
    "DEX_Call": 61.525,
    "DEX_Put": -15.245,
    "DEX_Total": 46.28,
    "DEX_Ratio": 4.035749,
    "GEX_Call": 756856.678,
    "GEX_Put": -243590.671,
    "GEX_Total": 513266.007,
    "GEX_Ratio": 3.107084,
    "VEX_Call": -92064.643,
    "VEX_Put": 227515.714,
    "VEX_Total": 135451.071,
    "VEX_Ratio": -0.404652,
    "CEX_Call": -325587.976,
    "CEX_Put": 474366.635,
    "CEX_Total": 148778.659,
    "CEX_Ratio": -0.686364
}