{
    "timestamp": "2025-06-26 06:51:53",
    "cum_gam": 7599.700977573318,
    "cum_vec": 7599.700977573318,
    "DEX_Call": 527.209,
    "DEX_Put": -70.919,
    "DEX_Total": 456.29,
    "DEX_Ratio": 7.43396,
    "GEX_Call": 3346095.06,
    "GEX_Put": -1317248.012,
    "GEX_Total": 2028847.048,
    "GEX_Ratio": 2.540216,
    "VEX_Call": 68817.059,
    "VEX_Put": 882497.438,
    "VEX_Total": 951314.497,
    "VEX_Ratio": 0.07798,
    "CEX_Call": -2170395.749,
    "CEX_Put": 10590932.995,
    "CEX_Total": 8420537.246,
    "CEX_Ratio": -0.20493
}