{
    "timestamp": "2025-10-24 11:34:35",
    "cum_gam": null,
    "cum_vec": 7397.392321453144,
    "DEX_Call": 146.727,
    "DEX_Put": -27.839,
    "DEX_Total": 118.888,
    "DEX_Ratio": 5.270556,
    "GEX_Call": 1098751.936,
    "GEX_Put": -350740.234,
    "GEX_Total": 748011.702,
    "GEX_Ratio": 3.132666,
    "VEX_Call": -3546.645,
    "VEX_Put": 491536.456,
    "VEX_Total": 487989.811,
    "VEX_Ratio": -0.007215,
    "CEX_Call": -179350.705,
    "CEX_Put": 1012873.86,
    "CEX_Total": 833523.155,
    "CEX_Ratio": -0.177071
}