{
    "timestamp": "2025-09-26 11:34:17",
    "cum_gam": 6506.143923478664,
    "cum_vec": 8200.0,
    "DEX_Call": 53.606,
    "DEX_Put": -53.588,
    "DEX_Total": 0.018,
    "DEX_Ratio": 1.000336,
    "GEX_Call": 583310.064,
    "GEX_Put": -674763.621,
    "GEX_Total": -91453.557,
    "GEX_Ratio": 0.864466,
    "VEX_Call": -82184.839,
    "VEX_Put": 400626.079,
    "VEX_Total": 318441.24,
    "VEX_Ratio": -0.205141,
    "CEX_Call": -273930.176,
    "CEX_Put": 785709.5,
    "CEX_Total": 511779.324,
    "CEX_Ratio": -0.348641
}