{
    "timestamp": "2025-11-11 12:14:09",
    "cum_gam": null,
    "cum_vec": 8200.0,
    "DEX_Call": 101.967,
    "DEX_Put": -35.29,
    "DEX_Total": 66.677,
    "DEX_Ratio": 2.889402,
    "GEX_Call": 991907.935,
    "GEX_Put": -475746.281,
    "GEX_Total": 516161.654,
    "GEX_Ratio": 2.084952,
    "VEX_Call": -79963.768,
    "VEX_Put": 254178.066,
    "VEX_Total": 174214.298,
    "VEX_Ratio": -0.314597,
    "CEX_Call": -650006.206,
    "CEX_Put": 1499278.397,
    "CEX_Total": 849272.191,
    "CEX_Ratio": -0.433546
}