{
    "timestamp": "2025-09-30 11:49:53",
    "cum_gam": null,
    "cum_vec": 8600.0,
    "DEX_Call": 127.657,
    "DEX_Put": -56.629,
    "DEX_Total": 71.028,
    "DEX_Ratio": 2.254269,
    "GEX_Call": 808398.032,
    "GEX_Put": -702595.495,
    "GEX_Total": 105802.537,
    "GEX_Ratio": 1.150588,
    "VEX_Call": -28408.35,
    "VEX_Put": 308040.542,
    "VEX_Total": 279632.192,
    "VEX_Ratio": -0.092223,
    "CEX_Call": -304177.8,
    "CEX_Put": 1819155.429,
    "CEX_Total": 1514977.629,
    "CEX_Ratio": -0.167208
}