{
    "timestamp": "2025-08-15 06:56:56",
    "cum_gam": null,
    "cum_vec": 8200.0,
    "DEX_Call": 102.361,
    "DEX_Put": -34.402,
    "DEX_Total": 67.959,
    "DEX_Ratio": 2.975437,
    "GEX_Call": 969012.329,
    "GEX_Put": -409448.312,
    "GEX_Total": 559564.017,
    "GEX_Ratio": 2.366629,
    "VEX_Call": -89149.96,
    "VEX_Put": 269742.615,
    "VEX_Total": 180592.655,
    "VEX_Ratio": -0.3305,
    "CEX_Call": -343507.201,
    "CEX_Put": 517361.383,
    "CEX_Total": 173854.182,
    "CEX_Ratio": -0.66396
}