{
    "timestamp": "2025-08-25 12:13:40",
    "cum_gam": null,
    "cum_vec": 8000.0,
    "DEX_Call": 31.894,
    "DEX_Put": -24.547,
    "DEX_Total": 7.347,
    "DEX_Ratio": 1.299303,
    "GEX_Call": 472182.187,
    "GEX_Put": -465314.02,
    "GEX_Total": 6868.167,
    "GEX_Ratio": 1.01476,
    "VEX_Call": -65340.664,
    "VEX_Put": 136501.729,
    "VEX_Total": 71161.065,
    "VEX_Ratio": -0.47868,
    "CEX_Call": -502919.587,
    "CEX_Put": 823847.51,
    "CEX_Total": 320927.923,
    "CEX_Ratio": -0.610452
}