{
    "timestamp": "2025-09-03 08:16:28",
    "cum_gam": 6333.831585524183,
    "cum_vec": 8000.0,
    "DEX_Call": 56.524,
    "DEX_Put": -44.778,
    "DEX_Total": 11.746,
    "DEX_Ratio": 1.262316,
    "GEX_Call": 499353.822,
    "GEX_Put": -546007.61,
    "GEX_Total": -46653.788,
    "GEX_Ratio": 0.914555,
    "VEX_Call": -44978.599,
    "VEX_Put": 233616.353,
    "VEX_Total": 188637.754,
    "VEX_Ratio": -0.192532,
    "CEX_Call": -334759.867,
    "CEX_Put": 1248252.249,
    "CEX_Total": 913492.382,
    "CEX_Ratio": -0.268183
}