{
    "timestamp": "2025-10-29 07:34:28",
    "cum_gam": null,
    "cum_vec": 7797.444161295158,
    "DEX_Call": 172.758,
    "DEX_Put": -60.358,
    "DEX_Total": 112.4,
    "DEX_Ratio": 2.862222,
    "GEX_Call": 698652.13,
    "GEX_Put": -475377.582,
    "GEX_Total": 223274.548,
    "GEX_Ratio": 1.469678,
    "VEX_Call": 16800.143,
    "VEX_Put": 367946.938,
    "VEX_Total": 384747.081,
    "VEX_Ratio": 0.045659,
    "CEX_Call": -21713.872,
    "CEX_Put": 1840567.775,
    "CEX_Total": 1818853.903,
    "CEX_Ratio": -0.011797
}