{
    "timestamp": "2025-09-17 12:10:04",
    "cum_gam": null,
    "cum_vec": null,
    "DEX_Call": 92.812,
    "DEX_Put": -54.716,
    "DEX_Total": 38.096,
    "DEX_Ratio": 1.69625,
    "GEX_Call": 636693.837,
    "GEX_Put": -541323.844,
    "GEX_Total": 95369.993,
    "GEX_Ratio": 1.176179,
    "VEX_Call": -91577.938,
    "VEX_Put": 249974.298,
    "VEX_Total": 158396.36,
    "VEX_Ratio": -0.366349,
    "CEX_Call": -685931.457,
    "CEX_Put": 1516275.39,
    "CEX_Total": 830343.933,
    "CEX_Ratio": -0.452379
}