{
    "timestamp": "2025-11-12 12:39:17",
    "cum_gam": null,
    "cum_vec": 8193.698424606151,
    "DEX_Call": 76.166,
    "DEX_Put": -24.275,
    "DEX_Total": 51.891,
    "DEX_Ratio": 3.137631,
    "GEX_Call": 737755.971,
    "GEX_Put": -337491.541,
    "GEX_Total": 400264.43,
    "GEX_Ratio": 2.185998,
    "VEX_Call": -136991.382,
    "VEX_Put": 245051.331,
    "VEX_Total": 108059.949,
    "VEX_Ratio": -0.559031,
    "CEX_Call": -977242.819,
    "CEX_Put": 1489213.035,
    "CEX_Total": 511970.216,
    "CEX_Ratio": -0.656214
}