{
    "timestamp": "2025-09-26 10:07:04",
    "cum_gam": 6544.147582660315,
    "cum_vec": 8200.0,
    "DEX_Call": 51.808,
    "DEX_Put": -58.563,
    "DEX_Total": -6.755,
    "DEX_Ratio": 0.884654,
    "GEX_Call": 550740.293,
    "GEX_Put": -690398.499,
    "GEX_Total": -139658.206,
    "GEX_Ratio": 0.797714,
    "VEX_Call": -93736.194,
    "VEX_Put": 409017.505,
    "VEX_Total": 315281.311,
    "VEX_Ratio": -0.229174,
    "CEX_Call": -290716.974,
    "CEX_Put": 785267.762,
    "CEX_Total": 494550.788,
    "CEX_Ratio": -0.370214
}