{
    "timestamp": "2025-09-18 11:19:29",
    "cum_gam": null,
    "cum_vec": null,
    "DEX_Call": 10451.979,
    "DEX_Put": -485.431,
    "DEX_Total": 9966.548,
    "DEX_Ratio": 21.531338,
    "GEX_Call": 10191932.153,
    "GEX_Put": -6369390.535,
    "GEX_Total": 3822541.618,
    "GEX_Ratio": 1.600142,
    "VEX_Call": 4554442.819,
    "VEX_Put": 4774590.81,
    "VEX_Total": 9329033.629,
    "VEX_Ratio": 0.953892,
    "CEX_Call": 26524468.184,
    "CEX_Put": 28480699.488,
    "CEX_Total": 55005167.672,
    "CEX_Ratio": 0.931314
}