{
    "timestamp": "2025-11-24 13:29:58",
    "cum_gam": 6818.018785119895,
    "cum_vec": 8278.481012658227,
    "DEX_Call": 59.928,
    "DEX_Put": -94.952,
    "DEX_Total": -35.024,
    "DEX_Ratio": 0.63114,
    "GEX_Call": 389363.959,
    "GEX_Put": -368753.075,
    "GEX_Total": 20610.884,
    "GEX_Ratio": 1.055893,
    "VEX_Call": -54245.901,
    "VEX_Put": 151798.094,
    "VEX_Total": 97552.193,
    "VEX_Ratio": -0.357356,
    "CEX_Call": -421494.839,
    "CEX_Put": 951663.662,
    "CEX_Total": 530168.823,
    "CEX_Ratio": -0.442903
}