{
    "timestamp": "2025-08-07 12:55:00",
    "cum_gam": null,
    "cum_vec": 8200.0,
    "DEX_Call": 180.459,
    "DEX_Put": -104.538,
    "DEX_Total": 75.921,
    "DEX_Ratio": 1.726253,
    "GEX_Call": 1309889.686,
    "GEX_Put": -1070126.796,
    "GEX_Total": 239762.89,
    "GEX_Ratio": 1.224051,
    "VEX_Call": -266284.82,
    "VEX_Put": 496848.451,
    "VEX_Total": 230563.631,
    "VEX_Ratio": -0.535948,
    "CEX_Call": -2036767.46,
    "CEX_Put": 3251323.026,
    "CEX_Total": 1214555.566,
    "CEX_Ratio": -0.626443
}