{
    "timestamp": "2025-08-21 07:54:40",
    "cum_gam": 6354.0456843288885,
    "cum_vec": 8400.0,
    "DEX_Call": 168.562,
    "DEX_Put": -199.268,
    "DEX_Total": -30.706,
    "DEX_Ratio": 0.845906,
    "GEX_Call": 764642.218,
    "GEX_Put": -1401620.034,
    "GEX_Total": -636977.816,
    "GEX_Ratio": 0.545542,
    "VEX_Call": -272160.932,
    "VEX_Put": 663983.594,
    "VEX_Total": 391822.662,
    "VEX_Ratio": -0.409891,
    "CEX_Call": -1670688.005,
    "CEX_Put": 3565546.054,
    "CEX_Total": 1894858.049,
    "CEX_Ratio": -0.468564
}