{
    "timestamp": "2025-10-03 10:11:03",
    "cum_gam": null,
    "cum_vec": null,
    "DEX_Call": 108.639,
    "DEX_Put": -30.274,
    "DEX_Total": 78.365,
    "DEX_Ratio": 3.588525,
    "GEX_Call": 1003999.279,
    "GEX_Put": -434987.783,
    "GEX_Total": 569011.496,
    "GEX_Ratio": 2.308109,
    "VEX_Call": -38340.076,
    "VEX_Put": 371744.188,
    "VEX_Total": 333404.112,
    "VEX_Ratio": -0.103136,
    "CEX_Call": -239436.757,
    "CEX_Put": 732855.615,
    "CEX_Total": 493418.858,
    "CEX_Ratio": -0.326718
}