{
    "timestamp": "2025-07-02 12:52:31",
    "cum_gam": null,
    "cum_vec": 8000.0,
    "DEX_Call": 346.605,
    "DEX_Put": -46.787,
    "DEX_Total": 299.818,
    "DEX_Ratio": 7.408148,
    "GEX_Call": 1633945.564,
    "GEX_Put": -646936.818,
    "GEX_Total": 987008.746,
    "GEX_Ratio": 2.525665,
    "VEX_Call": 115566.213,
    "VEX_Put": 309404.981,
    "VEX_Total": 424971.194,
    "VEX_Ratio": 0.373511,
    "CEX_Call": 552192.949,
    "CEX_Put": 2060712.742,
    "CEX_Total": 2612905.691,
    "CEX_Ratio": 0.267962
}