{
    "timestamp": "2025-11-20 12:12:56",
    "cum_gam": 6581.806797135966,
    "cum_vec": 6581.806797135966,
    "DEX_Call": 1801.675,
    "DEX_Put": -962.446,
    "DEX_Total": 839.229,
    "DEX_Ratio": 1.871975,
    "GEX_Call": 2208184.242,
    "GEX_Put": -3585357.696,
    "GEX_Total": -1377173.454,
    "GEX_Ratio": 0.61589,
    "VEX_Call": -266220.218,
    "VEX_Put": 2072164.233,
    "VEX_Total": 1805944.015,
    "VEX_Ratio": -0.128474,
    "CEX_Call": -2060607.74,
    "CEX_Put": 12793872.105,
    "CEX_Total": 10733264.365,
    "CEX_Ratio": -0.161062
}