{
    "timestamp": "2025-08-06 10:03:55",
    "cum_gam": null,
    "cum_vec": 8000.0,
    "DEX_Call": 35.786,
    "DEX_Put": -32.413,
    "DEX_Total": 3.373,
    "DEX_Ratio": 1.104063,
    "GEX_Call": 382080.707,
    "GEX_Put": -323774.917,
    "GEX_Total": 58305.79,
    "GEX_Ratio": 1.180081,
    "VEX_Call": -63066.137,
    "VEX_Put": 118696.904,
    "VEX_Total": 55630.767,
    "VEX_Ratio": -0.531321,
    "CEX_Call": -448976.406,
    "CEX_Put": 682099.189,
    "CEX_Total": 233122.783,
    "CEX_Ratio": -0.658227
}