{
    "timestamp": "2026-07-21 10:35:36",
    "cum_gam": null,
    "cum_vec": null,
    "DEX_Call": 60.915,
    "DEX_Put": -71.458,
    "DEX_Total": -10.543,
    "DEX_Ratio": 0.852459,
    "GEX_Call": 847647.064,
    "GEX_Put": -686606.698,
    "GEX_Total": 161040.366,
    "GEX_Ratio": 1.234545,
    "VEX_Call": -207063.673,
    "VEX_Put": 282419.286,
    "VEX_Total": 75355.613,
    "VEX_Ratio": -0.733178,
    "CEX_Call": -1232813.028,
    "CEX_Put": 1393592.44,
    "CEX_Total": 160779.412,
    "CEX_Ratio": -0.88463
}