{
    "timestamp": "2025-09-08 07:54:43",
    "cum_gam": null,
    "cum_vec": 8400.0,
    "DEX_Call": 71.286,
    "DEX_Put": -28.0,
    "DEX_Total": 43.286,
    "DEX_Ratio": 2.545929,
    "GEX_Call": 814624.49,
    "GEX_Put": -371977.96,
    "GEX_Total": 442646.53,
    "GEX_Ratio": 2.189981,
    "VEX_Call": -58630.825,
    "VEX_Put": 170843.965,
    "VEX_Total": 112213.14,
    "VEX_Ratio": -0.343183,
    "CEX_Call": -455097.685,
    "CEX_Put": 897171.684,
    "CEX_Total": 442073.999,
    "CEX_Ratio": -0.507258
}