{
    "timestamp": "2025-10-07 12:14:16",
    "cum_gam": 6654.363129778059,
    "cum_vec": 8124.137931034483,
    "DEX_Call": 68.706,
    "DEX_Put": -63.509,
    "DEX_Total": 5.197,
    "DEX_Ratio": 1.081831,
    "GEX_Call": 601906.77,
    "GEX_Put": -761490.603,
    "GEX_Total": -159583.833,
    "GEX_Ratio": 0.790432,
    "VEX_Call": -127781.748,
    "VEX_Put": 300317.247,
    "VEX_Total": 172535.499,
    "VEX_Ratio": -0.425489,
    "CEX_Call": -901645.682,
    "CEX_Put": 1779127.661,
    "CEX_Total": 877481.979,
    "CEX_Ratio": -0.506791
}