{
    "timestamp": "2025-11-11 11:55:29",
    "cum_gam": null,
    "cum_vec": 8200.0,
    "DEX_Call": 135.596,
    "DEX_Put": -35.792,
    "DEX_Total": 99.804,
    "DEX_Ratio": 3.788444,
    "GEX_Call": 1005201.476,
    "GEX_Put": -481281.134,
    "GEX_Total": 523920.342,
    "GEX_Ratio": 2.088595,
    "VEX_Call": -59021.705,
    "VEX_Put": 258554.523,
    "VEX_Total": 199532.818,
    "VEX_Ratio": -0.228276,
    "CEX_Call": -518099.887,
    "CEX_Put": 1506530.339,
    "CEX_Total": 988430.452,
    "CEX_Ratio": -0.343903
}