{
    "timestamp": "2025-07-17 09:49:51",
    "cum_gam": 6505.267605365828,
    "cum_vec": 6505.267605365828,
    "DEX_Call": 2840.285,
    "DEX_Put": -280.636,
    "DEX_Total": 2559.649,
    "DEX_Ratio": 10.120886,
    "GEX_Call": 5350920.454,
    "GEX_Put": -3265653.177,
    "GEX_Total": 2085267.277,
    "GEX_Ratio": 1.638545,
    "VEX_Call": 535831.665,
    "VEX_Put": 1263822.979,
    "VEX_Total": 1799654.644,
    "VEX_Ratio": 0.423977,
    "CEX_Call": 2471396.071,
    "CEX_Put": 7290541.676,
    "CEX_Total": 9761937.747,
    "CEX_Ratio": 0.338987
}