{
    "timestamp": "2025-11-11 10:37:17",
    "cum_gam": null,
    "cum_vec": 8200.0,
    "DEX_Call": 122.812,
    "DEX_Put": -47.897,
    "DEX_Total": 74.915,
    "DEX_Ratio": 2.564085,
    "GEX_Call": 895236.399,
    "GEX_Put": -558840.299,
    "GEX_Total": 336396.1,
    "GEX_Ratio": 1.601954,
    "VEX_Call": -68209.364,
    "VEX_Put": 278705.863,
    "VEX_Total": 210496.499,
    "VEX_Ratio": -0.244736,
    "CEX_Call": -538584.532,
    "CEX_Put": 1541925.638,
    "CEX_Total": 1003341.106,
    "CEX_Ratio": -0.349293
}