{
    "timestamp": "2025-07-03 08:39:50",
    "cum_gam": 6623.910291119888,
    "cum_vec": 8000.0,
    "DEX_Call": 78.803,
    "DEX_Put": -14.775,
    "DEX_Total": 64.028,
    "DEX_Ratio": 5.333536,
    "GEX_Call": 710688.17,
    "GEX_Put": -199303.83,
    "GEX_Total": 511384.34,
    "GEX_Ratio": 3.565853,
    "VEX_Call": -22572.294,
    "VEX_Put": 270765.275,
    "VEX_Total": 248192.981,
    "VEX_Ratio": -0.083365,
    "CEX_Call": -150068.633,
    "CEX_Put": 437226.924,
    "CEX_Total": 287158.291,
    "CEX_Ratio": -0.343228
}