{
    "timestamp": "2025-11-05 11:29:23",
    "cum_gam": null,
    "cum_vec": 8600.0,
    "DEX_Call": 77.756,
    "DEX_Put": -79.201,
    "DEX_Total": -1.445,
    "DEX_Ratio": 0.981755,
    "GEX_Call": 737083.077,
    "GEX_Put": -659631.184,
    "GEX_Total": 77451.893,
    "GEX_Ratio": 1.117417,
    "VEX_Call": -135026.965,
    "VEX_Put": 157775.806,
    "VEX_Total": 22748.841,
    "VEX_Ratio": -0.855815,
    "CEX_Call": -930925.387,
    "CEX_Put": 850170.004,
    "CEX_Total": -80755.383,
    "CEX_Ratio": -1.094987
}