{
    "timestamp": "2025-09-04 09:51:47",
    "cum_gam": null,
    "cum_vec": null,
    "DEX_Call": 221.427,
    "DEX_Put": -92.195,
    "DEX_Total": 129.232,
    "DEX_Ratio": 2.401725,
    "GEX_Call": 1598425.349,
    "GEX_Put": -1043289.829,
    "GEX_Total": 555135.52,
    "GEX_Ratio": 1.532101,
    "VEX_Call": -156878.546,
    "VEX_Put": 731241.791,
    "VEX_Total": 574363.245,
    "VEX_Ratio": -0.214537,
    "CEX_Call": -1191415.618,
    "CEX_Put": 4226511.121,
    "CEX_Total": 3035095.503,
    "CEX_Ratio": -0.281891
}