{
    "timestamp": "2025-09-03 07:05:08",
    "cum_gam": 6374.289481012424,
    "cum_vec": 8000.0,
    "DEX_Call": 52.724,
    "DEX_Put": -53.287,
    "DEX_Total": -0.563,
    "DEX_Ratio": 0.989435,
    "GEX_Call": 468393.615,
    "GEX_Put": -579160.317,
    "GEX_Total": -110766.702,
    "GEX_Ratio": 0.808746,
    "VEX_Call": -51433.922,
    "VEX_Put": 229836.531,
    "VEX_Total": 178402.609,
    "VEX_Ratio": -0.223785,
    "CEX_Call": -356019.83,
    "CEX_Put": 1173449.327,
    "CEX_Total": 817429.497,
    "CEX_Ratio": -0.303396
}