{
    "timestamp": "2025-07-23 11:37:45",
    "cum_gam": null,
    "cum_vec": 8200.0,
    "DEX_Call": 76.938,
    "DEX_Put": -10.05,
    "DEX_Total": 66.888,
    "DEX_Ratio": 7.655522,
    "GEX_Call": 612343.343,
    "GEX_Put": -184067.36,
    "GEX_Total": 428275.983,
    "GEX_Ratio": 3.326735,
    "VEX_Call": -35895.896,
    "VEX_Put": 144336.762,
    "VEX_Total": 108440.866,
    "VEX_Ratio": -0.248695,
    "CEX_Call": -329810.104,
    "CEX_Put": 912757.176,
    "CEX_Total": 582947.072,
    "CEX_Ratio": -0.361334
}