{
    "timestamp": "2025-11-06 13:32:37",
    "cum_gam": 6756.271996447318,
    "cum_vec": 6756.271996447318,
    "DEX_Call": 157.242,
    "DEX_Put": -228.864,
    "DEX_Total": -71.622,
    "DEX_Ratio": 0.687054,
    "GEX_Call": 733798.861,
    "GEX_Put": -1649563.074,
    "GEX_Total": -915764.213,
    "GEX_Ratio": 0.444844,
    "VEX_Call": -256149.019,
    "VEX_Put": 579489.992,
    "VEX_Total": 323340.973,
    "VEX_Ratio": -0.442025,
    "CEX_Call": -1811156.159,
    "CEX_Put": 3580374.006,
    "CEX_Total": 1769217.847,
    "CEX_Ratio": -0.505857
}