{
    "timestamp": "2025-09-26 07:52:02",
    "cum_gam": 6565.479600017607,
    "cum_vec": 8200.0,
    "DEX_Call": 43.965,
    "DEX_Put": -92.748,
    "DEX_Total": -48.783,
    "DEX_Ratio": 0.474026,
    "GEX_Call": 430688.895,
    "GEX_Put": -846414.133,
    "GEX_Total": -415725.238,
    "GEX_Ratio": 0.508839,
    "VEX_Call": -136407.902,
    "VEX_Put": 444696.97,
    "VEX_Total": 308289.068,
    "VEX_Ratio": -0.306743,
    "CEX_Call": -357899.657,
    "CEX_Put": 815201.391,
    "CEX_Total": 457301.734,
    "CEX_Ratio": -0.439032
}