{
    "timestamp": "2025-10-09 11:11:44",
    "cum_gam": 6616.12143082432,
    "cum_vec": 6616.12143082432,
    "DEX_Call": 199.038,
    "DEX_Put": -151.463,
    "DEX_Total": 47.575,
    "DEX_Ratio": 1.314103,
    "GEX_Call": 1589790.105,
    "GEX_Put": -1852983.764,
    "GEX_Total": -263193.659,
    "GEX_Ratio": 0.857962,
    "VEX_Call": -292357.25,
    "VEX_Put": 980851.06,
    "VEX_Total": 688493.81,
    "VEX_Ratio": -0.298065,
    "CEX_Call": -2022067.653,
    "CEX_Put": 5661280.612,
    "CEX_Total": 3639212.959,
    "CEX_Ratio": -0.357175
}