{
    "timestamp": "2025-10-30 12:08:35",
    "cum_gam": null,
    "cum_vec": null,
    "DEX_Call": 778.787,
    "DEX_Put": -239.122,
    "DEX_Total": 539.665,
    "DEX_Ratio": 3.256861,
    "GEX_Call": 2210771.555,
    "GEX_Put": -1934704.635,
    "GEX_Total": 276066.92,
    "GEX_Ratio": 1.142692,
    "VEX_Call": -9456.587,
    "VEX_Put": 837686.696,
    "VEX_Total": 828230.109,
    "VEX_Ratio": -0.011289,
    "CEX_Call": -403778.023,
    "CEX_Put": 4871973.02,
    "CEX_Total": 4468194.997,
    "CEX_Ratio": -0.082878
}