{
    "timestamp": "2025-06-30 10:43:30",
    "cum_gam": null,
    "cum_vec": 8000.0,
    "DEX_Call": 149.984,
    "DEX_Put": -16.767,
    "DEX_Total": 133.217,
    "DEX_Ratio": 8.94519,
    "GEX_Call": 628163.002,
    "GEX_Put": -283845.822,
    "GEX_Total": 344317.18,
    "GEX_Ratio": 2.213043,
    "VEX_Call": 54453.343,
    "VEX_Put": 199852.459,
    "VEX_Total": 254305.802,
    "VEX_Ratio": 0.272468,
    "CEX_Call": 254820.38,
    "CEX_Put": 1251047.801,
    "CEX_Total": 1505868.181,
    "CEX_Ratio": 0.203686
}