{
    "timestamp": "2025-07-09 10:57:21",
    "cum_gam": null,
    "cum_vec": 8000.0,
    "DEX_Call": 60.968,
    "DEX_Put": -22.257,
    "DEX_Total": 38.711,
    "DEX_Ratio": 2.739273,
    "GEX_Call": 448707.692,
    "GEX_Put": -286854.677,
    "GEX_Total": 161853.015,
    "GEX_Ratio": 1.564233,
    "VEX_Call": -72633.648,
    "VEX_Put": 127023.295,
    "VEX_Total": 54389.647,
    "VEX_Ratio": -0.571814,
    "CEX_Call": -540138.583,
    "CEX_Put": 777206.274,
    "CEX_Total": 237067.691,
    "CEX_Ratio": -0.694975
}