{
    "timestamp": "2025-07-22 11:47:32",
    "cum_gam": null,
    "cum_vec": null,
    "DEX_Call": 58.719,
    "DEX_Put": -30.471,
    "DEX_Total": 28.248,
    "DEX_Ratio": 1.927045,
    "GEX_Call": 690012.148,
    "GEX_Put": -510881.82,
    "GEX_Total": 179130.328,
    "GEX_Ratio": 1.35063,
    "VEX_Call": -70681.33,
    "VEX_Put": 167511.374,
    "VEX_Total": 96830.044,
    "VEX_Ratio": -0.421949,
    "CEX_Call": -574808.429,
    "CEX_Put": 1026992.664,
    "CEX_Total": 452184.235,
    "CEX_Ratio": -0.559701
}