{
    "timestamp": "2025-07-16 09:06:55",
    "cum_gam": 6204.182469743603,
    "cum_vec": 7800.0,
    "DEX_Call": 40.501,
    "DEX_Put": -41.579,
    "DEX_Total": -1.078,
    "DEX_Ratio": 0.974073,
    "GEX_Call": 240479.879,
    "GEX_Put": -389701.64,
    "GEX_Total": -149221.761,
    "GEX_Ratio": 0.617087,
    "VEX_Call": -60646.979,
    "VEX_Put": 145532.162,
    "VEX_Total": 84885.183,
    "VEX_Ratio": -0.416726,
    "CEX_Call": -405766.363,
    "CEX_Put": 822672.435,
    "CEX_Total": 416906.072,
    "CEX_Ratio": -0.49323
}