{
    "timestamp": "2025-11-25 09:41:29",
    "cum_gam": null,
    "cum_vec": 8395.501183898974,
    "DEX_Call": 78.522,
    "DEX_Put": -39.884,
    "DEX_Total": 38.638,
    "DEX_Ratio": 1.968759,
    "GEX_Call": 600002.201,
    "GEX_Put": -368329.386,
    "GEX_Total": 231672.815,
    "GEX_Ratio": 1.628983,
    "VEX_Call": -154429.877,
    "VEX_Put": 343237.289,
    "VEX_Total": 188807.412,
    "VEX_Ratio": -0.449922,
    "CEX_Call": -947781.777,
    "CEX_Put": 1937960.026,
    "CEX_Total": 990178.249,
    "CEX_Ratio": -0.489062
}