{
    "timestamp": "2025-08-22 11:47:48",
    "cum_gam": null,
    "cum_vec": 7600.0,
    "DEX_Call": 73.829,
    "DEX_Put": -15.883,
    "DEX_Total": 57.946,
    "DEX_Ratio": 4.648303,
    "GEX_Call": 749495.833,
    "GEX_Put": -258158.291,
    "GEX_Total": 491337.542,
    "GEX_Ratio": 2.903241,
    "VEX_Call": -83306.258,
    "VEX_Put": 219117.849,
    "VEX_Total": 135811.591,
    "VEX_Ratio": -0.380189,
    "CEX_Call": -307938.607,
    "CEX_Put": 461663.566,
    "CEX_Total": 153724.959,
    "CEX_Ratio": -0.66702
}