{
    "timestamp": "2025-07-01 08:40:11",
    "cum_gam": null,
    "cum_vec": 7400.0,
    "DEX_Call": 89.51,
    "DEX_Put": -25.343,
    "DEX_Total": 64.167,
    "DEX_Ratio": 3.531942,
    "GEX_Call": 643684.07,
    "GEX_Put": -350508.016,
    "GEX_Total": 293176.054,
    "GEX_Ratio": 1.836432,
    "VEX_Call": -44616.315,
    "VEX_Put": 213058.016,
    "VEX_Total": 168441.701,
    "VEX_Ratio": -0.209409,
    "CEX_Call": -369315.658,
    "CEX_Put": 1228660.563,
    "CEX_Total": 859344.905,
    "CEX_Ratio": -0.300584
}