{
    "timestamp": "2025-11-18 07:30:08",
    "cum_gam": 6688.0235190438425,
    "cum_vec": 6688.0235190438425,
    "DEX_Call": 33.97,
    "DEX_Put": -137.267,
    "DEX_Total": -103.297,
    "DEX_Ratio": 0.247474,
    "GEX_Call": 254887.321,
    "GEX_Put": -690985.633,
    "GEX_Total": -436098.312,
    "GEX_Ratio": 0.368875,
    "VEX_Call": -214712.392,
    "VEX_Put": 356185.444,
    "VEX_Total": 141473.052,
    "VEX_Ratio": -0.602811,
    "CEX_Call": -1194595.712,
    "CEX_Put": 1807709.096,
    "CEX_Total": 613113.384,
    "CEX_Ratio": -0.660834
}