{
    "timestamp": "2026-07-22 12:39:45",
    "cum_gam": 7477.349407788906,
    "cum_vec": 9400.0,
    "DEX_Call": 44.112,
    "DEX_Put": -70.917,
    "DEX_Total": -26.805,
    "DEX_Ratio": 0.622023,
    "GEX_Call": 484103.567,
    "GEX_Put": -683299.447,
    "GEX_Total": -199195.88,
    "GEX_Ratio": 0.708479,
    "VEX_Call": -148027.157,
    "VEX_Put": 173167.147,
    "VEX_Total": 25139.99,
    "VEX_Ratio": -0.854822,
    "CEX_Call": -927008.813,
    "CEX_Put": 889230.502,
    "CEX_Total": -37778.311,
    "CEX_Ratio": -1.042484
}