{
    "timestamp": "2025-10-30 11:10:36",
    "cum_gam": null,
    "cum_vec": null,
    "DEX_Call": 836.703,
    "DEX_Put": -213.862,
    "DEX_Total": 622.841,
    "DEX_Ratio": 3.91235,
    "GEX_Call": 2382584.384,
    "GEX_Put": -1824602.513,
    "GEX_Total": 557981.871,
    "GEX_Ratio": 1.30581,
    "VEX_Call": -62045.177,
    "VEX_Put": 903029.384,
    "VEX_Total": 840984.207,
    "VEX_Ratio": -0.068708,
    "CEX_Call": -740866.119,
    "CEX_Put": 5080562.295,
    "CEX_Total": 4339696.176,
    "CEX_Ratio": -0.145824
}