{
    "timestamp": "2026-07-22 12:34:35",
    "cum_gam": 7475.733076493864,
    "cum_vec": 9400.0,
    "DEX_Call": 45.536,
    "DEX_Put": -67.86,
    "DEX_Total": -22.324,
    "DEX_Ratio": 0.671029,
    "GEX_Call": 501537.069,
    "GEX_Put": -684514.529,
    "GEX_Total": -182977.46,
    "GEX_Ratio": 0.73269,
    "VEX_Call": -145159.217,
    "VEX_Put": 178224.093,
    "VEX_Total": 33064.876,
    "VEX_Ratio": -0.814476,
    "CEX_Call": -910128.865,
    "CEX_Put": 914309.319,
    "CEX_Total": 4180.454,
    "CEX_Ratio": -0.995428
}