{
    "timestamp": "2025-11-26 09:16:23",
    "cum_gam": null,
    "cum_vec": 7876.1744532159955,
    "DEX_Call": 818.548,
    "DEX_Put": -88.699,
    "DEX_Total": 729.849,
    "DEX_Ratio": 9.228379,
    "GEX_Call": 3283785.84,
    "GEX_Put": -994905.711,
    "GEX_Total": 2288880.129,
    "GEX_Ratio": 3.3006,
    "VEX_Call": 361410.288,
    "VEX_Put": 866790.86,
    "VEX_Total": 1228201.148,
    "VEX_Ratio": 0.416952,
    "CEX_Call": 774439.926,
    "CEX_Put": 2564156.174,
    "CEX_Total": 3338596.1,
    "CEX_Ratio": 0.302025
}