{
    "timestamp": "2025-09-15 08:03:39",
    "cum_gam": null,
    "cum_vec": 7800.0,
    "DEX_Call": 157.262,
    "DEX_Put": -28.298,
    "DEX_Total": 128.964,
    "DEX_Ratio": 5.557354,
    "GEX_Call": 1290170.902,
    "GEX_Put": -491452.572,
    "GEX_Total": 798718.33,
    "GEX_Ratio": 2.62522,
    "VEX_Call": 51248.92,
    "VEX_Put": 400393.884,
    "VEX_Total": 451642.804,
    "VEX_Ratio": 0.127996,
    "CEX_Call": 81478.025,
    "CEX_Put": 2134450.065,
    "CEX_Total": 2215928.09,
    "CEX_Ratio": 0.038173
}