{
    "timestamp": "2025-11-07 08:44:23",
    "cum_gam": 6876.970928111131,
    "cum_vec": 7771.607629427793,
    "DEX_Call": 13.583,
    "DEX_Put": -208.254,
    "DEX_Total": -194.671,
    "DEX_Ratio": 0.065223,
    "GEX_Call": 143171.353,
    "GEX_Put": -668225.17,
    "GEX_Total": -525053.817,
    "GEX_Ratio": 0.214256,
    "VEX_Call": -144169.838,
    "VEX_Put": 53661.185,
    "VEX_Total": -90508.653,
    "VEX_Ratio": -2.686669,
    "CEX_Call": -330373.369,
    "CEX_Put": 10252.621,
    "CEX_Total": -320120.748,
    "CEX_Ratio": -32.223308
}