{
    "timestamp": "2025-08-20 07:43:35",
    "cum_gam": 6420.225299443227,
    "cum_vec": 8400.0,
    "DEX_Call": 23.582,
    "DEX_Put": -120.617,
    "DEX_Total": -97.035,
    "DEX_Ratio": 0.195511,
    "GEX_Call": 192240.383,
    "GEX_Put": -715159.336,
    "GEX_Total": -522918.953,
    "GEX_Ratio": 0.268808,
    "VEX_Call": -75958.432,
    "VEX_Put": 159239.51,
    "VEX_Total": 83281.078,
    "VEX_Ratio": -0.477007,
    "CEX_Call": -462378.333,
    "CEX_Put": 794650.614,
    "CEX_Total": 332272.281,
    "CEX_Ratio": -0.581864
}