{
    "timestamp": "2025-10-20 06:34:56",
    "cum_gam": null,
    "cum_vec": null,
    "DEX_Call": 61.396,
    "DEX_Put": -36.331,
    "DEX_Total": 25.065,
    "DEX_Ratio": 1.689907,
    "GEX_Call": 452141.52,
    "GEX_Put": -365928.013,
    "GEX_Total": 86213.507,
    "GEX_Ratio": 1.235602,
    "VEX_Call": -66889.75,
    "VEX_Put": 300557.403,
    "VEX_Total": 233667.653,
    "VEX_Ratio": -0.222552,
    "CEX_Call": -418147.429,
    "CEX_Put": 1504327.648,
    "CEX_Total": 1086180.219,
    "CEX_Ratio": -0.277963
}