{
    "timestamp": "2025-11-12 07:41:55",
    "cum_gam": null,
    "cum_vec": 8188.469905728789,
    "DEX_Call": 93.502,
    "DEX_Put": -19.275,
    "DEX_Total": 74.227,
    "DEX_Ratio": 4.850947,
    "GEX_Call": 841499.957,
    "GEX_Put": -274100.3,
    "GEX_Total": 567399.657,
    "GEX_Ratio": 3.070044,
    "VEX_Call": -105958.926,
    "VEX_Put": 260840.286,
    "VEX_Total": 154881.36,
    "VEX_Ratio": -0.406221,
    "CEX_Call": -688270.204,
    "CEX_Put": 1327888.159,
    "CEX_Total": 639617.955,
    "CEX_Ratio": -0.518319
}