{
    "timestamp": "2025-08-28 12:32:22",
    "cum_gam": null,
    "cum_vec": null,
    "DEX_Call": 716.397,
    "DEX_Put": -55.739,
    "DEX_Total": 660.658,
    "DEX_Ratio": 12.852706,
    "GEX_Call": 2754614.172,
    "GEX_Put": -1084860.021,
    "GEX_Total": 1669754.151,
    "GEX_Ratio": 2.539142,
    "VEX_Call": 270855.034,
    "VEX_Put": 865728.432,
    "VEX_Total": 1136583.466,
    "VEX_Ratio": 0.312864,
    "CEX_Call": 1357104.338,
    "CEX_Put": 5543649.713,
    "CEX_Total": 6900754.051,
    "CEX_Ratio": 0.244803
}