{
    "timestamp": "2025-09-11 12:40:46",
    "cum_gam": null,
    "cum_vec": null,
    "DEX_Call": 405.039,
    "DEX_Put": -22.867,
    "DEX_Total": 382.172,
    "DEX_Ratio": 17.712818,
    "GEX_Call": 2335437.735,
    "GEX_Put": -430609.662,
    "GEX_Total": 1904828.073,
    "GEX_Ratio": 5.423561,
    "VEX_Call": 220291.138,
    "VEX_Put": 611582.51,
    "VEX_Total": 831873.648,
    "VEX_Ratio": 0.360199,
    "CEX_Call": 1077402.175,
    "CEX_Put": 3936755.68,
    "CEX_Total": 5014157.855,
    "CEX_Ratio": 0.273678
}