{
    "timestamp": "2025-08-26 10:36:56",
    "cum_gam": null,
    "cum_vec": null,
    "DEX_Call": 56.794,
    "DEX_Put": -47.177,
    "DEX_Total": 9.617,
    "DEX_Ratio": 1.203849,
    "GEX_Call": 757626.491,
    "GEX_Put": -695577.506,
    "GEX_Total": 62048.985,
    "GEX_Ratio": 1.089205,
    "VEX_Call": -138372.911,
    "VEX_Put": 202795.918,
    "VEX_Total": 64423.007,
    "VEX_Ratio": -0.682326,
    "CEX_Call": -975421.381,
    "CEX_Put": 1147430.155,
    "CEX_Total": 172008.774,
    "CEX_Ratio": -0.850092
}