{
    "timestamp": "2025-08-15 11:46:04",
    "cum_gam": null,
    "cum_vec": 8200.0,
    "DEX_Call": 98.263,
    "DEX_Put": -28.875,
    "DEX_Total": 69.388,
    "DEX_Ratio": 3.403048,
    "GEX_Call": 1044052.067,
    "GEX_Put": -418402.38,
    "GEX_Total": 625649.687,
    "GEX_Ratio": 2.49533,
    "VEX_Call": -85598.106,
    "VEX_Put": 234196.811,
    "VEX_Total": 148598.705,
    "VEX_Ratio": -0.365496,
    "CEX_Call": -359479.684,
    "CEX_Put": 471927.939,
    "CEX_Total": 112448.255,
    "CEX_Ratio": -0.761726
}