{
    "timestamp": "2025-10-30 12:14:02",
    "cum_gam": null,
    "cum_vec": null,
    "DEX_Call": 777.729,
    "DEX_Put": -234.565,
    "DEX_Total": 543.164,
    "DEX_Ratio": 3.315623,
    "GEX_Call": 2228274.042,
    "GEX_Put": -1933563.75,
    "GEX_Total": 294710.292,
    "GEX_Ratio": 1.152418,
    "VEX_Call": 33401.308,
    "VEX_Put": 853752.602,
    "VEX_Total": 887153.91,
    "VEX_Ratio": 0.039123,
    "CEX_Call": -141033.495,
    "CEX_Put": 4990677.546,
    "CEX_Total": 4849644.051,
    "CEX_Ratio": -0.028259
}