{
    "timestamp": "2025-07-22 07:58:04",
    "cum_gam": null,
    "cum_vec": null,
    "DEX_Call": 61.027,
    "DEX_Put": -42.443,
    "DEX_Total": 18.584,
    "DEX_Ratio": 1.437858,
    "GEX_Call": 597864.283,
    "GEX_Put": -563164.317,
    "GEX_Total": 34699.966,
    "GEX_Ratio": 1.061616,
    "VEX_Call": -82951.182,
    "VEX_Put": 185328.003,
    "VEX_Total": 102376.821,
    "VEX_Ratio": -0.447591,
    "CEX_Call": -573200.077,
    "CEX_Put": 983986.703,
    "CEX_Total": 410786.626,
    "CEX_Ratio": -0.582528
}