{
    "timestamp": "2025-10-16 09:28:00",
    "cum_gam": 6427.079771279469,
    "cum_vec": 6427.079771279469,
    "DEX_Call": 2770.526,
    "DEX_Put": -767.698,
    "DEX_Total": 2002.828,
    "DEX_Ratio": 3.608875,
    "GEX_Call": 4725977.797,
    "GEX_Put": -4842611.252,
    "GEX_Total": -116633.455,
    "GEX_Ratio": 0.975915,
    "VEX_Call": 8381.467,
    "VEX_Put": 2857661.892,
    "VEX_Total": 2866043.359,
    "VEX_Ratio": 0.002933,
    "CEX_Call": -689964.206,
    "CEX_Put": 15720961.056,
    "CEX_Total": 15030996.85,
    "CEX_Ratio": -0.043888
}