{
    "timestamp": "2025-07-28 06:35:59",
    "cum_gam": null,
    "cum_vec": 8200.0,
    "DEX_Call": 86.855,
    "DEX_Put": -19.829,
    "DEX_Total": 67.026,
    "DEX_Ratio": 4.380201,
    "GEX_Call": 833266.211,
    "GEX_Put": -340269.673,
    "GEX_Total": 492996.538,
    "GEX_Ratio": 2.448841,
    "VEX_Call": -83539.78,
    "VEX_Put": 185365.297,
    "VEX_Total": 101825.517,
    "VEX_Ratio": -0.450676,
    "CEX_Call": -585493.729,
    "CEX_Put": 957148.429,
    "CEX_Total": 371654.7,
    "CEX_Ratio": -0.611706
}