{
    "timestamp": "2025-09-26 11:15:36",
    "cum_gam": 6550.218579276333,
    "cum_vec": 8200.0,
    "DEX_Call": 54.337,
    "DEX_Put": -59.434,
    "DEX_Total": -5.097,
    "DEX_Ratio": 0.914241,
    "GEX_Call": 556836.876,
    "GEX_Put": -708748.557,
    "GEX_Total": -151911.681,
    "GEX_Ratio": 0.785662,
    "VEX_Call": -87573.601,
    "VEX_Put": 413997.5,
    "VEX_Total": 326423.899,
    "VEX_Ratio": -0.211532,
    "CEX_Call": -281137.345,
    "CEX_Put": 807100.449,
    "CEX_Total": 525963.104,
    "CEX_Ratio": -0.34833
}