{
    "timestamp": "2025-10-29 07:15:18",
    "cum_gam": null,
    "cum_vec": 7796.980713537495,
    "DEX_Call": 180.054,
    "DEX_Put": -60.514,
    "DEX_Total": 119.54,
    "DEX_Ratio": 2.975411,
    "GEX_Call": 693876.057,
    "GEX_Put": -471958.666,
    "GEX_Total": 221917.391,
    "GEX_Ratio": 1.470205,
    "VEX_Call": 31827.15,
    "VEX_Put": 374507.569,
    "VEX_Total": 406334.719,
    "VEX_Ratio": 0.084984,
    "CEX_Call": 55485.374,
    "CEX_Put": 1854665.577,
    "CEX_Total": 1910150.951,
    "CEX_Ratio": 0.029917
}