{
    "timestamp": "2025-09-17 11:43:04",
    "cum_gam": 6414.561586924725,
    "cum_vec": 6414.561586924725,
    "DEX_Call": 77.001,
    "DEX_Put": -82.639,
    "DEX_Total": -5.638,
    "DEX_Ratio": 0.931776,
    "GEX_Call": 515918.364,
    "GEX_Put": -565547.242,
    "GEX_Total": -49628.878,
    "GEX_Ratio": 0.912246,
    "VEX_Call": -157375.444,
    "VEX_Put": 191864.229,
    "VEX_Total": 34488.785,
    "VEX_Ratio": -0.820244,
    "CEX_Call": -1076410.28,
    "CEX_Put": 1125695.991,
    "CEX_Total": 49285.711,
    "CEX_Ratio": -0.956218
}