{
    "timestamp": "2025-11-21 09:43:22",
    "cum_gam": 6619.365591874716,
    "cum_vec": 8200.0,
    "DEX_Call": 26.794,
    "DEX_Put": -166.647,
    "DEX_Total": -139.853,
    "DEX_Ratio": 0.160783,
    "GEX_Call": 216698.279,
    "GEX_Put": -520975.45,
    "GEX_Total": -304277.171,
    "GEX_Ratio": 0.415947,
    "VEX_Call": -237830.413,
    "VEX_Put": 158682.584,
    "VEX_Total": -79147.829,
    "VEX_Ratio": -1.498781,
    "CEX_Call": -554320.901,
    "CEX_Put": 265874.311,
    "CEX_Total": -288446.59,
    "CEX_Ratio": -2.084898
}