{
    "timestamp": "2025-09-22 08:04:09",
    "cum_gam": null,
    "cum_vec": 8200.0,
    "DEX_Call": 56.183,
    "DEX_Put": -15.041,
    "DEX_Total": 41.142,
    "DEX_Ratio": 3.735323,
    "GEX_Call": 503666.502,
    "GEX_Put": -272544.056,
    "GEX_Total": 231122.446,
    "GEX_Ratio": 1.848019,
    "VEX_Call": -34700.401,
    "VEX_Put": 218740.083,
    "VEX_Total": 184039.682,
    "VEX_Ratio": -0.158638,
    "CEX_Call": -268668.512,
    "CEX_Put": 1155031.485,
    "CEX_Total": 886362.973,
    "CEX_Ratio": -0.232607
}