{
    "timestamp": "2026-07-22 12:38:10",
    "cum_gam": 7475.623513906342,
    "cum_vec": 9400.0,
    "DEX_Call": 45.426,
    "DEX_Put": -73.072,
    "DEX_Total": -27.646,
    "DEX_Ratio": 0.621661,
    "GEX_Call": 498603.041,
    "GEX_Put": -683646.572,
    "GEX_Total": -185043.531,
    "GEX_Ratio": 0.729329,
    "VEX_Call": -147001.406,
    "VEX_Put": 176466.194,
    "VEX_Total": 29464.788,
    "VEX_Ratio": -0.833029,
    "CEX_Call": -922163.144,
    "CEX_Put": 906696.865,
    "CEX_Total": -15466.279,
    "CEX_Ratio": -1.017058
}