{
    "timestamp": "2025-09-15 08:31:05",
    "cum_gam": null,
    "cum_vec": 7800.0,
    "DEX_Call": 130.513,
    "DEX_Put": -28.448,
    "DEX_Total": 102.065,
    "DEX_Ratio": 4.587774,
    "GEX_Call": 1293203.417,
    "GEX_Put": -520440.919,
    "GEX_Total": 772762.498,
    "GEX_Ratio": 2.484823,
    "VEX_Call": 17911.699,
    "VEX_Put": 388309.639,
    "VEX_Total": 406221.338,
    "VEX_Ratio": 0.046127,
    "CEX_Call": -101518.42,
    "CEX_Put": 2097573.087,
    "CEX_Total": 1996054.667,
    "CEX_Ratio": -0.048398
}