{
    "timestamp": "2025-11-25 10:34:20",
    "cum_gam": null,
    "cum_vec": 8335.557240333586,
    "DEX_Call": 105.897,
    "DEX_Put": -44.244,
    "DEX_Total": 61.653,
    "DEX_Ratio": 2.393477,
    "GEX_Call": 799568.475,
    "GEX_Put": -320050.425,
    "GEX_Total": 479518.05,
    "GEX_Ratio": 2.498258,
    "VEX_Call": -136341.839,
    "VEX_Put": 300295.119,
    "VEX_Total": 163953.28,
    "VEX_Ratio": -0.454026,
    "CEX_Call": -885298.052,
    "CEX_Put": 1743134.131,
    "CEX_Total": 857836.079,
    "CEX_Ratio": -0.507877
}