{
    "timestamp": "2025-11-03 10:29:17",
    "cum_gam": null,
    "cum_vec": 8800.0,
    "DEX_Call": 68.97,
    "DEX_Put": -39.406,
    "DEX_Total": 29.564,
    "DEX_Ratio": 1.750241,
    "GEX_Call": 491180.06,
    "GEX_Put": -377029.687,
    "GEX_Total": 114150.373,
    "GEX_Ratio": 1.302762,
    "VEX_Call": -46454.552,
    "VEX_Put": 183920.947,
    "VEX_Total": 137466.395,
    "VEX_Ratio": -0.252579,
    "CEX_Call": -346207.225,
    "CEX_Put": 1007995.099,
    "CEX_Total": 661787.874,
    "CEX_Ratio": -0.343461
}