{
    "timestamp": "2025-10-17 08:24:33",
    "cum_gam": 6604.10837295174,
    "cum_vec": 6604.10837295174,
    "DEX_Call": 28.375,
    "DEX_Put": -132.044,
    "DEX_Total": -103.669,
    "DEX_Ratio": 0.21489,
    "GEX_Call": 225925.935,
    "GEX_Put": -610030.327,
    "GEX_Total": -384104.392,
    "GEX_Ratio": 0.370352,
    "VEX_Call": -171959.165,
    "VEX_Put": 360195.944,
    "VEX_Total": 188236.779,
    "VEX_Ratio": -0.477405,
    "CEX_Call": -404140.182,
    "CEX_Put": 677307.98,
    "CEX_Total": 273167.798,
    "CEX_Ratio": -0.596686
}