{
    "timestamp": "2025-10-16 07:22:20",
    "cum_gam": null,
    "cum_vec": 9129.76852475419,
    "DEX_Call": 2855.776,
    "DEX_Put": -599.944,
    "DEX_Total": 2255.832,
    "DEX_Ratio": 4.760071,
    "GEX_Call": 5982510.645,
    "GEX_Put": -4561034.895,
    "GEX_Total": 1421475.75,
    "GEX_Ratio": 1.311656,
    "VEX_Call": 59477.843,
    "VEX_Put": 2821713.892,
    "VEX_Total": 2881191.735,
    "VEX_Ratio": 0.021079,
    "CEX_Call": -617036.727,
    "CEX_Put": 14352553.564,
    "CEX_Total": 13735516.837,
    "CEX_Ratio": -0.042991
}