{
    "timestamp": "2025-10-17 06:39:55",
    "cum_gam": 6602.1603145789695,
    "cum_vec": 6602.1603145789695,
    "DEX_Call": 34.448,
    "DEX_Put": -125.619,
    "DEX_Total": -91.171,
    "DEX_Ratio": 0.274226,
    "GEX_Call": 250259.5,
    "GEX_Put": -572078.619,
    "GEX_Total": -321819.119,
    "GEX_Ratio": 0.437456,
    "VEX_Call": -185058.657,
    "VEX_Put": 381421.035,
    "VEX_Total": 196362.378,
    "VEX_Ratio": -0.485182,
    "CEX_Call": -426672.821,
    "CEX_Put": 709458.385,
    "CEX_Total": 282785.564,
    "CEX_Ratio": -0.601406
}