{
    "timestamp": "2025-08-14 11:50:34",
    "cum_gam": null,
    "cum_vec": 8233.229196251064,
    "DEX_Call": 2159.257,
    "DEX_Put": -148.591,
    "DEX_Total": 2010.666,
    "DEX_Ratio": 14.531546,
    "GEX_Call": 4804161.958,
    "GEX_Put": -2330657.746,
    "GEX_Total": 2473504.212,
    "GEX_Ratio": 2.06129,
    "VEX_Call": 187775.124,
    "VEX_Put": 1711803.41,
    "VEX_Total": 1899578.534,
    "VEX_Ratio": 0.109694,
    "CEX_Call": 463030.798,
    "CEX_Put": 10698801.242,
    "CEX_Total": 11161832.04,
    "CEX_Ratio": 0.043279
}