{
    "timestamp": "2025-11-26 08:15:17",
    "cum_gam": null,
    "cum_vec": null,
    "DEX_Call": 547.169,
    "DEX_Put": -166.959,
    "DEX_Total": 380.21,
    "DEX_Ratio": 3.277266,
    "GEX_Call": 3022807.896,
    "GEX_Put": -1258701.508,
    "GEX_Total": 1764106.388,
    "GEX_Ratio": 2.401529,
    "VEX_Call": -83929.321,
    "VEX_Put": 976650.643,
    "VEX_Total": 892721.322,
    "VEX_Ratio": -0.085936,
    "CEX_Call": -556977.736,
    "CEX_Put": 2827690.672,
    "CEX_Total": 2270712.936,
    "CEX_Ratio": -0.196973
}