{
    "timestamp": "2025-10-20 12:27:20",
    "cum_gam": null,
    "cum_vec": null,
    "DEX_Call": 81.562,
    "DEX_Put": -18.756,
    "DEX_Total": 62.806,
    "DEX_Ratio": 4.348582,
    "GEX_Call": 608013.196,
    "GEX_Put": -287205.817,
    "GEX_Total": 320807.379,
    "GEX_Ratio": 2.116995,
    "VEX_Call": -16277.894,
    "VEX_Put": 262542.913,
    "VEX_Total": 246265.019,
    "VEX_Ratio": -0.062001,
    "CEX_Call": -198310.086,
    "CEX_Put": 1621661.105,
    "CEX_Total": 1423351.019,
    "CEX_Ratio": -0.122288
}