{
    "timestamp": "2025-08-25 12:21:41",
    "cum_gam": 6348.999920349524,
    "cum_vec": 8000.0,
    "DEX_Call": 32.259,
    "DEX_Put": -26.416,
    "DEX_Total": 5.843,
    "DEX_Ratio": 1.221192,
    "GEX_Call": 455971.17,
    "GEX_Put": -479965.989,
    "GEX_Total": -23994.819,
    "GEX_Ratio": 0.950007,
    "VEX_Call": -63427.599,
    "VEX_Put": 133360.042,
    "VEX_Total": 69932.443,
    "VEX_Ratio": -0.475612,
    "CEX_Call": -490142.949,
    "CEX_Put": 805803.584,
    "CEX_Total": 315660.635,
    "CEX_Ratio": -0.608266
}