{
    "timestamp": "2026-07-23 10:49:38",
    "cum_gam": 7477.097701584992,
    "cum_vec": 7477.097701584992,
    "DEX_Call": 82.645,
    "DEX_Put": -361.053,
    "DEX_Total": -278.408,
    "DEX_Ratio": 0.2289,
    "GEX_Call": 516799.337,
    "GEX_Put": -1968797.696,
    "GEX_Total": -1451998.359,
    "GEX_Ratio": 0.262495,
    "VEX_Call": -344268.724,
    "VEX_Put": 484624.903,
    "VEX_Total": 140356.179,
    "VEX_Ratio": -0.710382,
    "CEX_Call": -1951458.385,
    "CEX_Put": 2325840.797,
    "CEX_Total": 374382.412,
    "CEX_Ratio": -0.839034
}