{
    "timestamp": "2025-08-19 07:16:48",
    "cum_gam": null,
    "cum_vec": 8200.0,
    "DEX_Call": 40.886,
    "DEX_Put": -36.134,
    "DEX_Total": 4.752,
    "DEX_Ratio": 1.13151,
    "GEX_Call": 591744.405,
    "GEX_Put": -559413.897,
    "GEX_Total": 32330.508,
    "GEX_Ratio": 1.057794,
    "VEX_Call": -107988.375,
    "VEX_Put": 233025.327,
    "VEX_Total": 125036.952,
    "VEX_Ratio": -0.463419,
    "CEX_Call": -688769.612,
    "CEX_Put": 1199407.621,
    "CEX_Total": 510638.009,
    "CEX_Ratio": -0.574258
}