{
    "timestamp": "2025-10-13 10:50:29",
    "cum_gam": 6625.087324199374,
    "cum_vec": 8000.0,
    "DEX_Call": 46.63,
    "DEX_Put": -92.537,
    "DEX_Total": -45.907,
    "DEX_Ratio": 0.503907,
    "GEX_Call": 401531.838,
    "GEX_Put": -611228.87,
    "GEX_Total": -209697.032,
    "GEX_Ratio": 0.656926,
    "VEX_Call": -118267.387,
    "VEX_Put": 206147.318,
    "VEX_Total": 87879.931,
    "VEX_Ratio": -0.573703,
    "CEX_Call": -778517.302,
    "CEX_Put": 1152179.737,
    "CEX_Total": 373662.435,
    "CEX_Ratio": -0.675691
}