{
    "timestamp": "2025-09-23 08:50:00",
    "cum_gam": null,
    "cum_vec": 8200.0,
    "DEX_Call": 67.939,
    "DEX_Put": -30.02,
    "DEX_Total": 37.919,
    "DEX_Ratio": 2.263125,
    "GEX_Call": 831546.387,
    "GEX_Put": -517637.169,
    "GEX_Total": 313909.218,
    "GEX_Ratio": 1.606427,
    "VEX_Call": -127324.361,
    "VEX_Put": 319457.477,
    "VEX_Total": 192133.116,
    "VEX_Ratio": -0.398564,
    "CEX_Call": -844159.146,
    "CEX_Put": 1711204.087,
    "CEX_Total": 867044.941,
    "CEX_Ratio": -0.493313
}