{
    "timestamp": "2025-07-08 11:48:38",
    "cum_gam": null,
    "cum_vec": 7200.0,
    "DEX_Call": 67.628,
    "DEX_Put": -38.033,
    "DEX_Total": 29.595,
    "DEX_Ratio": 1.77814,
    "GEX_Call": 637682.954,
    "GEX_Put": -418157.535,
    "GEX_Total": 219525.419,
    "GEX_Ratio": 1.524983,
    "VEX_Call": -116193.353,
    "VEX_Put": 158311.778,
    "VEX_Total": 42118.425,
    "VEX_Ratio": -0.733953,
    "CEX_Call": -878092.475,
    "CEX_Put": 995334.65,
    "CEX_Total": 117242.175,
    "CEX_Ratio": -0.882208
}