{
    "timestamp": "2025-07-16 09:52:14",
    "cum_gam": 6203.860613446305,
    "cum_vec": 7800.0,
    "DEX_Call": 45.58,
    "DEX_Put": -37.354,
    "DEX_Total": 8.226,
    "DEX_Ratio": 1.220217,
    "GEX_Call": 257969.706,
    "GEX_Put": -386923.975,
    "GEX_Total": -128954.269,
    "GEX_Ratio": 0.666719,
    "VEX_Call": -53891.524,
    "VEX_Put": 140376.263,
    "VEX_Total": 86484.739,
    "VEX_Ratio": -0.383908,
    "CEX_Call": -375883.964,
    "CEX_Put": 813681.32,
    "CEX_Total": 437797.356,
    "CEX_Ratio": -0.461955
}