{
    "timestamp": "2025-09-09 07:42:29",
    "cum_gam": null,
    "cum_vec": 8200.0,
    "DEX_Call": 59.404,
    "DEX_Put": -50.714,
    "DEX_Total": 8.69,
    "DEX_Ratio": 1.171353,
    "GEX_Call": 745914.258,
    "GEX_Put": -686321.892,
    "GEX_Total": 59592.366,
    "GEX_Ratio": 1.086829,
    "VEX_Call": -137703.45,
    "VEX_Put": 286260.333,
    "VEX_Total": 148556.883,
    "VEX_Ratio": -0.481043,
    "CEX_Call": -883476.183,
    "CEX_Put": 1487130.701,
    "CEX_Total": 603654.518,
    "CEX_Ratio": -0.594081
}