{
    "timestamp": "2026-07-23 12:55:08",
    "cum_gam": 7428.267374930688,
    "cum_vec": 7428.267374930688,
    "DEX_Call": 73.647,
    "DEX_Put": -254.553,
    "DEX_Total": -180.906,
    "DEX_Ratio": 0.289319,
    "GEX_Call": 408700.234,
    "GEX_Put": -1849350.484,
    "GEX_Total": -1440650.25,
    "GEX_Ratio": 0.220997,
    "VEX_Call": -281522.103,
    "VEX_Put": 570357.08,
    "VEX_Total": 288834.977,
    "VEX_Ratio": -0.493589,
    "CEX_Call": -1723571.696,
    "CEX_Put": 3073656.97,
    "CEX_Total": 1350085.274,
    "CEX_Ratio": -0.560756
}