{
    "timestamp": "2025-09-10 08:53:39",
    "cum_gam": null,
    "cum_vec": 8200.0,
    "DEX_Call": 100.613,
    "DEX_Put": -20.901,
    "DEX_Total": 79.712,
    "DEX_Ratio": 4.813789,
    "GEX_Call": 814374.324,
    "GEX_Put": -333224.649,
    "GEX_Total": 481149.675,
    "GEX_Ratio": 2.44392,
    "VEX_Call": -20783.586,
    "VEX_Put": 276832.87,
    "VEX_Total": 256049.284,
    "VEX_Ratio": -0.075076,
    "CEX_Call": -246553.052,
    "CEX_Put": 1537413.311,
    "CEX_Total": 1290860.259,
    "CEX_Ratio": -0.160369
}