{
    "timestamp": "2025-11-04 07:39:04",
    "cum_gam": 6790.338746790672,
    "cum_vec": 8800.0,
    "DEX_Call": 30.066,
    "DEX_Put": -112.154,
    "DEX_Total": -82.088,
    "DEX_Ratio": 0.268078,
    "GEX_Call": 239456.758,
    "GEX_Put": -710916.695,
    "GEX_Total": -471459.937,
    "GEX_Ratio": 0.336828,
    "VEX_Call": -150018.45,
    "VEX_Put": 321798.711,
    "VEX_Total": 171780.261,
    "VEX_Ratio": -0.466187,
    "CEX_Call": -836387.648,
    "CEX_Put": 1602800.746,
    "CEX_Total": 766413.098,
    "CEX_Ratio": -0.521829
}