{
    "timestamp": "2025-11-07 09:53:18",
    "cum_gam": 6877.192875338982,
    "cum_vec": 7778.587443946189,
    "DEX_Call": 11.883,
    "DEX_Put": -217.788,
    "DEX_Total": -205.905,
    "DEX_Ratio": 0.054562,
    "GEX_Call": 125784.357,
    "GEX_Put": -672552.296,
    "GEX_Total": -546767.939,
    "GEX_Ratio": 0.187025,
    "VEX_Call": -141156.568,
    "VEX_Put": 29742.839,
    "VEX_Total": -111413.729,
    "VEX_Ratio": -4.745901,
    "CEX_Call": -326406.241,
    "CEX_Put": -40430.105,
    "CEX_Total": -366836.346,
    "CEX_Ratio": -8.073346
}