{
    "timestamp": "2026-07-22 09:33:00",
    "cum_gam": null,
    "cum_vec": 9400.0,
    "DEX_Call": 55.162,
    "DEX_Put": -57.481,
    "DEX_Total": -2.319,
    "DEX_Ratio": 0.959656,
    "GEX_Call": 664076.03,
    "GEX_Put": -618256.845,
    "GEX_Total": 45819.185,
    "GEX_Ratio": 1.07411,
    "VEX_Call": -157839.52,
    "VEX_Put": 262486.456,
    "VEX_Total": 104646.936,
    "VEX_Ratio": -0.601324,
    "CEX_Call": -910391.577,
    "CEX_Put": 1244870.823,
    "CEX_Total": 334479.246,
    "CEX_Ratio": -0.731314
}