{
    "timestamp": "2025-11-19 09:28:35",
    "cum_gam": 8516.26517273576,
    "cum_vec": 8516.26517273576,
    "DEX_Call": 25.0,
    "DEX_Put": -152.724,
    "DEX_Total": -127.724,
    "DEX_Ratio": 0.163694,
    "GEX_Call": 173934.465,
    "GEX_Put": -483343.971,
    "GEX_Total": -309409.506,
    "GEX_Ratio": 0.359856,
    "VEX_Call": -158758.672,
    "VEX_Put": 116059.861,
    "VEX_Total": -42698.811,
    "VEX_Ratio": -1.367903,
    "CEX_Call": -944643.283,
    "CEX_Put": 595205.517,
    "CEX_Total": -349437.766,
    "CEX_Ratio": -1.587088
}