{
    "timestamp": "2025-10-15 11:41:01",
    "cum_gam": 6450.441309431794,
    "cum_vec": 8200.0,
    "DEX_Call": 65.517,
    "DEX_Put": -73.7,
    "DEX_Total": -8.183,
    "DEX_Ratio": 0.888969,
    "GEX_Call": 534078.922,
    "GEX_Put": -555411.281,
    "GEX_Total": -21332.359,
    "GEX_Ratio": 0.961592,
    "VEX_Call": -117636.148,
    "VEX_Put": 283663.553,
    "VEX_Total": 166027.405,
    "VEX_Ratio": -0.414703,
    "CEX_Call": -815670.046,
    "CEX_Put": 1678921.592,
    "CEX_Total": 863251.546,
    "CEX_Ratio": -0.48583
}