{
    "timestamp": "2025-08-06 08:22:17",
    "cum_gam": null,
    "cum_vec": 8000.0,
    "DEX_Call": 31.165,
    "DEX_Put": -36.165,
    "DEX_Total": -5.0,
    "DEX_Ratio": 0.861745,
    "GEX_Call": 346625.036,
    "GEX_Put": -331667.384,
    "GEX_Total": 14957.652,
    "GEX_Ratio": 1.045098,
    "VEX_Call": -69818.085,
    "VEX_Put": 112171.696,
    "VEX_Total": 42353.611,
    "VEX_Ratio": -0.622422,
    "CEX_Call": -461240.623,
    "CEX_Put": 602230.504,
    "CEX_Total": 140989.881,
    "CEX_Ratio": -0.765887
}