{
    "timestamp": "2025-09-03 11:13:08",
    "cum_gam": 6396.021951991422,
    "cum_vec": 8000.0,
    "DEX_Call": 42.906,
    "DEX_Put": -66.318,
    "DEX_Total": -23.412,
    "DEX_Ratio": 0.646974,
    "GEX_Call": 432946.883,
    "GEX_Put": -658710.304,
    "GEX_Total": -225763.421,
    "GEX_Ratio": 0.657264,
    "VEX_Call": -62814.2,
    "VEX_Put": 190894.13,
    "VEX_Total": 128079.93,
    "VEX_Ratio": -0.329053,
    "CEX_Call": -466931.971,
    "CEX_Put": 1110571.247,
    "CEX_Total": 643639.276,
    "CEX_Ratio": -0.420443
}