{
    "timestamp": "2025-09-08 07:13:40",
    "cum_gam": null,
    "cum_vec": 8400.0,
    "DEX_Call": 62.695,
    "DEX_Put": -33.745,
    "DEX_Total": 28.95,
    "DEX_Ratio": 1.857905,
    "GEX_Call": 748688.138,
    "GEX_Put": -408993.758,
    "GEX_Total": 339694.38,
    "GEX_Ratio": 1.830561,
    "VEX_Call": -78669.289,
    "VEX_Put": 178916.156,
    "VEX_Total": 100246.867,
    "VEX_Ratio": -0.439699,
    "CEX_Call": -547744.102,
    "CEX_Put": 915831.449,
    "CEX_Total": 368087.347,
    "CEX_Ratio": -0.598084
}