{
    "timestamp": "2025-09-16 12:36:52",
    "cum_gam": null,
    "cum_vec": 8400.0,
    "DEX_Call": 114.976,
    "DEX_Put": -59.216,
    "DEX_Total": 55.76,
    "DEX_Ratio": 1.941637,
    "GEX_Call": 778818.644,
    "GEX_Put": -658334.458,
    "GEX_Total": 120484.186,
    "GEX_Ratio": 1.183014,
    "VEX_Call": -136613.523,
    "VEX_Put": 415429.102,
    "VEX_Total": 278815.579,
    "VEX_Ratio": -0.328849,
    "CEX_Call": -1011466.182,
    "CEX_Put": 2602951.834,
    "CEX_Total": 1591485.652,
    "CEX_Ratio": -0.388584
}