{
    "timestamp": "2025-10-02 12:13:49",
    "cum_gam": null,
    "cum_vec": null,
    "DEX_Call": 412.502,
    "DEX_Put": -73.534,
    "DEX_Total": 338.968,
    "DEX_Ratio": 5.609677,
    "GEX_Call": 2407566.237,
    "GEX_Put": -1299721.918,
    "GEX_Total": 1107844.319,
    "GEX_Ratio": 1.85237,
    "VEX_Call": 187846.812,
    "VEX_Put": 894705.569,
    "VEX_Total": 1082552.381,
    "VEX_Ratio": 0.209954,
    "CEX_Call": 809093.229,
    "CEX_Put": 5442024.87,
    "CEX_Total": 6251118.099,
    "CEX_Ratio": 0.148675
}