{
    "timestamp": "2025-11-24 13:47:12",
    "cum_gam": 6825.969125699394,
    "cum_vec": 8662.790697674418,
    "DEX_Call": 62.402,
    "DEX_Put": -91.667,
    "DEX_Total": -29.265,
    "DEX_Ratio": 0.680747,
    "GEX_Call": 399782.145,
    "GEX_Put": -367161.433,
    "GEX_Total": 32620.712,
    "GEX_Ratio": 1.088846,
    "VEX_Call": -49961.432,
    "VEX_Put": 147119.904,
    "VEX_Total": 97158.472,
    "VEX_Ratio": -0.339597,
    "CEX_Call": -398271.009,
    "CEX_Put": 931512.34,
    "CEX_Total": 533241.331,
    "CEX_Ratio": -0.427553
}