{
    "timestamp": "2025-07-23 09:02:52",
    "cum_gam": null,
    "cum_vec": 8200.0,
    "DEX_Call": 77.744,
    "DEX_Put": -13.577,
    "DEX_Total": 64.167,
    "DEX_Ratio": 5.726155,
    "GEX_Call": 551797.004,
    "GEX_Put": -230559.343,
    "GEX_Total": 321237.661,
    "GEX_Ratio": 2.393297,
    "VEX_Call": -37543.172,
    "VEX_Put": 158639.177,
    "VEX_Total": 121096.005,
    "VEX_Ratio": -0.236658,
    "CEX_Call": -309909.92,
    "CEX_Put": 909263.935,
    "CEX_Total": 599354.015,
    "CEX_Ratio": -0.340836
}