{
    "timestamp": "2025-10-06 12:37:06",
    "cum_gam": null,
    "cum_vec": null,
    "DEX_Call": 75.946,
    "DEX_Put": -16.69,
    "DEX_Total": 59.256,
    "DEX_Ratio": 4.550389,
    "GEX_Call": 651618.914,
    "GEX_Put": -327794.631,
    "GEX_Total": 323824.283,
    "GEX_Ratio": 1.987888,
    "VEX_Call": -42152.415,
    "VEX_Put": 221498.409,
    "VEX_Total": 179345.994,
    "VEX_Ratio": -0.190306,
    "CEX_Call": -370726.833,
    "CEX_Put": 1361943.988,
    "CEX_Total": 991217.155,
    "CEX_Ratio": -0.272204
}