{
    "timestamp": "2025-10-03 10:02:07",
    "cum_gam": null,
    "cum_vec": null,
    "DEX_Call": 99.095,
    "DEX_Put": -24.648,
    "DEX_Total": 74.447,
    "DEX_Ratio": 4.020407,
    "GEX_Call": 1034553.118,
    "GEX_Put": -391093.765,
    "GEX_Total": 643459.353,
    "GEX_Ratio": 2.645282,
    "VEX_Call": -45533.708,
    "VEX_Put": 338433.639,
    "VEX_Total": 292899.931,
    "VEX_Ratio": -0.134543,
    "CEX_Call": -259410.606,
    "CEX_Put": 665757.066,
    "CEX_Total": 406346.46,
    "CEX_Ratio": -0.389648
}