{
    "timestamp": "2025-11-07 08:33:43",
    "cum_gam": 6813.984067956019,
    "cum_vec": 7766.199418143348,
    "DEX_Call": 16.381,
    "DEX_Put": -190.274,
    "DEX_Total": -173.893,
    "DEX_Ratio": 0.086092,
    "GEX_Call": 168933.534,
    "GEX_Put": -667643.644,
    "GEX_Total": -498710.11,
    "GEX_Ratio": 0.253029,
    "VEX_Call": -152277.282,
    "VEX_Put": 88042.958,
    "VEX_Total": -64234.324,
    "VEX_Ratio": -1.729579,
    "CEX_Call": -350274.327,
    "CEX_Put": 82962.144,
    "CEX_Total": -267312.183,
    "CEX_Ratio": -4.222098
}