{
    "timestamp": "2026-07-23 09:42:47",
    "cum_gam": 7481.1604687028075,
    "cum_vec": 7481.1604687028075,
    "DEX_Call": 82.522,
    "DEX_Put": -391.033,
    "DEX_Total": -308.511,
    "DEX_Ratio": 0.211036,
    "GEX_Call": 602414.816,
    "GEX_Put": -2003665.249,
    "GEX_Total": -1401250.433,
    "GEX_Ratio": 0.300656,
    "VEX_Call": -398828.61,
    "VEX_Put": 480867.722,
    "VEX_Total": 82039.112,
    "VEX_Ratio": -0.829394,
    "CEX_Call": -2173803.672,
    "CEX_Put": 2194475.348,
    "CEX_Total": 20671.676,
    "CEX_Ratio": -0.99058
}