{
    "timestamp": "2025-10-02 09:49:11",
    "cum_gam": null,
    "cum_vec": 8558.96304467733,
    "DEX_Call": 370.534,
    "DEX_Put": -104.113,
    "DEX_Total": 266.421,
    "DEX_Ratio": 3.55896,
    "GEX_Call": 2257485.136,
    "GEX_Put": -1518227.666,
    "GEX_Total": 739257.47,
    "GEX_Ratio": 1.486921,
    "VEX_Call": 62716.112,
    "VEX_Put": 944790.158,
    "VEX_Total": 1007506.27,
    "VEX_Ratio": 0.066381,
    "CEX_Call": 10246.114,
    "CEX_Put": 5229905.645,
    "CEX_Total": 5240151.759,
    "CEX_Ratio": 0.001959
}