{
    "timestamp": "2025-10-13 12:41:21",
    "cum_gam": 6629.927789381486,
    "cum_vec": 8000.0,
    "DEX_Call": 46.911,
    "DEX_Put": -89.405,
    "DEX_Total": -42.494,
    "DEX_Ratio": 0.524702,
    "GEX_Call": 423267.882,
    "GEX_Put": -638701.714,
    "GEX_Total": -215433.832,
    "GEX_Ratio": 0.6627,
    "VEX_Call": -95579.266,
    "VEX_Put": 212750.022,
    "VEX_Total": 117170.756,
    "VEX_Ratio": -0.449256,
    "CEX_Call": -685966.95,
    "CEX_Put": 1279933.836,
    "CEX_Total": 593966.886,
    "CEX_Ratio": -0.535939
}