{
    "timestamp": "2025-07-22 12:54:58",
    "cum_gam": null,
    "cum_vec": null,
    "DEX_Call": 61.955,
    "DEX_Put": -28.839,
    "DEX_Total": 33.116,
    "DEX_Ratio": 2.148306,
    "GEX_Call": 703787.404,
    "GEX_Put": -518146.463,
    "GEX_Total": 185640.941,
    "GEX_Ratio": 1.358279,
    "VEX_Call": -58928.932,
    "VEX_Put": 165505.697,
    "VEX_Total": 106576.765,
    "VEX_Ratio": -0.356054,
    "CEX_Call": -516489.703,
    "CEX_Put": 1060860.24,
    "CEX_Total": 544370.537,
    "CEX_Ratio": -0.486859
}