{
    "timestamp": "2025-08-21 09:24:21",
    "cum_gam": 6359.211326939918,
    "cum_vec": 8400.0,
    "DEX_Call": 157.624,
    "DEX_Put": -211.384,
    "DEX_Total": -53.76,
    "DEX_Ratio": 0.745676,
    "GEX_Call": 690506.033,
    "GEX_Put": -1443214.577,
    "GEX_Total": -752708.544,
    "GEX_Ratio": 0.47845,
    "VEX_Call": -275381.552,
    "VEX_Put": 653153.627,
    "VEX_Total": 377772.075,
    "VEX_Ratio": -0.421618,
    "CEX_Call": -1761633.631,
    "CEX_Put": 3696957.587,
    "CEX_Total": 1935323.956,
    "CEX_Ratio": -0.476509
}