{
    "timestamp": "2025-09-05 12:39:25",
    "cum_gam": 7433.411764705882,
    "cum_vec": 8200.0,
    "DEX_Call": 54.695,
    "DEX_Put": -33.149,
    "DEX_Total": 21.546,
    "DEX_Ratio": 1.649974,
    "GEX_Call": 788046.224,
    "GEX_Put": -500720.096,
    "GEX_Total": 287326.128,
    "GEX_Ratio": 1.573826,
    "VEX_Call": -101200.953,
    "VEX_Put": 272230.811,
    "VEX_Total": 171029.858,
    "VEX_Ratio": -0.371747,
    "CEX_Call": -357367.129,
    "CEX_Put": 551933.572,
    "CEX_Total": 194566.443,
    "CEX_Ratio": -0.647482
}