{
    "timestamp": "2025-10-07 09:33:08",
    "cum_gam": 6604.439876097152,
    "cum_vec": 7848.648648648648,
    "DEX_Call": 71.656,
    "DEX_Put": -60.366,
    "DEX_Total": 11.29,
    "DEX_Ratio": 1.187026,
    "GEX_Call": 626115.848,
    "GEX_Put": -733481.523,
    "GEX_Total": -107365.675,
    "GEX_Ratio": 0.853622,
    "VEX_Call": -157058.63,
    "VEX_Put": 347830.655,
    "VEX_Total": 190772.025,
    "VEX_Ratio": -0.451538,
    "CEX_Call": -997522.743,
    "CEX_Put": 1877964.665,
    "CEX_Total": 880441.922,
    "CEX_Ratio": -0.531172
}