{
    "timestamp": "2025-07-11 08:33:40",
    "cum_gam": 6644.070271059419,
    "cum_vec": 7400.0,
    "DEX_Call": 49.207,
    "DEX_Put": -52.504,
    "DEX_Total": -3.297,
    "DEX_Ratio": 0.937205,
    "GEX_Call": 482596.938,
    "GEX_Put": -522529.751,
    "GEX_Total": -39932.813,
    "GEX_Ratio": 0.923578,
    "VEX_Call": -85714.868,
    "VEX_Put": 186080.433,
    "VEX_Total": 100365.565,
    "VEX_Ratio": -0.460633,
    "CEX_Call": -269981.452,
    "CEX_Put": 340810.781,
    "CEX_Total": 70829.329,
    "CEX_Ratio": -0.792174
}