{
    "timestamp": "2025-10-24 11:01:27",
    "cum_gam": null,
    "cum_vec": 7397.227407868354,
    "DEX_Call": 144.148,
    "DEX_Put": -27.864,
    "DEX_Total": 116.284,
    "DEX_Ratio": 5.17327,
    "GEX_Call": 1091199.757,
    "GEX_Put": -353454.626,
    "GEX_Total": 737745.131,
    "GEX_Ratio": 3.087241,
    "VEX_Call": -7126.242,
    "VEX_Put": 487633.901,
    "VEX_Total": 480507.659,
    "VEX_Ratio": -0.014614,
    "CEX_Call": -185834.868,
    "CEX_Put": 996359.547,
    "CEX_Total": 810524.679,
    "CEX_Ratio": -0.186514
}