{
    "timestamp": "2025-09-25 06:44:08",
    "cum_gam": 6602.3823258521215,
    "cum_vec": 8600.0,
    "DEX_Call": 160.655,
    "DEX_Put": -264.065,
    "DEX_Total": -103.41,
    "DEX_Ratio": 0.608392,
    "GEX_Call": 785010.338,
    "GEX_Put": -1782979.417,
    "GEX_Total": -997969.079,
    "GEX_Ratio": 0.44028,
    "VEX_Call": -232660.323,
    "VEX_Put": 500027.784,
    "VEX_Total": 267367.461,
    "VEX_Ratio": -0.465295,
    "CEX_Call": -1361111.119,
    "CEX_Put": 2383166.53,
    "CEX_Total": 1022055.411,
    "CEX_Ratio": -0.571136
}