{
    "timestamp": "2025-09-05 07:27:41",
    "cum_gam": 7428.710462287105,
    "cum_vec": 8200.0,
    "DEX_Call": 69.319,
    "DEX_Put": -46.426,
    "DEX_Total": 22.893,
    "DEX_Ratio": 1.493107,
    "GEX_Call": 656345.064,
    "GEX_Put": -491689.508,
    "GEX_Total": 164655.556,
    "GEX_Ratio": 1.334877,
    "VEX_Call": -121766.128,
    "VEX_Put": 347548.582,
    "VEX_Total": 225782.454,
    "VEX_Ratio": -0.350357,
    "CEX_Call": -365910.039,
    "CEX_Put": 674923.556,
    "CEX_Total": 309013.517,
    "CEX_Ratio": -0.54215
}