{
    "timestamp": "2025-10-17 11:22:41",
    "cum_gam": 6558.126230818014,
    "cum_vec": 6558.126230818014,
    "DEX_Call": 47.215,
    "DEX_Put": -77.561,
    "DEX_Total": -30.346,
    "DEX_Ratio": 0.608747,
    "GEX_Call": 404956.994,
    "GEX_Put": -548448.969,
    "GEX_Total": -143491.975,
    "GEX_Ratio": 0.738368,
    "VEX_Call": -155746.363,
    "VEX_Put": 423182.115,
    "VEX_Total": 267435.752,
    "VEX_Ratio": -0.368036,
    "CEX_Call": -407456.781,
    "CEX_Put": 849540.035,
    "CEX_Total": 442083.254,
    "CEX_Ratio": -0.47962
}