{
    "timestamp": "2025-08-15 09:48:14",
    "cum_gam": null,
    "cum_vec": 8200.0,
    "DEX_Call": 92.83,
    "DEX_Put": -32.629,
    "DEX_Total": 60.201,
    "DEX_Ratio": 2.845015,
    "GEX_Call": 993265.04,
    "GEX_Put": -427868.825,
    "GEX_Total": 565396.215,
    "GEX_Ratio": 2.321424,
    "VEX_Call": -100053.115,
    "VEX_Put": 243592.297,
    "VEX_Total": 143539.182,
    "VEX_Ratio": -0.41074,
    "CEX_Call": -378952.667,
    "CEX_Put": 477991.487,
    "CEX_Total": 99038.82,
    "CEX_Ratio": -0.792802
}