{
    "timestamp": "2025-11-14 08:12:41",
    "cum_gam": 6769.3364505170475,
    "cum_vec": 8483.333333333334,
    "DEX_Call": 22.295,
    "DEX_Put": -224.49,
    "DEX_Total": -202.195,
    "DEX_Ratio": 0.099314,
    "GEX_Call": 196214.416,
    "GEX_Put": -891079.595,
    "GEX_Total": -694865.179,
    "GEX_Ratio": 0.220199,
    "VEX_Call": -177191.2,
    "VEX_Put": 216103.33,
    "VEX_Total": 38912.13,
    "VEX_Ratio": -0.819937,
    "CEX_Call": -404891.868,
    "CEX_Put": 317219.731,
    "CEX_Total": -87672.137,
    "CEX_Ratio": -1.276377
}