{
    "timestamp": "2025-08-14 11:20:07",
    "cum_gam": null,
    "cum_vec": 8266.434737791522,
    "DEX_Call": 2105.33,
    "DEX_Put": -166.728,
    "DEX_Total": 1938.602,
    "DEX_Ratio": 12.627333,
    "GEX_Call": 4640590.041,
    "GEX_Put": -2472437.727,
    "GEX_Total": 2168152.314,
    "GEX_Ratio": 1.876929,
    "VEX_Call": 363520.84,
    "VEX_Put": 1739930.94,
    "VEX_Total": 2103451.78,
    "VEX_Ratio": 0.208928,
    "CEX_Call": 1581893.245,
    "CEX_Put": 10655084.613,
    "CEX_Total": 12236977.858,
    "CEX_Ratio": 0.148464
}