{
    "timestamp": "2025-08-22 07:27:46",
    "cum_gam": null,
    "cum_vec": 7600.0,
    "DEX_Call": 69.565,
    "DEX_Put": -25.947,
    "DEX_Total": 43.618,
    "DEX_Ratio": 2.681042,
    "GEX_Call": 641562.925,
    "GEX_Put": -308892.369,
    "GEX_Total": 332670.556,
    "GEX_Ratio": 2.076979,
    "VEX_Call": -100969.345,
    "VEX_Put": 299050.246,
    "VEX_Total": 198080.901,
    "VEX_Ratio": -0.337633,
    "CEX_Call": -319217.915,
    "CEX_Put": 600356.537,
    "CEX_Total": 281138.622,
    "CEX_Ratio": -0.531714
}