{
    "timestamp": "2025-09-19 10:15:16",
    "cum_gam": null,
    "cum_vec": 8400.0,
    "DEX_Call": 67.113,
    "DEX_Put": -32.22,
    "DEX_Total": 34.893,
    "DEX_Ratio": 2.082961,
    "GEX_Call": 714489.081,
    "GEX_Put": -449531.172,
    "GEX_Total": 264957.909,
    "GEX_Ratio": 1.589409,
    "VEX_Call": -42299.794,
    "VEX_Put": 360078.95,
    "VEX_Total": 317779.156,
    "VEX_Ratio": -0.117474,
    "CEX_Call": -203985.664,
    "CEX_Put": 716062.65,
    "CEX_Total": 512076.986,
    "CEX_Ratio": -0.284871
}