{
    "timestamp": "2025-10-03 08:19:48",
    "cum_gam": null,
    "cum_vec": null,
    "DEX_Call": 99.37,
    "DEX_Put": -26.726,
    "DEX_Total": 72.644,
    "DEX_Ratio": 3.718102,
    "GEX_Call": 1013492.411,
    "GEX_Put": -392747.414,
    "GEX_Total": 620744.997,
    "GEX_Ratio": 2.58052,
    "VEX_Call": -52615.765,
    "VEX_Put": 341762.915,
    "VEX_Total": 289147.15,
    "VEX_Ratio": -0.153954,
    "CEX_Call": -268880.892,
    "CEX_Put": 656736.875,
    "CEX_Total": 387855.983,
    "CEX_Ratio": -0.40942
}