{
    "timestamp": "2025-09-22 12:45:14",
    "cum_gam": null,
    "cum_vec": 8200.0,
    "DEX_Call": 65.501,
    "DEX_Put": -10.306,
    "DEX_Total": 55.195,
    "DEX_Ratio": 6.355618,
    "GEX_Call": 525986.212,
    "GEX_Put": -205566.036,
    "GEX_Total": 320420.176,
    "GEX_Ratio": 2.558721,
    "VEX_Call": -7900.651,
    "VEX_Put": 195813.238,
    "VEX_Total": 187912.587,
    "VEX_Ratio": -0.040348,
    "CEX_Call": -133239.334,
    "CEX_Put": 1233622.907,
    "CEX_Total": 1100383.573,
    "CEX_Ratio": -0.108007
}