{
    "timestamp": "2025-09-09 11:02:56",
    "cum_gam": null,
    "cum_vec": 8200.0,
    "DEX_Call": 79.797,
    "DEX_Put": -26.972,
    "DEX_Total": 52.825,
    "DEX_Ratio": 2.958513,
    "GEX_Call": 962746.507,
    "GEX_Put": -540157.955,
    "GEX_Total": 422588.552,
    "GEX_Ratio": 1.782343,
    "VEX_Call": -80890.82,
    "VEX_Put": 277227.341,
    "VEX_Total": 196336.521,
    "VEX_Ratio": -0.291785,
    "CEX_Call": -654507.602,
    "CEX_Put": 1643282.788,
    "CEX_Total": 988775.186,
    "CEX_Ratio": -0.398293
}