{
    "timestamp": "2025-08-11 09:16:41",
    "cum_gam": null,
    "cum_vec": 7200.0,
    "DEX_Call": 101.459,
    "DEX_Put": -33.65,
    "DEX_Total": 67.809,
    "DEX_Ratio": 3.015126,
    "GEX_Call": 739860.75,
    "GEX_Put": -427827.387,
    "GEX_Total": 312033.363,
    "GEX_Ratio": 1.729344,
    "VEX_Call": -67424.919,
    "VEX_Put": 286370.179,
    "VEX_Total": 218945.26,
    "VEX_Ratio": -0.235447,
    "CEX_Call": -516587.959,
    "CEX_Put": 1636339.629,
    "CEX_Total": 1119751.67,
    "CEX_Ratio": -0.315697
}