{
    "timestamp": "2025-10-01 12:54:07",
    "cum_gam": null,
    "cum_vec": 8600.0,
    "DEX_Call": 119.346,
    "DEX_Put": -21.629,
    "DEX_Total": 97.717,
    "DEX_Ratio": 5.51787,
    "GEX_Call": 888326.538,
    "GEX_Put": -409351.972,
    "GEX_Total": 478974.566,
    "GEX_Ratio": 2.17008,
    "VEX_Call": 47314.287,
    "VEX_Put": 308154.192,
    "VEX_Total": 355468.479,
    "VEX_Ratio": 0.153541,
    "CEX_Call": 167925.076,
    "CEX_Put": 1933560.155,
    "CEX_Total": 2101485.231,
    "CEX_Ratio": 0.086848
}