{
    "timestamp": "2025-08-26 10:05:58",
    "cum_gam": null,
    "cum_vec": 7510.009578544062,
    "DEX_Call": 51.48,
    "DEX_Put": -45.705,
    "DEX_Total": 5.775,
    "DEX_Ratio": 1.126354,
    "GEX_Call": 769431.267,
    "GEX_Put": -688663.408,
    "GEX_Total": 80767.859,
    "GEX_Ratio": 1.117282,
    "VEX_Call": -139609.578,
    "VEX_Put": 206605.537,
    "VEX_Total": 66995.959,
    "VEX_Ratio": -0.67573,
    "CEX_Call": -968866.25,
    "CEX_Put": 1148341.07,
    "CEX_Total": 179474.82,
    "CEX_Ratio": -0.843709
}