{
    "timestamp": "2025-07-09 07:48:11",
    "cum_gam": null,
    "cum_vec": 8000.0,
    "DEX_Call": 61.061,
    "DEX_Put": -22.111,
    "DEX_Total": 38.95,
    "DEX_Ratio": 2.761567,
    "GEX_Call": 424065.939,
    "GEX_Put": -288991.595,
    "GEX_Total": 135074.344,
    "GEX_Ratio": 1.467399,
    "VEX_Call": -62713.128,
    "VEX_Put": 142522.774,
    "VEX_Total": 79809.646,
    "VEX_Ratio": -0.440022,
    "CEX_Call": -430118.76,
    "CEX_Put": 781792.745,
    "CEX_Total": 351673.985,
    "CEX_Ratio": -0.55017
}