{
    "timestamp": "2025-10-24 12:09:25",
    "cum_gam": null,
    "cum_vec": 7397.117918877289,
    "DEX_Call": 148.787,
    "DEX_Put": -28.335,
    "DEX_Total": 120.452,
    "DEX_Ratio": 5.250997,
    "GEX_Call": 1091856.413,
    "GEX_Put": -347420.094,
    "GEX_Total": 744436.319,
    "GEX_Ratio": 3.142756,
    "VEX_Call": 2996.36,
    "VEX_Put": 492357.649,
    "VEX_Total": 495354.009,
    "VEX_Ratio": 0.006086,
    "CEX_Call": -164011.689,
    "CEX_Put": 1023345.665,
    "CEX_Total": 859333.976,
    "CEX_Ratio": -0.16027
}