{
    "timestamp": "2025-07-10 12:10:18",
    "cum_gam": null,
    "cum_vec": 7800.0,
    "DEX_Call": 307.451,
    "DEX_Put": -28.362,
    "DEX_Total": 279.089,
    "DEX_Ratio": 10.840244,
    "GEX_Call": 1377777.799,
    "GEX_Put": -516031.19,
    "GEX_Total": 861746.609,
    "GEX_Ratio": 2.669951,
    "VEX_Call": 135722.421,
    "VEX_Put": 321025.633,
    "VEX_Total": 456748.054,
    "VEX_Ratio": 0.422778,
    "CEX_Call": 698221.595,
    "CEX_Put": 2079997.242,
    "CEX_Total": 2778218.837,
    "CEX_Ratio": 0.335684
}