{
    "timestamp": "2025-11-03 08:00:23",
    "cum_gam": null,
    "cum_vec": 8800.0,
    "DEX_Call": 70.674,
    "DEX_Put": -43.706,
    "DEX_Total": 26.968,
    "DEX_Ratio": 1.617032,
    "GEX_Call": 462072.669,
    "GEX_Put": -372636.116,
    "GEX_Total": 89436.553,
    "GEX_Ratio": 1.24001,
    "VEX_Call": -66434.986,
    "VEX_Put": 208395.454,
    "VEX_Total": 141960.468,
    "VEX_Ratio": -0.318793,
    "CEX_Call": -426198.226,
    "CEX_Put": 1052267.035,
    "CEX_Total": 626068.809,
    "CEX_Ratio": -0.405029
}