{
    "timestamp": "2025-08-27 11:11:47",
    "cum_gam": null,
    "cum_vec": 7395.011312217194,
    "DEX_Call": 85.113,
    "DEX_Put": -33.47,
    "DEX_Total": 51.643,
    "DEX_Ratio": 2.542964,
    "GEX_Call": 687018.835,
    "GEX_Put": -377004.229,
    "GEX_Total": 310014.606,
    "GEX_Ratio": 1.822311,
    "VEX_Call": -108813.958,
    "VEX_Put": 247876.545,
    "VEX_Total": 139062.587,
    "VEX_Ratio": -0.438984,
    "CEX_Call": -791990.913,
    "CEX_Put": 1500760.464,
    "CEX_Total": 708769.551,
    "CEX_Ratio": -0.527726
}