{
    "timestamp": "2025-09-10 09:52:21",
    "cum_gam": null,
    "cum_vec": 8200.0,
    "DEX_Call": 88.859,
    "DEX_Put": -25.314,
    "DEX_Total": 63.545,
    "DEX_Ratio": 3.510271,
    "GEX_Call": 779312.661,
    "GEX_Put": -380697.623,
    "GEX_Total": 398615.038,
    "GEX_Ratio": 2.047065,
    "VEX_Call": -57350.245,
    "VEX_Put": 277925.245,
    "VEX_Total": 220575.0,
    "VEX_Ratio": -0.206351,
    "CEX_Call": -462903.691,
    "CEX_Put": 1593821.618,
    "CEX_Total": 1130917.927,
    "CEX_Ratio": -0.290436
}