{
    "timestamp": "2025-09-19 09:58:40",
    "cum_gam": null,
    "cum_vec": 8400.0,
    "DEX_Call": 68.248,
    "DEX_Put": -32.065,
    "DEX_Total": 36.183,
    "DEX_Ratio": 2.128427,
    "GEX_Call": 708602.768,
    "GEX_Put": -441099.809,
    "GEX_Total": 267502.959,
    "GEX_Ratio": 1.606445,
    "VEX_Call": -46101.561,
    "VEX_Put": 360481.112,
    "VEX_Total": 314379.551,
    "VEX_Ratio": -0.127889,
    "CEX_Call": -210989.8,
    "CEX_Put": 715301.88,
    "CEX_Total": 504312.08,
    "CEX_Ratio": -0.294966
}