{
    "timestamp": "2025-08-01 12:17:24",
    "cum_gam": 6700.728267316945,
    "cum_vec": 8000.0,
    "DEX_Call": 14.407,
    "DEX_Put": -227.77,
    "DEX_Total": -213.363,
    "DEX_Ratio": 0.063252,
    "GEX_Call": 144223.55,
    "GEX_Put": -846869.448,
    "GEX_Total": -702645.898,
    "GEX_Ratio": 0.170302,
    "VEX_Call": -117309.694,
    "VEX_Put": 43879.457,
    "VEX_Total": -73430.237,
    "VEX_Ratio": -2.673454,
    "CEX_Call": -303209.555,
    "CEX_Put": -27310.538,
    "CEX_Total": -330520.093,
    "CEX_Ratio": -11.102292
}