{
    "timestamp": "2025-08-01 08:18:44",
    "cum_gam": 6707.382486280124,
    "cum_vec": 8000.0,
    "DEX_Call": 16.048,
    "DEX_Put": -219.98,
    "DEX_Total": -203.932,
    "DEX_Ratio": 0.072952,
    "GEX_Call": 152336.907,
    "GEX_Put": -807378.357,
    "GEX_Total": -655041.45,
    "GEX_Ratio": 0.188681,
    "VEX_Call": -125100.022,
    "VEX_Put": 52538.673,
    "VEX_Total": -72561.349,
    "VEX_Ratio": -2.381104,
    "CEX_Call": -307596.571,
    "CEX_Put": -6940.85,
    "CEX_Total": -314537.421,
    "CEX_Ratio": -44.316845
}