{
    "timestamp": "2025-10-28 07:32:13",
    "cum_gam": null,
    "cum_vec": 8400.0,
    "DEX_Call": 236.58,
    "DEX_Put": -30.877,
    "DEX_Total": 205.703,
    "DEX_Ratio": 7.662014,
    "GEX_Call": 1421121.086,
    "GEX_Put": -434142.928,
    "GEX_Total": 986978.158,
    "GEX_Ratio": 3.273395,
    "VEX_Call": 18643.553,
    "VEX_Put": 415627.453,
    "VEX_Total": 434271.006,
    "VEX_Ratio": 0.044856,
    "CEX_Call": -124717.646,
    "CEX_Put": 2101096.941,
    "CEX_Total": 1976379.295,
    "CEX_Ratio": -0.059358
}