{
    "timestamp": "2025-06-26 11:19:21",
    "cum_gam": 7599.487367264738,
    "cum_vec": 7599.487367264738,
    "DEX_Call": 412.136,
    "DEX_Put": -25.23,
    "DEX_Total": 386.906,
    "DEX_Ratio": 16.335157,
    "GEX_Call": 4245382.502,
    "GEX_Put": -540913.176,
    "GEX_Total": 3704469.326,
    "GEX_Ratio": 7.848547,
    "VEX_Call": 30564.125,
    "VEX_Put": 592792.184,
    "VEX_Total": 623356.309,
    "VEX_Ratio": 0.05156,
    "CEX_Call": -2864651.132,
    "CEX_Put": 11597341.941,
    "CEX_Total": 8732690.809,
    "CEX_Ratio": -0.247009
}