{
    "timestamp": "2025-07-15 10:45:45",
    "cum_gam": 6885.8670385867035,
    "cum_vec": 6885.8670385867035,
    "DEX_Call": 42.776,
    "DEX_Put": -35.226,
    "DEX_Total": 7.55,
    "DEX_Ratio": 1.21433,
    "GEX_Call": 539687.106,
    "GEX_Put": -470804.617,
    "GEX_Total": 68882.489,
    "GEX_Ratio": 1.146308,
    "VEX_Call": -143403.385,
    "VEX_Put": 232478.406,
    "VEX_Total": 89075.021,
    "VEX_Ratio": -0.616846,
    "CEX_Call": -1003539.685,
    "CEX_Put": 1416660.263,
    "CEX_Total": 413120.578,
    "CEX_Ratio": -0.708384
}