{
    "timestamp": "2025-10-16 07:24:43",
    "cum_gam": 7004.422767491362,
    "cum_vec": 7004.422767491362,
    "DEX_Call": 1473.755,
    "DEX_Put": -947.202,
    "DEX_Total": 526.553,
    "DEX_Ratio": 1.555904,
    "GEX_Call": 6051291.563,
    "GEX_Put": -4628229.79,
    "GEX_Total": 1423061.773,
    "GEX_Ratio": 1.307474,
    "VEX_Call": -527166.792,
    "VEX_Put": 2528880.014,
    "VEX_Total": 2001713.222,
    "VEX_Ratio": -0.208459,
    "CEX_Call": -3761887.683,
    "CEX_Put": 12788317.471,
    "CEX_Total": 9026429.788,
    "CEX_Ratio": -0.294166
}