{
    "timestamp": "2025-09-22 07:44:04",
    "cum_gam": null,
    "cum_vec": 8200.0,
    "DEX_Call": 49.501,
    "DEX_Put": -16.624,
    "DEX_Total": 32.877,
    "DEX_Ratio": 2.977683,
    "GEX_Call": 491781.879,
    "GEX_Put": -295230.772,
    "GEX_Total": 196551.107,
    "GEX_Ratio": 1.665754,
    "VEX_Call": -42433.48,
    "VEX_Put": 214837.964,
    "VEX_Total": 172404.484,
    "VEX_Ratio": -0.197514,
    "CEX_Call": -306801.392,
    "CEX_Put": 1118228.839,
    "CEX_Total": 811427.447,
    "CEX_Ratio": -0.274364
}