{
    "timestamp": "2025-09-15 08:29:01",
    "cum_gam": null,
    "cum_vec": 7800.0,
    "DEX_Call": 134.874,
    "DEX_Put": -27.139,
    "DEX_Total": 107.735,
    "DEX_Ratio": 4.969748,
    "GEX_Call": 1294986.077,
    "GEX_Put": -499801.614,
    "GEX_Total": 795184.463,
    "GEX_Ratio": 2.591,
    "VEX_Call": 25503.235,
    "VEX_Put": 385196.266,
    "VEX_Total": 410699.501,
    "VEX_Ratio": 0.066208,
    "CEX_Call": -59406.271,
    "CEX_Put": 2080203.455,
    "CEX_Total": 2020797.184,
    "CEX_Ratio": -0.028558
}