{
    "timestamp": "2025-09-29 12:35:09",
    "cum_gam": 6453.893472253844,
    "cum_vec": 6906.90182773603,
    "DEX_Call": 224.23,
    "DEX_Put": -204.468,
    "DEX_Total": 19.762,
    "DEX_Ratio": 1.096651,
    "GEX_Call": 1477168.203,
    "GEX_Put": -1544392.117,
    "GEX_Total": -67223.914,
    "GEX_Ratio": 0.956472,
    "VEX_Call": -1077.251,
    "VEX_Put": 807944.323,
    "VEX_Total": 806867.072,
    "VEX_Ratio": -0.001333,
    "CEX_Call": -237722.11,
    "CEX_Put": 4977963.324,
    "CEX_Total": 4740241.214,
    "CEX_Ratio": -0.047755
}