{
    "timestamp": "2025-11-26 13:05:48",
    "cum_gam": null,
    "cum_vec": null,
    "DEX_Call": 863.944,
    "DEX_Put": -72.005,
    "DEX_Total": 791.939,
    "DEX_Ratio": 11.998389,
    "GEX_Call": 3479169.902,
    "GEX_Put": -908302.439,
    "GEX_Total": 2570867.463,
    "GEX_Ratio": 3.830409,
    "VEX_Call": 387231.333,
    "VEX_Put": 723840.495,
    "VEX_Total": 1111071.828,
    "VEX_Ratio": 0.534968,
    "CEX_Call": 924232.846,
    "CEX_Put": 2305514.369,
    "CEX_Total": 3229747.215,
    "CEX_Ratio": 0.400879
}