{
    "timestamp": "2025-07-22 11:35:58",
    "cum_gam": null,
    "cum_vec": null,
    "DEX_Call": 70.521,
    "DEX_Put": -30.846,
    "DEX_Total": 39.675,
    "DEX_Ratio": 2.286228,
    "GEX_Call": 675179.148,
    "GEX_Put": -534024.838,
    "GEX_Total": 141154.31,
    "GEX_Ratio": 1.264322,
    "VEX_Call": -52327.633,
    "VEX_Put": 159678.69,
    "VEX_Total": 107351.057,
    "VEX_Ratio": -0.327706,
    "CEX_Call": -448885.941,
    "CEX_Put": 964494.654,
    "CEX_Total": 515608.713,
    "CEX_Ratio": -0.465411
}