{
    "timestamp": "2025-09-30 07:42:00",
    "cum_gam": 6572.041971205796,
    "cum_vec": 8600.0,
    "DEX_Call": 105.951,
    "DEX_Put": -82.311,
    "DEX_Total": 23.64,
    "DEX_Ratio": 1.287203,
    "GEX_Call": 650849.381,
    "GEX_Put": -758175.904,
    "GEX_Total": -107326.523,
    "GEX_Ratio": 0.858441,
    "VEX_Call": -75370.232,
    "VEX_Put": 285456.346,
    "VEX_Total": 210086.114,
    "VEX_Ratio": -0.264034,
    "CEX_Call": -511311.633,
    "CEX_Put": 1433008.14,
    "CEX_Total": 921696.507,
    "CEX_Ratio": -0.35681
}