{
    "timestamp": "2025-11-19 08:35:27",
    "cum_gam": 8550.500685148098,
    "cum_vec": 8550.500685148098,
    "DEX_Call": 37.46,
    "DEX_Put": -121.864,
    "DEX_Total": -84.404,
    "DEX_Ratio": 0.307392,
    "GEX_Call": 249757.304,
    "GEX_Put": -477320.096,
    "GEX_Total": -227562.792,
    "GEX_Ratio": 0.523249,
    "VEX_Call": -164063.744,
    "VEX_Put": 191376.603,
    "VEX_Total": 27312.859,
    "VEX_Ratio": -0.857282,
    "CEX_Call": -952722.322,
    "CEX_Put": 991249.332,
    "CEX_Total": 38527.01,
    "CEX_Ratio": -0.961133
}