{
    "timestamp": "2025-09-16 09:19:21",
    "cum_gam": null,
    "cum_vec": 8400.0,
    "DEX_Call": 113.597,
    "DEX_Put": -59.137,
    "DEX_Total": 54.46,
    "DEX_Ratio": 1.920912,
    "GEX_Call": 780777.937,
    "GEX_Put": -657600.264,
    "GEX_Total": 123177.673,
    "GEX_Ratio": 1.187314,
    "VEX_Call": -138608.501,
    "VEX_Put": 405119.86,
    "VEX_Total": 266511.359,
    "VEX_Ratio": -0.342142,
    "CEX_Call": -922129.353,
    "CEX_Put": 2235937.102,
    "CEX_Total": 1313807.749,
    "CEX_Ratio": -0.412413
}