{
    "timestamp": "2025-08-20 10:32:55",
    "cum_gam": 8191.443850267379,
    "cum_vec": 8400.0,
    "DEX_Call": 26.009,
    "DEX_Put": -84.08,
    "DEX_Total": -58.071,
    "DEX_Ratio": 0.309336,
    "GEX_Call": 278448.992,
    "GEX_Put": -689832.633,
    "GEX_Total": -411383.641,
    "GEX_Ratio": 0.403647,
    "VEX_Call": -82612.856,
    "VEX_Put": 166044.163,
    "VEX_Total": 83431.307,
    "VEX_Ratio": -0.497535,
    "CEX_Call": -558788.272,
    "CEX_Put": 927917.187,
    "CEX_Total": 369128.915,
    "CEX_Ratio": -0.602196
}