{
    "timestamp": "2025-09-12 08:01:17",
    "cum_gam": null,
    "cum_vec": 8200.0,
    "DEX_Call": 75.108,
    "DEX_Put": -25.327,
    "DEX_Total": 49.781,
    "DEX_Ratio": 2.965531,
    "GEX_Call": 1406314.492,
    "GEX_Put": -468641.163,
    "GEX_Total": 937673.329,
    "GEX_Ratio": 3.000834,
    "VEX_Call": -152180.162,
    "VEX_Put": 365347.007,
    "VEX_Total": 213166.845,
    "VEX_Ratio": -0.416536,
    "CEX_Call": -545281.121,
    "CEX_Put": 708442.135,
    "CEX_Total": 163161.014,
    "CEX_Ratio": -0.76969
}