{
    "timestamp": "2025-11-13 09:18:27",
    "cum_gam": 6703.083707711967,
    "cum_vec": 6703.083707711967,
    "DEX_Call": 133.828,
    "DEX_Put": -231.48,
    "DEX_Total": -97.652,
    "DEX_Ratio": 0.578141,
    "GEX_Call": 988890.213,
    "GEX_Put": -1320139.75,
    "GEX_Total": -331249.537,
    "GEX_Ratio": 0.74908,
    "VEX_Call": -461401.593,
    "VEX_Put": 505891.088,
    "VEX_Total": 44489.495,
    "VEX_Ratio": -0.912057,
    "CEX_Call": -2750873.535,
    "CEX_Put": 2640507.149,
    "CEX_Total": -110366.386,
    "CEX_Ratio": -1.041797
}