{
    "timestamp": "2025-10-02 10:56:16",
    "cum_gam": null,
    "cum_vec": null,
    "DEX_Call": 392.339,
    "DEX_Put": -86.769,
    "DEX_Total": 305.57,
    "DEX_Ratio": 4.521649,
    "GEX_Call": 2366949.861,
    "GEX_Put": -1426825.182,
    "GEX_Total": 940124.679,
    "GEX_Ratio": 1.658893,
    "VEX_Call": 128233.216,
    "VEX_Put": 922942.26,
    "VEX_Total": 1051175.476,
    "VEX_Ratio": 0.13894,
    "CEX_Call": 401880.788,
    "CEX_Put": 5330923.481,
    "CEX_Total": 5732804.269,
    "CEX_Ratio": 0.075387
}