{
    "timestamp": "2025-09-02 10:46:55",
    "cum_gam": 6417.761248100499,
    "cum_vec": 7800.0,
    "DEX_Call": 21.791,
    "DEX_Put": -96.203,
    "DEX_Total": -74.412,
    "DEX_Ratio": 0.226511,
    "GEX_Call": 258719.225,
    "GEX_Put": -670708.686,
    "GEX_Total": -411989.461,
    "GEX_Ratio": 0.38574,
    "VEX_Call": -117827.606,
    "VEX_Put": 128276.38,
    "VEX_Total": 10448.774,
    "VEX_Ratio": -0.918545,
    "CEX_Call": -779941.421,
    "CEX_Put": 700326.068,
    "CEX_Total": -79615.353,
    "CEX_Ratio": -1.113683
}