{
    "timestamp": "2025-07-28 10:59:01",
    "cum_gam": null,
    "cum_vec": 8200.0,
    "DEX_Call": 100.717,
    "DEX_Put": -24.05,
    "DEX_Total": 76.667,
    "DEX_Ratio": 4.187817,
    "GEX_Call": 775703.706,
    "GEX_Put": -418838.162,
    "GEX_Total": 356865.544,
    "GEX_Ratio": 1.852037,
    "VEX_Call": -74907.408,
    "VEX_Put": 161236.676,
    "VEX_Total": 86329.268,
    "VEX_Ratio": -0.46458,
    "CEX_Call": -596111.529,
    "CEX_Put": 956848.625,
    "CEX_Total": 360737.096,
    "CEX_Ratio": -0.622995
}