{
    "timestamp": "2026-07-21 09:22:42",
    "cum_gam": 8996.888888888889,
    "cum_vec": 8996.888888888889,
    "DEX_Call": 63.212,
    "DEX_Put": -71.217,
    "DEX_Total": -8.005,
    "DEX_Ratio": 0.887597,
    "GEX_Call": 861389.862,
    "GEX_Put": -676119.021,
    "GEX_Total": 185270.841,
    "GEX_Ratio": 1.274021,
    "VEX_Call": -208707.641,
    "VEX_Put": 293628.632,
    "VEX_Total": 84920.991,
    "VEX_Ratio": -0.710788,
    "CEX_Call": -1196633.974,
    "CEX_Put": 1388588.783,
    "CEX_Total": 191954.809,
    "CEX_Ratio": -0.861763
}