{
    "timestamp": "2025-11-05 09:55:08",
    "cum_gam": null,
    "cum_vec": 8600.0,
    "DEX_Call": 70.526,
    "DEX_Put": -89.48,
    "DEX_Total": -18.954,
    "DEX_Ratio": 0.788176,
    "GEX_Call": 658101.97,
    "GEX_Put": -634239.83,
    "GEX_Total": 23862.14,
    "GEX_Ratio": 1.037623,
    "VEX_Call": -148004.476,
    "VEX_Put": 140755.32,
    "VEX_Total": -7249.156,
    "VEX_Ratio": -1.051502,
    "CEX_Call": -948327.21,
    "CEX_Put": 705024.662,
    "CEX_Total": -243302.548,
    "CEX_Ratio": -1.345098
}