{
    "timestamp": "2025-08-15 09:08:12",
    "cum_gam": null,
    "cum_vec": 8200.0,
    "DEX_Call": 91.268,
    "DEX_Put": -35.123,
    "DEX_Total": 56.145,
    "DEX_Ratio": 2.598525,
    "GEX_Call": 970454.009,
    "GEX_Put": -444857.185,
    "GEX_Total": 525596.824,
    "GEX_Ratio": 2.181496,
    "VEX_Call": -108816.823,
    "VEX_Put": 239231.567,
    "VEX_Total": 130414.744,
    "VEX_Ratio": -0.45486,
    "CEX_Call": -393045.798,
    "CEX_Put": 461308.571,
    "CEX_Total": 68262.773,
    "CEX_Ratio": -0.852024
}