{
    "timestamp": "2025-09-10 07:28:36",
    "cum_gam": null,
    "cum_vec": 8200.0,
    "DEX_Call": 104.841,
    "DEX_Put": -19.0,
    "DEX_Total": 85.841,
    "DEX_Ratio": 5.517947,
    "GEX_Call": 813072.901,
    "GEX_Put": -299008.201,
    "GEX_Total": 514064.7,
    "GEX_Ratio": 2.719233,
    "VEX_Call": 1580.092,
    "VEX_Put": 282773.823,
    "VEX_Total": 284353.915,
    "VEX_Ratio": 0.005588,
    "CEX_Call": -118382.453,
    "CEX_Put": 1498755.353,
    "CEX_Total": 1380372.9,
    "CEX_Ratio": -0.078987
}