{
    "timestamp": "2025-10-28 08:32:24",
    "cum_gam": null,
    "cum_vec": 8400.0,
    "DEX_Call": 226.777,
    "DEX_Put": -32.853,
    "DEX_Total": 193.924,
    "DEX_Ratio": 6.902779,
    "GEX_Call": 1414632.863,
    "GEX_Put": -465323.05,
    "GEX_Total": 949309.813,
    "GEX_Ratio": 3.040109,
    "VEX_Call": -12433.689,
    "VEX_Put": 405325.994,
    "VEX_Total": 392892.305,
    "VEX_Ratio": -0.030676,
    "CEX_Call": -288131.287,
    "CEX_Put": 2115918.264,
    "CEX_Total": 1827786.977,
    "CEX_Ratio": -0.136173
}