{
    "timestamp": "2025-09-25 09:27:45",
    "cum_gam": 6601.8748284339,
    "cum_vec": 8600.0,
    "DEX_Call": 193.99,
    "DEX_Put": -196.751,
    "DEX_Total": -2.761,
    "DEX_Ratio": 0.985967,
    "GEX_Call": 1056350.673,
    "GEX_Put": -1812328.354,
    "GEX_Total": -755977.681,
    "GEX_Ratio": 0.582869,
    "VEX_Call": -240397.809,
    "VEX_Put": 533690.486,
    "VEX_Total": 293292.677,
    "VEX_Ratio": -0.450444,
    "CEX_Call": -1559771.475,
    "CEX_Put": 2813262.116,
    "CEX_Total": 1253490.641,
    "CEX_Ratio": -0.554435
}