{
    "timestamp": "2025-11-04 10:34:19",
    "cum_gam": 6800.151376602654,
    "cum_vec": 8800.0,
    "DEX_Call": 31.811,
    "DEX_Put": -116.527,
    "DEX_Total": -84.716,
    "DEX_Ratio": 0.272993,
    "GEX_Call": 273229.448,
    "GEX_Put": -725555.448,
    "GEX_Total": -452326.0,
    "GEX_Ratio": 0.37658,
    "VEX_Call": -124115.908,
    "VEX_Put": 285697.795,
    "VEX_Total": 161581.887,
    "VEX_Ratio": -0.434431,
    "CEX_Call": -771508.112,
    "CEX_Put": 1564307.042,
    "CEX_Total": 792798.93,
    "CEX_Ratio": -0.493195
}