{
    "timestamp": "2025-11-07 09:42:12",
    "cum_gam": 6895.332097984359,
    "cum_vec": 7970.4453441295545,
    "DEX_Call": 10.999,
    "DEX_Put": -223.94,
    "DEX_Total": -212.941,
    "DEX_Ratio": 0.049116,
    "GEX_Call": 116723.404,
    "GEX_Put": -672825.682,
    "GEX_Total": -556102.278,
    "GEX_Ratio": 0.173482,
    "VEX_Call": -136019.561,
    "VEX_Put": 6378.017,
    "VEX_Total": -129641.544,
    "VEX_Ratio": -21.326309,
    "CEX_Call": -313377.224,
    "CEX_Put": -91269.456,
    "CEX_Total": -404646.68,
    "CEX_Ratio": -3.433539
}