{
    "timestamp": "2025-08-25 09:26:36",
    "cum_gam": null,
    "cum_vec": 8000.0,
    "DEX_Call": 39.779,
    "DEX_Put": -21.002,
    "DEX_Total": 18.777,
    "DEX_Ratio": 1.894058,
    "GEX_Call": 538768.597,
    "GEX_Put": -403858.378,
    "GEX_Total": 134910.219,
    "GEX_Ratio": 1.334053,
    "VEX_Call": -80100.044,
    "VEX_Put": 164955.595,
    "VEX_Total": 84855.551,
    "VEX_Ratio": -0.485585,
    "CEX_Call": -558788.609,
    "CEX_Put": 914331.793,
    "CEX_Total": 355543.184,
    "CEX_Ratio": -0.611144
}