{
    "timestamp": "2025-10-21 11:39:39",
    "cum_gam": null,
    "cum_vec": 8400.0,
    "DEX_Call": 131.625,
    "DEX_Put": -40.494,
    "DEX_Total": 91.131,
    "DEX_Ratio": 3.250482,
    "GEX_Call": 1162710.111,
    "GEX_Put": -686005.693,
    "GEX_Total": 476704.418,
    "GEX_Ratio": 1.694899,
    "VEX_Call": -48924.074,
    "VEX_Put": 434885.922,
    "VEX_Total": 385961.848,
    "VEX_Ratio": -0.112499,
    "CEX_Call": -482600.058,
    "CEX_Put": 2568077.749,
    "CEX_Total": 2085477.691,
    "CEX_Ratio": -0.187923
}