{
    "timestamp": "2025-07-16 12:50:10",
    "cum_gam": null,
    "cum_vec": 7800.0,
    "DEX_Call": 30.071,
    "DEX_Put": -24.471,
    "DEX_Total": 5.6,
    "DEX_Ratio": 1.228842,
    "GEX_Call": 351683.036,
    "GEX_Put": -334189.992,
    "GEX_Total": 17493.044,
    "GEX_Ratio": 1.052345,
    "VEX_Call": -63624.289,
    "VEX_Put": 132654.448,
    "VEX_Total": 69030.159,
    "VEX_Ratio": -0.479624,
    "CEX_Call": -495611.336,
    "CEX_Put": 866577.479,
    "CEX_Total": 370966.143,
    "CEX_Ratio": -0.571918
}