{
    "timestamp": "2025-11-19 10:36:30",
    "cum_gam": 8534.482246322983,
    "cum_vec": 8534.482246322983,
    "DEX_Call": 21.394,
    "DEX_Put": -162.397,
    "DEX_Total": -141.003,
    "DEX_Ratio": 0.131739,
    "GEX_Call": 152833.998,
    "GEX_Put": -482586.593,
    "GEX_Total": -329752.595,
    "GEX_Ratio": 0.316698,
    "VEX_Call": -155482.133,
    "VEX_Put": 83266.256,
    "VEX_Total": -72215.877,
    "VEX_Ratio": -1.867289,
    "CEX_Call": -961933.466,
    "CEX_Put": 426973.839,
    "CEX_Total": -534959.627,
    "CEX_Ratio": -2.25291
}