{
    "timestamp": "2025-07-28 07:26:47",
    "cum_gam": null,
    "cum_vec": 8200.0,
    "DEX_Call": 85.64,
    "DEX_Put": -18.77,
    "DEX_Total": 66.87,
    "DEX_Ratio": 4.5626,
    "GEX_Call": 840655.582,
    "GEX_Put": -337435.321,
    "GEX_Total": 503220.261,
    "GEX_Ratio": 2.491309,
    "VEX_Call": -85141.194,
    "VEX_Put": 178285.305,
    "VEX_Total": 93144.111,
    "VEX_Ratio": -0.477556,
    "CEX_Call": -608062.181,
    "CEX_Put": 945566.877,
    "CEX_Total": 337504.696,
    "CEX_Ratio": -0.643066
}