{
    "timestamp": "2025-11-07 09:25:14",
    "cum_gam": 6896.474944108717,
    "cum_vec": 7764.480266814897,
    "DEX_Call": 12.168,
    "DEX_Put": -216.078,
    "DEX_Total": -203.91,
    "DEX_Ratio": 0.056313,
    "GEX_Call": 129684.739,
    "GEX_Put": -673201.945,
    "GEX_Total": -543517.206,
    "GEX_Ratio": 0.192639,
    "VEX_Call": -139928.068,
    "VEX_Put": 33673.534,
    "VEX_Total": -106254.534,
    "VEX_Ratio": -4.155432,
    "CEX_Call": -322295.509,
    "CEX_Put": -32482.934,
    "CEX_Total": -354778.443,
    "CEX_Ratio": -9.921995
}