{
    "timestamp": "2025-09-19 11:03:02",
    "cum_gam": null,
    "cum_vec": 8400.0,
    "DEX_Call": 68.942,
    "DEX_Put": -31.273,
    "DEX_Total": 37.669,
    "DEX_Ratio": 2.204521,
    "GEX_Call": 722532.95,
    "GEX_Put": -444159.579,
    "GEX_Total": 278373.371,
    "GEX_Ratio": 1.626742,
    "VEX_Call": -42299.321,
    "VEX_Put": 363581.412,
    "VEX_Total": 321282.091,
    "VEX_Ratio": -0.116341,
    "CEX_Call": -206192.414,
    "CEX_Put": 732725.738,
    "CEX_Total": 526533.324,
    "CEX_Ratio": -0.281405
}