{
    "timestamp": "2025-10-02 08:25:04",
    "cum_gam": null,
    "cum_vec": null,
    "DEX_Call": 358.31,
    "DEX_Put": -115.764,
    "DEX_Total": 242.546,
    "DEX_Ratio": 3.095176,
    "GEX_Call": 2152729.439,
    "GEX_Put": -1544223.86,
    "GEX_Total": 608505.579,
    "GEX_Ratio": 1.394053,
    "VEX_Call": 7756.566,
    "VEX_Put": 953669.395,
    "VEX_Total": 961425.961,
    "VEX_Ratio": 0.008133,
    "CEX_Call": -293491.965,
    "CEX_Put": 5021933.01,
    "CEX_Total": 4728441.045,
    "CEX_Ratio": -0.058442
}