{
    "timestamp": "2025-08-05 10:36:22",
    "cum_gam": 6172.584991319192,
    "cum_vec": 6172.584991319192,
    "DEX_Call": 36.975,
    "DEX_Put": -64.221,
    "DEX_Total": -27.246,
    "DEX_Ratio": 0.575746,
    "GEX_Call": 526762.023,
    "GEX_Put": -561481.191,
    "GEX_Total": -34719.168,
    "GEX_Ratio": 0.938165,
    "VEX_Call": -152047.496,
    "VEX_Put": 160626.311,
    "VEX_Total": 8578.815,
    "VEX_Ratio": -0.946591,
    "CEX_Call": -1043196.955,
    "CEX_Put": 927407.8,
    "CEX_Total": -115789.155,
    "CEX_Ratio": -1.124852
}