{
    "timestamp": "2025-10-13 11:37:02",
    "cum_gam": 6608.57860027075,
    "cum_vec": 8000.0,
    "DEX_Call": 51.784,
    "DEX_Put": -82.19,
    "DEX_Total": -30.406,
    "DEX_Ratio": 0.630052,
    "GEX_Call": 452832.846,
    "GEX_Put": -616435.828,
    "GEX_Total": -163602.982,
    "GEX_Ratio": 0.734599,
    "VEX_Call": -103269.113,
    "VEX_Put": 205226.931,
    "VEX_Total": 101957.818,
    "VEX_Ratio": -0.503195,
    "CEX_Call": -712959.675,
    "CEX_Put": 1179981.798,
    "CEX_Total": 467022.123,
    "CEX_Ratio": -0.604212
}