{
    "timestamp": "2025-08-22 09:18:22",
    "cum_gam": null,
    "cum_vec": 7600.0,
    "DEX_Call": 76.088,
    "DEX_Put": -21.92,
    "DEX_Total": 54.168,
    "DEX_Ratio": 3.471168,
    "GEX_Call": 695070.198,
    "GEX_Put": -295281.13,
    "GEX_Total": 399789.068,
    "GEX_Ratio": 2.353927,
    "VEX_Call": -97904.028,
    "VEX_Put": 277933.194,
    "VEX_Total": 180029.166,
    "VEX_Ratio": -0.352257,
    "CEX_Call": -325843.271,
    "CEX_Put": 570634.339,
    "CEX_Total": 244791.068,
    "CEX_Ratio": -0.571019
}