{
    "timestamp": "2025-10-10 07:15:10",
    "cum_gam": null,
    "cum_vec": 8400.0,
    "DEX_Call": 65.897,
    "DEX_Put": -46.904,
    "DEX_Total": 18.993,
    "DEX_Ratio": 1.404933,
    "GEX_Call": 824546.007,
    "GEX_Put": -606766.998,
    "GEX_Total": 217779.009,
    "GEX_Ratio": 1.358917,
    "VEX_Call": -209475.484,
    "VEX_Put": 402422.511,
    "VEX_Total": 192947.027,
    "VEX_Ratio": -0.520536,
    "CEX_Call": -562480.98,
    "CEX_Put": 738333.344,
    "CEX_Total": 175852.364,
    "CEX_Ratio": -0.761825
}