{
    "timestamp": "2025-08-05 10:05:49",
    "cum_gam": 6241.68638642621,
    "cum_vec": 6241.68638642621,
    "DEX_Call": 34.651,
    "DEX_Put": -70.72,
    "DEX_Total": -36.069,
    "DEX_Ratio": 0.489975,
    "GEX_Call": 470702.788,
    "GEX_Put": -563539.467,
    "GEX_Total": -92836.679,
    "GEX_Ratio": 0.835261,
    "VEX_Call": -157725.246,
    "VEX_Put": 156397.834,
    "VEX_Total": -1327.412,
    "VEX_Ratio": -1.008487,
    "CEX_Call": -1053398.623,
    "CEX_Put": 883582.782,
    "CEX_Total": -169815.841,
    "CEX_Ratio": -1.19219
}