{
    "timestamp": "2025-08-06 09:57:32",
    "cum_gam": null,
    "cum_vec": 8000.0,
    "DEX_Call": 37.561,
    "DEX_Put": -31.599,
    "DEX_Total": 5.962,
    "DEX_Ratio": 1.188677,
    "GEX_Call": 387074.995,
    "GEX_Put": -321653.113,
    "GEX_Total": 65421.882,
    "GEX_Ratio": 1.203393,
    "VEX_Call": -62089.355,
    "VEX_Put": 118115.661,
    "VEX_Total": 56026.306,
    "VEX_Ratio": -0.525666,
    "CEX_Call": -442198.27,
    "CEX_Put": 675934.175,
    "CEX_Total": 233735.905,
    "CEX_Ratio": -0.654203
}