{
    "timestamp": "2025-11-18 13:05:31",
    "cum_gam": 6764.891343886661,
    "cum_vec": 8366.02364654636,
    "DEX_Call": 20.936,
    "DEX_Put": -183.555,
    "DEX_Total": -162.619,
    "DEX_Ratio": 0.114058,
    "GEX_Call": 196701.448,
    "GEX_Put": -777820.48,
    "GEX_Total": -581119.032,
    "GEX_Ratio": 0.252888,
    "VEX_Call": -127921.509,
    "VEX_Put": 150597.567,
    "VEX_Total": 22676.058,
    "VEX_Ratio": -0.849426,
    "CEX_Call": -873652.661,
    "CEX_Put": 870834.045,
    "CEX_Total": -2818.616,
    "CEX_Ratio": -1.003237
}