{
    "timestamp": "2025-07-18 12:25:26",
    "cum_gam": 6673.211128323084,
    "cum_vec": 6673.211128323084,
    "DEX_Call": 54.402,
    "DEX_Put": -26.928,
    "DEX_Total": 27.474,
    "DEX_Ratio": 2.020276,
    "GEX_Call": 705472.157,
    "GEX_Put": -398198.073,
    "GEX_Total": 307274.084,
    "GEX_Ratio": 1.771661,
    "VEX_Call": -79418.276,
    "VEX_Put": 184330.284,
    "VEX_Total": 104912.008,
    "VEX_Ratio": -0.430848,
    "CEX_Call": -298752.849,
    "CEX_Put": 375405.207,
    "CEX_Total": 76652.358,
    "CEX_Ratio": -0.795814
}