{
    "timestamp": "2025-08-22 09:02:22",
    "cum_gam": null,
    "cum_vec": 7600.0,
    "DEX_Call": 80.329,
    "DEX_Put": -18.862,
    "DEX_Total": 61.467,
    "DEX_Ratio": 4.258774,
    "GEX_Call": 734180.808,
    "GEX_Put": -270182.154,
    "GEX_Total": 463998.654,
    "GEX_Ratio": 2.717355,
    "VEX_Call": -85633.157,
    "VEX_Put": 265076.644,
    "VEX_Total": 179443.487,
    "VEX_Ratio": -0.323051,
    "CEX_Call": -303851.992,
    "CEX_Put": 543329.795,
    "CEX_Total": 239477.803,
    "CEX_Ratio": -0.55924
}