{
    "timestamp": "2025-07-21 09:39:40",
    "cum_gam": null,
    "cum_vec": null,
    "DEX_Call": 58.169,
    "DEX_Put": -11.84,
    "DEX_Total": 46.329,
    "DEX_Ratio": 4.912922,
    "GEX_Call": 618642.967,
    "GEX_Put": -214524.73,
    "GEX_Total": 404118.237,
    "GEX_Ratio": 2.883784,
    "VEX_Call": -49595.892,
    "VEX_Put": 138440.323,
    "VEX_Total": 88844.431,
    "VEX_Ratio": -0.358247,
    "CEX_Call": -398913.287,
    "CEX_Put": 810230.18,
    "CEX_Total": 411316.893,
    "CEX_Ratio": -0.492346
}