{
    "timestamp": "2025-08-12 07:26:24",
    "cum_gam": null,
    "cum_vec": null,
    "DEX_Call": 98.432,
    "DEX_Put": -23.102,
    "DEX_Total": 75.33,
    "DEX_Ratio": 4.260757,
    "GEX_Call": 905075.688,
    "GEX_Put": -326904.702,
    "GEX_Total": 578170.986,
    "GEX_Ratio": 2.768622,
    "VEX_Call": -136700.552,
    "VEX_Put": 292768.24,
    "VEX_Total": 156067.688,
    "VEX_Ratio": -0.466924,
    "CEX_Call": -904843.821,
    "CEX_Put": 1583999.406,
    "CEX_Total": 679155.585,
    "CEX_Ratio": -0.57124
}