{
    "timestamp": "2025-10-14 07:51:53",
    "cum_gam": 6641.650363980512,
    "cum_vec": 6641.650363980512,
    "DEX_Call": 26.7,
    "DEX_Put": -142.196,
    "DEX_Total": -115.496,
    "DEX_Ratio": 0.187769,
    "GEX_Call": 289434.384,
    "GEX_Put": -748961.521,
    "GEX_Total": -459527.137,
    "GEX_Ratio": 0.386448,
    "VEX_Call": -165130.88,
    "VEX_Put": 292947.751,
    "VEX_Total": 127816.871,
    "VEX_Ratio": -0.563687,
    "CEX_Call": -950590.595,
    "CEX_Put": 1489163.288,
    "CEX_Total": 538572.693,
    "CEX_Ratio": -0.638339
}