{
    "timestamp": "2025-11-03 12:59:35",
    "cum_gam": null,
    "cum_vec": 8800.0,
    "DEX_Call": 66.743,
    "DEX_Put": -33.901,
    "DEX_Total": 32.842,
    "DEX_Ratio": 1.968762,
    "GEX_Call": 523680.379,
    "GEX_Put": -371505.165,
    "GEX_Total": 152175.214,
    "GEX_Ratio": 1.409618,
    "VEX_Call": -29985.897,
    "VEX_Put": 153904.309,
    "VEX_Total": 123918.412,
    "VEX_Ratio": -0.194835,
    "CEX_Call": -272847.754,
    "CEX_Put": 922478.793,
    "CEX_Total": 649631.039,
    "CEX_Ratio": -0.295777
}