{
    "timestamp": "2025-09-08 07:59:44",
    "cum_gam": null,
    "cum_vec": 8400.0,
    "DEX_Call": 68.412,
    "DEX_Put": -27.955,
    "DEX_Total": 40.457,
    "DEX_Ratio": 2.447219,
    "GEX_Call": 814602.481,
    "GEX_Put": -371086.445,
    "GEX_Total": 443516.036,
    "GEX_Ratio": 2.195183,
    "VEX_Call": -59543.912,
    "VEX_Put": 172041.938,
    "VEX_Total": 112498.026,
    "VEX_Ratio": -0.346101,
    "CEX_Call": -461082.199,
    "CEX_Put": 906558.996,
    "CEX_Total": 445476.797,
    "CEX_Ratio": -0.508607
}