{
    "timestamp": "2025-10-03 12:37:24",
    "cum_gam": null,
    "cum_vec": null,
    "DEX_Call": 73.625,
    "DEX_Put": -29.879,
    "DEX_Total": 43.746,
    "DEX_Ratio": 2.464105,
    "GEX_Call": 955716.586,
    "GEX_Put": -467536.181,
    "GEX_Total": 488180.405,
    "GEX_Ratio": 2.044155,
    "VEX_Call": -65119.446,
    "VEX_Put": 297816.097,
    "VEX_Total": 232696.651,
    "VEX_Ratio": -0.218657,
    "CEX_Call": -294460.673,
    "CEX_Put": 590827.326,
    "CEX_Total": 296366.653,
    "CEX_Ratio": -0.498387
}