{
    "timestamp": "2025-10-23 09:12:31",
    "cum_gam": null,
    "cum_vec": null,
    "DEX_Call": 269.691,
    "DEX_Put": -95.853,
    "DEX_Total": 173.838,
    "DEX_Ratio": 2.81359,
    "GEX_Call": 1515258.71,
    "GEX_Put": -1060247.743,
    "GEX_Total": 455010.967,
    "GEX_Ratio": 1.429155,
    "VEX_Call": -132467.17,
    "VEX_Put": 736280.865,
    "VEX_Total": 603813.695,
    "VEX_Ratio": -0.179914,
    "CEX_Call": -984314.203,
    "CEX_Put": 3989691.271,
    "CEX_Total": 3005377.068,
    "CEX_Ratio": -0.246714
}