{
    "timestamp": "2025-09-03 11:51:11",
    "cum_gam": 6400.422428700095,
    "cum_vec": 8000.0,
    "DEX_Call": 42.353,
    "DEX_Put": -65.865,
    "DEX_Total": -23.512,
    "DEX_Ratio": 0.643027,
    "GEX_Call": 430012.312,
    "GEX_Put": -672077.009,
    "GEX_Total": -242064.697,
    "GEX_Ratio": 0.639826,
    "VEX_Call": -56866.337,
    "VEX_Put": 185244.802,
    "VEX_Total": 128378.465,
    "VEX_Ratio": -0.306979,
    "CEX_Call": -437340.403,
    "CEX_Put": 1100834.65,
    "CEX_Total": 663494.247,
    "CEX_Ratio": -0.397281
}