{
    "timestamp": "2025-09-19 10:32:33",
    "cum_gam": null,
    "cum_vec": 8400.0,
    "DEX_Call": 68.968,
    "DEX_Put": -31.046,
    "DEX_Total": 37.922,
    "DEX_Ratio": 2.221478,
    "GEX_Call": 717470.149,
    "GEX_Put": -438127.633,
    "GEX_Total": 279342.516,
    "GEX_Ratio": 1.637583,
    "VEX_Call": -40038.103,
    "VEX_Put": 351948.978,
    "VEX_Total": 311910.875,
    "VEX_Ratio": -0.113761,
    "CEX_Call": -199823.517,
    "CEX_Put": 702823.97,
    "CEX_Total": 503000.453,
    "CEX_Ratio": -0.284315
}