{
    "timestamp": "2025-11-26 09:39:24",
    "cum_gam": null,
    "cum_vec": null,
    "DEX_Call": 711.696,
    "DEX_Put": -120.405,
    "DEX_Total": 591.291,
    "DEX_Ratio": 5.910851,
    "GEX_Call": 3291113.73,
    "GEX_Put": -995536.08,
    "GEX_Total": 2295577.65,
    "GEX_Ratio": 3.305871,
    "VEX_Call": 299495.111,
    "VEX_Put": 833088.988,
    "VEX_Total": 1132584.099,
    "VEX_Ratio": 0.3595,
    "CEX_Call": 589890.448,
    "CEX_Put": 2477334.852,
    "CEX_Total": 3067225.3,
    "CEX_Ratio": 0.238115
}