{
    "timestamp": "2025-11-05 13:40:26",
    "cum_gam": null,
    "cum_vec": 8600.0,
    "DEX_Call": 69.877,
    "DEX_Put": -80.414,
    "DEX_Total": -10.537,
    "DEX_Ratio": 0.868966,
    "GEX_Call": 681959.33,
    "GEX_Put": -654766.845,
    "GEX_Total": 27192.485,
    "GEX_Ratio": 1.04153,
    "VEX_Call": -138048.195,
    "VEX_Put": 140497.391,
    "VEX_Total": 2449.196,
    "VEX_Ratio": -0.982568,
    "CEX_Call": -1015584.952,
    "CEX_Put": 822889.609,
    "CEX_Total": -192695.343,
    "CEX_Ratio": -1.234169
}