{
    "timestamp": "2025-08-04 11:57:49",
    "cum_gam": 7110.614525139665,
    "cum_vec": 7800.0,
    "DEX_Call": 29.671,
    "DEX_Put": -39.969,
    "DEX_Total": -10.298,
    "DEX_Ratio": 0.74235,
    "GEX_Call": 251837.96,
    "GEX_Put": -294330.167,
    "GEX_Total": -42492.207,
    "GEX_Ratio": 0.855631,
    "VEX_Call": -34242.359,
    "VEX_Put": 88098.467,
    "VEX_Total": 53856.108,
    "VEX_Ratio": -0.388683,
    "CEX_Call": -266861.892,
    "CEX_Put": 539380.828,
    "CEX_Total": 272518.936,
    "CEX_Ratio": -0.494756
}