{
    "timestamp": "2025-10-29 07:55:55",
    "cum_gam": null,
    "cum_vec": 7796.258992805755,
    "DEX_Call": 185.958,
    "DEX_Put": -63.217,
    "DEX_Total": 122.741,
    "DEX_Ratio": 2.941582,
    "GEX_Call": 709918.345,
    "GEX_Put": -493941.234,
    "GEX_Total": 215977.111,
    "GEX_Ratio": 1.437253,
    "VEX_Call": 23476.132,
    "VEX_Put": 367144.276,
    "VEX_Total": 390620.408,
    "VEX_Ratio": 0.063943,
    "CEX_Call": 12727.858,
    "CEX_Put": 1856311.992,
    "CEX_Total": 1869039.85,
    "CEX_Ratio": 0.006857
}