{
    "timestamp": "2025-10-30 12:56:13",
    "cum_gam": null,
    "cum_vec": null,
    "DEX_Call": 727.033,
    "DEX_Put": -255.847,
    "DEX_Total": 471.186,
    "DEX_Ratio": 2.841671,
    "GEX_Call": 2095185.446,
    "GEX_Put": -1966400.104,
    "GEX_Total": 128785.342,
    "GEX_Ratio": 1.065493,
    "VEX_Call": 34705.291,
    "VEX_Put": 797150.716,
    "VEX_Total": 831856.007,
    "VEX_Ratio": 0.043537,
    "CEX_Call": -105677.746,
    "CEX_Put": 4783508.615,
    "CEX_Total": 4677830.869,
    "CEX_Ratio": -0.022092
}