{
    "timestamp": "2025-09-05 09:09:40",
    "cum_gam": 7484.437086092716,
    "cum_vec": 8200.0,
    "DEX_Call": 56.315,
    "DEX_Put": -45.026,
    "DEX_Total": 11.289,
    "DEX_Ratio": 1.250722,
    "GEX_Call": 680275.784,
    "GEX_Put": -531381.426,
    "GEX_Total": 148894.358,
    "GEX_Ratio": 1.280202,
    "VEX_Call": -124466.276,
    "VEX_Put": 315839.492,
    "VEX_Total": 191373.216,
    "VEX_Ratio": -0.394081,
    "CEX_Call": -381655.746,
    "CEX_Put": 615786.095,
    "CEX_Total": 234130.349,
    "CEX_Ratio": -0.619786
}