{
    "timestamp": "2025-10-27 11:58:39",
    "cum_gam": null,
    "cum_vec": 8200.0,
    "DEX_Call": 167.678,
    "DEX_Put": -9.342,
    "DEX_Total": 158.336,
    "DEX_Ratio": 17.948833,
    "GEX_Call": 1282650.16,
    "GEX_Put": -173741.647,
    "GEX_Total": 1108908.513,
    "GEX_Ratio": 7.382514,
    "VEX_Call": 40698.942,
    "VEX_Put": 222893.79,
    "VEX_Total": 263592.732,
    "VEX_Ratio": 0.182593,
    "CEX_Call": 48552.977,
    "CEX_Put": 1336152.421,
    "CEX_Total": 1384705.398,
    "CEX_Ratio": 0.036338
}