{
    "timestamp": "2025-09-12 11:50:31",
    "cum_gam": null,
    "cum_vec": 8200.0,
    "DEX_Call": 80.203,
    "DEX_Put": -24.094,
    "DEX_Total": 56.109,
    "DEX_Ratio": 3.328754,
    "GEX_Call": 1466102.608,
    "GEX_Put": -472067.534,
    "GEX_Total": 994035.074,
    "GEX_Ratio": 3.105705,
    "VEX_Call": -127737.413,
    "VEX_Put": 378964.209,
    "VEX_Total": 251226.796,
    "VEX_Ratio": -0.33707,
    "CEX_Call": -516275.699,
    "CEX_Put": 778424.601,
    "CEX_Total": 262148.902,
    "CEX_Ratio": -0.663231
}