{
    "timestamp": "2025-11-03 10:36:17",
    "cum_gam": null,
    "cum_vec": 8800.0,
    "DEX_Call": 68.652,
    "DEX_Put": -36.127,
    "DEX_Total": 32.525,
    "DEX_Ratio": 1.900296,
    "GEX_Call": 507759.531,
    "GEX_Put": -365839.125,
    "GEX_Total": 141920.406,
    "GEX_Ratio": 1.387931,
    "VEX_Call": -43086.506,
    "VEX_Put": 176274.814,
    "VEX_Total": 133188.308,
    "VEX_Ratio": -0.244428,
    "CEX_Call": -330121.241,
    "CEX_Put": 968913.636,
    "CEX_Total": 638792.395,
    "CEX_Ratio": -0.340713
}