{
    "timestamp": "2025-11-12 13:02:42",
    "cum_gam": null,
    "cum_vec": 8800.0,
    "DEX_Call": 83.502,
    "DEX_Put": -26.653,
    "DEX_Total": 56.849,
    "DEX_Ratio": 3.132931,
    "GEX_Call": 706810.455,
    "GEX_Put": -359658.079,
    "GEX_Total": 347152.376,
    "GEX_Ratio": 1.965229,
    "VEX_Call": -136524.161,
    "VEX_Put": 249579.724,
    "VEX_Total": 113055.563,
    "VEX_Ratio": -0.547016,
    "CEX_Call": -983460.669,
    "CEX_Put": 1539823.046,
    "CEX_Total": 556362.377,
    "CEX_Ratio": -0.638684
}