{
    "timestamp": "2025-09-12 10:03:48",
    "cum_gam": null,
    "cum_vec": 8200.0,
    "DEX_Call": 67.478,
    "DEX_Put": -26.874,
    "DEX_Total": 40.604,
    "DEX_Ratio": 2.510903,
    "GEX_Call": 1361234.122,
    "GEX_Put": -509515.869,
    "GEX_Total": 851718.253,
    "GEX_Ratio": 2.671623,
    "VEX_Call": -167102.006,
    "VEX_Put": 368867.767,
    "VEX_Total": 201765.761,
    "VEX_Ratio": -0.453013,
    "CEX_Call": -580005.813,
    "CEX_Put": 731315.226,
    "CEX_Total": 151309.413,
    "CEX_Ratio": -0.7931
}