{
    "timestamp": "2025-11-05 13:08:47",
    "cum_gam": null,
    "cum_vec": 8600.0,
    "DEX_Call": 76.415,
    "DEX_Put": -76.013,
    "DEX_Total": 0.402,
    "DEX_Ratio": 1.005289,
    "GEX_Call": 744081.075,
    "GEX_Put": -667085.499,
    "GEX_Total": 76995.576,
    "GEX_Ratio": 1.115421,
    "VEX_Call": -128614.204,
    "VEX_Put": 146671.202,
    "VEX_Total": 18056.998,
    "VEX_Ratio": -0.876888,
    "CEX_Call": -944552.6,
    "CEX_Put": 840392.394,
    "CEX_Total": -104160.206,
    "CEX_Ratio": -1.123942
}