{
    "timestamp": "2025-09-16 12:54:10",
    "cum_gam": null,
    "cum_vec": 8400.0,
    "DEX_Call": 119.318,
    "DEX_Put": -54.619,
    "DEX_Total": 64.699,
    "DEX_Ratio": 2.184551,
    "GEX_Call": 809239.176,
    "GEX_Put": -636029.212,
    "GEX_Total": 173209.964,
    "GEX_Ratio": 1.27233,
    "VEX_Call": -120204.3,
    "VEX_Put": 432328.105,
    "VEX_Total": 312123.805,
    "VEX_Ratio": -0.27804,
    "CEX_Call": -917541.114,
    "CEX_Put": 2745996.702,
    "CEX_Total": 1828455.588,
    "CEX_Ratio": -0.334138
}