{
    "timestamp": "2025-10-28 10:31:35",
    "cum_gam": null,
    "cum_vec": 8400.0,
    "DEX_Call": 206.069,
    "DEX_Put": -22.287,
    "DEX_Total": 183.782,
    "DEX_Ratio": 9.246152,
    "GEX_Call": 1461562.328,
    "GEX_Put": -365509.658,
    "GEX_Total": 1096052.67,
    "GEX_Ratio": 3.998697,
    "VEX_Call": 39213.58,
    "VEX_Put": 358718.047,
    "VEX_Total": 397931.627,
    "VEX_Ratio": 0.109316,
    "CEX_Call": -1960.176,
    "CEX_Put": 2013642.889,
    "CEX_Total": 2011682.713,
    "CEX_Ratio": -0.000973
}