{
    "timestamp": "2025-10-03 10:09:59",
    "cum_gam": null,
    "cum_vec": null,
    "DEX_Call": 97.202,
    "DEX_Put": -32.656,
    "DEX_Total": 64.546,
    "DEX_Ratio": 2.976543,
    "GEX_Call": 1035599.741,
    "GEX_Put": -431483.017,
    "GEX_Total": 604116.724,
    "GEX_Ratio": 2.400094,
    "VEX_Call": -44641.252,
    "VEX_Put": 382460.575,
    "VEX_Total": 337819.323,
    "VEX_Ratio": -0.116721,
    "CEX_Call": -257934.114,
    "CEX_Put": 756375.04,
    "CEX_Total": 498440.926,
    "CEX_Ratio": -0.341014
}