{
    "timestamp": "2025-11-10 13:39:37",
    "cum_gam": 8149.8154981549815,
    "cum_vec": 8149.8154981549815,
    "DEX_Call": 79.468,
    "DEX_Put": -19.211,
    "DEX_Total": 60.257,
    "DEX_Ratio": 4.136588,
    "GEX_Call": 573875.8,
    "GEX_Put": -232797.562,
    "GEX_Total": 341078.238,
    "GEX_Ratio": 2.465128,
    "VEX_Call": -29232.823,
    "VEX_Put": 166216.669,
    "VEX_Total": 136983.846,
    "VEX_Ratio": -0.175872,
    "CEX_Call": -281454.328,
    "CEX_Put": 1054219.131,
    "CEX_Total": 772764.803,
    "CEX_Ratio": -0.266979
}