{
    "timestamp": "2025-10-07 06:30:07",
    "cum_gam": null,
    "cum_vec": 8600.0,
    "DEX_Call": 102.085,
    "DEX_Put": -36.484,
    "DEX_Total": 65.601,
    "DEX_Ratio": 2.798076,
    "GEX_Call": 883709.181,
    "GEX_Put": -552891.808,
    "GEX_Total": 330817.373,
    "GEX_Ratio": 1.59834,
    "VEX_Call": -149859.097,
    "VEX_Put": 385226.346,
    "VEX_Total": 235367.249,
    "VEX_Ratio": -0.389016,
    "CEX_Call": -910714.904,
    "CEX_Put": 1899824.358,
    "CEX_Total": 989109.454,
    "CEX_Ratio": -0.479368
}