{
    "timestamp": "2025-10-09 06:28:53",
    "cum_gam": null,
    "cum_vec": null,
    "DEX_Call": 288.105,
    "DEX_Put": -103.266,
    "DEX_Total": 184.839,
    "DEX_Ratio": 2.789931,
    "GEX_Call": 2218413.278,
    "GEX_Put": -1401728.074,
    "GEX_Total": 816685.204,
    "GEX_Ratio": 1.582627,
    "VEX_Call": -266399.201,
    "VEX_Put": 1282356.125,
    "VEX_Total": 1015956.924,
    "VEX_Ratio": -0.207742,
    "CEX_Call": -1716421.951,
    "CEX_Put": 6375074.03,
    "CEX_Total": 4658652.079,
    "CEX_Ratio": -0.26924
}