{
    "timestamp": "2025-10-22 09:46:08",
    "cum_gam": 6657.3079124044425,
    "cum_vec": 8108.163265306122,
    "DEX_Call": 42.503,
    "DEX_Put": -69.432,
    "DEX_Total": -26.929,
    "DEX_Ratio": 0.612153,
    "GEX_Call": 421557.342,
    "GEX_Put": -604062.41,
    "GEX_Total": -182505.068,
    "GEX_Ratio": 0.697871,
    "VEX_Call": -123670.424,
    "VEX_Put": 261726.455,
    "VEX_Total": 138056.031,
    "VEX_Ratio": -0.472518,
    "CEX_Call": -781209.56,
    "CEX_Put": 1419552.625,
    "CEX_Total": 638343.065,
    "CEX_Ratio": -0.550321
}