{
    "timestamp": "2025-10-01 09:34:23",
    "cum_gam": null,
    "cum_vec": 8600.0,
    "DEX_Call": 91.477,
    "DEX_Put": -34.271,
    "DEX_Total": 57.206,
    "DEX_Ratio": 2.669225,
    "GEX_Call": 829612.688,
    "GEX_Put": -531008.729,
    "GEX_Total": 298603.959,
    "GEX_Ratio": 1.562333,
    "VEX_Call": -25537.152,
    "VEX_Put": 326422.864,
    "VEX_Total": 300885.712,
    "VEX_Ratio": -0.078233,
    "CEX_Call": -276365.764,
    "CEX_Put": 1793018.93,
    "CEX_Total": 1516653.166,
    "CEX_Ratio": -0.154134
}