{
    "timestamp": "2025-08-19 12:02:24",
    "cum_gam": 6425.245935704786,
    "cum_vec": 8200.0,
    "DEX_Call": 20.359,
    "DEX_Put": -85.893,
    "DEX_Total": -65.534,
    "DEX_Ratio": 0.237027,
    "GEX_Call": 269011.036,
    "GEX_Put": -797171.145,
    "GEX_Total": -528160.109,
    "GEX_Ratio": 0.337457,
    "VEX_Call": -97770.01,
    "VEX_Put": 182438.648,
    "VEX_Total": 84668.638,
    "VEX_Ratio": -0.535906,
    "CEX_Call": -684972.041,
    "CEX_Put": 1075203.972,
    "CEX_Total": 390231.931,
    "CEX_Ratio": -0.637062
}