{
    "timestamp": "2025-09-24 06:32:10",
    "cum_gam": null,
    "cum_vec": 8600.0,
    "DEX_Call": 48.231,
    "DEX_Put": -43.197,
    "DEX_Total": 5.034,
    "DEX_Ratio": 1.116536,
    "GEX_Call": 558666.773,
    "GEX_Put": -547963.866,
    "GEX_Total": 10702.907,
    "GEX_Ratio": 1.019532,
    "VEX_Call": -125328.108,
    "VEX_Put": 248076.205,
    "VEX_Total": 122748.097,
    "VEX_Ratio": -0.5052,
    "CEX_Call": -741197.388,
    "CEX_Put": 1208780.337,
    "CEX_Total": 467582.949,
    "CEX_Ratio": -0.613178
}