{
    "timestamp": "2025-11-11 11:15:37",
    "cum_gam": null,
    "cum_vec": 8200.0,
    "DEX_Call": 136.197,
    "DEX_Put": -40.571,
    "DEX_Total": 95.626,
    "DEX_Ratio": 3.357004,
    "GEX_Call": 966708.33,
    "GEX_Put": -511093.388,
    "GEX_Total": 455614.942,
    "GEX_Ratio": 1.891451,
    "VEX_Call": -55220.576,
    "VEX_Put": 266209.724,
    "VEX_Total": 210989.148,
    "VEX_Ratio": -0.207433,
    "CEX_Call": -480879.152,
    "CEX_Put": 1510360.222,
    "CEX_Total": 1029481.07,
    "CEX_Ratio": -0.318387
}