{
    "timestamp": "2025-08-01 08:15:15",
    "cum_gam": 6371.1106855409735,
    "cum_vec": 8000.0,
    "DEX_Call": 16.562,
    "DEX_Put": -221.675,
    "DEX_Total": -205.113,
    "DEX_Ratio": 0.074713,
    "GEX_Call": 152505.721,
    "GEX_Put": -801150.889,
    "GEX_Total": -648645.168,
    "GEX_Ratio": 0.190358,
    "VEX_Call": -125418.394,
    "VEX_Put": 65646.604,
    "VEX_Total": -59771.79,
    "VEX_Ratio": -1.910508,
    "CEX_Call": -308089.624,
    "CEX_Put": 23634.537,
    "CEX_Total": -284455.087,
    "CEX_Ratio": -13.035568
}