{
    "timestamp": "2026-07-20 12:00:56",
    "cum_gam": 7490.699988873908,
    "cum_vec": 7490.699988873908,
    "DEX_Call": 21.855,
    "DEX_Put": -101.47,
    "DEX_Total": -79.615,
    "DEX_Ratio": 0.215384,
    "GEX_Call": 241682.787,
    "GEX_Put": -620517.588,
    "GEX_Total": -378834.801,
    "GEX_Ratio": 0.389486,
    "VEX_Call": -100039.755,
    "VEX_Put": 180670.959,
    "VEX_Total": 80631.204,
    "VEX_Ratio": -0.553712,
    "CEX_Call": -602313.965,
    "CEX_Put": 922650.294,
    "CEX_Total": 320336.329,
    "CEX_Ratio": -0.652809
}