{
    "timestamp": "2025-08-12 12:33:53",
    "cum_gam": null,
    "cum_vec": null,
    "DEX_Call": 143.2,
    "DEX_Put": -10.438,
    "DEX_Total": 132.762,
    "DEX_Ratio": 13.719103,
    "GEX_Call": 1283722.298,
    "GEX_Put": -197169.895,
    "GEX_Total": 1086552.403,
    "GEX_Ratio": 6.510742,
    "VEX_Call": -81902.061,
    "VEX_Put": 220942.806,
    "VEX_Total": 139040.745,
    "VEX_Ratio": -0.370693,
    "CEX_Call": -746614.101,
    "CEX_Put": 1442304.686,
    "CEX_Total": 695690.585,
    "CEX_Ratio": -0.517654
}