{
    "timestamp": "2025-11-14 08:53:35",
    "cum_gam": 8066.043613707165,
    "cum_vec": 8344.781144781145,
    "DEX_Call": 34.965,
    "DEX_Put": -165.782,
    "DEX_Total": -130.817,
    "DEX_Ratio": 0.21091,
    "GEX_Call": 298724.964,
    "GEX_Put": -854087.39,
    "GEX_Total": -555362.426,
    "GEX_Ratio": 0.349759,
    "VEX_Call": -182553.256,
    "VEX_Put": 370132.058,
    "VEX_Total": 187578.802,
    "VEX_Ratio": -0.493211,
    "CEX_Call": -432978.746,
    "CEX_Put": 649833.21,
    "CEX_Total": 216854.464,
    "CEX_Ratio": -0.666292
}