{
    "timestamp": "2026-07-22 11:58:58",
    "cum_gam": 7438.816323460245,
    "cum_vec": 9400.0,
    "DEX_Call": 46.237,
    "DEX_Put": -65.599,
    "DEX_Total": -19.362,
    "DEX_Ratio": 0.704843,
    "GEX_Call": 562503.05,
    "GEX_Put": -658517.483,
    "GEX_Total": -96014.433,
    "GEX_Ratio": 0.854196,
    "VEX_Call": -152022.891,
    "VEX_Put": 199109.392,
    "VEX_Total": 47086.501,
    "VEX_Ratio": -0.763514,
    "CEX_Call": -938259.01,
    "CEX_Put": 1010903.366,
    "CEX_Total": 72644.356,
    "CEX_Ratio": -0.928139
}