{
    "timestamp": "2025-09-08 10:58:31",
    "cum_gam": null,
    "cum_vec": 8400.0,
    "DEX_Call": 55.688,
    "DEX_Put": -37.426,
    "DEX_Total": 18.262,
    "DEX_Ratio": 1.48795,
    "GEX_Call": 712662.336,
    "GEX_Put": -451454.823,
    "GEX_Total": 261207.513,
    "GEX_Ratio": 1.578591,
    "VEX_Call": -92780.3,
    "VEX_Put": 161456.28,
    "VEX_Total": 68675.98,
    "VEX_Ratio": -0.574647,
    "CEX_Call": -690056.992,
    "CEX_Put": 936570.805,
    "CEX_Total": 246513.813,
    "CEX_Ratio": -0.736791
}