{
    "timestamp": "2025-11-24 10:44:37",
    "cum_gam": 6829.709538298686,
    "cum_vec": 8313.924050632912,
    "DEX_Call": 59.76,
    "DEX_Put": -97.417,
    "DEX_Total": -37.657,
    "DEX_Ratio": 0.613445,
    "GEX_Call": 386709.087,
    "GEX_Put": -395177.211,
    "GEX_Total": -8468.124,
    "GEX_Ratio": 0.978571,
    "VEX_Call": -68502.301,
    "VEX_Put": 189862.668,
    "VEX_Total": 121360.367,
    "VEX_Ratio": -0.360799,
    "CEX_Call": -470260.134,
    "CEX_Put": 1074211.402,
    "CEX_Total": 603951.268,
    "CEX_Ratio": -0.437772
}