{
    "timestamp": "2025-08-21 09:28:00",
    "cum_gam": 6362.043376313848,
    "cum_vec": 8400.0,
    "DEX_Call": 127.079,
    "DEX_Put": -235.421,
    "DEX_Total": -108.342,
    "DEX_Ratio": 0.539795,
    "GEX_Call": 668957.545,
    "GEX_Put": -1456618.049,
    "GEX_Total": -787660.504,
    "GEX_Ratio": 0.459254,
    "VEX_Call": -301339.089,
    "VEX_Put": 631710.056,
    "VEX_Total": 330370.967,
    "VEX_Ratio": -0.477021,
    "CEX_Call": -1918896.292,
    "CEX_Put": 3576034.281,
    "CEX_Total": 1657137.989,
    "CEX_Ratio": -0.536599
}