{
    "timestamp": "2025-07-18 09:39:10",
    "cum_gam": 6671.726410902089,
    "cum_vec": 6671.726410902089,
    "DEX_Call": 84.833,
    "DEX_Put": -35.536,
    "DEX_Total": 49.297,
    "DEX_Ratio": 2.387241,
    "GEX_Call": 686095.638,
    "GEX_Put": -434142.868,
    "GEX_Total": 251952.77,
    "GEX_Ratio": 1.580345,
    "VEX_Call": -50936.058,
    "VEX_Put": 205038.723,
    "VEX_Total": 154102.665,
    "VEX_Ratio": -0.248422,
    "CEX_Call": -223917.204,
    "CEX_Put": 402086.263,
    "CEX_Total": 178169.059,
    "CEX_Ratio": -0.556888
}