{
    "timestamp": "2025-09-23 07:32:18",
    "cum_gam": null,
    "cum_vec": 8200.0,
    "DEX_Call": 77.842,
    "DEX_Put": -25.878,
    "DEX_Total": 51.964,
    "DEX_Ratio": 3.008038,
    "GEX_Call": 887678.922,
    "GEX_Put": -467344.239,
    "GEX_Total": 420334.683,
    "GEX_Ratio": 1.899411,
    "VEX_Call": -112300.022,
    "VEX_Put": 320875.328,
    "VEX_Total": 208575.306,
    "VEX_Ratio": -0.34998,
    "CEX_Call": -741411.89,
    "CEX_Put": 1649199.247,
    "CEX_Total": 907787.357,
    "CEX_Ratio": -0.449559
}