{
    "timestamp": "2025-07-31 09:51:44",
    "cum_gam": null,
    "cum_vec": 8200.0,
    "DEX_Call": 277.205,
    "DEX_Put": -80.245,
    "DEX_Total": 196.96,
    "DEX_Ratio": 3.454483,
    "GEX_Call": 1375064.456,
    "GEX_Put": -921873.86,
    "GEX_Total": 453190.596,
    "GEX_Ratio": 1.491597,
    "VEX_Call": -155005.276,
    "VEX_Put": 665312.677,
    "VEX_Total": 510307.401,
    "VEX_Ratio": -0.232981,
    "CEX_Call": -1156414.274,
    "CEX_Put": 3897521.782,
    "CEX_Total": 2741107.508,
    "CEX_Ratio": -0.296705
}