{
    "timestamp": "2025-06-25 11:31:22",
    "cum_gam": null,
    "cum_vec": null,
    "DEX_Call": 127.057,
    "DEX_Put": -50.735,
    "DEX_Total": 76.322,
    "DEX_Ratio": 2.504326,
    "GEX_Call": 2282485.985,
    "GEX_Put": -1509245.464,
    "GEX_Total": 773240.521,
    "GEX_Ratio": 1.512336,
    "VEX_Call": -236681.159,
    "VEX_Put": 386350.655,
    "VEX_Total": 149669.496,
    "VEX_Ratio": -0.612607,
    "CEX_Call": -13175900.237,
    "CEX_Put": 19327694.255,
    "CEX_Total": 6151794.018,
    "CEX_Ratio": -0.681711
}