{
    "timestamp": "2025-10-15 11:56:10",
    "cum_gam": null,
    "cum_vec": 8200.0,
    "DEX_Call": 70.6,
    "DEX_Put": -67.768,
    "DEX_Total": 2.832,
    "DEX_Ratio": 1.04179,
    "GEX_Call": 571637.323,
    "GEX_Put": -546689.311,
    "GEX_Total": 24948.012,
    "GEX_Ratio": 1.045635,
    "VEX_Call": -110250.405,
    "VEX_Put": 285548.658,
    "VEX_Total": 175298.253,
    "VEX_Ratio": -0.3861,
    "CEX_Call": -781505.981,
    "CEX_Put": 1707407.369,
    "CEX_Total": 925901.388,
    "CEX_Ratio": -0.457715
}