{
    "timestamp": "2026-07-21 08:39:23",
    "cum_gam": 8993.75,
    "cum_vec": 8993.75,
    "DEX_Call": 55.026,
    "DEX_Put": -79.385,
    "DEX_Total": -24.359,
    "DEX_Ratio": 0.693154,
    "GEX_Call": 749436.814,
    "GEX_Put": -707106.663,
    "GEX_Total": 42330.151,
    "GEX_Ratio": 1.059864,
    "VEX_Call": -222866.341,
    "VEX_Put": 301336.384,
    "VEX_Total": 78470.043,
    "VEX_Ratio": -0.739593,
    "CEX_Call": -1225153.104,
    "CEX_Put": 1387759.554,
    "CEX_Total": 162606.45,
    "CEX_Ratio": -0.882828
}