{
    "timestamp": "2025-11-05 09:59:14",
    "cum_gam": null,
    "cum_vec": 8600.0,
    "DEX_Call": 60.53,
    "DEX_Put": -89.861,
    "DEX_Total": -29.331,
    "DEX_Ratio": 0.673596,
    "GEX_Call": 651408.714,
    "GEX_Put": -640117.225,
    "GEX_Total": 11291.489,
    "GEX_Ratio": 1.01764,
    "VEX_Call": -153521.266,
    "VEX_Put": 133782.547,
    "VEX_Total": -19738.719,
    "VEX_Ratio": -1.147543,
    "CEX_Call": -981114.664,
    "CEX_Put": 666291.422,
    "CEX_Total": -314823.242,
    "CEX_Ratio": -1.472501
}