{
    "timestamp": "2025-11-21 12:28:45",
    "cum_gam": 6594.408739297995,
    "cum_vec": 8200.0,
    "DEX_Call": 44.113,
    "DEX_Put": -118.464,
    "DEX_Total": -74.351,
    "DEX_Ratio": 0.372375,
    "GEX_Call": 367312.24,
    "GEX_Put": -513378.977,
    "GEX_Total": -146066.737,
    "GEX_Ratio": 0.71548,
    "VEX_Call": -218186.344,
    "VEX_Put": 239902.954,
    "VEX_Total": 21716.61,
    "VEX_Ratio": -0.909478,
    "CEX_Call": -547674.018,
    "CEX_Put": 458892.428,
    "CEX_Total": -88781.59,
    "CEX_Ratio": -1.193469
}