{
    "timestamp": "2025-10-29 12:48:51",
    "cum_gam": null,
    "cum_vec": 7799.255994500829,
    "DEX_Call": 177.958,
    "DEX_Put": -75.763,
    "DEX_Total": 102.195,
    "DEX_Ratio": 2.348877,
    "GEX_Call": 735634.709,
    "GEX_Put": -572858.687,
    "GEX_Total": 162776.022,
    "GEX_Ratio": 1.284147,
    "VEX_Call": -20152.858,
    "VEX_Put": 287533.012,
    "VEX_Total": 267380.154,
    "VEX_Ratio": -0.070089,
    "CEX_Call": -241915.179,
    "CEX_Put": 1722413.367,
    "CEX_Total": 1480498.188,
    "CEX_Ratio": -0.140451
}