{
    "timestamp": "2025-11-07 08:10:19",
    "cum_gam": 6901.769190930148,
    "cum_vec": 7719.967793880837,
    "DEX_Call": 15.038,
    "DEX_Put": -202.001,
    "DEX_Total": -186.963,
    "DEX_Ratio": 0.074445,
    "GEX_Call": 153706.438,
    "GEX_Put": -664975.892,
    "GEX_Total": -511269.454,
    "GEX_Ratio": 0.231146,
    "VEX_Call": -143797.085,
    "VEX_Put": 68354.815,
    "VEX_Total": -75442.27,
    "VEX_Ratio": -2.103686,
    "CEX_Call": -328653.565,
    "CEX_Put": 40930.653,
    "CEX_Total": -287722.912,
    "CEX_Ratio": -8.029522
}