{
    "timestamp": "2025-08-28 08:26:47",
    "cum_gam": null,
    "cum_vec": null,
    "DEX_Call": 632.086,
    "DEX_Put": -97.234,
    "DEX_Total": 534.852,
    "DEX_Ratio": 6.500668,
    "GEX_Call": 2356855.501,
    "GEX_Put": -1468628.09,
    "GEX_Total": 888227.411,
    "GEX_Ratio": 1.604801,
    "VEX_Call": 51890.223,
    "VEX_Put": 875492.532,
    "VEX_Total": 927382.755,
    "VEX_Ratio": 0.05927,
    "CEX_Call": -71627.223,
    "CEX_Put": 4774147.184,
    "CEX_Total": 4702519.961,
    "CEX_Ratio": -0.015003
}