{
    "timestamp": "2025-07-07 12:26:01",
    "cum_gam": 6160.012820114204,
    "cum_vec": 8000.0,
    "DEX_Call": 28.365,
    "DEX_Put": -32.183,
    "DEX_Total": -3.818,
    "DEX_Ratio": 0.881366,
    "GEX_Call": 222671.664,
    "GEX_Put": -272821.199,
    "GEX_Total": -50149.535,
    "GEX_Ratio": 0.816182,
    "VEX_Call": -33323.185,
    "VEX_Put": 84029.867,
    "VEX_Total": 50706.682,
    "VEX_Ratio": -0.396564,
    "CEX_Call": -263717.356,
    "CEX_Put": 534668.384,
    "CEX_Total": 270951.028,
    "CEX_Ratio": -0.493235
}