{
    "timestamp": "2025-10-06 08:55:51",
    "cum_gam": null,
    "cum_vec": 8565.236051502146,
    "DEX_Call": 67.798,
    "DEX_Put": -19.198,
    "DEX_Total": 48.6,
    "DEX_Ratio": 3.531514,
    "GEX_Call": 661053.209,
    "GEX_Put": -334879.158,
    "GEX_Total": 326174.051,
    "GEX_Ratio": 1.974005,
    "VEX_Call": -68600.158,
    "VEX_Put": 256048.777,
    "VEX_Total": 187448.619,
    "VEX_Ratio": -0.267918,
    "CEX_Call": -486133.11,
    "CEX_Put": 1376715.324,
    "CEX_Total": 890582.214,
    "CEX_Ratio": -0.353111
}