{
    "timestamp": "2025-10-08 12:26:42",
    "cum_gam": null,
    "cum_vec": 8200.0,
    "DEX_Call": 68.468,
    "DEX_Put": -22.294,
    "DEX_Total": 46.174,
    "DEX_Ratio": 3.07114,
    "GEX_Call": 699779.362,
    "GEX_Put": -397207.513,
    "GEX_Total": 302571.849,
    "GEX_Ratio": 1.761748,
    "VEX_Call": -61765.631,
    "VEX_Put": 283770.596,
    "VEX_Total": 222004.965,
    "VEX_Ratio": -0.21766,
    "CEX_Call": -500297.896,
    "CEX_Put": 1734224.971,
    "CEX_Total": 1233927.075,
    "CEX_Ratio": -0.288485
}