{
    "timestamp": "2025-09-04 07:11:31",
    "cum_gam": null,
    "cum_vec": null,
    "DEX_Call": 182.281,
    "DEX_Put": -131.731,
    "DEX_Total": 50.55,
    "DEX_Ratio": 1.383737,
    "GEX_Call": 1309337.616,
    "GEX_Put": -1236574.171,
    "GEX_Total": 72763.445,
    "GEX_Ratio": 1.058843,
    "VEX_Call": -268859.628,
    "VEX_Put": 675685.553,
    "VEX_Total": 406825.925,
    "VEX_Ratio": -0.397906,
    "CEX_Call": -1685610.819,
    "CEX_Put": 3528969.13,
    "CEX_Total": 1843358.311,
    "CEX_Ratio": -0.47765
}