{
    "timestamp": "2025-10-17 10:49:41",
    "cum_gam": 6603.153113816294,
    "cum_vec": 6603.153113816294,
    "DEX_Call": 33.817,
    "DEX_Put": -107.658,
    "DEX_Total": -73.841,
    "DEX_Ratio": 0.314115,
    "GEX_Call": 288261.341,
    "GEX_Put": -612201.528,
    "GEX_Total": -323940.187,
    "GEX_Ratio": 0.47086,
    "VEX_Call": -161126.565,
    "VEX_Put": 403100.341,
    "VEX_Total": 241973.776,
    "VEX_Ratio": -0.399718,
    "CEX_Call": -400356.737,
    "CEX_Put": 793299.397,
    "CEX_Total": 392942.66,
    "CEX_Ratio": -0.504673
}