{
    "timestamp": "2025-07-18 07:13:16",
    "cum_gam": 6673.032670454545,
    "cum_vec": 6673.032670454545,
    "DEX_Call": 64.39,
    "DEX_Put": -27.285,
    "DEX_Total": 37.105,
    "DEX_Ratio": 2.359905,
    "GEX_Call": 713696.011,
    "GEX_Put": -359060.3,
    "GEX_Total": 354635.711,
    "GEX_Ratio": 1.987677,
    "VEX_Call": -84472.433,
    "VEX_Put": 229949.816,
    "VEX_Total": 145477.383,
    "VEX_Ratio": -0.367352,
    "CEX_Call": -298599.925,
    "CEX_Put": 453246.176,
    "CEX_Total": 154646.251,
    "CEX_Ratio": -0.658803
}