{
    "timestamp": "2025-11-18 12:10:59",
    "cum_gam": 6731.8812301959215,
    "cum_vec": 8362.819713038054,
    "DEX_Call": 21.425,
    "DEX_Put": -187.459,
    "DEX_Total": -166.034,
    "DEX_Ratio": 0.114292,
    "GEX_Call": 198980.42,
    "GEX_Put": -778147.246,
    "GEX_Total": -579166.826,
    "GEX_Ratio": 0.25571,
    "VEX_Call": -141106.636,
    "VEX_Put": 173162.719,
    "VEX_Total": 32056.083,
    "VEX_Ratio": -0.814879,
    "CEX_Call": -928752.648,
    "CEX_Put": 980034.669,
    "CEX_Total": 51282.021,
    "CEX_Ratio": -0.947673
}