{
    "timestamp": "2025-10-23 10:45:17",
    "cum_gam": null,
    "cum_vec": null,
    "DEX_Call": 274.29,
    "DEX_Put": -92.623,
    "DEX_Total": 181.667,
    "DEX_Ratio": 2.961359,
    "GEX_Call": 1655952.261,
    "GEX_Put": -981662.292,
    "GEX_Total": 674289.969,
    "GEX_Ratio": 1.686886,
    "VEX_Call": -85241.79,
    "VEX_Put": 754974.276,
    "VEX_Total": 669732.486,
    "VEX_Ratio": -0.112907,
    "CEX_Call": -765890.481,
    "CEX_Put": 4338821.643,
    "CEX_Total": 3572931.162,
    "CEX_Ratio": -0.17652
}