{
    "timestamp": "2025-11-17 07:41:31",
    "cum_gam": 6723.801707113202,
    "cum_vec": 8800.0,
    "DEX_Call": 29.093,
    "DEX_Put": -104.849,
    "DEX_Total": -75.756,
    "DEX_Ratio": 0.277475,
    "GEX_Call": 243746.892,
    "GEX_Put": -641924.188,
    "GEX_Total": -398177.296,
    "GEX_Ratio": 0.379713,
    "VEX_Call": -124921.018,
    "VEX_Put": 370291.12,
    "VEX_Total": 245370.102,
    "VEX_Ratio": -0.337359,
    "CEX_Call": -707057.653,
    "CEX_Put": 1882708.938,
    "CEX_Total": 1175651.285,
    "CEX_Ratio": -0.375553
}