{
    "timestamp": "2025-10-23 08:19:46",
    "cum_gam": null,
    "cum_vec": null,
    "DEX_Call": 239.189,
    "DEX_Put": -117.308,
    "DEX_Total": 121.881,
    "DEX_Ratio": 2.038983,
    "GEX_Call": 1347487.346,
    "GEX_Put": -1169699.058,
    "GEX_Total": 177788.288,
    "GEX_Ratio": 1.151995,
    "VEX_Call": -200655.41,
    "VEX_Put": 769300.865,
    "VEX_Total": 568645.455,
    "VEX_Ratio": -0.260828,
    "CEX_Call": -1312316.752,
    "CEX_Put": 4041552.119,
    "CEX_Total": 2729235.367,
    "CEX_Ratio": -0.324706
}