{
    "timestamp": "2025-08-05 12:51:05",
    "cum_gam": 6271.68860337465,
    "cum_vec": 6271.68860337465,
    "DEX_Call": 31.409,
    "DEX_Put": -57.478,
    "DEX_Total": -26.069,
    "DEX_Ratio": 0.546453,
    "GEX_Call": 415205.87,
    "GEX_Put": -575819.48,
    "GEX_Total": -160613.61,
    "GEX_Ratio": 0.72107,
    "VEX_Call": -133292.58,
    "VEX_Put": 162375.212,
    "VEX_Total": 29082.632,
    "VEX_Ratio": -0.820892,
    "CEX_Call": -983542.681,
    "CEX_Put": 1029168.068,
    "CEX_Total": 45625.387,
    "CEX_Ratio": -0.955668
}