{
    "timestamp": "2025-11-13 09:07:18",
    "cum_gam": 6701.883307059693,
    "cum_vec": 6701.883307059693,
    "DEX_Call": 156.991,
    "DEX_Put": -217.72,
    "DEX_Total": -60.729,
    "DEX_Ratio": 0.721068,
    "GEX_Call": 997344.472,
    "GEX_Put": -1314058.868,
    "GEX_Total": -316714.396,
    "GEX_Ratio": 0.75898,
    "VEX_Call": -448238.697,
    "VEX_Put": 512364.234,
    "VEX_Total": 64125.537,
    "VEX_Ratio": -0.874844,
    "CEX_Call": -2661477.178,
    "CEX_Put": 2658854.026,
    "CEX_Total": -2623.152,
    "CEX_Ratio": -1.000987
}