{
    "timestamp": "2025-09-23 07:22:06",
    "cum_gam": null,
    "cum_vec": 8200.0,
    "DEX_Call": 77.006,
    "DEX_Put": -24.895,
    "DEX_Total": 52.111,
    "DEX_Ratio": 3.093232,
    "GEX_Call": 894203.745,
    "GEX_Put": -460872.086,
    "GEX_Total": 433331.659,
    "GEX_Ratio": 1.940243,
    "VEX_Call": -108901.706,
    "VEX_Put": 312948.602,
    "VEX_Total": 204046.896,
    "VEX_Ratio": -0.347986,
    "CEX_Call": -720976.501,
    "CEX_Put": 1598426.498,
    "CEX_Total": 877449.997,
    "CEX_Ratio": -0.451054
}