{
    "timestamp": "2025-08-25 10:34:59",
    "cum_gam": null,
    "cum_vec": 8000.0,
    "DEX_Call": 46.79,
    "DEX_Put": -22.674,
    "DEX_Total": 24.116,
    "DEX_Ratio": 2.063597,
    "GEX_Call": 515971.612,
    "GEX_Put": -434373.862,
    "GEX_Total": 81597.75,
    "GEX_Ratio": 1.187851,
    "VEX_Call": -68694.273,
    "VEX_Put": 158767.32,
    "VEX_Total": 90073.047,
    "VEX_Ratio": -0.432673,
    "CEX_Call": -504658.129,
    "CEX_Put": 912220.358,
    "CEX_Total": 407562.229,
    "CEX_Ratio": -0.55322
}