{
    "timestamp": "2025-09-04 12:19:59",
    "cum_gam": null,
    "cum_vec": null,
    "DEX_Call": 261.051,
    "DEX_Put": -67.364,
    "DEX_Total": 193.687,
    "DEX_Ratio": 3.87523,
    "GEX_Call": 1745315.155,
    "GEX_Put": -882668.177,
    "GEX_Total": 862646.978,
    "GEX_Ratio": 1.977317,
    "VEX_Call": -57798.123,
    "VEX_Put": 700507.955,
    "VEX_Total": 642709.832,
    "VEX_Ratio": -0.082509,
    "CEX_Call": -651692.387,
    "CEX_Put": 4456030.9,
    "CEX_Total": 3804338.513,
    "CEX_Ratio": -0.14625
}