{
    "timestamp": "2025-08-01 12:02:44",
    "cum_gam": 6660.826160204269,
    "cum_vec": 8000.0,
    "DEX_Call": 12.358,
    "DEX_Put": -229.248,
    "DEX_Total": -216.89,
    "DEX_Ratio": 0.053907,
    "GEX_Call": 138856.882,
    "GEX_Put": -829009.07,
    "GEX_Total": -690152.188,
    "GEX_Ratio": 0.167497,
    "VEX_Call": -120549.602,
    "VEX_Put": 20126.24,
    "VEX_Total": -100423.362,
    "VEX_Ratio": -5.989673,
    "CEX_Call": -309373.173,
    "CEX_Put": -81478.32,
    "CEX_Total": -390851.493,
    "CEX_Ratio": -3.797
}