{
    "timestamp": "2025-09-18 07:01:43",
    "cum_gam": null,
    "cum_vec": null,
    "DEX_Call": 10090.927,
    "DEX_Put": -536.374,
    "DEX_Total": 9554.553,
    "DEX_Ratio": 18.813229,
    "GEX_Call": 9983656.961,
    "GEX_Put": -6274729.898,
    "GEX_Total": 3708927.063,
    "GEX_Ratio": 1.59109,
    "VEX_Call": 5587957.758,
    "VEX_Put": 4817751.031,
    "VEX_Total": 10405708.789,
    "VEX_Ratio": 1.159869,
    "CEX_Call": 28215234.154,
    "CEX_Put": 24690672.233,
    "CEX_Total": 52905906.387,
    "CEX_Ratio": 1.142749
}