{
    "timestamp": "2025-10-23 12:28:44",
    "cum_gam": null,
    "cum_vec": null,
    "DEX_Call": 300.786,
    "DEX_Put": -76.698,
    "DEX_Total": 224.088,
    "DEX_Ratio": 3.921693,
    "GEX_Call": 1650537.177,
    "GEX_Put": -941500.492,
    "GEX_Total": 709036.685,
    "GEX_Ratio": 1.753092,
    "VEX_Call": -63706.925,
    "VEX_Put": 723434.967,
    "VEX_Total": 659728.042,
    "VEX_Ratio": -0.088062,
    "CEX_Call": -662148.529,
    "CEX_Put": 4444035.427,
    "CEX_Total": 3781886.898,
    "CEX_Ratio": -0.148997
}