{
    "timestamp": "2025-09-02 12:16:31",
    "cum_gam": 6423.905745519233,
    "cum_vec": 7800.0,
    "DEX_Call": 19.888,
    "DEX_Put": -97.293,
    "DEX_Total": -77.405,
    "DEX_Ratio": 0.204413,
    "GEX_Call": 236780.8,
    "GEX_Put": -680511.128,
    "GEX_Total": -443730.328,
    "GEX_Ratio": 0.347946,
    "VEX_Call": -93766.295,
    "VEX_Put": 110965.558,
    "VEX_Total": 17199.263,
    "VEX_Ratio": -0.845004,
    "CEX_Call": -659442.729,
    "CEX_Put": 630317.977,
    "CEX_Total": -29124.752,
    "CEX_Ratio": -1.046206
}