{
    "timestamp": "2025-10-16 10:30:48",
    "cum_gam": 10994.620901639344,
    "cum_vec": 10994.620901639344,
    "DEX_Call": 2747.705,
    "DEX_Put": -765.542,
    "DEX_Total": 1982.163,
    "DEX_Ratio": 3.589228,
    "GEX_Call": 5080902.68,
    "GEX_Put": -4936436.693,
    "GEX_Total": 144465.987,
    "GEX_Ratio": 1.029265,
    "VEX_Call": -397908.493,
    "VEX_Put": 2593144.436,
    "VEX_Total": 2195235.943,
    "VEX_Ratio": -0.153446,
    "CEX_Call": -3170970.087,
    "CEX_Put": 14721096.65,
    "CEX_Total": 11550126.563,
    "CEX_Ratio": -0.215403
}