{
    "timestamp": "2025-11-14 09:27:33",
    "cum_gam": 8096.083550913838,
    "cum_vec": 8330.491803278688,
    "DEX_Call": 40.997,
    "DEX_Put": -142.08,
    "DEX_Total": -101.083,
    "DEX_Ratio": 0.288549,
    "GEX_Call": 363548.126,
    "GEX_Put": -815224.521,
    "GEX_Total": -451676.395,
    "GEX_Ratio": 0.445948,
    "VEX_Call": -191289.274,
    "VEX_Put": 407703.189,
    "VEX_Total": 216413.915,
    "VEX_Ratio": -0.469188,
    "CEX_Call": -463442.407,
    "CEX_Put": 739354.236,
    "CEX_Total": 275911.829,
    "CEX_Ratio": -0.626821
}