{
    "timestamp": "2025-09-16 11:10:48",
    "cum_gam": null,
    "cum_vec": 8400.0,
    "DEX_Call": 117.816,
    "DEX_Put": -54.402,
    "DEX_Total": 63.414,
    "DEX_Ratio": 2.165656,
    "GEX_Call": 808040.755,
    "GEX_Put": -636623.196,
    "GEX_Total": 171417.559,
    "GEX_Ratio": 1.269261,
    "VEX_Call": -132412.254,
    "VEX_Put": 403273.184,
    "VEX_Total": 270860.93,
    "VEX_Ratio": -0.328344,
    "CEX_Call": -942428.447,
    "CEX_Put": 2386344.522,
    "CEX_Total": 1443916.075,
    "CEX_Ratio": -0.394926
}