{
    "timestamp": "2025-11-06 12:10:10",
    "cum_gam": 6752.714775934523,
    "cum_vec": 6752.714775934523,
    "DEX_Call": 164.439,
    "DEX_Put": -224.087,
    "DEX_Total": -59.648,
    "DEX_Ratio": 0.733818,
    "GEX_Call": 802018.307,
    "GEX_Put": -1651783.926,
    "GEX_Total": -849765.619,
    "GEX_Ratio": 0.485547,
    "VEX_Call": -323553.311,
    "VEX_Put": 624022.49,
    "VEX_Total": 300469.179,
    "VEX_Ratio": -0.518496,
    "CEX_Call": -2154412.813,
    "CEX_Put": 3655432.232,
    "CEX_Total": 1501019.419,
    "CEX_Ratio": -0.589373
}