{
    "timestamp": "2025-07-17 12:57:11",
    "cum_gam": null,
    "cum_vec": null,
    "DEX_Call": 3244.377,
    "DEX_Put": -174.668,
    "DEX_Total": 3069.709,
    "DEX_Ratio": 18.574536,
    "GEX_Call": 6165106.757,
    "GEX_Put": -3323080.475,
    "GEX_Total": 2842026.282,
    "GEX_Ratio": 1.855238,
    "VEX_Call": 1970674.263,
    "VEX_Put": 1531831.458,
    "VEX_Total": 3502505.721,
    "VEX_Ratio": 1.286482,
    "CEX_Call": 12678511.127,
    "CEX_Put": 10084685.205,
    "CEX_Total": 22763196.332,
    "CEX_Ratio": 1.257204
}