{
    "timestamp": "2025-11-10 08:22:56",
    "cum_gam": 8158.730158730159,
    "cum_vec": 8158.730158730159,
    "DEX_Call": 61.914,
    "DEX_Put": -29.804,
    "DEX_Total": 32.11,
    "DEX_Ratio": 2.077372,
    "GEX_Call": 480612.147,
    "GEX_Put": -287472.077,
    "GEX_Total": 193140.07,
    "GEX_Ratio": 1.671857,
    "VEX_Call": -74648.458,
    "VEX_Put": 190241.698,
    "VEX_Total": 115593.24,
    "VEX_Ratio": -0.392387,
    "CEX_Call": -480087.814,
    "CEX_Put": 987250.876,
    "CEX_Total": 507163.062,
    "CEX_Ratio": -0.486288
}