{
    "timestamp": "2025-06-30 07:20:32",
    "cum_gam": null,
    "cum_vec": 8000.0,
    "DEX_Call": 160.769,
    "DEX_Put": -17.08,
    "DEX_Total": 143.689,
    "DEX_Ratio": 9.412705,
    "GEX_Call": 633093.8,
    "GEX_Put": -269102.137,
    "GEX_Total": 363991.663,
    "GEX_Ratio": 2.352615,
    "VEX_Call": 46446.574,
    "VEX_Put": 215875.221,
    "VEX_Total": 262321.795,
    "VEX_Ratio": 0.215155,
    "CEX_Call": 169014.762,
    "CEX_Put": 1203188.838,
    "CEX_Total": 1372203.6,
    "CEX_Ratio": 0.140472
}