{
    "timestamp": "2025-08-12 07:07:58",
    "cum_gam": null,
    "cum_vec": null,
    "DEX_Call": 92.749,
    "DEX_Put": -27.255,
    "DEX_Total": 65.494,
    "DEX_Ratio": 3.403009,
    "GEX_Call": 820027.725,
    "GEX_Put": -366404.496,
    "GEX_Total": 453623.229,
    "GEX_Ratio": 2.238039,
    "VEX_Call": -141502.38,
    "VEX_Put": 294964.111,
    "VEX_Total": 153461.731,
    "VEX_Ratio": -0.479727,
    "CEX_Call": -911817.224,
    "CEX_Put": 1576422.271,
    "CEX_Total": 664605.047,
    "CEX_Ratio": -0.578409
}