{
    "timestamp": "2025-10-28 12:03:39",
    "cum_gam": null,
    "cum_vec": 8400.0,
    "DEX_Call": 260.732,
    "DEX_Put": -17.855,
    "DEX_Total": 242.877,
    "DEX_Ratio": 14.602744,
    "GEX_Call": 1464490.156,
    "GEX_Put": -314912.326,
    "GEX_Total": 1149577.83,
    "GEX_Ratio": 4.650469,
    "VEX_Call": 121448.195,
    "VEX_Put": 319798.068,
    "VEX_Total": 441246.263,
    "VEX_Ratio": 0.379765,
    "CEX_Call": 512398.568,
    "CEX_Put": 1902486.956,
    "CEX_Total": 2414885.524,
    "CEX_Ratio": 0.269331
}