{
    "timestamp": "2025-08-04 08:37:30",
    "cum_gam": 7178.171896316508,
    "cum_vec": 7800.0,
    "DEX_Call": 27.635,
    "DEX_Put": -43.084,
    "DEX_Total": -15.449,
    "DEX_Ratio": 0.641421,
    "GEX_Call": 236454.661,
    "GEX_Put": -298573.364,
    "GEX_Total": -62118.703,
    "GEX_Ratio": 0.791948,
    "VEX_Call": -38601.036,
    "VEX_Put": 106847.158,
    "VEX_Total": 68246.122,
    "VEX_Ratio": -0.361273,
    "CEX_Call": -264689.058,
    "CEX_Put": 583766.134,
    "CEX_Total": 319077.076,
    "CEX_Ratio": -0.453416
}