{
    "timestamp": "2025-08-14 09:19:24",
    "cum_gam": 7009.39899583706,
    "cum_vec": 8767.688022284123,
    "DEX_Call": 1074.815,
    "DEX_Put": -306.243,
    "DEX_Total": 768.572,
    "DEX_Ratio": 3.50968,
    "GEX_Call": 4055356.086,
    "GEX_Put": -2707058.745,
    "GEX_Total": 1348297.341,
    "GEX_Ratio": 1.498067,
    "VEX_Call": -264064.729,
    "VEX_Put": 1910269.308,
    "VEX_Total": 1646204.579,
    "VEX_Ratio": -0.138234,
    "CEX_Call": -2194913.331,
    "CEX_Put": 10872315.078,
    "CEX_Total": 8677401.747,
    "CEX_Ratio": -0.201881
}