{
    "timestamp": "2025-09-30 08:05:19",
    "cum_gam": null,
    "cum_vec": 8600.0,
    "DEX_Call": 117.262,
    "DEX_Put": -66.707,
    "DEX_Total": 50.555,
    "DEX_Ratio": 1.757866,
    "GEX_Call": 728142.271,
    "GEX_Put": -717522.014,
    "GEX_Total": 10620.257,
    "GEX_Ratio": 1.014801,
    "VEX_Call": -53585.904,
    "VEX_Put": 287835.939,
    "VEX_Total": 234250.035,
    "VEX_Ratio": -0.186168,
    "CEX_Call": -408178.292,
    "CEX_Put": 1469424.229,
    "CEX_Total": 1061245.937,
    "CEX_Ratio": -0.277781
}