{
    "timestamp": "2025-09-08 10:57:28",
    "cum_gam": null,
    "cum_vec": 8400.0,
    "DEX_Call": 55.646,
    "DEX_Put": -37.173,
    "DEX_Total": 18.473,
    "DEX_Ratio": 1.496947,
    "GEX_Call": 717444.389,
    "GEX_Put": -450650.509,
    "GEX_Total": 266793.88,
    "GEX_Ratio": 1.592019,
    "VEX_Call": -92002.858,
    "VEX_Put": 163175.457,
    "VEX_Total": 71172.599,
    "VEX_Ratio": -0.563828,
    "CEX_Call": -685579.162,
    "CEX_Put": 946753.945,
    "CEX_Total": 261174.783,
    "CEX_Ratio": -0.724137
}