{
    "timestamp": "2025-09-05 09:07:36",
    "cum_gam": 7481.632653061224,
    "cum_vec": 8200.0,
    "DEX_Call": 54.219,
    "DEX_Put": -48.301,
    "DEX_Total": 5.918,
    "DEX_Ratio": 1.122523,
    "GEX_Call": 663465.269,
    "GEX_Put": -540359.545,
    "GEX_Total": 123105.724,
    "GEX_Ratio": 1.227822,
    "VEX_Call": -132025.901,
    "VEX_Put": 327947.733,
    "VEX_Total": 195921.832,
    "VEX_Ratio": -0.402582,
    "CEX_Call": -395734.529,
    "CEX_Put": 641121.404,
    "CEX_Total": 245386.875,
    "CEX_Ratio": -0.617254
}