{
    "timestamp": "2025-10-31 08:42:38",
    "cum_gam": 6843.208523707598,
    "cum_vec": 6843.208523707598,
    "DEX_Call": 86.208,
    "DEX_Put": -138.313,
    "DEX_Total": -52.105,
    "DEX_Ratio": 0.623282,
    "GEX_Call": 596705.973,
    "GEX_Put": -949060.464,
    "GEX_Total": -352354.491,
    "GEX_Ratio": 0.628733,
    "VEX_Call": -115568.911,
    "VEX_Put": 322547.108,
    "VEX_Total": 206978.197,
    "VEX_Ratio": -0.358301,
    "CEX_Call": -333297.694,
    "CEX_Put": 521789.975,
    "CEX_Total": 188492.281,
    "CEX_Ratio": -0.638758
}