{
    "timestamp": "2025-07-28 11:27:40",
    "cum_gam": null,
    "cum_vec": 8200.0,
    "DEX_Call": 94.703,
    "DEX_Put": -26.124,
    "DEX_Total": 68.579,
    "DEX_Ratio": 3.625134,
    "GEX_Call": 738951.152,
    "GEX_Put": -443680.196,
    "GEX_Total": 295270.956,
    "GEX_Ratio": 1.665504,
    "VEX_Call": -62372.027,
    "VEX_Put": 154009.447,
    "VEX_Total": 91637.42,
    "VEX_Ratio": -0.404988,
    "CEX_Call": -518175.15,
    "CEX_Put": 925127.283,
    "CEX_Total": 406952.133,
    "CEX_Ratio": -0.560112
}