{
    "timestamp": "2025-08-29 07:55:07",
    "cum_gam": 6393.854033875575,
    "cum_vec": 6393.854033875575,
    "DEX_Call": 49.514,
    "DEX_Put": -85.228,
    "DEX_Total": -35.714,
    "DEX_Ratio": 0.580959,
    "GEX_Call": 502209.964,
    "GEX_Put": -701096.709,
    "GEX_Total": -198886.745,
    "GEX_Ratio": 0.716321,
    "VEX_Call": -138768.228,
    "VEX_Put": 314641.237,
    "VEX_Total": 175873.009,
    "VEX_Ratio": -0.441036,
    "CEX_Call": -310585.297,
    "CEX_Put": 416803.257,
    "CEX_Total": 106217.96,
    "CEX_Ratio": -0.74516
}