{
    "timestamp": "2025-08-19 07:20:19",
    "cum_gam": null,
    "cum_vec": 8200.0,
    "DEX_Call": 56.352,
    "DEX_Put": -34.859,
    "DEX_Total": 21.493,
    "DEX_Ratio": 1.61657,
    "GEX_Call": 600874.528,
    "GEX_Put": -554401.183,
    "GEX_Total": 46473.345,
    "GEX_Ratio": 1.083826,
    "VEX_Call": -97866.251,
    "VEX_Put": 229892.258,
    "VEX_Total": 132026.007,
    "VEX_Ratio": -0.425705,
    "CEX_Call": -635228.855,
    "CEX_Put": 1185071.096,
    "CEX_Total": 549842.241,
    "CEX_Ratio": -0.536026
}