{
    "timestamp": "2025-09-09 09:36:43",
    "cum_gam": null,
    "cum_vec": 8200.0,
    "DEX_Call": 69.281,
    "DEX_Put": -34.881,
    "DEX_Total": 34.4,
    "DEX_Ratio": 1.98621,
    "GEX_Call": 877568.593,
    "GEX_Put": -616389.012,
    "GEX_Total": 261179.581,
    "GEX_Ratio": 1.423725,
    "VEX_Call": -99808.698,
    "VEX_Put": 275794.853,
    "VEX_Total": 175986.155,
    "VEX_Ratio": -0.361895,
    "CEX_Call": -728703.31,
    "CEX_Put": 1538463.765,
    "CEX_Total": 809760.455,
    "CEX_Ratio": -0.473656
}