{
    "timestamp": "2025-09-22 10:30:19",
    "cum_gam": null,
    "cum_vec": 8200.0,
    "DEX_Call": 59.505,
    "DEX_Put": -11.291,
    "DEX_Total": 48.214,
    "DEX_Ratio": 5.270127,
    "GEX_Call": 520785.428,
    "GEX_Put": -215827.471,
    "GEX_Total": 304957.957,
    "GEX_Ratio": 2.412971,
    "VEX_Call": -25889.377,
    "VEX_Put": 207055.61,
    "VEX_Total": 181166.233,
    "VEX_Ratio": -0.125036,
    "CEX_Call": -235204.349,
    "CEX_Put": 1196708.45,
    "CEX_Total": 961504.101,
    "CEX_Ratio": -0.196543
}