{
    "timestamp": "2025-10-23 12:38:01",
    "cum_gam": null,
    "cum_vec": null,
    "DEX_Call": 292.569,
    "DEX_Put": -79.39,
    "DEX_Total": 213.179,
    "DEX_Ratio": 3.685212,
    "GEX_Call": 1612447.849,
    "GEX_Put": -968552.006,
    "GEX_Total": 643895.843,
    "GEX_Ratio": 1.664803,
    "VEX_Call": -58731.999,
    "VEX_Put": 714557.95,
    "VEX_Total": 655825.951,
    "VEX_Ratio": -0.082193,
    "CEX_Call": -627047.929,
    "CEX_Put": 4412939.853,
    "CEX_Total": 3785891.924,
    "CEX_Ratio": -0.142093
}