{
    "timestamp": "2025-08-11 08:41:40",
    "cum_gam": null,
    "cum_vec": 7200.0,
    "DEX_Call": 85.395,
    "DEX_Put": -44.635,
    "DEX_Total": 40.76,
    "DEX_Ratio": 1.913185,
    "GEX_Call": 673499.59,
    "GEX_Put": -503347.442,
    "GEX_Total": 170152.148,
    "GEX_Ratio": 1.338041,
    "VEX_Call": -105881.801,
    "VEX_Put": 280537.578,
    "VEX_Total": 174655.777,
    "VEX_Ratio": -0.377425,
    "CEX_Call": -724099.396,
    "CEX_Put": 1561125.525,
    "CEX_Total": 837026.129,
    "CEX_Ratio": -0.463832
}