{
    "timestamp": "2025-07-09 11:51:41",
    "cum_gam": null,
    "cum_vec": 8000.0,
    "DEX_Call": 35.554,
    "DEX_Put": -18.733,
    "DEX_Total": 16.821,
    "DEX_Ratio": 1.897934,
    "GEX_Call": 479272.478,
    "GEX_Put": -257925.038,
    "GEX_Total": 221347.44,
    "GEX_Ratio": 1.858185,
    "VEX_Call": -81270.336,
    "VEX_Put": 111412.413,
    "VEX_Total": 30142.077,
    "VEX_Ratio": -0.729455,
    "CEX_Call": -618266.093,
    "CEX_Put": 704638.688,
    "CEX_Total": 86372.595,
    "CEX_Ratio": -0.877423
}