{
    "timestamp": "2025-10-28 10:40:45",
    "cum_gam": null,
    "cum_vec": 8400.0,
    "DEX_Call": 207.595,
    "DEX_Put": -22.042,
    "DEX_Total": 185.553,
    "DEX_Ratio": 9.418156,
    "GEX_Call": 1467448.613,
    "GEX_Put": -363724.438,
    "GEX_Total": 1103724.175,
    "GEX_Ratio": 4.034507,
    "VEX_Call": 44686.963,
    "VEX_Put": 355151.502,
    "VEX_Total": 399838.465,
    "VEX_Ratio": 0.125825,
    "CEX_Call": 30147.218,
    "CEX_Put": 2004708.056,
    "CEX_Total": 2034855.274,
    "CEX_Ratio": 0.015038
}