{
    "timestamp": "2025-11-05 11:10:50",
    "cum_gam": null,
    "cum_vec": 8600.0,
    "DEX_Call": 74.949,
    "DEX_Put": -84.572,
    "DEX_Total": -9.623,
    "DEX_Ratio": 0.886215,
    "GEX_Call": 733467.088,
    "GEX_Put": -662016.356,
    "GEX_Total": 71450.732,
    "GEX_Ratio": 1.107929,
    "VEX_Call": -140331.06,
    "VEX_Put": 152689.527,
    "VEX_Total": 12358.467,
    "VEX_Ratio": -0.919061,
    "CEX_Call": -952767.107,
    "CEX_Put": 808580.638,
    "CEX_Total": -144186.469,
    "CEX_Ratio": -1.17832
}