{
    "timestamp": "2026-07-22 10:15:29",
    "cum_gam": 7246.951436681317,
    "cum_vec": 9400.0,
    "DEX_Call": 50.416,
    "DEX_Put": -60.672,
    "DEX_Total": -10.256,
    "DEX_Ratio": 0.83096,
    "GEX_Call": 631278.078,
    "GEX_Put": -639531.253,
    "GEX_Total": -8253.175,
    "GEX_Ratio": 0.987095,
    "VEX_Call": -162154.483,
    "VEX_Put": 242112.764,
    "VEX_Total": 79958.281,
    "VEX_Ratio": -0.669748,
    "CEX_Call": -948917.855,
    "CEX_Put": 1169674.209,
    "CEX_Total": 220756.354,
    "CEX_Ratio": -0.811267
}