{
    "timestamp": "2025-08-18 11:36:56",
    "cum_gam": null,
    "cum_vec": 7800.0,
    "DEX_Call": 30.089,
    "DEX_Put": -26.437,
    "DEX_Total": 3.652,
    "DEX_Ratio": 1.13814,
    "GEX_Call": 358777.652,
    "GEX_Put": -344194.217,
    "GEX_Total": 14583.435,
    "GEX_Ratio": 1.04237,
    "VEX_Call": -59712.96,
    "VEX_Put": 92566.981,
    "VEX_Total": 32854.021,
    "VEX_Ratio": -0.645078,
    "CEX_Call": -439807.04,
    "CEX_Put": 541132.543,
    "CEX_Total": 101325.503,
    "CEX_Ratio": -0.812753
}