{
    "timestamp": "2025-11-25 12:49:27",
    "cum_gam": null,
    "cum_vec": 8400.0,
    "DEX_Call": 94.846,
    "DEX_Put": -31.211,
    "DEX_Total": 63.635,
    "DEX_Ratio": 3.038865,
    "GEX_Call": 757390.049,
    "GEX_Put": -307340.091,
    "GEX_Total": 450049.958,
    "GEX_Ratio": 2.464339,
    "VEX_Call": -126780.909,
    "VEX_Put": 242825.901,
    "VEX_Total": 116044.992,
    "VEX_Ratio": -0.522106,
    "CEX_Call": -891965.674,
    "CEX_Put": 1534216.728,
    "CEX_Total": 642251.054,
    "CEX_Ratio": -0.581382
}