{
    "timestamp": "2025-10-02 11:30:07",
    "cum_gam": null,
    "cum_vec": 8578.319783197832,
    "DEX_Call": 413.903,
    "DEX_Put": -75.105,
    "DEX_Total": 338.798,
    "DEX_Ratio": 5.510991,
    "GEX_Call": 2399182.948,
    "GEX_Put": -1287492.282,
    "GEX_Total": 1111690.666,
    "GEX_Ratio": 1.863454,
    "VEX_Call": 185085.52,
    "VEX_Put": 914076.113,
    "VEX_Total": 1099161.633,
    "VEX_Ratio": 0.202484,
    "CEX_Call": 761087.551,
    "CEX_Put": 5408642.315,
    "CEX_Total": 6169729.866,
    "CEX_Ratio": 0.140717
}