{
    "timestamp": "2025-11-25 09:48:25",
    "cum_gam": null,
    "cum_vec": 8400.0,
    "DEX_Call": 77.008,
    "DEX_Put": -41.001,
    "DEX_Total": 36.007,
    "DEX_Ratio": 1.878198,
    "GEX_Call": 595524.02,
    "GEX_Put": -378894.191,
    "GEX_Total": 216629.829,
    "GEX_Ratio": 1.571742,
    "VEX_Call": -156460.096,
    "VEX_Put": 337441.246,
    "VEX_Total": 180981.15,
    "VEX_Ratio": -0.463666,
    "CEX_Call": -962922.988,
    "CEX_Put": 1912051.419,
    "CEX_Total": 949128.431,
    "CEX_Ratio": -0.503607
}