{
    "timestamp": "2025-07-16 11:49:55",
    "cum_gam": 6163.95700077568,
    "cum_vec": 7800.0,
    "DEX_Call": 25.101,
    "DEX_Put": -28.753,
    "DEX_Total": -3.652,
    "DEX_Ratio": 0.872987,
    "GEX_Call": 311073.326,
    "GEX_Put": -351640.77,
    "GEX_Total": -40567.444,
    "GEX_Ratio": 0.884634,
    "VEX_Call": -73709.165,
    "VEX_Put": 130748.609,
    "VEX_Total": 57039.444,
    "VEX_Ratio": -0.563747,
    "CEX_Call": -540350.702,
    "CEX_Put": 817363.367,
    "CEX_Total": 277012.665,
    "CEX_Ratio": -0.66109
}