{
    "timestamp": "2025-09-09 07:24:56",
    "cum_gam": null,
    "cum_vec": 8200.0,
    "DEX_Call": 72.96,
    "DEX_Put": -38.144,
    "DEX_Total": 34.816,
    "DEX_Ratio": 1.912752,
    "GEX_Call": 853557.606,
    "GEX_Put": -603142.841,
    "GEX_Total": 250414.765,
    "GEX_Ratio": 1.415183,
    "VEX_Call": -110931.624,
    "VEX_Put": 299032.841,
    "VEX_Total": 188101.217,
    "VEX_Ratio": -0.370968,
    "CEX_Call": -744056.623,
    "CEX_Put": 1552047.828,
    "CEX_Total": 807991.205,
    "CEX_Ratio": -0.479403
}