{
    "timestamp": "2025-09-30 09:16:22",
    "cum_gam": 6514.09032438124,
    "cum_vec": 8600.0,
    "DEX_Call": 113.115,
    "DEX_Put": -73.636,
    "DEX_Total": 39.479,
    "DEX_Ratio": 1.536137,
    "GEX_Call": 707201.124,
    "GEX_Put": -744889.249,
    "GEX_Total": -37688.125,
    "GEX_Ratio": 0.949404,
    "VEX_Call": -60788.64,
    "VEX_Put": 301300.229,
    "VEX_Total": 240511.589,
    "VEX_Ratio": -0.201754,
    "CEX_Call": -458353.972,
    "CEX_Put": 1607883.352,
    "CEX_Total": 1149529.38,
    "CEX_Ratio": -0.285067
}