{
    "timestamp": "2025-07-28 11:54:23",
    "cum_gam": null,
    "cum_vec": 8200.0,
    "DEX_Call": 66.099,
    "DEX_Put": -23.196,
    "DEX_Total": 42.903,
    "DEX_Ratio": 2.849586,
    "GEX_Call": 761472.441,
    "GEX_Put": -410762.861,
    "GEX_Total": 350709.58,
    "GEX_Ratio": 1.853801,
    "VEX_Call": -94277.929,
    "VEX_Put": 143478.427,
    "VEX_Total": 49200.498,
    "VEX_Ratio": -0.657088,
    "CEX_Call": -737565.338,
    "CEX_Put": 877269.628,
    "CEX_Total": 139704.29,
    "CEX_Ratio": -0.840751
}