{
    "timestamp": "2025-09-08 08:16:06",
    "cum_gam": null,
    "cum_vec": 8400.0,
    "DEX_Call": 73.953,
    "DEX_Put": -27.236,
    "DEX_Total": 46.717,
    "DEX_Ratio": 2.715267,
    "GEX_Call": 821741.884,
    "GEX_Put": -366150.515,
    "GEX_Total": 455591.369,
    "GEX_Ratio": 2.244273,
    "VEX_Call": -50472.033,
    "VEX_Put": 171533.258,
    "VEX_Total": 121061.225,
    "VEX_Ratio": -0.294241,
    "CEX_Call": -413838.357,
    "CEX_Put": 912978.622,
    "CEX_Total": 499140.265,
    "CEX_Ratio": -0.453284
}