{
    "timestamp": "2025-08-06 08:43:21",
    "cum_gam": null,
    "cum_vec": 8000.0,
    "DEX_Call": 35.613,
    "DEX_Put": -34.008,
    "DEX_Total": 1.605,
    "DEX_Ratio": 1.047195,
    "GEX_Call": 364194.152,
    "GEX_Put": -323005.341,
    "GEX_Total": 41188.811,
    "GEX_Ratio": 1.127517,
    "VEX_Call": -67502.705,
    "VEX_Put": 119321.717,
    "VEX_Total": 51819.012,
    "VEX_Ratio": -0.56572,
    "CEX_Call": -454813.72,
    "CEX_Put": 652925.455,
    "CEX_Total": 198111.735,
    "CEX_Ratio": -0.696578
}