{
    "timestamp": "2025-09-16 09:54:37",
    "cum_gam": null,
    "cum_vec": 8400.0,
    "DEX_Call": 115.338,
    "DEX_Put": -57.345,
    "DEX_Total": 57.993,
    "DEX_Ratio": 2.0113,
    "GEX_Call": 790930.02,
    "GEX_Put": -651284.291,
    "GEX_Total": 139645.729,
    "GEX_Ratio": 1.214416,
    "VEX_Call": -135257.549,
    "VEX_Put": 405697.09,
    "VEX_Total": 270439.541,
    "VEX_Ratio": -0.333395,
    "CEX_Call": -920291.292,
    "CEX_Put": 2288008.049,
    "CEX_Total": 1367716.757,
    "CEX_Ratio": -0.402224
}