{
    "timestamp": "2025-09-29 11:38:11",
    "cum_gam": null,
    "cum_vec": 6906.990591383607,
    "DEX_Call": 239.163,
    "DEX_Put": -192.854,
    "DEX_Total": 46.309,
    "DEX_Ratio": 1.240125,
    "GEX_Call": 1487935.184,
    "GEX_Put": -1453074.163,
    "GEX_Total": 34861.021,
    "GEX_Ratio": 1.023991,
    "VEX_Call": 6348.898,
    "VEX_Put": 798877.947,
    "VEX_Total": 805226.845,
    "VEX_Ratio": 0.007947,
    "CEX_Call": -192930.394,
    "CEX_Put": 4745126.583,
    "CEX_Total": 4552196.189,
    "CEX_Ratio": -0.040659
}