{
    "timestamp": "2025-11-10 07:49:28",
    "cum_gam": 8162.857142857143,
    "cum_vec": 8162.857142857143,
    "DEX_Call": 55.995,
    "DEX_Put": -30.867,
    "DEX_Total": 25.128,
    "DEX_Ratio": 1.814073,
    "GEX_Call": 464958.685,
    "GEX_Put": -283623.125,
    "GEX_Total": 181335.56,
    "GEX_Ratio": 1.639354,
    "VEX_Call": -81166.079,
    "VEX_Put": 197358.426,
    "VEX_Total": 116192.347,
    "VEX_Ratio": -0.411262,
    "CEX_Call": -505029.606,
    "CEX_Put": 1007074.393,
    "CEX_Total": 502044.787,
    "CEX_Ratio": -0.501482
}