{
    "timestamp": "2025-08-21 06:46:40",
    "cum_gam": 6362.2585266964925,
    "cum_vec": 8400.0,
    "DEX_Call": 153.26,
    "DEX_Put": -238.959,
    "DEX_Total": -85.699,
    "DEX_Ratio": 0.641365,
    "GEX_Call": 652389.865,
    "GEX_Put": -1465791.719,
    "GEX_Total": -813401.854,
    "GEX_Ratio": 0.445077,
    "VEX_Call": -307192.663,
    "VEX_Put": 615454.715,
    "VEX_Total": 308262.052,
    "VEX_Ratio": -0.499131,
    "CEX_Call": -1794553.745,
    "CEX_Put": 3162181.17,
    "CEX_Total": 1367627.425,
    "CEX_Ratio": -0.567505
}