{
    "timestamp": "2025-10-24 06:56:50",
    "cum_gam": null,
    "cum_vec": 7396.927633457037,
    "DEX_Call": 133.762,
    "DEX_Put": -31.287,
    "DEX_Total": 102.475,
    "DEX_Ratio": 4.275322,
    "GEX_Call": 1003318.402,
    "GEX_Put": -379240.452,
    "GEX_Total": 624077.95,
    "GEX_Ratio": 2.6456,
    "VEX_Call": -43539.789,
    "VEX_Put": 481490.704,
    "VEX_Total": 437950.915,
    "VEX_Ratio": -0.090427,
    "CEX_Call": -245928.331,
    "CEX_Put": 927074.186,
    "CEX_Total": 681145.855,
    "CEX_Ratio": -0.265274
}