{
    "timestamp": "2025-11-17 12:09:09",
    "cum_gam": 8389.893617021276,
    "cum_vec": 8800.0,
    "DEX_Call": 11.933,
    "DEX_Put": -161.181,
    "DEX_Total": -149.248,
    "DEX_Ratio": 0.074035,
    "GEX_Call": 123712.317,
    "GEX_Put": -828744.491,
    "GEX_Total": -705032.174,
    "GEX_Ratio": 0.149277,
    "VEX_Call": -91910.144,
    "VEX_Put": 221516.132,
    "VEX_Total": 129605.988,
    "VEX_Ratio": -0.414914,
    "CEX_Call": -600822.684,
    "CEX_Put": 1272020.052,
    "CEX_Total": 671197.368,
    "CEX_Ratio": -0.472337
}