{
    "timestamp": "2025-09-15 09:41:46",
    "cum_gam": null,
    "cum_vec": 7800.0,
    "DEX_Call": 153.745,
    "DEX_Put": -28.482,
    "DEX_Total": 125.263,
    "DEX_Ratio": 5.397971,
    "GEX_Call": 1313416.162,
    "GEX_Put": -507341.405,
    "GEX_Total": 806074.757,
    "GEX_Ratio": 2.588821,
    "VEX_Call": 43547.272,
    "VEX_Put": 398963.859,
    "VEX_Total": 442511.131,
    "VEX_Ratio": 0.109151,
    "CEX_Call": 49151.612,
    "CEX_Put": 2250851.529,
    "CEX_Total": 2300003.141,
    "CEX_Ratio": 0.021837
}