{
    "timestamp": "2026-07-20 10:37:07",
    "cum_gam": 7483.75497442568,
    "cum_vec": 7483.75497442568,
    "DEX_Call": 25.846,
    "DEX_Put": -91.715,
    "DEX_Total": -65.869,
    "DEX_Ratio": 0.281808,
    "GEX_Call": 289851.242,
    "GEX_Put": -624391.195,
    "GEX_Total": -334539.953,
    "GEX_Ratio": 0.464214,
    "VEX_Call": -114758.39,
    "VEX_Put": 205960.824,
    "VEX_Total": 91202.434,
    "VEX_Ratio": -0.557186,
    "CEX_Call": -659087.054,
    "CEX_Put": 1004077.227,
    "CEX_Total": 344990.173,
    "CEX_Ratio": -0.656411
}