{
    "timestamp": "2026-07-21 11:19:32",
    "cum_gam": 8993.577981651377,
    "cum_vec": 8993.577981651377,
    "DEX_Call": 57.424,
    "DEX_Put": -70.691,
    "DEX_Total": -13.267,
    "DEX_Ratio": 0.812324,
    "GEX_Call": 817125.556,
    "GEX_Put": -688947.814,
    "GEX_Total": 128177.742,
    "GEX_Ratio": 1.186049,
    "VEX_Call": -198939.547,
    "VEX_Put": 267080.333,
    "VEX_Total": 68140.786,
    "VEX_Ratio": -0.744868,
    "CEX_Call": -1213845.246,
    "CEX_Put": 1350609.674,
    "CEX_Total": 136764.428,
    "CEX_Ratio": -0.898739
}