{
    "timestamp": "2025-07-01 08:07:27",
    "cum_gam": null,
    "cum_vec": 7400.0,
    "DEX_Call": 112.137,
    "DEX_Put": -23.578,
    "DEX_Total": 88.559,
    "DEX_Ratio": 4.756001,
    "GEX_Call": 663761.542,
    "GEX_Put": -337797.26,
    "GEX_Total": 325964.282,
    "GEX_Ratio": 1.96497,
    "VEX_Call": -36158.649,
    "VEX_Put": 205972.214,
    "VEX_Total": 169813.565,
    "VEX_Ratio": -0.175551,
    "CEX_Call": -317470.731,
    "CEX_Put": 1164982.541,
    "CEX_Total": 847511.81,
    "CEX_Ratio": -0.272511
}