{
    "timestamp": "2025-09-30 10:07:45",
    "cum_gam": 6538.790807396292,
    "cum_vec": 8600.0,
    "DEX_Call": 110.4,
    "DEX_Put": -73.21,
    "DEX_Total": 37.19,
    "DEX_Ratio": 1.507991,
    "GEX_Call": 696314.385,
    "GEX_Put": -753462.034,
    "GEX_Total": -57147.649,
    "GEX_Ratio": 0.924153,
    "VEX_Call": -57408.752,
    "VEX_Put": 300373.413,
    "VEX_Total": 242964.661,
    "VEX_Ratio": -0.191125,
    "CEX_Call": -447401.44,
    "CEX_Put": 1654034.645,
    "CEX_Total": 1206633.205,
    "CEX_Ratio": -0.270491
}