{
    "timestamp": "2025-09-25 12:11:26",
    "cum_gam": 6603.323607246248,
    "cum_vec": 8600.0,
    "DEX_Call": 185.341,
    "DEX_Put": -199.46,
    "DEX_Total": -14.119,
    "DEX_Ratio": 0.929214,
    "GEX_Call": 978224.953,
    "GEX_Put": -1833569.89,
    "GEX_Total": -855344.937,
    "GEX_Ratio": 0.533508,
    "VEX_Call": -182295.64,
    "VEX_Put": 483118.711,
    "VEX_Total": 300823.071,
    "VEX_Ratio": -0.377331,
    "CEX_Call": -1321776.825,
    "CEX_Put": 2811525.886,
    "CEX_Total": 1489749.061,
    "CEX_Ratio": -0.470128
}