{
    "timestamp": "2025-10-20 06:26:01",
    "cum_gam": 6570.858542429087,
    "cum_vec": 6570.858542429087,
    "DEX_Call": 43.029,
    "DEX_Put": -62.097,
    "DEX_Total": -19.068,
    "DEX_Ratio": 0.692932,
    "GEX_Call": 300342.037,
    "GEX_Put": -445463.455,
    "GEX_Total": -145121.418,
    "GEX_Ratio": 0.674224,
    "VEX_Call": -143172.983,
    "VEX_Put": 364607.651,
    "VEX_Total": 221434.668,
    "VEX_Ratio": -0.392677,
    "CEX_Call": -791892.749,
    "CEX_Put": 1827576.104,
    "CEX_Total": 1035683.355,
    "CEX_Ratio": -0.433302
}