{
    "timestamp": "2025-09-24 08:32:59",
    "cum_gam": 6601.471644287941,
    "cum_vec": 8600.0,
    "DEX_Call": 38.65,
    "DEX_Put": -53.907,
    "DEX_Total": -15.257,
    "DEX_Ratio": 0.716976,
    "GEX_Call": 448020.396,
    "GEX_Put": -607784.636,
    "GEX_Total": -159764.24,
    "GEX_Ratio": 0.737137,
    "VEX_Call": -120345.179,
    "VEX_Put": 215449.116,
    "VEX_Total": 95103.937,
    "VEX_Ratio": -0.558578,
    "CEX_Call": -742089.489,
    "CEX_Put": 1108284.931,
    "CEX_Total": 366195.442,
    "CEX_Ratio": -0.669584
}