{
    "timestamp": "2025-09-29 09:04:09",
    "cum_gam": 6327.966380782243,
    "cum_vec": 6904.6875918687865,
    "DEX_Call": 334.369,
    "DEX_Put": -206.983,
    "DEX_Total": 127.386,
    "DEX_Ratio": 1.615442,
    "GEX_Call": 1474877.864,
    "GEX_Put": -1506952.455,
    "GEX_Total": -32074.591,
    "GEX_Ratio": 0.978716,
    "VEX_Call": 13735.055,
    "VEX_Put": 892606.224,
    "VEX_Total": 906341.279,
    "VEX_Ratio": 0.015388,
    "CEX_Call": -152394.263,
    "CEX_Put": 4834328.075,
    "CEX_Total": 4681933.812,
    "CEX_Ratio": -0.031523
}