{
    "timestamp": "2025-08-14 08:36:01",
    "cum_gam": 7009.614085608861,
    "cum_vec": 7009.614085608861,
    "DEX_Call": 828.566,
    "DEX_Put": -307.218,
    "DEX_Total": 521.348,
    "DEX_Ratio": 2.696997,
    "GEX_Call": 3887819.015,
    "GEX_Put": -2659027.861,
    "GEX_Total": 1228791.154,
    "GEX_Ratio": 1.46212,
    "VEX_Call": -475512.849,
    "VEX_Put": 1955261.179,
    "VEX_Total": 1479748.33,
    "VEX_Ratio": -0.243197,
    "CEX_Call": -3349881.38,
    "CEX_Put": 10861600.088,
    "CEX_Total": 7511718.708,
    "CEX_Ratio": -0.308415
}