{
    "timestamp": "2025-10-17 09:58:09",
    "cum_gam": 6602.603568620813,
    "cum_vec": 6602.603568620813,
    "DEX_Call": 34.857,
    "DEX_Put": -107.338,
    "DEX_Total": -72.481,
    "DEX_Ratio": 0.324741,
    "GEX_Call": 290034.62,
    "GEX_Put": -599656.429,
    "GEX_Total": -309621.809,
    "GEX_Ratio": 0.483668,
    "VEX_Call": -164552.222,
    "VEX_Put": 402932.953,
    "VEX_Total": 238380.731,
    "VEX_Ratio": -0.408386,
    "CEX_Call": -404037.715,
    "CEX_Put": 784726.906,
    "CEX_Total": 380689.191,
    "CEX_Ratio": -0.514877
}