{
    "timestamp": "2025-11-11 09:50:17",
    "cum_gam": null,
    "cum_vec": 8200.0,
    "DEX_Call": 109.139,
    "DEX_Put": -58.215,
    "DEX_Total": 50.924,
    "DEX_Ratio": 1.874757,
    "GEX_Call": 824594.741,
    "GEX_Put": -591774.002,
    "GEX_Total": 232820.739,
    "GEX_Ratio": 1.393428,
    "VEX_Call": -90808.53,
    "VEX_Put": 276789.1,
    "VEX_Total": 185980.57,
    "VEX_Ratio": -0.328078,
    "CEX_Call": -645925.792,
    "CEX_Put": 1483723.883,
    "CEX_Total": 837798.091,
    "CEX_Ratio": -0.435341
}