{
    "timestamp": "2025-08-26 12:34:56",
    "cum_gam": null,
    "cum_vec": null,
    "DEX_Call": 71.681,
    "DEX_Put": -33.022,
    "DEX_Total": 38.659,
    "DEX_Ratio": 2.170704,
    "GEX_Call": 915057.432,
    "GEX_Put": -606702.221,
    "GEX_Total": 308355.211,
    "GEX_Ratio": 1.508248,
    "VEX_Call": -112647.565,
    "VEX_Put": 208938.298,
    "VEX_Total": 96290.733,
    "VEX_Ratio": -0.539143,
    "CEX_Call": -892498.186,
    "CEX_Put": 1295479.78,
    "CEX_Total": 402981.594,
    "CEX_Ratio": -0.688933
}