{
    "timestamp": "2025-10-15 10:40:35",
    "cum_gam": 6575.868408237283,
    "cum_vec": 8200.0,
    "DEX_Call": 50.247,
    "DEX_Put": -96.747,
    "DEX_Total": -46.5,
    "DEX_Ratio": 0.519365,
    "GEX_Call": 432223.226,
    "GEX_Put": -585416.486,
    "GEX_Total": -153193.26,
    "GEX_Ratio": 0.738317,
    "VEX_Call": -167880.291,
    "VEX_Put": 265834.542,
    "VEX_Total": 97954.251,
    "VEX_Ratio": -0.631522,
    "CEX_Call": -1078170.585,
    "CEX_Put": 1508884.985,
    "CEX_Total": 430714.4,
    "CEX_Ratio": -0.714548
}