{
    "timestamp": "2025-08-21 09:45:28",
    "cum_gam": 6360.478858406044,
    "cum_vec": 8400.0,
    "DEX_Call": 156.991,
    "DEX_Put": -223.275,
    "DEX_Total": -66.284,
    "DEX_Ratio": 0.703128,
    "GEX_Call": 681329.219,
    "GEX_Put": -1445613.06,
    "GEX_Total": -764283.841,
    "GEX_Ratio": 0.471308,
    "VEX_Call": -284946.614,
    "VEX_Put": 635239.16,
    "VEX_Total": 350292.546,
    "VEX_Ratio": -0.448566,
    "CEX_Call": -1839232.785,
    "CEX_Put": 3637134.049,
    "CEX_Total": 1797901.264,
    "CEX_Ratio": -0.505682
}