{
    "timestamp": "2025-08-06 12:30:40",
    "cum_gam": null,
    "cum_vec": 8000.0,
    "DEX_Call": 43.129,
    "DEX_Put": -27.947,
    "DEX_Total": 15.182,
    "DEX_Ratio": 1.543243,
    "GEX_Call": 425954.23,
    "GEX_Put": -323438.066,
    "GEX_Total": 102516.164,
    "GEX_Ratio": 1.316958,
    "VEX_Call": -53040.451,
    "VEX_Put": 118861.193,
    "VEX_Total": 65820.742,
    "VEX_Ratio": -0.446239,
    "CEX_Call": -424630.598,
    "CEX_Put": 751931.148,
    "CEX_Total": 327300.55,
    "CEX_Ratio": -0.56472
}