{
    "timestamp": "2025-07-22 10:34:49",
    "cum_gam": null,
    "cum_vec": null,
    "DEX_Call": 60.852,
    "DEX_Put": -31.834,
    "DEX_Total": 29.018,
    "DEX_Ratio": 1.911541,
    "GEX_Call": 680811.33,
    "GEX_Put": -512167.26,
    "GEX_Total": 168644.07,
    "GEX_Ratio": 1.329275,
    "VEX_Call": -72963.454,
    "VEX_Put": 177252.925,
    "VEX_Total": 104289.471,
    "VEX_Ratio": -0.411635,
    "CEX_Call": -567359.749,
    "CEX_Put": 1039922.482,
    "CEX_Total": 472562.733,
    "CEX_Ratio": -0.545579
}