{
    "timestamp": "2025-10-01 07:36:45",
    "cum_gam": null,
    "cum_vec": 8600.0,
    "DEX_Call": 79.328,
    "DEX_Put": -41.268,
    "DEX_Total": 38.06,
    "DEX_Ratio": 1.922264,
    "GEX_Call": 742247.824,
    "GEX_Put": -561916.157,
    "GEX_Total": 180331.667,
    "GEX_Ratio": 1.320923,
    "VEX_Call": -62096.73,
    "VEX_Put": 305908.733,
    "VEX_Total": 243812.003,
    "VEX_Ratio": -0.202991,
    "CEX_Call": -450496.156,
    "CEX_Put": 1560281.307,
    "CEX_Total": 1109785.151,
    "CEX_Ratio": -0.288728
}