{
    "timestamp": "2025-07-15 12:34:29",
    "cum_gam": 6889.917281466577,
    "cum_vec": 6889.917281466577,
    "DEX_Call": 34.199,
    "DEX_Put": -38.142,
    "DEX_Total": -3.943,
    "DEX_Ratio": 0.896623,
    "GEX_Call": 492901.962,
    "GEX_Put": -504919.992,
    "GEX_Total": -12018.03,
    "GEX_Ratio": 0.976198,
    "VEX_Call": -131090.144,
    "VEX_Put": 232830.885,
    "VEX_Total": 101740.741,
    "VEX_Ratio": -0.563027,
    "CEX_Call": -977302.175,
    "CEX_Put": 1520157.615,
    "CEX_Total": 542855.44,
    "CEX_Ratio": -0.642895
}