{
    "timestamp": "2026-07-23 09:25:01",
    "cum_gam": 7478.7330324207105,
    "cum_vec": 7478.7330324207105,
    "DEX_Call": 82.627,
    "DEX_Put": -362.844,
    "DEX_Total": -280.217,
    "DEX_Ratio": 0.22772,
    "GEX_Call": 631986.67,
    "GEX_Put": -1985507.155,
    "GEX_Total": -1353520.485,
    "GEX_Ratio": 0.3183,
    "VEX_Call": -408575.932,
    "VEX_Put": 519685.565,
    "VEX_Total": 111109.633,
    "VEX_Ratio": -0.786198,
    "CEX_Call": -2206321.336,
    "CEX_Put": 2370562.855,
    "CEX_Total": 164241.519,
    "CEX_Ratio": -0.930716
}