{
    "timestamp": "2025-11-04 11:23:34",
    "cum_gam": 6802.17371819156,
    "cum_vec": 8800.0,
    "DEX_Call": 28.59,
    "DEX_Put": -124.861,
    "DEX_Total": -96.271,
    "DEX_Ratio": 0.228975,
    "GEX_Call": 241439.954,
    "GEX_Put": -752209.989,
    "GEX_Total": -510770.035,
    "GEX_Ratio": 0.320974,
    "VEX_Call": -113948.07,
    "VEX_Put": 263207.961,
    "VEX_Total": 149259.891,
    "VEX_Ratio": -0.43292,
    "CEX_Call": -728229.476,
    "CEX_Put": 1477498.661,
    "CEX_Total": 749269.185,
    "CEX_Ratio": -0.49288
}