{
    "timestamp": "2025-09-19 12:13:50",
    "cum_gam": null,
    "cum_vec": 8400.0,
    "DEX_Call": 60.589,
    "DEX_Put": -26.821,
    "DEX_Total": 33.768,
    "DEX_Ratio": 2.259013,
    "GEX_Call": 711725.479,
    "GEX_Put": -398594.059,
    "GEX_Total": 313131.42,
    "GEX_Ratio": 1.78559,
    "VEX_Call": -43568.837,
    "VEX_Put": 345393.926,
    "VEX_Total": 301825.089,
    "VEX_Ratio": -0.126142,
    "CEX_Call": -208721.299,
    "CEX_Put": 710949.097,
    "CEX_Total": 502227.798,
    "CEX_Ratio": -0.293581
}