{
    "timestamp": "2025-07-30 09:25:17",
    "cum_gam": null,
    "cum_vec": 6954.813092470041,
    "DEX_Call": 310.418,
    "DEX_Put": -102.581,
    "DEX_Total": 207.837,
    "DEX_Ratio": 3.026077,
    "GEX_Call": 1620315.863,
    "GEX_Put": -778384.052,
    "GEX_Total": 841931.811,
    "GEX_Ratio": 2.081641,
    "VEX_Call": -339965.301,
    "VEX_Put": 508188.898,
    "VEX_Total": 168223.597,
    "VEX_Ratio": -0.668974,
    "CEX_Call": -2290337.846,
    "CEX_Put": 2923678.035,
    "CEX_Total": 633340.189,
    "CEX_Ratio": -0.783376
}