{
    "timestamp": "2025-07-21 12:27:56",
    "cum_gam": null,
    "cum_vec": null,
    "DEX_Call": 47.234,
    "DEX_Put": -16.069,
    "DEX_Total": 31.165,
    "DEX_Ratio": 2.939449,
    "GEX_Call": 533935.799,
    "GEX_Put": -265129.951,
    "GEX_Total": 268805.848,
    "GEX_Ratio": 2.013865,
    "VEX_Call": -49506.452,
    "VEX_Put": 135315.278,
    "VEX_Total": 85808.826,
    "VEX_Ratio": -0.36586,
    "CEX_Call": -418773.319,
    "CEX_Put": 875221.191,
    "CEX_Total": 456447.872,
    "CEX_Ratio": -0.478477
}