{
    "timestamp": "2025-10-02 11:07:42",
    "cum_gam": null,
    "cum_vec": 8560.326975476839,
    "DEX_Call": 399.29,
    "DEX_Put": -83.172,
    "DEX_Total": 316.118,
    "DEX_Ratio": 4.800774,
    "GEX_Call": 2391934.054,
    "GEX_Put": -1362935.901,
    "GEX_Total": 1028998.153,
    "GEX_Ratio": 1.754986,
    "VEX_Call": 141233.302,
    "VEX_Put": 926948.833,
    "VEX_Total": 1068182.135,
    "VEX_Ratio": 0.152364,
    "CEX_Call": 481665.823,
    "CEX_Put": 5400847.901,
    "CEX_Total": 5882513.724,
    "CEX_Ratio": 0.089183
}