{
    "timestamp": "2025-10-02 12:50:21",
    "cum_gam": null,
    "cum_vec": null,
    "DEX_Call": 400.476,
    "DEX_Put": -77.875,
    "DEX_Total": 322.601,
    "DEX_Ratio": 5.142549,
    "GEX_Call": 2423411.089,
    "GEX_Put": -1394811.846,
    "GEX_Total": 1028599.243,
    "GEX_Ratio": 1.737447,
    "VEX_Call": 223648.17,
    "VEX_Put": 929156.973,
    "VEX_Total": 1152805.143,
    "VEX_Ratio": 0.2407,
    "CEX_Call": 1066812.253,
    "CEX_Put": 5787075.418,
    "CEX_Total": 6853887.671,
    "CEX_Ratio": 0.184344
}