{
    "timestamp": "2025-10-07 07:59:28",
    "cum_gam": null,
    "cum_vec": 7787.209302325581,
    "DEX_Call": 90.483,
    "DEX_Put": -43.796,
    "DEX_Total": 46.687,
    "DEX_Ratio": 2.066011,
    "GEX_Call": 833356.962,
    "GEX_Put": -617091.292,
    "GEX_Total": 216265.67,
    "GEX_Ratio": 1.35046,
    "VEX_Call": -153313.131,
    "VEX_Put": 319232.492,
    "VEX_Total": 165919.361,
    "VEX_Ratio": -0.480255,
    "CEX_Call": -960540.892,
    "CEX_Put": 1632581.922,
    "CEX_Total": 672041.03,
    "CEX_Ratio": -0.588357
}