{
    "timestamp": "2025-11-21 10:30:55",
    "cum_gam": 6612.959583057823,
    "cum_vec": 8200.0,
    "DEX_Call": 34.213,
    "DEX_Put": -150.239,
    "DEX_Total": -116.026,
    "DEX_Ratio": 0.227724,
    "GEX_Call": 267975.048,
    "GEX_Put": -521963.641,
    "GEX_Total": -253988.593,
    "GEX_Ratio": 0.513398,
    "VEX_Call": -242191.014,
    "VEX_Put": 217839.074,
    "VEX_Total": -24351.94,
    "VEX_Ratio": -1.111789,
    "CEX_Call": -575158.905,
    "CEX_Put": 398132.596,
    "CEX_Total": -177026.309,
    "CEX_Ratio": -1.444642
}