{
    "timestamp": "2025-11-06 13:03:28",
    "cum_gam": 6756.76334443862,
    "cum_vec": 6756.76334443862,
    "DEX_Call": 164.321,
    "DEX_Put": -224.894,
    "DEX_Total": -60.573,
    "DEX_Ratio": 0.73066,
    "GEX_Call": 789483.934,
    "GEX_Put": -1651782.259,
    "GEX_Total": -862298.325,
    "GEX_Ratio": 0.477959,
    "VEX_Call": -281611.73,
    "VEX_Put": 567326.606,
    "VEX_Total": 285714.876,
    "VEX_Ratio": -0.496384,
    "CEX_Call": -1950889.568,
    "CEX_Put": 3423699.287,
    "CEX_Total": 1472809.719,
    "CEX_Ratio": -0.569819
}