{
    "timestamp": "2025-09-02 09:37:15",
    "cum_gam": 6419.586156946628,
    "cum_vec": 7800.0,
    "DEX_Call": 14.978,
    "DEX_Put": -125.114,
    "DEX_Total": -110.136,
    "DEX_Ratio": 0.119715,
    "GEX_Call": 169877.489,
    "GEX_Put": -654394.818,
    "GEX_Total": -484517.329,
    "GEX_Ratio": 0.259595,
    "VEX_Call": -106486.987,
    "VEX_Put": 76211.466,
    "VEX_Total": -30275.521,
    "VEX_Ratio": -1.397257,
    "CEX_Call": -670842.977,
    "CEX_Put": 358891.649,
    "CEX_Total": -311951.328,
    "CEX_Ratio": -1.869208
}