{
    "timestamp": "2025-09-18 11:41:22",
    "cum_gam": null,
    "cum_vec": null,
    "DEX_Call": 10526.205,
    "DEX_Put": -477.787,
    "DEX_Total": 10048.418,
    "DEX_Ratio": 22.031167,
    "GEX_Call": 10361930.67,
    "GEX_Put": -6381854.611,
    "GEX_Total": 3980076.059,
    "GEX_Ratio": 1.623655,
    "VEX_Call": 4963459.688,
    "VEX_Put": 4662031.123,
    "VEX_Total": 9625490.811,
    "VEX_Ratio": 1.064656,
    "CEX_Call": 29440989.104,
    "CEX_Put": 28176513.851,
    "CEX_Total": 57617502.955,
    "CEX_Ratio": 1.044877
}