{
    "timestamp": "2025-09-24 10:53:24",
    "cum_gam": 6643.553167265387,
    "cum_vec": 8600.0,
    "DEX_Call": 31.833,
    "DEX_Put": -69.842,
    "DEX_Total": -38.009,
    "DEX_Ratio": 0.455786,
    "GEX_Call": 337964.315,
    "GEX_Put": -671358.333,
    "GEX_Total": -333394.018,
    "GEX_Ratio": 0.503404,
    "VEX_Call": -97041.1,
    "VEX_Put": 174609.439,
    "VEX_Total": 77568.339,
    "VEX_Ratio": -0.555761,
    "CEX_Call": -642853.682,
    "CEX_Put": 956830.372,
    "CEX_Total": 313976.69,
    "CEX_Ratio": -0.671858
}