{
    "timestamp": "2025-07-03 08:18:31",
    "cum_gam": 6623.709698882214,
    "cum_vec": 8000.0,
    "DEX_Call": 93.802,
    "DEX_Put": -14.126,
    "DEX_Total": 79.676,
    "DEX_Ratio": 6.640379,
    "GEX_Call": 713748.782,
    "GEX_Put": -195675.037,
    "GEX_Total": 518073.745,
    "GEX_Ratio": 3.647623,
    "VEX_Call": -19871.019,
    "VEX_Put": 250501.682,
    "VEX_Total": 230630.663,
    "VEX_Ratio": -0.079325,
    "CEX_Call": -145766.639,
    "CEX_Put": 401387.008,
    "CEX_Total": 255620.369,
    "CEX_Ratio": -0.363157
}