{
    "timestamp": "2025-09-15 06:49:41",
    "cum_gam": null,
    "cum_vec": 7800.0,
    "DEX_Call": 171.537,
    "DEX_Put": -31.404,
    "DEX_Total": 140.133,
    "DEX_Ratio": 5.462266,
    "GEX_Call": 1278455.721,
    "GEX_Put": -542566.265,
    "GEX_Total": 735889.456,
    "GEX_Ratio": 2.356313,
    "VEX_Call": 47083.179,
    "VEX_Put": 382483.202,
    "VEX_Total": 429566.381,
    "VEX_Ratio": 0.123099,
    "CEX_Call": 50404.401,
    "CEX_Put": 1947144.65,
    "CEX_Total": 1997549.051,
    "CEX_Ratio": 0.025886
}