{
    "timestamp": "2025-11-10 08:24:11",
    "cum_gam": 8166.494845360825,
    "cum_vec": 8166.494845360825,
    "DEX_Call": 56.682,
    "DEX_Put": -29.297,
    "DEX_Total": 27.385,
    "DEX_Ratio": 1.934737,
    "GEX_Call": 483707.221,
    "GEX_Put": -284445.192,
    "GEX_Total": 199262.029,
    "GEX_Ratio": 1.700529,
    "VEX_Call": -78137.69,
    "VEX_Put": 190371.494,
    "VEX_Total": 112233.804,
    "VEX_Ratio": -0.410448,
    "CEX_Call": -499745.286,
    "CEX_Put": 989020.241,
    "CEX_Total": 489274.955,
    "CEX_Ratio": -0.505293
}