{
    "timestamp": "2025-11-24 11:03:56",
    "cum_gam": 6815.689945751282,
    "cum_vec": 7499.447236180905,
    "DEX_Call": 61.995,
    "DEX_Put": -96.663,
    "DEX_Total": -34.668,
    "DEX_Ratio": 0.641352,
    "GEX_Call": 395537.935,
    "GEX_Put": -387176.526,
    "GEX_Total": 8361.409,
    "GEX_Ratio": 1.021596,
    "VEX_Call": -58215.515,
    "VEX_Put": 207413.588,
    "VEX_Total": 149198.073,
    "VEX_Ratio": -0.280674,
    "CEX_Call": -413984.376,
    "CEX_Put": 1194330.37,
    "CEX_Total": 780345.994,
    "CEX_Ratio": -0.346625
}