{
    "timestamp": "2025-09-17 08:57:40",
    "cum_gam": null,
    "cum_vec": null,
    "DEX_Call": 105.97,
    "DEX_Put": -65.371,
    "DEX_Total": 40.599,
    "DEX_Ratio": 1.621055,
    "GEX_Call": 569366.694,
    "GEX_Put": -496656.554,
    "GEX_Total": 72710.14,
    "GEX_Ratio": 1.146399,
    "VEX_Call": -118944.046,
    "VEX_Put": 289475.78,
    "VEX_Total": 170531.734,
    "VEX_Ratio": -0.410895,
    "CEX_Call": -767829.215,
    "CEX_Put": 1574618.723,
    "CEX_Total": 806789.508,
    "CEX_Ratio": -0.487629
}