{
    "timestamp": "2025-09-02 12:40:43",
    "cum_gam": 6416.428351551352,
    "cum_vec": 7800.0,
    "DEX_Call": 22.585,
    "DEX_Put": -70.003,
    "DEX_Total": -47.418,
    "DEX_Ratio": 0.322629,
    "GEX_Call": 267187.625,
    "GEX_Put": -663616.786,
    "GEX_Total": -396429.161,
    "GEX_Ratio": 0.402623,
    "VEX_Call": -98644.992,
    "VEX_Put": 144387.84,
    "VEX_Total": 45742.848,
    "VEX_Ratio": -0.683195,
    "CEX_Call": -706040.45,
    "CEX_Put": 868674.101,
    "CEX_Total": 162633.651,
    "CEX_Ratio": -0.812779
}