{
    "timestamp": "2025-10-16 09:23:46",
    "cum_gam": null,
    "cum_vec": null,
    "DEX_Call": 2777.055,
    "DEX_Put": -811.692,
    "DEX_Total": 1965.363,
    "DEX_Ratio": 3.421316,
    "GEX_Call": 4974072.249,
    "GEX_Put": -4908385.018,
    "GEX_Total": 65687.231,
    "GEX_Ratio": 1.013383,
    "VEX_Call": -519611.071,
    "VEX_Put": 2735311.2,
    "VEX_Total": 2215700.129,
    "VEX_Ratio": -0.189964,
    "CEX_Call": -3761234.511,
    "CEX_Put": 14942412.366,
    "CEX_Total": 11181177.855,
    "CEX_Ratio": -0.251715
}