{
    "timestamp": "2025-07-18 09:02:05",
    "cum_gam": 6672.530203476049,
    "cum_vec": 6672.530203476049,
    "DEX_Call": 62.259,
    "DEX_Put": -25.624,
    "DEX_Total": 36.635,
    "DEX_Ratio": 2.429714,
    "GEX_Call": 711726.67,
    "GEX_Put": -369023.996,
    "GEX_Total": 342702.674,
    "GEX_Ratio": 1.928673,
    "VEX_Call": -79328.781,
    "VEX_Put": 194353.116,
    "VEX_Total": 115024.335,
    "VEX_Ratio": -0.408168,
    "CEX_Call": -291105.743,
    "CEX_Put": 383149.159,
    "CEX_Total": 92043.416,
    "CEX_Ratio": -0.759771
}