{
    "timestamp": "2025-10-20 10:41:21",
    "cum_gam": null,
    "cum_vec": 8148.888888888889,
    "DEX_Call": 84.077,
    "DEX_Put": -19.869,
    "DEX_Total": 64.208,
    "DEX_Ratio": 4.231567,
    "GEX_Call": 624863.864,
    "GEX_Put": -283594.226,
    "GEX_Total": 341269.638,
    "GEX_Ratio": 2.203373,
    "VEX_Call": -21054.226,
    "VEX_Put": 294510.241,
    "VEX_Total": 273456.015,
    "VEX_Ratio": -0.071489,
    "CEX_Call": -222626.131,
    "CEX_Put": 1704357.563,
    "CEX_Total": 1481731.432,
    "CEX_Ratio": -0.130622
}