{
    "timestamp": "2025-07-31 09:50:26",
    "cum_gam": null,
    "cum_vec": 8200.0,
    "DEX_Call": 275.9,
    "DEX_Put": -80.506,
    "DEX_Total": 195.394,
    "DEX_Ratio": 3.427074,
    "GEX_Call": 1373267.199,
    "GEX_Put": -925116.028,
    "GEX_Total": 448151.171,
    "GEX_Ratio": 1.484427,
    "VEX_Call": -154813.243,
    "VEX_Put": 667749.985,
    "VEX_Total": 512936.742,
    "VEX_Ratio": -0.231843,
    "CEX_Call": -1154250.695,
    "CEX_Put": 3908731.624,
    "CEX_Total": 2754480.929,
    "CEX_Ratio": -0.295301
}