{
    "timestamp": "2025-07-29 11:11:57",
    "cum_gam": null,
    "cum_vec": 8200.0,
    "DEX_Call": 73.948,
    "DEX_Put": -43.5,
    "DEX_Total": 30.448,
    "DEX_Ratio": 1.699954,
    "GEX_Call": 654998.94,
    "GEX_Put": -566934.727,
    "GEX_Total": 88064.213,
    "GEX_Ratio": 1.155334,
    "VEX_Call": -80103.829,
    "VEX_Put": 243398.439,
    "VEX_Total": 163294.61,
    "VEX_Ratio": -0.329106,
    "CEX_Call": -614867.286,
    "CEX_Put": 1468815.469,
    "CEX_Total": 853948.183,
    "CEX_Ratio": -0.418614
}