{
    "timestamp": "2025-09-30 11:31:51",
    "cum_gam": null,
    "cum_vec": 8600.0,
    "DEX_Call": 122.788,
    "DEX_Put": -61.517,
    "DEX_Total": 61.271,
    "DEX_Ratio": 1.996001,
    "GEX_Call": 779358.589,
    "GEX_Put": -719941.562,
    "GEX_Total": 59417.027,
    "GEX_Ratio": 1.08253,
    "VEX_Call": -42873.115,
    "VEX_Put": 310441.726,
    "VEX_Total": 267568.611,
    "VEX_Ratio": -0.138104,
    "CEX_Call": -387367.143,
    "CEX_Put": 1810838.895,
    "CEX_Total": 1423471.752,
    "CEX_Ratio": -0.213916
}