{
    "timestamp": "2025-10-08 09:26:09",
    "cum_gam": null,
    "cum_vec": 8200.0,
    "DEX_Call": 68.499,
    "DEX_Put": -24.644,
    "DEX_Total": 43.855,
    "DEX_Ratio": 2.779541,
    "GEX_Call": 701206.415,
    "GEX_Put": -408014.206,
    "GEX_Total": 293192.209,
    "GEX_Ratio": 1.718583,
    "VEX_Call": -84044.474,
    "VEX_Put": 307373.068,
    "VEX_Total": 223328.594,
    "VEX_Ratio": -0.273428,
    "CEX_Call": -586148.458,
    "CEX_Put": 1679335.354,
    "CEX_Total": 1093186.896,
    "CEX_Ratio": -0.349036
}