{
    "timestamp": "2025-10-29 07:26:44",
    "cum_gam": null,
    "cum_vec": 7795.938080495356,
    "DEX_Call": 163.238,
    "DEX_Put": -61.431,
    "DEX_Total": 101.807,
    "DEX_Ratio": 2.657258,
    "GEX_Call": 689187.7,
    "GEX_Put": -475588.707,
    "GEX_Total": 213598.993,
    "GEX_Ratio": 1.449125,
    "VEX_Call": 4544.434,
    "VEX_Put": 371062.778,
    "VEX_Total": 375607.212,
    "VEX_Ratio": 0.012247,
    "CEX_Call": -84113.444,
    "CEX_Put": 1848733.261,
    "CEX_Total": 1764619.817,
    "CEX_Ratio": -0.045498
}