{
    "timestamp": "2025-09-15 12:20:12",
    "cum_gam": null,
    "cum_vec": 7800.0,
    "DEX_Call": 184.844,
    "DEX_Put": -31.391,
    "DEX_Total": 153.453,
    "DEX_Ratio": 5.888439,
    "GEX_Call": 1329282.635,
    "GEX_Put": -576803.375,
    "GEX_Total": 752479.26,
    "GEX_Ratio": 2.304568,
    "VEX_Call": 67636.529,
    "VEX_Put": 391865.202,
    "VEX_Total": 459501.731,
    "VEX_Ratio": 0.172602,
    "CEX_Call": 228105.441,
    "CEX_Put": 2434585.447,
    "CEX_Total": 2662690.888,
    "CEX_Ratio": 0.093694
}