{
    "timestamp": "2025-10-31 12:59:59",
    "cum_gam": 6886.4717182523955,
    "cum_vec": 6886.4717182523955,
    "DEX_Call": 65.234,
    "DEX_Put": -138.283,
    "DEX_Total": -73.049,
    "DEX_Ratio": 0.471743,
    "GEX_Call": 593169.715,
    "GEX_Put": -1039754.263,
    "GEX_Total": -446584.548,
    "GEX_Ratio": 0.57049,
    "VEX_Call": -101517.981,
    "VEX_Put": 213503.275,
    "VEX_Total": 111985.294,
    "VEX_Ratio": -0.475487,
    "CEX_Call": -316100.866,
    "CEX_Put": 307479.404,
    "CEX_Total": -8621.462,
    "CEX_Ratio": -1.028039
}