{
    "timestamp": "2025-07-10 07:50:02",
    "cum_gam": null,
    "cum_vec": 7800.0,
    "DEX_Call": 285.132,
    "DEX_Put": -42.187,
    "DEX_Total": 242.945,
    "DEX_Ratio": 6.758765,
    "GEX_Call": 1247052.896,
    "GEX_Put": -608269.552,
    "GEX_Total": 638783.344,
    "GEX_Ratio": 2.050165,
    "VEX_Call": 20411.416,
    "VEX_Put": 359602.003,
    "VEX_Total": 380013.419,
    "VEX_Ratio": 0.056761,
    "CEX_Call": -76739.571,
    "CEX_Put": 1985184.896,
    "CEX_Total": 1908445.325,
    "CEX_Ratio": -0.038656
}