{
    "timestamp": "2025-09-02 07:01:31",
    "cum_gam": 6412.417288454332,
    "cum_vec": 7800.0,
    "DEX_Call": 27.061,
    "DEX_Put": -89.194,
    "DEX_Total": -62.133,
    "DEX_Ratio": 0.303395,
    "GEX_Call": 296496.344,
    "GEX_Put": -628103.344,
    "GEX_Total": -331607.0,
    "GEX_Ratio": 0.47205,
    "VEX_Call": -129771.996,
    "VEX_Put": 185873.546,
    "VEX_Total": 56101.55,
    "VEX_Ratio": -0.698174,
    "CEX_Call": -761509.315,
    "CEX_Put": 926251.415,
    "CEX_Total": 164742.1,
    "CEX_Ratio": -0.822141
}