{
    "timestamp": "2025-09-23 10:40:29",
    "cum_gam": 6594.402314710945,
    "cum_vec": 8200.0,
    "DEX_Call": 71.126,
    "DEX_Put": -60.193,
    "DEX_Total": 10.933,
    "DEX_Ratio": 1.181632,
    "GEX_Call": 561632.745,
    "GEX_Put": -720873.93,
    "GEX_Total": -159241.185,
    "GEX_Ratio": 0.7791,
    "VEX_Call": -118978.54,
    "VEX_Put": 357083.71,
    "VEX_Total": 238105.17,
    "VEX_Ratio": -0.333195,
    "CEX_Call": -803199.975,
    "CEX_Put": 2034660.613,
    "CEX_Total": 1231460.638,
    "CEX_Ratio": -0.394759
}