{
    "timestamp": "2025-06-26 12:22:48",
    "cum_gam": 7597.836166924266,
    "cum_vec": 7597.836166924266,
    "DEX_Call": 410.275,
    "DEX_Put": -25.833,
    "DEX_Total": 384.442,
    "DEX_Ratio": 15.881818,
    "GEX_Call": 4146274.91,
    "GEX_Put": -521662.937,
    "GEX_Total": 3624611.973,
    "GEX_Ratio": 7.948188,
    "VEX_Call": 16918.788,
    "VEX_Put": 558718.89,
    "VEX_Total": 575637.678,
    "VEX_Ratio": 0.030281,
    "CEX_Call": -7841771.827,
    "CEX_Put": 13065553.571,
    "CEX_Total": 5223781.744,
    "CEX_Ratio": -0.600187
}