{
    "timestamp": "2025-10-08 09:56:36",
    "cum_gam": null,
    "cum_vec": 8200.0,
    "DEX_Call": 71.701,
    "DEX_Put": -25.91,
    "DEX_Total": 45.791,
    "DEX_Ratio": 2.76731,
    "GEX_Call": 658508.581,
    "GEX_Put": -431457.006,
    "GEX_Total": 227051.575,
    "GEX_Ratio": 1.526244,
    "VEX_Call": -74551.911,
    "VEX_Put": 298311.406,
    "VEX_Total": 223759.495,
    "VEX_Ratio": -0.249913,
    "CEX_Call": -533540.72,
    "CEX_Put": 1655871.124,
    "CEX_Total": 1122330.404,
    "CEX_Ratio": -0.322212
}