{
    "timestamp": "2025-10-17 11:07:07",
    "cum_gam": 6587.650242108877,
    "cum_vec": 6587.650242108877,
    "DEX_Call": 42.825,
    "DEX_Put": -87.886,
    "DEX_Total": -45.061,
    "DEX_Ratio": 0.487279,
    "GEX_Call": 364038.926,
    "GEX_Put": -570471.293,
    "GEX_Total": -206432.367,
    "GEX_Ratio": 0.638137,
    "VEX_Call": -165478.453,
    "VEX_Put": 429207.882,
    "VEX_Total": 263729.429,
    "VEX_Ratio": -0.385544,
    "CEX_Call": -421934.123,
    "CEX_Put": 857761.55,
    "CEX_Total": 435827.427,
    "CEX_Ratio": -0.491901
}