{
    "timestamp": "2025-11-24 09:30:59",
    "cum_gam": 6818.818731362154,
    "cum_vec": 8800.0,
    "DEX_Call": 56.484,
    "DEX_Put": -101.607,
    "DEX_Total": -45.123,
    "DEX_Ratio": 0.555907,
    "GEX_Call": 360592.147,
    "GEX_Put": -397263.193,
    "GEX_Total": -36671.046,
    "GEX_Ratio": 0.907691,
    "VEX_Call": -80368.493,
    "VEX_Put": 219764.913,
    "VEX_Total": 139396.42,
    "VEX_Ratio": -0.365702,
    "CEX_Call": -517288.625,
    "CEX_Put": 1198410.662,
    "CEX_Total": 681122.037,
    "CEX_Ratio": -0.431646
}