{
    "timestamp": "2025-10-27 06:27:32",
    "cum_gam": null,
    "cum_vec": 8200.0,
    "DEX_Call": 157.135,
    "DEX_Put": -46.091,
    "DEX_Total": 111.044,
    "DEX_Ratio": 3.409234,
    "GEX_Call": 895509.875,
    "GEX_Put": -438691.429,
    "GEX_Total": 456818.446,
    "GEX_Ratio": 2.041321,
    "VEX_Call": -45136.688,
    "VEX_Put": 423880.821,
    "VEX_Total": 378744.133,
    "VEX_Ratio": -0.106484,
    "CEX_Call": -370525.187,
    "CEX_Put": 2097312.15,
    "CEX_Total": 1726786.963,
    "CEX_Ratio": -0.176667
}