{
    "timestamp": "2025-08-14 07:00:18",
    "cum_gam": 7009.5858903410835,
    "cum_vec": 7576.899843282519,
    "DEX_Call": 901.302,
    "DEX_Put": -300.341,
    "DEX_Total": 600.961,
    "DEX_Ratio": 3.000929,
    "GEX_Call": 4060665.206,
    "GEX_Put": -2484375.074,
    "GEX_Total": 1576290.132,
    "GEX_Ratio": 1.634482,
    "VEX_Call": -444710.261,
    "VEX_Put": 1905982.999,
    "VEX_Total": 1461272.738,
    "VEX_Ratio": -0.233323,
    "CEX_Call": -3066611.801,
    "CEX_Put": 10036287.334,
    "CEX_Total": 6969675.533,
    "CEX_Ratio": -0.305552
}