{
    "timestamp": "2025-08-26 08:18:54",
    "cum_gam": 6338.827073596448,
    "cum_vec": 7584.11306042885,
    "DEX_Call": 44.797,
    "DEX_Put": -54.839,
    "DEX_Total": -10.042,
    "DEX_Ratio": 0.816882,
    "GEX_Call": 652164.881,
    "GEX_Put": -716152.059,
    "GEX_Total": -63987.178,
    "GEX_Ratio": 0.910651,
    "VEX_Call": -148983.444,
    "VEX_Put": 199010.509,
    "VEX_Total": 50027.065,
    "VEX_Ratio": -0.748621,
    "CEX_Call": -954744.734,
    "CEX_Put": 1027368.773,
    "CEX_Total": 72624.039,
    "CEX_Ratio": -0.929311
}