{
    "timestamp": "2025-09-12 10:50:44",
    "cum_gam": null,
    "cum_vec": 8200.0,
    "DEX_Call": 69.06,
    "DEX_Put": -23.94,
    "DEX_Total": 45.12,
    "DEX_Ratio": 2.884712,
    "GEX_Call": 1447718.659,
    "GEX_Put": -477741.174,
    "GEX_Total": 969977.485,
    "GEX_Ratio": 3.030341,
    "VEX_Call": -148571.518,
    "VEX_Put": 359052.324,
    "VEX_Total": 210480.806,
    "VEX_Ratio": -0.413788,
    "CEX_Call": -555967.373,
    "CEX_Put": 722405.424,
    "CEX_Total": 166438.051,
    "CEX_Ratio": -0.769606
}