{
    "timestamp": "2025-11-05 13:14:28",
    "cum_gam": null,
    "cum_vec": 8600.0,
    "DEX_Call": 77.452,
    "DEX_Put": -82.818,
    "DEX_Total": -5.366,
    "DEX_Ratio": 0.935207,
    "GEX_Call": 762304.176,
    "GEX_Put": -673043.721,
    "GEX_Total": 89260.455,
    "GEX_Ratio": 1.132622,
    "VEX_Call": -133081.356,
    "VEX_Put": 140877.284,
    "VEX_Total": 7795.928,
    "VEX_Ratio": -0.944662,
    "CEX_Call": -979326.981,
    "CEX_Put": 805489.89,
    "CEX_Total": -173837.091,
    "CEX_Ratio": -1.215815
}