{
    "timestamp": "2025-10-01 07:54:34",
    "cum_gam": null,
    "cum_vec": 8600.0,
    "DEX_Call": 80.534,
    "DEX_Put": -43.436,
    "DEX_Total": 37.098,
    "DEX_Ratio": 1.854084,
    "GEX_Call": 730703.044,
    "GEX_Put": -585764.301,
    "GEX_Total": 144938.743,
    "GEX_Ratio": 1.247435,
    "VEX_Call": -69933.892,
    "VEX_Put": 303634.131,
    "VEX_Total": 233700.239,
    "VEX_Ratio": -0.230323,
    "CEX_Call": -494815.213,
    "CEX_Put": 1561235.869,
    "CEX_Total": 1066420.656,
    "CEX_Ratio": -0.316938
}