{
    "timestamp": "2025-09-16 12:44:49",
    "cum_gam": null,
    "cum_vec": 8400.0,
    "DEX_Call": 116.417,
    "DEX_Put": -57.246,
    "DEX_Total": 59.171,
    "DEX_Ratio": 2.033627,
    "GEX_Call": 789992.589,
    "GEX_Put": -657324.754,
    "GEX_Total": 132667.835,
    "GEX_Ratio": 1.20183,
    "VEX_Call": -125524.383,
    "VEX_Put": 423718.894,
    "VEX_Total": 298194.511,
    "VEX_Ratio": -0.296244,
    "CEX_Call": -945014.712,
    "CEX_Put": 2670704.738,
    "CEX_Total": 1725690.026,
    "CEX_Ratio": -0.353845
}