{
    "timestamp": "2026-07-22 12:28:47",
    "cum_gam": 7470.7200507955495,
    "cum_vec": 9400.0,
    "DEX_Call": 45.899,
    "DEX_Put": -70.295,
    "DEX_Total": -24.396,
    "DEX_Ratio": 0.652948,
    "GEX_Call": 516343.863,
    "GEX_Put": -679057.224,
    "GEX_Total": -162713.361,
    "GEX_Ratio": 0.760383,
    "VEX_Call": -139773.169,
    "VEX_Put": 181752.145,
    "VEX_Total": 41978.976,
    "VEX_Ratio": -0.769032,
    "CEX_Call": -878202.23,
    "CEX_Put": 930986.73,
    "CEX_Total": 52784.5,
    "CEX_Ratio": -0.943303
}