{
    "timestamp": "2025-10-20 09:55:22",
    "cum_gam": null,
    "cum_vec": 8188.636363636364,
    "DEX_Call": 75.505,
    "DEX_Put": -24.085,
    "DEX_Total": 51.42,
    "DEX_Ratio": 3.134939,
    "GEX_Call": 578696.61,
    "GEX_Put": -316834.189,
    "GEX_Total": 261862.421,
    "GEX_Ratio": 1.826497,
    "VEX_Call": -34702.775,
    "VEX_Put": 304800.838,
    "VEX_Total": 270098.063,
    "VEX_Ratio": -0.113854,
    "CEX_Call": -291209.863,
    "CEX_Put": 1714219.039,
    "CEX_Total": 1423009.176,
    "CEX_Ratio": -0.169879
}