{
    "timestamp": "2025-07-31 08:40:08",
    "cum_gam": 7728.87459807074,
    "cum_vec": 8200.0,
    "DEX_Call": 257.54,
    "DEX_Put": -93.309,
    "DEX_Total": 164.231,
    "DEX_Ratio": 2.760077,
    "GEX_Call": 1303043.781,
    "GEX_Put": -1006186.932,
    "GEX_Total": 296856.849,
    "GEX_Ratio": 1.295032,
    "VEX_Call": -178642.525,
    "VEX_Put": 668304.552,
    "VEX_Total": 489662.027,
    "VEX_Ratio": -0.267307,
    "CEX_Call": -1246361.111,
    "CEX_Put": 3743943.487,
    "CEX_Total": 2497582.376,
    "CEX_Ratio": -0.332901
}