{
    "timestamp": "2025-10-09 11:38:31",
    "cum_gam": 6624.7970407972925,
    "cum_vec": 6624.7970407972925,
    "DEX_Call": 196.158,
    "DEX_Put": -146.053,
    "DEX_Total": 50.105,
    "DEX_Ratio": 1.34306,
    "GEX_Call": 1593456.345,
    "GEX_Put": -1866171.658,
    "GEX_Total": -272715.313,
    "GEX_Ratio": 0.853864,
    "VEX_Call": -277309.461,
    "VEX_Put": 935115.546,
    "VEX_Total": 657806.085,
    "VEX_Ratio": -0.296551,
    "CEX_Call": -1959551.478,
    "CEX_Put": 5476856.096,
    "CEX_Total": 3517304.618,
    "CEX_Ratio": -0.357788
}