{
    "timestamp": "2025-11-18 08:46:32",
    "cum_gam": 6731.828328657838,
    "cum_vec": 8391.281019450034,
    "DEX_Call": 13.759,
    "DEX_Put": -246.577,
    "DEX_Total": -232.818,
    "DEX_Ratio": 0.0558,
    "GEX_Call": 123317.164,
    "GEX_Put": -721149.333,
    "GEX_Total": -597832.169,
    "GEX_Ratio": 0.171001,
    "VEX_Call": -148441.679,
    "VEX_Put": 79001.023,
    "VEX_Total": -69440.656,
    "VEX_Ratio": -1.878984,
    "CEX_Call": -861782.046,
    "CEX_Put": 335731.927,
    "CEX_Total": -526050.119,
    "CEX_Ratio": -2.566875
}