{
    "timestamp": "2025-10-24 07:43:52",
    "cum_gam": null,
    "cum_vec": 7396.892087346104,
    "DEX_Call": 135.934,
    "DEX_Put": -30.122,
    "DEX_Total": 105.812,
    "DEX_Ratio": 4.512781,
    "GEX_Call": 1038524.021,
    "GEX_Put": -373580.852,
    "GEX_Total": 664943.169,
    "GEX_Ratio": 2.779918,
    "VEX_Call": -21811.882,
    "VEX_Put": 495817.913,
    "VEX_Total": 474006.031,
    "VEX_Ratio": -0.043992,
    "CEX_Call": -207341.889,
    "CEX_Put": 966915.72,
    "CEX_Total": 759573.831,
    "CEX_Ratio": -0.214436
}