{
    "timestamp": "2026-07-20 12:11:00",
    "cum_gam": 7498.880308748665,
    "cum_vec": 7498.880308748665,
    "DEX_Call": 24.094,
    "DEX_Put": -100.197,
    "DEX_Total": -76.103,
    "DEX_Ratio": 0.240466,
    "GEX_Call": 239629.951,
    "GEX_Put": -628093.724,
    "GEX_Total": -388463.773,
    "GEX_Ratio": 0.381519,
    "VEX_Call": -87268.455,
    "VEX_Put": 180548.758,
    "VEX_Total": 93280.303,
    "VEX_Ratio": -0.483351,
    "CEX_Call": -533007.622,
    "CEX_Put": 927164.057,
    "CEX_Total": 394156.435,
    "CEX_Ratio": -0.57488
}