{
    "timestamp": "2025-08-05 11:20:43",
    "cum_gam": 6248.051234139735,
    "cum_vec": 6248.051234139735,
    "DEX_Call": 33.855,
    "DEX_Put": -69.591,
    "DEX_Total": -35.736,
    "DEX_Ratio": 0.486485,
    "GEX_Call": 468535.212,
    "GEX_Put": -569852.248,
    "GEX_Total": -101317.036,
    "GEX_Ratio": 0.822205,
    "VEX_Call": -150279.528,
    "VEX_Put": 146687.523,
    "VEX_Total": -3592.005,
    "VEX_Ratio": -1.024487,
    "CEX_Call": -1050106.447,
    "CEX_Put": 864539.239,
    "CEX_Total": -185567.208,
    "CEX_Ratio": -1.214643
}