{
    "timestamp": "2025-10-23 10:41:52",
    "cum_gam": null,
    "cum_vec": null,
    "DEX_Call": 267.65,
    "DEX_Put": -92.957,
    "DEX_Total": 174.693,
    "DEX_Ratio": 2.879288,
    "GEX_Call": 1648971.481,
    "GEX_Put": -987069.987,
    "GEX_Total": 661901.494,
    "GEX_Ratio": 1.670572,
    "VEX_Call": -88836.203,
    "VEX_Put": 759762.67,
    "VEX_Total": 670926.467,
    "VEX_Ratio": -0.116926,
    "CEX_Call": -785220.279,
    "CEX_Put": 4358199.353,
    "CEX_Total": 3572979.074,
    "CEX_Ratio": -0.180171
}