{
    "timestamp": "2025-08-26 08:02:10",
    "cum_gam": 6300.318779364433,
    "cum_vec": 6300.318779364433,
    "DEX_Call": 49.819,
    "DEX_Put": -52.499,
    "DEX_Total": -2.68,
    "DEX_Ratio": 0.948951,
    "GEX_Call": 674059.142,
    "GEX_Put": -702315.559,
    "GEX_Total": -28256.417,
    "GEX_Ratio": 0.959767,
    "VEX_Call": -144941.869,
    "VEX_Put": 192901.993,
    "VEX_Total": 47960.124,
    "VEX_Ratio": -0.751376,
    "CEX_Call": -927108.09,
    "CEX_Put": 984020.167,
    "CEX_Total": 56912.077,
    "CEX_Ratio": -0.942164
}