{
    "timestamp": "2025-11-24 12:03:28",
    "cum_gam": null,
    "cum_vec": 7684.615384615385,
    "DEX_Call": 64.631,
    "DEX_Put": -94.784,
    "DEX_Total": -30.153,
    "DEX_Ratio": 0.681877,
    "GEX_Call": 401475.766,
    "GEX_Put": -371506.678,
    "GEX_Total": 29969.088,
    "GEX_Ratio": 1.080669,
    "VEX_Call": -47921.286,
    "VEX_Put": 201184.978,
    "VEX_Total": 153263.692,
    "VEX_Ratio": -0.238195,
    "CEX_Call": -363470.753,
    "CEX_Put": 1204592.734,
    "CEX_Total": 841121.981,
    "CEX_Ratio": -0.301737
}