{
    "timestamp": "2025-11-05 10:19:48",
    "cum_gam": null,
    "cum_vec": 8600.0,
    "DEX_Call": 72.148,
    "DEX_Put": -90.115,
    "DEX_Total": -17.967,
    "DEX_Ratio": 0.800621,
    "GEX_Call": 660401.258,
    "GEX_Put": -643493.557,
    "GEX_Total": 16907.701,
    "GEX_Ratio": 1.026275,
    "VEX_Call": -146749.999,
    "VEX_Put": 140196.329,
    "VEX_Total": -6553.67,
    "VEX_Ratio": -1.046746,
    "CEX_Call": -953910.667,
    "CEX_Put": 712223.099,
    "CEX_Total": -241687.568,
    "CEX_Ratio": -1.339343
}