{
    "timestamp": "2025-09-17 07:26:00",
    "cum_gam": null,
    "cum_vec": null,
    "DEX_Call": 105.041,
    "DEX_Put": -65.679,
    "DEX_Total": 39.362,
    "DEX_Ratio": 1.599309,
    "GEX_Call": 568414.201,
    "GEX_Put": -505505.494,
    "GEX_Total": 62908.707,
    "GEX_Ratio": 1.124447,
    "VEX_Call": -110948.916,
    "VEX_Put": 292658.164,
    "VEX_Total": 181709.248,
    "VEX_Ratio": -0.379108,
    "CEX_Call": -690665.844,
    "CEX_Put": 1508622.041,
    "CEX_Total": 817956.197,
    "CEX_Ratio": -0.457812
}