{
    "timestamp": "2025-09-04 07:08:32",
    "cum_gam": null,
    "cum_vec": null,
    "DEX_Call": 178.48,
    "DEX_Put": -130.357,
    "DEX_Total": 48.123,
    "DEX_Ratio": 1.369163,
    "GEX_Call": 1334250.637,
    "GEX_Put": -1219764.524,
    "GEX_Total": 114486.113,
    "GEX_Ratio": 1.093859,
    "VEX_Call": -264941.805,
    "VEX_Put": 668350.911,
    "VEX_Total": 403409.106,
    "VEX_Ratio": -0.396411,
    "CEX_Call": -1665165.279,
    "CEX_Put": 3484239.927,
    "CEX_Total": 1819074.648,
    "CEX_Ratio": -0.477913
}