{
    "timestamp": "2025-09-25 11:27:31",
    "cum_gam": 6602.5912008022315,
    "cum_vec": 8600.0,
    "DEX_Call": 178.475,
    "DEX_Put": -207.026,
    "DEX_Total": -28.551,
    "DEX_Ratio": 0.86209,
    "GEX_Call": 959205.759,
    "GEX_Put": -1846514.349,
    "GEX_Total": -887308.59,
    "GEX_Ratio": 0.519468,
    "VEX_Call": -217049.359,
    "VEX_Put": 475313.639,
    "VEX_Total": 258264.28,
    "VEX_Ratio": -0.456644,
    "CEX_Call": -1504928.47,
    "CEX_Put": 2679012.985,
    "CEX_Total": 1174084.515,
    "CEX_Ratio": -0.561747
}