{
    "timestamp": "2025-10-16 09:27:01",
    "cum_gam": 7004.534723398902,
    "cum_vec": 7004.534723398902,
    "DEX_Call": 1234.7,
    "DEX_Put": -1230.816,
    "DEX_Total": 3.884,
    "DEX_Ratio": 1.003156,
    "GEX_Call": 4701134.909,
    "GEX_Put": -5028677.54,
    "GEX_Total": -327542.631,
    "GEX_Ratio": 0.934865,
    "VEX_Call": -1113052.759,
    "VEX_Put": 2444001.878,
    "VEX_Total": 1330949.119,
    "VEX_Ratio": -0.455422,
    "CEX_Call": -7143908.925,
    "CEX_Put": 13288168.307,
    "CEX_Total": 6144259.382,
    "CEX_Ratio": -0.537614
}