{
    "timestamp": "2025-09-18 08:34:40",
    "cum_gam": null,
    "cum_vec": null,
    "DEX_Call": 9933.576,
    "DEX_Put": -441.891,
    "DEX_Total": 9491.685,
    "DEX_Ratio": 22.479697,
    "GEX_Call": 9786350.841,
    "GEX_Put": -5800918.16,
    "GEX_Total": 3985432.681,
    "GEX_Ratio": 1.687035,
    "VEX_Call": 5503982.957,
    "VEX_Put": 4916854.196,
    "VEX_Total": 10420837.153,
    "VEX_Ratio": 1.119411,
    "CEX_Call": 29254492.26,
    "CEX_Put": 26593334.555,
    "CEX_Total": 55847826.815,
    "CEX_Ratio": 1.100069
}