{
    "timestamp": "2025-09-18 11:09:46",
    "cum_gam": 7008.726514209418,
    "cum_vec": 7324.497940789741,
    "DEX_Call": 5029.151,
    "DEX_Put": -761.605,
    "DEX_Total": 4267.546,
    "DEX_Ratio": 6.603359,
    "GEX_Call": 9395969.083,
    "GEX_Put": -6192967.241,
    "GEX_Total": 3203001.842,
    "GEX_Ratio": 1.5172,
    "VEX_Call": 2264107.779,
    "VEX_Put": 4733561.269,
    "VEX_Total": 6997669.048,
    "VEX_Ratio": 0.47831,
    "CEX_Call": 12415569.295,
    "CEX_Put": 28058520.511,
    "CEX_Total": 40474089.806,
    "CEX_Ratio": 0.442488
}