{
    "timestamp": "2026-07-20 11:27:06",
    "cum_gam": 7482.854028830992,
    "cum_vec": 7482.854028830992,
    "DEX_Call": 27.051,
    "DEX_Put": -87.73,
    "DEX_Total": -60.679,
    "DEX_Ratio": 0.308344,
    "GEX_Call": 303835.199,
    "GEX_Put": -614184.936,
    "GEX_Total": -310349.737,
    "GEX_Ratio": 0.494697,
    "VEX_Call": -114912.976,
    "VEX_Put": 190443.031,
    "VEX_Total": 75530.055,
    "VEX_Ratio": -0.603398,
    "CEX_Call": -680768.5,
    "CEX_Put": 953613.309,
    "CEX_Total": 272844.809,
    "CEX_Ratio": -0.713883
}