{
    "timestamp": "2025-11-14 12:29:32",
    "cum_gam": 8043.5374149659865,
    "cum_vec": 8351.815181518152,
    "DEX_Call": 37.382,
    "DEX_Put": -145.909,
    "DEX_Total": -108.527,
    "DEX_Ratio": 0.256201,
    "GEX_Call": 338691.56,
    "GEX_Put": -860283.175,
    "GEX_Total": -521591.615,
    "GEX_Ratio": 0.393698,
    "VEX_Call": -159303.591,
    "VEX_Put": 403673.671,
    "VEX_Total": 244370.08,
    "VEX_Ratio": -0.394635,
    "CEX_Call": -405684.389,
    "CEX_Put": 759532.23,
    "CEX_Total": 353847.841,
    "CEX_Ratio": -0.534124
}