{
    "timestamp": "2025-09-30 11:24:09",
    "cum_gam": null,
    "cum_vec": 8600.0,
    "DEX_Call": 119.593,
    "DEX_Put": -64.898,
    "DEX_Total": 54.695,
    "DEX_Ratio": 1.842784,
    "GEX_Call": 760749.947,
    "GEX_Put": -726553.989,
    "GEX_Total": 34195.958,
    "GEX_Ratio": 1.047066,
    "VEX_Call": -54914.53,
    "VEX_Put": 304072.983,
    "VEX_Total": 249158.453,
    "VEX_Ratio": -0.180597,
    "CEX_Call": -457569.887,
    "CEX_Put": 1762090.143,
    "CEX_Total": 1304520.256,
    "CEX_Ratio": -0.259675
}