{
    "timestamp": "2025-08-11 12:24:21",
    "cum_gam": null,
    "cum_vec": 7200.0,
    "DEX_Call": 78.098,
    "DEX_Put": -45.703,
    "DEX_Total": 32.395,
    "DEX_Ratio": 1.708816,
    "GEX_Call": 661897.914,
    "GEX_Put": -523702.887,
    "GEX_Total": 138195.027,
    "GEX_Ratio": 1.263881,
    "VEX_Call": -108195.908,
    "VEX_Put": 258449.622,
    "VEX_Total": 150253.714,
    "VEX_Ratio": -0.418634,
    "CEX_Call": -827093.398,
    "CEX_Put": 1646883.269,
    "CEX_Total": 819789.871,
    "CEX_Ratio": -0.502217
}