{
    "timestamp": "2025-09-23 07:11:52",
    "cum_gam": null,
    "cum_vec": 8200.0,
    "DEX_Call": 79.731,
    "DEX_Put": -22.314,
    "DEX_Total": 57.417,
    "DEX_Ratio": 3.573138,
    "GEX_Call": 940067.4,
    "GEX_Put": -427686.638,
    "GEX_Total": 512380.762,
    "GEX_Ratio": 2.198028,
    "VEX_Call": -105123.637,
    "VEX_Put": 309162.853,
    "VEX_Total": 204039.216,
    "VEX_Ratio": -0.340027,
    "CEX_Call": -704447.983,
    "CEX_Put": 1573030.31,
    "CEX_Total": 868582.327,
    "CEX_Ratio": -0.447829
}