{
    "timestamp": "2025-09-24 07:05:36",
    "cum_gam": 6578.036681082771,
    "cum_vec": 8600.0,
    "DEX_Call": 58.805,
    "DEX_Put": -49.61,
    "DEX_Total": 9.195,
    "DEX_Ratio": 1.185346,
    "GEX_Call": 493565.213,
    "GEX_Put": -594840.668,
    "GEX_Total": -101275.455,
    "GEX_Ratio": 0.829744,
    "VEX_Call": -101587.252,
    "VEX_Put": 250261.995,
    "VEX_Total": 148674.743,
    "VEX_Ratio": -0.405924,
    "CEX_Call": -617349.269,
    "CEX_Put": 1237975.984,
    "CEX_Total": 620626.715,
    "CEX_Ratio": -0.498676
}