{
    "timestamp": "2025-09-30 09:21:05",
    "cum_gam": null,
    "cum_vec": 8600.0,
    "DEX_Call": 117.46,
    "DEX_Put": -66.902,
    "DEX_Total": 50.558,
    "DEX_Ratio": 1.755702,
    "GEX_Call": 742540.419,
    "GEX_Put": -728112.263,
    "GEX_Total": 14428.156,
    "GEX_Ratio": 1.019816,
    "VEX_Call": -51734.59,
    "VEX_Put": 304458.007,
    "VEX_Total": 252723.417,
    "VEX_Ratio": -0.169924,
    "CEX_Call": -412631.169,
    "CEX_Put": 1631930.295,
    "CEX_Total": 1219299.126,
    "CEX_Ratio": -0.252849
}