{
    "timestamp": "2025-08-27 06:53:52",
    "cum_gam": null,
    "cum_vec": 7395.470629865535,
    "DEX_Call": 66.895,
    "DEX_Put": -43.058,
    "DEX_Total": 23.837,
    "DEX_Ratio": 1.553602,
    "GEX_Call": 599607.51,
    "GEX_Put": -434745.609,
    "GEX_Total": 164861.901,
    "GEX_Ratio": 1.379215,
    "VEX_Call": -145926.497,
    "VEX_Put": 233879.349,
    "VEX_Total": 87952.852,
    "VEX_Ratio": -0.623939,
    "CEX_Call": -888224.876,
    "CEX_Put": 1205532.136,
    "CEX_Total": 317307.26,
    "CEX_Ratio": -0.736791
}