{
    "timestamp": "2025-07-14 11:16:41",
    "cum_gam": null,
    "cum_vec": 7600.0,
    "DEX_Call": 40.718,
    "DEX_Put": -26.689,
    "DEX_Total": 14.029,
    "DEX_Ratio": 1.525647,
    "GEX_Call": 430369.039,
    "GEX_Put": -361852.28,
    "GEX_Total": 68516.759,
    "GEX_Ratio": 1.18935,
    "VEX_Call": -66516.775,
    "VEX_Put": 178188.118,
    "VEX_Total": 111671.343,
    "VEX_Ratio": -0.373295,
    "CEX_Call": -501140.831,
    "CEX_Put": 1105845.188,
    "CEX_Total": 604704.357,
    "CEX_Ratio": -0.453174
}