{
    "timestamp": "2025-11-10 09:19:53",
    "cum_gam": 8155.862068965517,
    "cum_vec": 8155.862068965517,
    "DEX_Call": 50.221,
    "DEX_Put": -40.346,
    "DEX_Total": 9.875,
    "DEX_Ratio": 1.244758,
    "GEX_Call": 401226.83,
    "GEX_Put": -332806.113,
    "GEX_Total": 68420.717,
    "GEX_Ratio": 1.205587,
    "VEX_Call": -96268.906,
    "VEX_Put": 190303.707,
    "VEX_Total": 94034.801,
    "VEX_Ratio": -0.50587,
    "CEX_Call": -604315.44,
    "CEX_Put": 1018710.982,
    "CEX_Total": 414395.542,
    "CEX_Ratio": -0.593216
}