{
    "timestamp": "2025-08-01 09:39:08",
    "cum_gam": 6707.460009140767,
    "cum_vec": 8000.0,
    "DEX_Call": 17.754,
    "DEX_Put": -202.03,
    "DEX_Total": -184.276,
    "DEX_Ratio": 0.087878,
    "GEX_Call": 178206.694,
    "GEX_Put": -836297.359,
    "GEX_Total": -658090.665,
    "GEX_Ratio": 0.21309,
    "VEX_Call": -126991.169,
    "VEX_Put": 95122.656,
    "VEX_Total": -31868.513,
    "VEX_Ratio": -1.335025,
    "CEX_Call": -320241.969,
    "CEX_Put": 88377.541,
    "CEX_Total": -231864.428,
    "CEX_Ratio": -3.623567
}