{
    "timestamp": "2025-11-19 10:01:35",
    "cum_gam": 8534.16581966023,
    "cum_vec": 8534.16581966023,
    "DEX_Call": 27.803,
    "DEX_Put": -138.973,
    "DEX_Total": -111.17,
    "DEX_Ratio": 0.20006,
    "GEX_Call": 190181.263,
    "GEX_Put": -482258.435,
    "GEX_Total": -292077.172,
    "GEX_Ratio": 0.394355,
    "VEX_Call": -160201.301,
    "VEX_Put": 145517.711,
    "VEX_Total": -14683.59,
    "VEX_Ratio": -1.100906,
    "CEX_Call": -972336.798,
    "CEX_Put": 780889.831,
    "CEX_Total": -191446.967,
    "CEX_Ratio": -1.245165
}