{
    "timestamp": "2025-11-20 08:47:42",
    "cum_gam": null,
    "cum_vec": null,
    "DEX_Call": 2751.96,
    "DEX_Put": -483.614,
    "DEX_Total": 2268.346,
    "DEX_Ratio": 5.690406,
    "GEX_Call": 4933844.648,
    "GEX_Put": -3695406.884,
    "GEX_Total": 1238437.764,
    "GEX_Ratio": 1.335129,
    "VEX_Call": 403503.737,
    "VEX_Put": 2398113.455,
    "VEX_Total": 2801617.192,
    "VEX_Ratio": 0.168259,
    "CEX_Call": 1464092.785,
    "CEX_Put": 12704967.54,
    "CEX_Total": 14169060.325,
    "CEX_Ratio": 0.115238
}