{
    "timestamp": "2025-08-28 08:46:18",
    "cum_gam": null,
    "cum_vec": null,
    "DEX_Call": 644.977,
    "DEX_Put": -89.044,
    "DEX_Total": 555.933,
    "DEX_Ratio": 7.243352,
    "GEX_Call": 2427363.241,
    "GEX_Put": -1400601.863,
    "GEX_Total": 1026761.378,
    "GEX_Ratio": 1.733086,
    "VEX_Call": 56999.612,
    "VEX_Put": 844935.571,
    "VEX_Total": 901935.183,
    "VEX_Ratio": 0.06746,
    "CEX_Call": -50004.856,
    "CEX_Put": 4661073.228,
    "CEX_Total": 4611068.372,
    "CEX_Ratio": -0.010728
}