{
    "timestamp": "2025-08-27 10:22:11",
    "cum_gam": null,
    "cum_vec": 7399.765860185082,
    "DEX_Call": 81.273,
    "DEX_Put": -35.938,
    "DEX_Total": 45.335,
    "DEX_Ratio": 2.261478,
    "GEX_Call": 671376.119,
    "GEX_Put": -389706.146,
    "GEX_Total": 281669.973,
    "GEX_Ratio": 1.722775,
    "VEX_Call": -122117.513,
    "VEX_Put": 248918.025,
    "VEX_Total": 126800.512,
    "VEX_Ratio": -0.490593,
    "CEX_Call": -850945.409,
    "CEX_Put": 1459856.415,
    "CEX_Total": 608911.006,
    "CEX_Ratio": -0.582897
}