{
    "timestamp": "2025-10-22 11:48:34",
    "cum_gam": 6677.767783409153,
    "cum_vec": 8063.541666666667,
    "DEX_Call": 32.876,
    "DEX_Put": -80.368,
    "DEX_Total": -47.492,
    "DEX_Ratio": 0.409068,
    "GEX_Call": 361650.2,
    "GEX_Put": -641231.975,
    "GEX_Total": -279581.775,
    "GEX_Ratio": 0.563993,
    "VEX_Call": -125528.577,
    "VEX_Put": 209969.312,
    "VEX_Total": 84440.735,
    "VEX_Ratio": -0.597842,
    "CEX_Call": -840203.33,
    "CEX_Put": 1210717.775,
    "CEX_Total": 370514.445,
    "CEX_Ratio": -0.693971
}