{
    "timestamp": "2025-09-29 12:54:34",
    "cum_gam": null,
    "cum_vec": 6902.897253325956,
    "DEX_Call": 185.011,
    "DEX_Put": -191.569,
    "DEX_Total": -6.558,
    "DEX_Ratio": 0.965767,
    "GEX_Call": 1475710.912,
    "GEX_Put": -1456118.576,
    "GEX_Total": 19592.336,
    "GEX_Ratio": 1.013455,
    "VEX_Call": -19960.787,
    "VEX_Put": 747491.651,
    "VEX_Total": 727530.864,
    "VEX_Ratio": -0.026704,
    "CEX_Call": -361020.472,
    "CEX_Put": 4658924.69,
    "CEX_Total": 4297904.218,
    "CEX_Ratio": -0.07749
}