{
    "timestamp": "2025-08-27 07:55:31",
    "cum_gam": null,
    "cum_vec": 7395.007728860136,
    "DEX_Call": 77.636,
    "DEX_Put": -35.402,
    "DEX_Total": 42.234,
    "DEX_Ratio": 2.192983,
    "GEX_Call": 669816.319,
    "GEX_Put": -390105.994,
    "GEX_Total": 279710.325,
    "GEX_Ratio": 1.717011,
    "VEX_Call": -123168.299,
    "VEX_Put": 241978.353,
    "VEX_Total": 118810.054,
    "VEX_Ratio": -0.509005,
    "CEX_Call": -796563.209,
    "CEX_Put": 1298423.284,
    "CEX_Total": 501860.075,
    "CEX_Ratio": -0.613485
}