{
    "timestamp": "2025-11-19 11:17:24",
    "cum_gam": 8427.209838585703,
    "cum_vec": 8427.209838585703,
    "DEX_Call": 25.841,
    "DEX_Put": -150.669,
    "DEX_Total": -124.828,
    "DEX_Ratio": 0.171508,
    "GEX_Call": 179491.343,
    "GEX_Put": -484843.422,
    "GEX_Total": -305352.079,
    "GEX_Ratio": 0.370205,
    "VEX_Call": -162120.911,
    "VEX_Put": 120800.771,
    "VEX_Total": -41320.14,
    "VEX_Ratio": -1.342052,
    "CEX_Call": -1027923.537,
    "CEX_Put": 669298.517,
    "CEX_Total": -358625.02,
    "CEX_Ratio": -1.535822
}