{
    "timestamp": "2026-07-23 11:21:24",
    "cum_gam": 7451.059485643632,
    "cum_vec": 7451.059485643632,
    "DEX_Call": 77.958,
    "DEX_Put": -329.195,
    "DEX_Total": -251.237,
    "DEX_Ratio": 0.236814,
    "GEX_Call": 447847.201,
    "GEX_Put": -1900600.667,
    "GEX_Total": -1452753.466,
    "GEX_Ratio": 0.235635,
    "VEX_Call": -319750.062,
    "VEX_Put": 529610.743,
    "VEX_Total": 209860.681,
    "VEX_Ratio": -0.603745,
    "CEX_Call": -1844565.234,
    "CEX_Put": 2642410.689,
    "CEX_Total": 797845.455,
    "CEX_Ratio": -0.698062
}