{
    "timestamp": "2025-09-02 08:18:57",
    "cum_gam": 6418.121791412445,
    "cum_vec": 7800.0,
    "DEX_Call": 16.566,
    "DEX_Put": -118.818,
    "DEX_Total": -102.252,
    "DEX_Ratio": 0.139423,
    "GEX_Call": 182091.74,
    "GEX_Put": -640329.578,
    "GEX_Total": -458237.838,
    "GEX_Ratio": 0.284372,
    "VEX_Call": -109676.972,
    "VEX_Put": 101126.609,
    "VEX_Total": -8550.363,
    "VEX_Ratio": -1.084551,
    "CEX_Call": -662510.544,
    "CEX_Put": 484600.555,
    "CEX_Total": -177909.989,
    "CEX_Ratio": -1.367127
}