{
    "timestamp": "2025-11-04 09:58:27",
    "cum_gam": 6795.4082640932875,
    "cum_vec": 8800.0,
    "DEX_Call": 34.841,
    "DEX_Put": -80.016,
    "DEX_Total": -45.175,
    "DEX_Ratio": 0.435425,
    "GEX_Call": 301817.452,
    "GEX_Put": -697706.894,
    "GEX_Total": -395889.442,
    "GEX_Ratio": 0.432585,
    "VEX_Call": -123261.975,
    "VEX_Put": 308771.743,
    "VEX_Total": 185509.768,
    "VEX_Ratio": -0.399201,
    "CEX_Call": -754738.125,
    "CEX_Put": 1663515.483,
    "CEX_Total": 908777.358,
    "CEX_Ratio": -0.453701
}