{
    "timestamp": "2025-07-02 11:30:23",
    "cum_gam": 7582.36092265943,
    "cum_vec": 7705.691056910569,
    "DEX_Call": 350.456,
    "DEX_Put": -50.726,
    "DEX_Total": 299.73,
    "DEX_Ratio": 6.908804,
    "GEX_Call": 1606013.002,
    "GEX_Put": -652093.244,
    "GEX_Total": 953919.758,
    "GEX_Ratio": 2.462858,
    "VEX_Call": 18944.354,
    "VEX_Put": 342806.174,
    "VEX_Total": 361750.528,
    "VEX_Ratio": 0.055263,
    "CEX_Call": -125269.132,
    "CEX_Put": 2171317.888,
    "CEX_Total": 2046048.756,
    "CEX_Ratio": -0.057693
}