{
    "timestamp": "2025-08-18 09:48:21",
    "cum_gam": 6267.35942860842,
    "cum_vec": 7800.0,
    "DEX_Call": 27.923,
    "DEX_Put": -29.457,
    "DEX_Total": -1.534,
    "DEX_Ratio": 0.947924,
    "GEX_Call": 333295.853,
    "GEX_Put": -344688.439,
    "GEX_Total": -11392.586,
    "GEX_Ratio": 0.966948,
    "VEX_Call": -63816.453,
    "VEX_Put": 99700.681,
    "VEX_Total": 35884.228,
    "VEX_Ratio": -0.64008,
    "CEX_Call": -436449.202,
    "CEX_Put": 546673.694,
    "CEX_Total": 110224.492,
    "CEX_Ratio": -0.798372
}