{
    "timestamp": "2025-08-20 09:53:36",
    "cum_gam": 8184.615384615385,
    "cum_vec": 8400.0,
    "DEX_Call": 28.99,
    "DEX_Put": -90.863,
    "DEX_Total": -61.873,
    "DEX_Ratio": 0.319052,
    "GEX_Call": 255631.41,
    "GEX_Put": -695502.522,
    "GEX_Total": -439871.112,
    "GEX_Ratio": 0.367549,
    "VEX_Call": -78350.375,
    "VEX_Put": 166627.629,
    "VEX_Total": 88277.254,
    "VEX_Ratio": -0.470212,
    "CEX_Call": -517874.349,
    "CEX_Put": 907782.017,
    "CEX_Total": 389907.668,
    "CEX_Ratio": -0.570483
}