{
    "timestamp": "2025-11-18 12:21:46",
    "cum_gam": 6717.2102971558925,
    "cum_vec": 8369.557080474111,
    "DEX_Call": 22.066,
    "DEX_Put": -180.843,
    "DEX_Total": -158.777,
    "DEX_Ratio": 0.122017,
    "GEX_Call": 198095.587,
    "GEX_Put": -769881.19,
    "GEX_Total": -571785.603,
    "GEX_Ratio": 0.257307,
    "VEX_Call": -141407.916,
    "VEX_Put": 181251.508,
    "VEX_Total": 39843.592,
    "VEX_Ratio": -0.780175,
    "CEX_Call": -936804.394,
    "CEX_Put": 1040824.763,
    "CEX_Total": 104020.369,
    "CEX_Ratio": -0.90006
}