{
    "timestamp": "2025-09-23 09:10:41",
    "cum_gam": null,
    "cum_vec": 8200.0,
    "DEX_Call": 77.027,
    "DEX_Put": -35.482,
    "DEX_Total": 41.545,
    "DEX_Ratio": 2.170875,
    "GEX_Call": 765426.878,
    "GEX_Put": -569618.09,
    "GEX_Total": 195808.788,
    "GEX_Ratio": 1.343755,
    "VEX_Call": -126583.872,
    "VEX_Put": 326472.915,
    "VEX_Total": 199889.043,
    "VEX_Ratio": -0.387732,
    "CEX_Call": -838932.347,
    "CEX_Put": 1766311.358,
    "CEX_Total": 927379.011,
    "CEX_Ratio": -0.474963
}