{
    "timestamp": "2025-10-29 07:11:34",
    "cum_gam": null,
    "cum_vec": 7796.939027400642,
    "DEX_Call": 191.721,
    "DEX_Put": -61.057,
    "DEX_Total": 130.664,
    "DEX_Ratio": 3.140033,
    "GEX_Call": 696354.396,
    "GEX_Put": -472751.709,
    "GEX_Total": 223602.687,
    "GEX_Ratio": 1.472981,
    "VEX_Call": 40618.612,
    "VEX_Put": 372909.8,
    "VEX_Total": 413528.412,
    "VEX_Ratio": 0.108923,
    "CEX_Call": 99978.263,
    "CEX_Put": 1842747.978,
    "CEX_Total": 1942726.241,
    "CEX_Ratio": 0.054255
}