{
    "timestamp": "2025-07-31 09:58:21",
    "cum_gam": null,
    "cum_vec": 8200.0,
    "DEX_Call": 275.818,
    "DEX_Put": -80.755,
    "DEX_Total": 195.063,
    "DEX_Ratio": 3.415491,
    "GEX_Call": 1365892.111,
    "GEX_Put": -928648.452,
    "GEX_Total": 437243.659,
    "GEX_Ratio": 1.470839,
    "VEX_Call": -149247.965,
    "VEX_Put": 667286.341,
    "VEX_Total": 518038.376,
    "VEX_Ratio": -0.223664,
    "CEX_Call": -1123602.291,
    "CEX_Put": 3924523.913,
    "CEX_Total": 2800921.622,
    "CEX_Ratio": -0.286303
}