{
    "timestamp": "2025-09-03 11:54:10",
    "cum_gam": 6399.563756276184,
    "cum_vec": 8000.0,
    "DEX_Call": 42.017,
    "DEX_Put": -65.887,
    "DEX_Total": -23.87,
    "DEX_Ratio": 0.637713,
    "GEX_Call": 432917.324,
    "GEX_Put": -667016.242,
    "GEX_Total": -234098.918,
    "GEX_Ratio": 0.649036,
    "VEX_Call": -59179.743,
    "VEX_Put": 184870.97,
    "VEX_Total": 125691.227,
    "VEX_Ratio": -0.320114,
    "CEX_Call": -453577.836,
    "CEX_Put": 1101455.949,
    "CEX_Total": 647878.113,
    "CEX_Ratio": -0.411798
}