{
    "timestamp": "2025-09-24 06:50:40",
    "cum_gam": 6580.923574010994,
    "cum_vec": 8600.0,
    "DEX_Call": 59.039,
    "DEX_Put": -52.278,
    "DEX_Total": 6.761,
    "DEX_Ratio": 1.129328,
    "GEX_Call": 483223.297,
    "GEX_Put": -596713.042,
    "GEX_Total": -113489.745,
    "GEX_Ratio": 0.809809,
    "VEX_Call": -115794.571,
    "VEX_Put": 248098.51,
    "VEX_Total": 132303.939,
    "VEX_Ratio": -0.466728,
    "CEX_Call": -686661.878,
    "CEX_Put": 1216264.657,
    "CEX_Total": 529602.779,
    "CEX_Ratio": -0.564566
}