{
    "timestamp": "2025-10-15 08:13:01",
    "cum_gam": null,
    "cum_vec": 8200.0,
    "DEX_Call": 95.903,
    "DEX_Put": -52.992,
    "DEX_Total": 42.911,
    "DEX_Ratio": 1.809764,
    "GEX_Call": 664177.764,
    "GEX_Put": -489977.627,
    "GEX_Total": 174200.137,
    "GEX_Ratio": 1.355527,
    "VEX_Call": -50677.883,
    "VEX_Put": 349283.183,
    "VEX_Total": 298605.3,
    "VEX_Ratio": -0.145091,
    "CEX_Call": -381317.796,
    "CEX_Put": 1836460.337,
    "CEX_Total": 1455142.541,
    "CEX_Ratio": -0.207637
}