{
    "timestamp": "2025-10-22 11:00:44",
    "cum_gam": 6678.368612799941,
    "cum_vec": 8200.0,
    "DEX_Call": 28.634,
    "DEX_Put": -94.034,
    "DEX_Total": -65.4,
    "DEX_Ratio": 0.304507,
    "GEX_Call": 297439.573,
    "GEX_Put": -636618.924,
    "GEX_Total": -339179.351,
    "GEX_Ratio": 0.467218,
    "VEX_Call": -132168.358,
    "VEX_Put": 229610.184,
    "VEX_Total": 97441.826,
    "VEX_Ratio": -0.575621,
    "CEX_Call": -849259.377,
    "CEX_Put": 1295204.373,
    "CEX_Total": 445944.996,
    "CEX_Ratio": -0.655695
}