{
    "timestamp": "2025-10-23 09:54:27",
    "cum_gam": null,
    "cum_vec": null,
    "DEX_Call": 280.307,
    "DEX_Put": -90.248,
    "DEX_Total": 190.059,
    "DEX_Ratio": 3.105964,
    "GEX_Call": 1573797.644,
    "GEX_Put": -1036719.846,
    "GEX_Total": 537077.798,
    "GEX_Ratio": 1.518055,
    "VEX_Call": -104469.535,
    "VEX_Put": 775314.748,
    "VEX_Total": 670845.213,
    "VEX_Ratio": -0.134745,
    "CEX_Call": -849532.216,
    "CEX_Put": 4318172.733,
    "CEX_Total": 3468640.517,
    "CEX_Ratio": -0.196734
}