{
    "timestamp": "2025-08-18 08:37:06",
    "cum_gam": 6100.717043244052,
    "cum_vec": 7800.0,
    "DEX_Call": 31.932,
    "DEX_Put": -28.936,
    "DEX_Total": 2.996,
    "DEX_Ratio": 1.103539,
    "GEX_Call": 340674.323,
    "GEX_Put": -343262.899,
    "GEX_Total": -2588.576,
    "GEX_Ratio": 0.992459,
    "VEX_Call": -62103.631,
    "VEX_Put": 104350.329,
    "VEX_Total": 42246.698,
    "VEX_Ratio": -0.595146,
    "CEX_Call": -412191.92,
    "CEX_Put": 549541.787,
    "CEX_Total": 137349.867,
    "CEX_Ratio": -0.750065
}