{
    "timestamp": "2025-11-21 10:22:44",
    "cum_gam": 6614.543112353471,
    "cum_vec": 8200.0,
    "DEX_Call": 31.467,
    "DEX_Put": -152.01,
    "DEX_Total": -120.543,
    "DEX_Ratio": 0.207006,
    "GEX_Call": 256665.797,
    "GEX_Put": -523281.973,
    "GEX_Total": -266616.176,
    "GEX_Ratio": 0.490492,
    "VEX_Call": -235060.269,
    "VEX_Put": 197016.1,
    "VEX_Total": -38044.169,
    "VEX_Ratio": -1.193102,
    "CEX_Call": -557138.822,
    "CEX_Put": 351612.776,
    "CEX_Total": -205526.046,
    "CEX_Ratio": -1.584524
}