{
    "timestamp": "2025-08-06 09:38:53",
    "cum_gam": null,
    "cum_vec": 8000.0,
    "DEX_Call": 38.611,
    "DEX_Put": -30.624,
    "DEX_Total": 7.987,
    "DEX_Ratio": 1.260809,
    "GEX_Call": 397497.431,
    "GEX_Put": -315609.043,
    "GEX_Total": 81888.388,
    "GEX_Ratio": 1.259461,
    "VEX_Call": -62525.417,
    "VEX_Put": 121043.031,
    "VEX_Total": 58517.614,
    "VEX_Ratio": -0.516555,
    "CEX_Call": -442197.105,
    "CEX_Put": 686531.663,
    "CEX_Total": 244334.558,
    "CEX_Ratio": -0.644103
}