{
    "timestamp": "2026-07-23 10:54:29",
    "cum_gam": 7462.236173284009,
    "cum_vec": 7462.236173284009,
    "DEX_Call": 82.692,
    "DEX_Put": -352.063,
    "DEX_Total": -269.371,
    "DEX_Ratio": 0.234878,
    "GEX_Call": 492450.711,
    "GEX_Put": -1951549.778,
    "GEX_Total": -1459099.067,
    "GEX_Ratio": 0.252338,
    "VEX_Call": -334078.914,
    "VEX_Put": 497765.004,
    "VEX_Total": 163686.09,
    "VEX_Ratio": -0.671158,
    "CEX_Call": -1898482.464,
    "CEX_Put": 2409172.485,
    "CEX_Total": 510690.021,
    "CEX_Ratio": -0.788023
}