{
    "timestamp": "2025-10-14 11:14:34",
    "cum_gam": 6595.232096428226,
    "cum_vec": 6595.232096428226,
    "DEX_Call": 53.663,
    "DEX_Put": -86.608,
    "DEX_Total": -32.945,
    "DEX_Ratio": 0.619608,
    "GEX_Call": 543685.143,
    "GEX_Put": -695355.533,
    "GEX_Total": -151670.39,
    "GEX_Ratio": 0.781881,
    "VEX_Call": -140350.425,
    "VEX_Put": 348509.543,
    "VEX_Total": 208159.118,
    "VEX_Ratio": -0.402716,
    "CEX_Call": -943640.447,
    "CEX_Put": 2023657.407,
    "CEX_Total": 1080016.96,
    "CEX_Ratio": -0.466304
}