{
    "timestamp": "2025-08-22 10:21:07",
    "cum_gam": null,
    "cum_vec": 7600.0,
    "DEX_Call": 63.304,
    "DEX_Put": -16.022,
    "DEX_Total": 47.282,
    "DEX_Ratio": 3.951067,
    "GEX_Call": 745748.69,
    "GEX_Put": -254211.554,
    "GEX_Total": 491537.136,
    "GEX_Ratio": 2.933575,
    "VEX_Call": -93080.583,
    "VEX_Put": 231518.244,
    "VEX_Total": 138437.661,
    "VEX_Ratio": -0.402044,
    "CEX_Call": -325612.743,
    "CEX_Put": 480408.604,
    "CEX_Total": 154795.861,
    "CEX_Ratio": -0.677783
}