{
    "timestamp": "2025-10-06 06:56:35",
    "cum_gam": null,
    "cum_vec": null,
    "DEX_Call": 64.659,
    "DEX_Put": -26.256,
    "DEX_Total": 38.403,
    "DEX_Ratio": 2.462637,
    "GEX_Call": 550496.936,
    "GEX_Put": -405446.659,
    "GEX_Total": 145050.277,
    "GEX_Ratio": 1.357754,
    "VEX_Call": -81736.563,
    "VEX_Put": 256733.886,
    "VEX_Total": 174997.323,
    "VEX_Ratio": -0.318371,
    "CEX_Call": -514379.633,
    "CEX_Put": 1282202.303,
    "CEX_Total": 767822.67,
    "CEX_Ratio": -0.401169
}