{
    "timestamp": "2025-07-22 12:49:10",
    "cum_gam": null,
    "cum_vec": null,
    "DEX_Call": 75.799,
    "DEX_Put": -27.469,
    "DEX_Total": 48.33,
    "DEX_Ratio": 2.759438,
    "GEX_Call": 714287.384,
    "GEX_Put": -521436.244,
    "GEX_Total": 192851.14,
    "GEX_Ratio": 1.369846,
    "VEX_Call": -42631.608,
    "VEX_Put": 180294.707,
    "VEX_Total": 137663.099,
    "VEX_Ratio": -0.236455,
    "CEX_Call": -404521.266,
    "CEX_Put": 1157403.347,
    "CEX_Total": 752882.081,
    "CEX_Ratio": -0.349508
}