{
    "timestamp": "2025-07-15 12:13:16",
    "cum_gam": 6066.433340594266,
    "cum_vec": 6066.433340594266,
    "DEX_Call": 58.548,
    "DEX_Put": -35.44,
    "DEX_Total": 23.108,
    "DEX_Ratio": 1.652032,
    "GEX_Call": 496438.797,
    "GEX_Put": -510202.426,
    "GEX_Total": -13763.629,
    "GEX_Ratio": 0.973023,
    "VEX_Call": -108232.863,
    "VEX_Put": 230656.344,
    "VEX_Total": 122423.481,
    "VEX_Ratio": -0.469239,
    "CEX_Call": -810795.875,
    "CEX_Put": 1482917.38,
    "CEX_Total": 672121.505,
    "CEX_Ratio": -0.546757
}