{
    "timestamp": "2025-10-20 12:51:19",
    "cum_gam": null,
    "cum_vec": null,
    "DEX_Call": 84.288,
    "DEX_Put": -16.014,
    "DEX_Total": 68.274,
    "DEX_Ratio": 5.263395,
    "GEX_Call": 618598.165,
    "GEX_Put": -267871.359,
    "GEX_Total": 350726.806,
    "GEX_Ratio": 2.309311,
    "VEX_Call": -7863.384,
    "VEX_Put": 242283.015,
    "VEX_Total": 234419.631,
    "VEX_Ratio": -0.032455,
    "CEX_Call": -147308.63,
    "CEX_Put": 1519411.858,
    "CEX_Total": 1372103.228,
    "CEX_Ratio": -0.096951
}