{
    "timestamp": "2025-08-29 06:29:31",
    "cum_gam": null,
    "cum_vec": null,
    "DEX_Call": 108.437,
    "DEX_Put": -44.202,
    "DEX_Total": 64.235,
    "DEX_Ratio": 2.453215,
    "GEX_Call": 851156.561,
    "GEX_Put": -528828.523,
    "GEX_Total": 322328.038,
    "GEX_Ratio": 1.609513,
    "VEX_Call": -91723.246,
    "VEX_Put": 428348.535,
    "VEX_Total": 336625.289,
    "VEX_Ratio": -0.214132,
    "CEX_Call": -283024.315,
    "CEX_Put": 618152.504,
    "CEX_Total": 335128.189,
    "CEX_Ratio": -0.457855
}