{
    "timestamp": "2025-10-01 06:33:36",
    "cum_gam": null,
    "cum_vec": 8600.0,
    "DEX_Call": 64.759,
    "DEX_Put": -55.926,
    "DEX_Total": 8.833,
    "DEX_Ratio": 1.157941,
    "GEX_Call": 637300.339,
    "GEX_Put": -625645.885,
    "GEX_Total": 11654.454,
    "GEX_Ratio": 1.018628,
    "VEX_Call": -108138.856,
    "VEX_Put": 296191.576,
    "VEX_Total": 188052.72,
    "VEX_Ratio": -0.365098,
    "CEX_Call": -664196.222,
    "CEX_Put": 1448798.822,
    "CEX_Total": 784602.6,
    "CEX_Ratio": -0.458446
}