{
    "timestamp": "2025-09-17 09:37:06",
    "cum_gam": null,
    "cum_vec": null,
    "DEX_Call": 102.318,
    "DEX_Put": -69.89,
    "DEX_Total": 32.428,
    "DEX_Ratio": 1.463986,
    "GEX_Call": 553004.702,
    "GEX_Put": -503923.391,
    "GEX_Total": 49081.311,
    "GEX_Ratio": 1.097398,
    "VEX_Call": -132920.074,
    "VEX_Put": 279342.092,
    "VEX_Total": 146422.018,
    "VEX_Ratio": -0.475833,
    "CEX_Call": -863120.349,
    "CEX_Put": 1553636.75,
    "CEX_Total": 690516.401,
    "CEX_Ratio": -0.555548
}