{
    "timestamp": "2025-09-12 07:38:38",
    "cum_gam": null,
    "cum_vec": 8200.0,
    "DEX_Call": 82.245,
    "DEX_Put": -28.558,
    "DEX_Total": 53.687,
    "DEX_Ratio": 2.879929,
    "GEX_Call": 1343663.566,
    "GEX_Put": -504815.512,
    "GEX_Total": 838848.054,
    "GEX_Ratio": 2.661692,
    "VEX_Call": -164741.627,
    "VEX_Put": 369927.952,
    "VEX_Total": 205186.325,
    "VEX_Ratio": -0.445334,
    "CEX_Call": -560925.97,
    "CEX_Put": 709351.889,
    "CEX_Total": 148425.919,
    "CEX_Ratio": -0.790758
}