{
    "timestamp": "2025-09-15 12:22:21",
    "cum_gam": null,
    "cum_vec": 7800.0,
    "DEX_Call": 187.029,
    "DEX_Put": -30.946,
    "DEX_Total": 156.083,
    "DEX_Ratio": 6.043721,
    "GEX_Call": 1330385.203,
    "GEX_Put": -565646.371,
    "GEX_Total": 764738.832,
    "GEX_Ratio": 2.351973,
    "VEX_Call": 67621.121,
    "VEX_Put": 391706.608,
    "VEX_Total": 459327.729,
    "VEX_Ratio": 0.172632,
    "CEX_Call": 228390.804,
    "CEX_Put": 2438532.578,
    "CEX_Total": 2666923.382,
    "CEX_Ratio": 0.093659
}