{
    "timestamp": "2025-09-19 12:20:27",
    "cum_gam": null,
    "cum_vec": 8400.0,
    "DEX_Call": 77.082,
    "DEX_Put": -26.395,
    "DEX_Total": 50.687,
    "DEX_Ratio": 2.920326,
    "GEX_Call": 727875.935,
    "GEX_Put": -394999.718,
    "GEX_Total": 332876.217,
    "GEX_Ratio": 1.842725,
    "VEX_Call": -25631.092,
    "VEX_Put": 344343.072,
    "VEX_Total": 318711.98,
    "VEX_Ratio": -0.074435,
    "CEX_Call": -171165.454,
    "CEX_Put": 710199.563,
    "CEX_Total": 539034.109,
    "CEX_Ratio": -0.24101
}