{
    "timestamp": "2025-09-25 08:37:12",
    "cum_gam": 6601.534231438878,
    "cum_vec": 8600.0,
    "DEX_Call": 198.874,
    "DEX_Put": -202.601,
    "DEX_Total": -3.727,
    "DEX_Ratio": 0.981604,
    "GEX_Call": 1081928.493,
    "GEX_Put": -1778328.865,
    "GEX_Total": -696400.372,
    "GEX_Ratio": 0.608396,
    "VEX_Call": -250415.249,
    "VEX_Put": 538876.818,
    "VEX_Total": 288461.569,
    "VEX_Ratio": -0.464698,
    "CEX_Call": -1579644.891,
    "CEX_Put": 2757762.103,
    "CEX_Total": 1178117.212,
    "CEX_Ratio": -0.5728
}