{
    "timestamp": "2025-09-09 08:23:00",
    "cum_gam": null,
    "cum_vec": 8200.0,
    "DEX_Call": 65.758,
    "DEX_Put": -39.663,
    "DEX_Total": 26.095,
    "DEX_Ratio": 1.657918,
    "GEX_Call": 838919.393,
    "GEX_Put": -643777.071,
    "GEX_Total": 195142.322,
    "GEX_Ratio": 1.303121,
    "VEX_Call": -112386.691,
    "VEX_Put": 280115.322,
    "VEX_Total": 167728.631,
    "VEX_Ratio": -0.401216,
    "CEX_Call": -770302.015,
    "CEX_Put": 1492701.512,
    "CEX_Total": 722399.497,
    "CEX_Ratio": -0.516046
}