{
    "timestamp": "2025-08-21 11:45:45",
    "cum_gam": 6362.839200672201,
    "cum_vec": 8400.0,
    "DEX_Call": 157.539,
    "DEX_Put": -219.361,
    "DEX_Total": -61.822,
    "DEX_Ratio": 0.718172,
    "GEX_Call": 682972.286,
    "GEX_Put": -1436838.844,
    "GEX_Total": -753866.558,
    "GEX_Ratio": 0.47533,
    "VEX_Call": -278445.419,
    "VEX_Put": 596800.281,
    "VEX_Total": 318354.862,
    "VEX_Ratio": -0.466564,
    "CEX_Call": -1927430.125,
    "CEX_Put": 3677974.54,
    "CEX_Total": 1750544.415,
    "CEX_Ratio": -0.524047
}