{
    "timestamp": "2025-08-22 08:51:42",
    "cum_gam": null,
    "cum_vec": 8222.222222222223,
    "DEX_Call": 1144.049,
    "DEX_Put": -253.23,
    "DEX_Total": 890.819,
    "DEX_Ratio": 4.517826,
    "GEX_Call": 7083360.614,
    "GEX_Put": -2509787.42,
    "GEX_Total": 4573573.194,
    "GEX_Ratio": 2.822295,
    "VEX_Call": -210719.436,
    "VEX_Put": 2634699.835,
    "VEX_Total": 2423980.399,
    "VEX_Ratio": -0.079979,
    "CEX_Call": 1100761.756,
    "CEX_Put": 19901745.842,
    "CEX_Total": 21002507.598,
    "CEX_Ratio": 0.05531
}