{
    "timestamp": "2026-07-23 11:34:55",
    "cum_gam": 7433.337293735833,
    "cum_vec": 7433.337293735833,
    "DEX_Call": 347.368,
    "DEX_Put": -1443.523,
    "DEX_Total": -1096.155,
    "DEX_Ratio": 0.240639,
    "GEX_Call": 2121692.609,
    "GEX_Put": -6905417.566,
    "GEX_Total": -4783724.957,
    "GEX_Ratio": 0.30725,
    "VEX_Call": -2383779.721,
    "VEX_Put": 2594587.523,
    "VEX_Total": 210807.802,
    "VEX_Ratio": -0.918751,
    "CEX_Call": -10500290.899,
    "CEX_Put": 11424782.311,
    "CEX_Total": 924491.412,
    "CEX_Ratio": -0.91908
}