{
    "timestamp": "2025-09-12 08:33:02",
    "cum_gam": 7007.743517590514,
    "cum_vec": 7819.829901217614,
    "DEX_Call": 4026.783,
    "DEX_Put": -1184.519,
    "DEX_Total": 2842.264,
    "DEX_Ratio": 3.399509,
    "GEX_Call": 15067776.516,
    "GEX_Put": -8800426.558,
    "GEX_Total": 6267349.958,
    "GEX_Ratio": 1.712164,
    "VEX_Call": 1974189.014,
    "VEX_Put": 12879849.723,
    "VEX_Total": 14854038.737,
    "VEX_Ratio": 0.153277,
    "CEX_Call": -8331833.389,
    "CEX_Put": 24576130.979,
    "CEX_Total": 16244297.59,
    "CEX_Ratio": -0.339021
}