{
    "timestamp": "2025-09-17 06:53:13",
    "cum_gam": 8596.09997750803,
    "cum_vec": 8596.09997750803,
    "DEX_Call": 11502.821,
    "DEX_Put": -1287.209,
    "DEX_Total": 10215.612,
    "DEX_Ratio": 8.93625,
    "GEX_Call": 12199037.046,
    "GEX_Put": -8815216.348,
    "GEX_Total": 3383820.698,
    "GEX_Ratio": 1.383861,
    "VEX_Call": 7369914.533,
    "VEX_Put": 12386697.158,
    "VEX_Total": 19756611.691,
    "VEX_Ratio": 0.594986,
    "CEX_Call": 13129690.289,
    "CEX_Put": 40530764.977,
    "CEX_Total": 53660455.266,
    "CEX_Ratio": 0.323944
}