{
    "timestamp": "2025-07-17 09:31:03",
    "cum_gam": 8597.184601039873,
    "cum_vec": 8597.184601039873,
    "DEX_Call": 2440.395,
    "DEX_Put": -465.224,
    "DEX_Total": 1975.171,
    "DEX_Ratio": 5.245634,
    "GEX_Call": 10092131.895,
    "GEX_Put": -5154353.472,
    "GEX_Total": 4937778.423,
    "GEX_Ratio": 1.957982,
    "VEX_Call": -656853.484,
    "VEX_Put": 3695226.963,
    "VEX_Total": 3038373.479,
    "VEX_Ratio": -0.177757,
    "CEX_Call": -5661390.993,
    "CEX_Put": 19079913.414,
    "CEX_Total": 13418522.421,
    "CEX_Ratio": -0.29672
}