{
    "timestamp": "2025-09-25 09:03:35",
    "cum_gam": 6602.839439652405,
    "cum_vec": 6909.715232344773,
    "DEX_Call": 806.238,
    "DEX_Put": -739.336,
    "DEX_Total": 66.902,
    "DEX_Ratio": 1.090489,
    "GEX_Call": 4008328.491,
    "GEX_Put": -6050379.84,
    "GEX_Total": -2042051.349,
    "GEX_Ratio": 0.662492,
    "VEX_Call": -445985.027,
    "VEX_Put": 2506956.855,
    "VEX_Total": 2060971.828,
    "VEX_Ratio": -0.177899,
    "CEX_Call": -8533713.089,
    "CEX_Put": 13966768.57,
    "CEX_Total": 5433055.481,
    "CEX_Ratio": -0.611001
}