{
    "timestamp": "2025-07-09 12:56:28",
    "cum_gam": 10399.855130201731,
    "cum_vec": 10525.0,
    "DEX_Call": 4269.308,
    "DEX_Put": -473.641,
    "DEX_Total": 3795.667,
    "DEX_Ratio": 9.013806,
    "GEX_Call": 7953814.948,
    "GEX_Put": -3345608.62,
    "GEX_Total": 4608206.328,
    "GEX_Ratio": 2.37739,
    "VEX_Call": 1702494.39,
    "VEX_Put": 5141077.735,
    "VEX_Total": 6843572.125,
    "VEX_Ratio": 0.331155,
    "CEX_Call": 12840794.826,
    "CEX_Put": 17617606.701,
    "CEX_Total": 30458401.527,
    "CEX_Ratio": 0.728861
}