{
    "timestamp": "2025-09-15 06:27:40",
    "cum_gam": 11522.727272727272,
    "cum_vec": 11522.727272727272,
    "DEX_Call": 8523.705,
    "DEX_Put": -1507.008,
    "DEX_Total": 7016.697,
    "DEX_Ratio": 5.656045,
    "GEX_Call": 13549355.938,
    "GEX_Put": -9718181.913,
    "GEX_Total": 3831174.025,
    "GEX_Ratio": 1.394227,
    "VEX_Call": 5177349.562,
    "VEX_Put": 13941389.137,
    "VEX_Total": 19118738.699,
    "VEX_Ratio": 0.371365,
    "CEX_Call": -284449.632,
    "CEX_Put": 38152028.777,
    "CEX_Total": 37867579.145,
    "CEX_Ratio": -0.007456
}