{
    "timestamp": "2025-08-25 08:40:23",
    "cum_gam": null,
    "cum_vec": 8111.447084233261,
    "DEX_Call": 801.763,
    "DEX_Put": -263.588,
    "DEX_Total": 538.175,
    "DEX_Ratio": 3.041728,
    "GEX_Call": 5087273.96,
    "GEX_Put": -3364427.868,
    "GEX_Total": 1722846.092,
    "GEX_Ratio": 1.512077,
    "VEX_Call": -775135.201,
    "VEX_Put": 1893166.275,
    "VEX_Total": 1118031.074,
    "VEX_Ratio": -0.409439,
    "CEX_Call": -8780750.86,
    "CEX_Put": 10234249.078,
    "CEX_Total": 1453498.218,
    "CEX_Ratio": -0.857977
}