{
    "timestamp": "2025-09-15 12:17:47",
    "cum_gam": 11091.06753812636,
    "cum_vec": 11091.06753812636,
    "DEX_Call": 9428.108,
    "DEX_Put": -1215.363,
    "DEX_Total": 8212.745,
    "DEX_Ratio": 7.757442,
    "GEX_Call": 15379445.03,
    "GEX_Put": -7750255.639,
    "GEX_Total": 7629189.391,
    "GEX_Ratio": 1.984379,
    "VEX_Call": 6788439.456,
    "VEX_Put": 13278170.653,
    "VEX_Total": 20066610.109,
    "VEX_Ratio": 0.511248,
    "CEX_Call": 4732517.153,
    "CEX_Put": 41203254.352,
    "CEX_Total": 45935771.505,
    "CEX_Ratio": 0.114858
}