{
    "timestamp": "2025-10-07 10:48:23",
    "cum_gam": null,
    "cum_vec": 8913.761161247196,
    "DEX_Call": 2737.123,
    "DEX_Put": -1629.907,
    "DEX_Total": 1107.216,
    "DEX_Ratio": 1.679312,
    "GEX_Call": 9102873.462,
    "GEX_Put": -8821562.445,
    "GEX_Total": 281311.017,
    "GEX_Ratio": 1.031889,
    "VEX_Call": -1438670.836,
    "VEX_Put": 10627295.191,
    "VEX_Total": 9188624.355,
    "VEX_Ratio": -0.135375,
    "CEX_Call": -13475059.759,
    "CEX_Put": 22845130.549,
    "CEX_Total": 9370070.79,
    "CEX_Ratio": -0.589844
}