{
    "timestamp": "2025-10-31 11:59:26",
    "cum_gam": null,
    "cum_vec": null,
    "DEX_Call": 793.265,
    "DEX_Put": -117.201,
    "DEX_Total": 676.064,
    "DEX_Ratio": 6.768415,
    "GEX_Call": 3251773.425,
    "GEX_Put": -2869800.525,
    "GEX_Total": 381972.9,
    "GEX_Ratio": 1.133101,
    "VEX_Call": 186277.03,
    "VEX_Put": 425626.707,
    "VEX_Total": 611903.737,
    "VEX_Ratio": 0.437654,
    "CEX_Call": 12681480.894,
    "CEX_Put": 29688470.519,
    "CEX_Total": 42369951.413,
    "CEX_Ratio": 0.427152
}