{
    "timestamp": "2025-07-09 07:50:13",
    "cum_gam": 7018.8296449890895,
    "cum_vec": 7149.497126436781,
    "DEX_Call": 1810.574,
    "DEX_Put": -705.757,
    "DEX_Total": 1104.817,
    "DEX_Ratio": 2.565435,
    "GEX_Call": 7074824.779,
    "GEX_Put": -4423298.15,
    "GEX_Total": 2651526.629,
    "GEX_Ratio": 1.599446,
    "VEX_Call": -1009797.716,
    "VEX_Put": 5856659.696,
    "VEX_Total": 4846861.98,
    "VEX_Ratio": -0.172419,
    "CEX_Call": -8702772.584,
    "CEX_Put": 14472298.105,
    "CEX_Total": 5769525.521,
    "CEX_Ratio": -0.60134
}