{
    "timestamp": "2025-10-07 08:38:28",
    "cum_gam": 10057.142857142857,
    "cum_vec": 10057.142857142857,
    "DEX_Call": 2916.682,
    "DEX_Put": -1762.059,
    "DEX_Total": 1154.623,
    "DEX_Ratio": 1.655269,
    "GEX_Call": 8790193.548,
    "GEX_Put": -8915881.607,
    "GEX_Total": -125688.059,
    "GEX_Ratio": 0.985903,
    "VEX_Call": -1680927.565,
    "VEX_Put": 10817454.398,
    "VEX_Total": 9136526.833,
    "VEX_Ratio": -0.15539,
    "CEX_Call": -12847512.467,
    "CEX_Put": 21511224.204,
    "CEX_Total": 8663711.737,
    "CEX_Ratio": -0.597247
}