{
    "timestamp": "2025-10-21 08:13:33",
    "cum_gam": 8796.140592694694,
    "cum_vec": 8796.140592694694,
    "DEX_Call": 1345.454,
    "DEX_Put": -527.143,
    "DEX_Total": 818.311,
    "DEX_Ratio": 2.552351,
    "GEX_Call": 7576791.825,
    "GEX_Put": -4159587.255,
    "GEX_Total": 3417204.57,
    "GEX_Ratio": 1.821525,
    "VEX_Call": -922563.086,
    "VEX_Put": 4905272.942,
    "VEX_Total": 3982709.856,
    "VEX_Ratio": -0.188076,
    "CEX_Call": -8264414.618,
    "CEX_Put": 17431677.619,
    "CEX_Total": 9167263.001,
    "CEX_Ratio": -0.474103
}