{
    "timestamp": "2025-08-06 09:38:54",
    "cum_gam": 7009.782035694781,
    "cum_vec": 7406.2912082692055,
    "DEX_Call": 1942.351,
    "DEX_Put": -1227.054,
    "DEX_Total": 715.297,
    "DEX_Ratio": 1.582938,
    "GEX_Call": 9071652.29,
    "GEX_Put": -5991766.647,
    "GEX_Total": 3079885.643,
    "GEX_Ratio": 1.51402,
    "VEX_Call": -1729589.048,
    "VEX_Put": 8397988.478,
    "VEX_Total": 6668399.43,
    "VEX_Ratio": -0.205953,
    "CEX_Call": -9304505.16,
    "CEX_Put": 16197652.48,
    "CEX_Total": 6893147.32,
    "CEX_Ratio": -0.574435
}