{
    "timestamp": "2025-10-15 12:31:34",
    "cum_gam": null,
    "cum_vec": null,
    "DEX_Call": 3867.152,
    "DEX_Put": -1657.221,
    "DEX_Total": 2209.931,
    "DEX_Ratio": 2.333516,
    "GEX_Call": 9439371.006,
    "GEX_Put": -8400949.751,
    "GEX_Total": 1038421.255,
    "GEX_Ratio": 1.123608,
    "VEX_Call": -1626054.722,
    "VEX_Put": 8200432.587,
    "VEX_Total": 6574377.865,
    "VEX_Ratio": -0.198289,
    "CEX_Call": -15906625.528,
    "CEX_Put": 27016192.836,
    "CEX_Total": 11109567.308,
    "CEX_Ratio": -0.588781
}