{
    "timestamp": "2025-10-20 09:40:24",
    "cum_gam": null,
    "cum_vec": null,
    "DEX_Call": 1356.738,
    "DEX_Put": -597.922,
    "DEX_Total": 758.816,
    "DEX_Ratio": 2.269089,
    "GEX_Call": 6868921.686,
    "GEX_Put": -3703687.998,
    "GEX_Total": 3165233.688,
    "GEX_Ratio": 1.854617,
    "VEX_Call": -946510.489,
    "VEX_Put": 5433619.017,
    "VEX_Total": 4487108.528,
    "VEX_Ratio": -0.174195,
    "CEX_Call": -4480567.322,
    "CEX_Put": 20749224.516,
    "CEX_Total": 16268657.194,
    "CEX_Ratio": -0.215939
}