{
    "timestamp": "2025-09-23 09:40:45",
    "cum_gam": null,
    "cum_vec": 7102.243104097777,
    "DEX_Call": 1229.364,
    "DEX_Put": -423.842,
    "DEX_Total": 805.522,
    "DEX_Ratio": 2.900524,
    "GEX_Call": 6808818.964,
    "GEX_Put": -4500704.499,
    "GEX_Total": 2308114.465,
    "GEX_Ratio": 1.512834,
    "VEX_Call": -773232.757,
    "VEX_Put": 3612455.227,
    "VEX_Total": 2839222.47,
    "VEX_Ratio": -0.214046,
    "CEX_Call": -17877045.344,
    "CEX_Put": 15501553.378,
    "CEX_Total": -2375491.966,
    "CEX_Ratio": -1.153242
}