{
    "timestamp": "2025-11-20 09:52:14",
    "cum_gam": 6551.112469077318,
    "cum_vec": 6551.112469077318,
    "DEX_Call": 2583.568,
    "DEX_Put": -1689.508,
    "DEX_Total": 894.06,
    "DEX_Ratio": 1.529184,
    "GEX_Call": 5272462.791,
    "GEX_Put": -6519121.95,
    "GEX_Total": -1246659.159,
    "GEX_Ratio": 0.808769,
    "VEX_Call": -1812888.32,
    "VEX_Put": 4517658.365,
    "VEX_Total": 2704770.045,
    "VEX_Ratio": -0.401289,
    "CEX_Call": -14804212.374,
    "CEX_Put": 30183708.467,
    "CEX_Total": 15379496.093,
    "CEX_Ratio": -0.49047
}