{
    "timestamp": "2025-11-14 07:35:26",
    "cum_gam": 6688.515917922406,
    "cum_vec": 7807.017103605732,
    "DEX_Call": 2481.789,
    "DEX_Put": -3119.754,
    "DEX_Total": -637.965,
    "DEX_Ratio": 0.795508,
    "GEX_Call": 3554144.758,
    "GEX_Put": -8328240.08,
    "GEX_Total": -4774095.322,
    "GEX_Ratio": 0.426758,
    "VEX_Call": -2660982.642,
    "VEX_Put": 5819361.49,
    "VEX_Total": 3158378.848,
    "VEX_Ratio": -0.457264,
    "CEX_Call": -12208473.244,
    "CEX_Put": 18783519.435,
    "CEX_Total": 6575046.191,
    "CEX_Ratio": -0.649957
}