{
    "timestamp": "2025-07-18 10:25:39",
    "cum_gam": null,
    "cum_vec": 6910.356993020328,
    "DEX_Call": 990.555,
    "DEX_Put": -377.299,
    "DEX_Total": 613.256,
    "DEX_Ratio": 2.625385,
    "GEX_Call": 7045766.563,
    "GEX_Put": -4552545.297,
    "GEX_Total": 2493221.266,
    "GEX_Ratio": 1.547654,
    "VEX_Call": -1013553.942,
    "VEX_Put": 2278763.133,
    "VEX_Total": 1265209.191,
    "VEX_Ratio": -0.444782,
    "CEX_Call": -7687957.817,
    "CEX_Put": 10448262.748,
    "CEX_Total": 2760304.931,
    "CEX_Ratio": -0.735812
}