{
    "timestamp": "2025-10-17 08:48:01",
    "cum_gam": 10384.326018808777,
    "cum_vec": 10384.326018808777,
    "DEX_Call": 835.98,
    "DEX_Put": -1494.664,
    "DEX_Total": -658.684,
    "DEX_Ratio": 0.55931,
    "GEX_Call": 3534700.981,
    "GEX_Put": -5410214.453,
    "GEX_Total": -1875513.472,
    "GEX_Ratio": 0.653338,
    "VEX_Call": -2349074.329,
    "VEX_Put": 5930050.806,
    "VEX_Total": 3580976.477,
    "VEX_Ratio": -0.396131,
    "CEX_Call": -12976165.602,
    "CEX_Put": 20294510.273,
    "CEX_Total": 7318344.671,
    "CEX_Ratio": -0.639393
}