{
    "timestamp": "2026-07-21 10:43:44",
    "cum_gam": null,
    "cum_vec": null,
    "DEX_Call": 874.485,
    "DEX_Put": -915.006,
    "DEX_Total": -40.521,
    "DEX_Ratio": 0.955715,
    "GEX_Call": 7652423.001,
    "GEX_Put": -5729511.878,
    "GEX_Total": 1922911.123,
    "GEX_Ratio": 1.335615,
    "VEX_Call": -2837605.573,
    "VEX_Put": 4415240.911,
    "VEX_Total": 1577635.338,
    "VEX_Ratio": -0.642684,
    "CEX_Call": -10119968.051,
    "CEX_Put": 13786336.808,
    "CEX_Total": 3666368.757,
    "CEX_Ratio": -0.734058
}