{
    "timestamp": "2025-09-11 07:05:12",
    "cum_gam": 7008.888198634151,
    "cum_vec": 7512.933106384178,
    "DEX_Call": 5640.946,
    "DEX_Put": -1321.952,
    "DEX_Total": 4318.994,
    "DEX_Ratio": 4.267134,
    "GEX_Call": 14645586.311,
    "GEX_Put": -7902160.543,
    "GEX_Total": 6743425.768,
    "GEX_Ratio": 1.853365,
    "VEX_Call": 3861344.951,
    "VEX_Put": 14456074.212,
    "VEX_Total": 18317419.163,
    "VEX_Ratio": 0.267109,
    "CEX_Call": -252021.105,
    "CEX_Put": 24219771.617,
    "CEX_Total": 23967750.512,
    "CEX_Ratio": -0.010406
}