{
    "timestamp": "2025-09-12 10:19:10",
    "cum_gam": 7007.559182758191,
    "cum_vec": 7610.425749043098,
    "DEX_Call": 4421.604,
    "DEX_Put": -1129.197,
    "DEX_Total": 3292.407,
    "DEX_Ratio": 3.915706,
    "GEX_Call": 16014806.124,
    "GEX_Put": -8746350.654,
    "GEX_Total": 7268455.47,
    "GEX_Ratio": 1.831027,
    "VEX_Call": 2603608.238,
    "VEX_Put": 12697228.084,
    "VEX_Total": 15300836.322,
    "VEX_Ratio": 0.205053,
    "CEX_Call": 353431.446,
    "CEX_Put": 26365499.121,
    "CEX_Total": 26718930.567,
    "CEX_Ratio": 0.013405
}