{
    "timestamp": "2025-10-24 11:37:23",
    "cum_gam": 8793.097014925374,
    "cum_vec": 8793.097014925374,
    "DEX_Call": 1218.257,
    "DEX_Put": -323.952,
    "DEX_Total": 894.305,
    "DEX_Ratio": 3.76061,
    "GEX_Call": 10553293.656,
    "GEX_Put": -2369423.453,
    "GEX_Total": 8183870.203,
    "GEX_Ratio": 4.45395,
    "VEX_Call": -265230.542,
    "VEX_Put": 3643027.835,
    "VEX_Total": 3377797.293,
    "VEX_Ratio": -0.072805,
    "CEX_Call": -18178773.981,
    "CEX_Put": 26297506.927,
    "CEX_Total": 8118732.946,
    "CEX_Ratio": -0.691274
}