{
    "timestamp": "2025-10-09 11:46:36",
    "cum_gam": 7000.2229492740535,
    "cum_vec": 9064.258123153828,
    "DEX_Call": 2524.512,
    "DEX_Put": -1779.07,
    "DEX_Total": 745.442,
    "DEX_Ratio": 1.419007,
    "GEX_Call": 9544777.969,
    "GEX_Put": -14982516.76,
    "GEX_Total": -5437738.791,
    "GEX_Ratio": 0.637061,
    "VEX_Call": -1352282.568,
    "VEX_Put": 10228428.789,
    "VEX_Total": 8876146.221,
    "VEX_Ratio": -0.132208,
    "CEX_Call": -19327823.083,
    "CEX_Put": 29461383.513,
    "CEX_Total": 10133560.43,
    "CEX_Ratio": -0.656039
}