{
    "timestamp": "2025-08-26 07:38:12",
    "cum_gam": 6344.417810132115,
    "cum_vec": 8332.442748091604,
    "DEX_Call": 724.314,
    "DEX_Put": -359.332,
    "DEX_Total": 364.982,
    "DEX_Ratio": 2.015724,
    "GEX_Call": 3953316.087,
    "GEX_Put": -4412785.595,
    "GEX_Total": -459469.508,
    "GEX_Ratio": 0.895878,
    "VEX_Call": -650753.179,
    "VEX_Put": 1750595.548,
    "VEX_Total": 1099842.369,
    "VEX_Ratio": -0.371732,
    "CEX_Call": -7103053.318,
    "CEX_Put": 10408889.932,
    "CEX_Total": 3305836.614,
    "CEX_Ratio": -0.682403
}