{
    "timestamp": "2025-07-14 11:47:44",
    "cum_gam": null,
    "cum_vec": 7205.6747398971465,
    "DEX_Call": 1399.214,
    "DEX_Put": -589.862,
    "DEX_Total": 809.352,
    "DEX_Ratio": 2.372104,
    "GEX_Call": 7025922.38,
    "GEX_Put": -4622036.404,
    "GEX_Total": 2403885.976,
    "GEX_Ratio": 1.520092,
    "VEX_Call": -934687.532,
    "VEX_Put": 4032914.808,
    "VEX_Total": 3098227.276,
    "VEX_Ratio": -0.231765,
    "CEX_Call": -11569580.028,
    "CEX_Put": 15426870.371,
    "CEX_Total": 3857290.343,
    "CEX_Ratio": -0.749963
}