{
    "timestamp": "2025-11-03 13:16:30",
    "cum_gam": null,
    "cum_vec": 7800.967020340309,
    "DEX_Call": 2324.509,
    "DEX_Put": -1408.669,
    "DEX_Total": 915.84,
    "DEX_Ratio": 1.650146,
    "GEX_Call": 8660117.663,
    "GEX_Put": -7054479.199,
    "GEX_Total": 1605638.464,
    "GEX_Ratio": 1.227606,
    "VEX_Call": -1804018.7,
    "VEX_Put": 8391711.827,
    "VEX_Total": 6587693.127,
    "VEX_Ratio": -0.214976,
    "CEX_Call": -28144869.498,
    "CEX_Put": 22612084.805,
    "CEX_Total": -5532784.693,
    "CEX_Ratio": -1.244683
}