{
    "timestamp": "2025-09-16 10:03:16",
    "cum_gam": null,
    "cum_vec": 7190.128344764652,
    "DEX_Call": 9377.361,
    "DEX_Put": -1386.16,
    "DEX_Total": 7991.201,
    "DEX_Ratio": 6.764992,
    "GEX_Call": 13209465.121,
    "GEX_Put": -9151228.44,
    "GEX_Total": 4058236.681,
    "GEX_Ratio": 1.443464,
    "VEX_Call": 5837523.307,
    "VEX_Put": 12730712.142,
    "VEX_Total": 18568235.449,
    "VEX_Ratio": 0.458539,
    "CEX_Call": -907032.743,
    "CEX_Put": 34264079.091,
    "CEX_Total": 33357046.348,
    "CEX_Ratio": -0.026472
}