{
    "timestamp": "2025-07-30 09:41:22",
    "cum_gam": null,
    "cum_vec": 6824.772073373557,
    "DEX_Call": 411.142,
    "DEX_Put": -178.457,
    "DEX_Total": 232.685,
    "DEX_Ratio": 2.303872,
    "GEX_Call": 3039864.195,
    "GEX_Put": -2253065.482,
    "GEX_Total": 786798.713,
    "GEX_Ratio": 1.349213,
    "VEX_Call": -538031.025,
    "VEX_Put": 996377.035,
    "VEX_Total": 458346.01,
    "VEX_Ratio": -0.539987,
    "CEX_Call": -9065256.681,
    "CEX_Put": 21317308.504,
    "CEX_Total": 12252051.823,
    "CEX_Ratio": -0.425253
}