{
    "timestamp": "2025-07-22 08:07:13",
    "cum_gam": null,
    "cum_vec": 6822.423227778001,
    "DEX_Call": 706.355,
    "DEX_Put": -387.901,
    "DEX_Total": 318.454,
    "DEX_Ratio": 1.820967,
    "GEX_Call": 4246142.874,
    "GEX_Put": -4212507.24,
    "GEX_Total": 33635.634,
    "GEX_Ratio": 1.007985,
    "VEX_Call": -1125589.633,
    "VEX_Put": 2190266.155,
    "VEX_Total": 1064676.522,
    "VEX_Ratio": -0.513905,
    "CEX_Call": -7554366.848,
    "CEX_Put": 10366257.231,
    "CEX_Total": 2811890.383,
    "CEX_Ratio": -0.728746
}