{
    "timestamp": "2025-07-23 09:58:05",
    "cum_gam": null,
    "cum_vec": 6822.625026039342,
    "DEX_Call": 920.755,
    "DEX_Put": -191.323,
    "DEX_Total": 729.432,
    "DEX_Ratio": 4.812568,
    "GEX_Call": 6987610.423,
    "GEX_Put": -2360976.138,
    "GEX_Total": 4626634.285,
    "GEX_Ratio": 2.959628,
    "VEX_Call": -697899.014,
    "VEX_Put": 2062595.405,
    "VEX_Total": 1364696.391,
    "VEX_Ratio": -0.33836,
    "CEX_Call": -3614546.204,
    "CEX_Put": 15379958.01,
    "CEX_Total": 11765411.806,
    "CEX_Ratio": -0.235017
}