{
    "timestamp": "2025-09-04 08:30:46",
    "cum_gam": 7008.992666689322,
    "cum_vec": 7475.10778365819,
    "DEX_Call": 5233.644,
    "DEX_Put": -2252.962,
    "DEX_Total": 2980.682,
    "DEX_Ratio": 2.323006,
    "GEX_Call": 16488422.153,
    "GEX_Put": -9925393.895,
    "GEX_Total": 6563028.258,
    "GEX_Ratio": 1.661236,
    "VEX_Call": 1418791.378,
    "VEX_Put": 16471276.623,
    "VEX_Total": 17890068.001,
    "VEX_Ratio": 0.086137,
    "CEX_Call": -6833501.295,
    "CEX_Put": 23660747.075,
    "CEX_Total": 16827245.78,
    "CEX_Ratio": -0.288812
}