{
    "timestamp": "2025-11-07 09:03:25",
    "cum_gam": 6690.9797294736345,
    "cum_vec": 7776.768742416824,
    "DEX_Call": 1377.666,
    "DEX_Put": -3435.831,
    "DEX_Total": -2058.165,
    "DEX_Ratio": 0.40097,
    "GEX_Call": 3922815.175,
    "GEX_Put": -9037158.701,
    "GEX_Total": -5114343.526,
    "GEX_Ratio": 0.434076,
    "VEX_Call": -3939761.247,
    "VEX_Put": 6594768.933,
    "VEX_Total": 2655007.686,
    "VEX_Ratio": -0.597407,
    "CEX_Call": -11667485.772,
    "CEX_Put": 12739113.83,
    "CEX_Total": 1071628.058,
    "CEX_Ratio": -0.915879
}