{
    "timestamp": "2025-09-10 12:54:57",
    "cum_gam": 7008.156055573208,
    "cum_vec": 7497.386243315775,
    "DEX_Call": 5841.841,
    "DEX_Put": -1556.972,
    "DEX_Total": 4284.869,
    "DEX_Ratio": 3.752053,
    "GEX_Call": 16015074.671,
    "GEX_Put": -8393687.887,
    "GEX_Total": 7621386.784,
    "GEX_Ratio": 1.90799,
    "VEX_Call": 3292276.116,
    "VEX_Put": 14811838.096,
    "VEX_Total": 18104114.212,
    "VEX_Ratio": 0.222273,
    "CEX_Call": 10623823.349,
    "CEX_Put": 29679492.868,
    "CEX_Total": 40303316.217,
    "CEX_Ratio": 0.357952
}