{
    "timestamp": "2025-08-15 12:33:54",
    "cum_gam": 9407.407407407407,
    "cum_vec": 9407.407407407407,
    "DEX_Call": 1159.471,
    "DEX_Put": -512.493,
    "DEX_Total": 646.978,
    "DEX_Ratio": 2.262413,
    "GEX_Call": 7117696.05,
    "GEX_Put": -4960556.645,
    "GEX_Total": 2157139.405,
    "GEX_Ratio": 1.434858,
    "VEX_Call": -617209.851,
    "VEX_Put": 3713534.012,
    "VEX_Total": 3096324.161,
    "VEX_Ratio": -0.166206,
    "CEX_Call": -10270908.89,
    "CEX_Put": 24626376.907,
    "CEX_Total": 14355468.017,
    "CEX_Ratio": -0.417069
}