{
    "timestamp": "2025-08-08 07:23:47",
    "cum_gam": 7009.872577451362,
    "cum_vec": 7215.516744203929,
    "DEX_Call": 2129.706,
    "DEX_Put": -925.283,
    "DEX_Total": 1204.423,
    "DEX_Ratio": 2.301681,
    "GEX_Call": 10458000.294,
    "GEX_Put": -5255469.208,
    "GEX_Total": 5202531.086,
    "GEX_Ratio": 1.989927,
    "VEX_Call": -1473392.758,
    "VEX_Put": 7447988.954,
    "VEX_Total": 5974596.196,
    "VEX_Ratio": -0.197824,
    "CEX_Call": -6376312.748,
    "CEX_Put": 18636075.517,
    "CEX_Total": 12259762.769,
    "CEX_Ratio": -0.342149
}