{
    "timestamp": "2025-09-09 12:34:26",
    "cum_gam": 7008.90725548704,
    "cum_vec": 7494.409028345528,
    "DEX_Call": 5008.216,
    "DEX_Put": -1737.268,
    "DEX_Total": 3270.948,
    "DEX_Ratio": 2.882811,
    "GEX_Call": 15130503.752,
    "GEX_Put": -9557248.917,
    "GEX_Total": 5573254.835,
    "GEX_Ratio": 1.583144,
    "VEX_Call": 2215251.695,
    "VEX_Put": 14524708.325,
    "VEX_Total": 16739960.02,
    "VEX_Ratio": 0.152516,
    "CEX_Call": -8811836.266,
    "CEX_Put": 23035587.892,
    "CEX_Total": 14223751.626,
    "CEX_Ratio": -0.382531
}