{
    "timestamp": "2025-11-26 13:41:53",
    "cum_gam": null,
    "cum_vec": 8094.929599376016,
    "DEX_Call": 11398.054,
    "DEX_Put": -2601.409,
    "DEX_Total": 8796.645,
    "DEX_Ratio": 4.381492,
    "GEX_Call": 7434582.817,
    "GEX_Put": -6223537.191,
    "GEX_Total": 1211045.626,
    "GEX_Ratio": 1.194591,
    "VEX_Call": 4999583.584,
    "VEX_Put": 11174990.216,
    "VEX_Total": 16174573.8,
    "VEX_Ratio": 0.44739,
    "CEX_Call": 756863.524,
    "CEX_Put": 2726903.109,
    "CEX_Total": 3483766.633,
    "CEX_Ratio": 0.277554
}