{
    "timestamp": "2025-07-16 09:45:58",
    "cum_gam": 6011.2992590567665,
    "cum_vec": 7219.80933631779,
    "DEX_Call": 1470.151,
    "DEX_Put": -947.664,
    "DEX_Total": 522.487,
    "DEX_Ratio": 1.551342,
    "GEX_Call": 6410129.205,
    "GEX_Put": -6888051.359,
    "GEX_Total": -477922.154,
    "GEX_Ratio": 0.930616,
    "VEX_Call": -1360750.248,
    "VEX_Put": 4293201.368,
    "VEX_Total": 2932451.12,
    "VEX_Ratio": -0.316955,
    "CEX_Call": -10772560.037,
    "CEX_Put": 21052984.832,
    "CEX_Total": 10280424.795,
    "CEX_Ratio": -0.511688
}