{
    "timestamp": "2025-10-08 11:33:04",
    "cum_gam": null,
    "cum_vec": 9100.188028259005,
    "DEX_Call": 3348.557,
    "DEX_Put": -1280.581,
    "DEX_Total": 2067.976,
    "DEX_Ratio": 2.614873,
    "GEX_Call": 14753632.863,
    "GEX_Put": -7080982.428,
    "GEX_Total": 7672650.435,
    "GEX_Ratio": 2.083557,
    "VEX_Call": -99470.436,
    "VEX_Put": 10604657.288,
    "VEX_Total": 10505186.852,
    "VEX_Ratio": -0.00938,
    "CEX_Call": -2630938.873,
    "CEX_Put": 30322466.911,
    "CEX_Total": 27691528.038,
    "CEX_Ratio": -0.086765
}