{
    "timestamp": "2025-09-25 09:20:59",
    "cum_gam": 6604.071099504976,
    "cum_vec": 6925.0104075834715,
    "DEX_Call": 958.627,
    "DEX_Put": -768.06,
    "DEX_Total": 190.567,
    "DEX_Ratio": 1.248115,
    "GEX_Call": 3905956.939,
    "GEX_Put": -6265151.129,
    "GEX_Total": -2359194.19,
    "GEX_Ratio": 0.623442,
    "VEX_Call": -381286.909,
    "VEX_Put": 2490518.749,
    "VEX_Total": 2109231.84,
    "VEX_Ratio": -0.153095,
    "CEX_Call": -8440570.306,
    "CEX_Put": 14528356.642,
    "CEX_Total": 6087786.336,
    "CEX_Ratio": -0.580972
}