{
    "timestamp": "2025-10-02 12:32:09",
    "cum_gam": null,
    "cum_vec": 8968.827423167848,
    "DEX_Call": 3063.11,
    "DEX_Put": -1311.568,
    "DEX_Total": 1751.542,
    "DEX_Ratio": 2.335456,
    "GEX_Call": 12650430.623,
    "GEX_Put": -6901725.757,
    "GEX_Total": 5748704.866,
    "GEX_Ratio": 1.832937,
    "VEX_Call": -330975.126,
    "VEX_Put": 12336640.095,
    "VEX_Total": 12005664.969,
    "VEX_Ratio": -0.026829,
    "CEX_Call": -21557329.054,
    "CEX_Put": 26556528.1,
    "CEX_Total": 4999199.046,
    "CEX_Ratio": -0.811753
}