{
    "timestamp": "2025-09-30 07:07:05",
    "cum_gam": 6571.998682832582,
    "cum_vec": 6876.166380410355,
    "DEX_Call": 132.823,
    "DEX_Put": -251.305,
    "DEX_Total": -118.482,
    "DEX_Ratio": 0.528533,
    "GEX_Call": 2314169.276,
    "GEX_Put": -2573691.194,
    "GEX_Total": -259521.918,
    "GEX_Ratio": 0.899164,
    "VEX_Call": -294599.19,
    "VEX_Put": 796457.847,
    "VEX_Total": 501858.657,
    "VEX_Ratio": -0.369887,
    "CEX_Call": -7199995.02,
    "CEX_Put": 18085964.214,
    "CEX_Total": 10885969.194,
    "CEX_Ratio": -0.398098
}