{
    "timestamp": "2025-11-06 10:12:02",
    "cum_gam": 6705.472131920132,
    "cum_vec": 7793.2501354754395,
    "DEX_Call": 1732.228,
    "DEX_Put": -2502.647,
    "DEX_Total": -770.419,
    "DEX_Ratio": 0.692158,
    "GEX_Call": 5124184.866,
    "GEX_Put": -8524756.961,
    "GEX_Total": -3400572.095,
    "GEX_Ratio": 0.601095,
    "VEX_Call": -3727063.798,
    "VEX_Put": 8024993.374,
    "VEX_Total": 4297929.576,
    "VEX_Ratio": -0.464432,
    "CEX_Call": -14609395.746,
    "CEX_Put": 16098012.269,
    "CEX_Total": 1488616.523,
    "CEX_Ratio": -0.907528
}