{
    "timestamp": "2025-11-05 09:31:23",
    "cum_gam": null,
    "cum_vec": 7716.273693398285,
    "DEX_Call": 2157.401,
    "DEX_Put": -1906.363,
    "DEX_Total": 251.038,
    "DEX_Ratio": 1.131684,
    "GEX_Call": 7885576.91,
    "GEX_Put": -7628100.346,
    "GEX_Total": 257476.564,
    "GEX_Ratio": 1.033754,
    "VEX_Call": -2857323.582,
    "VEX_Put": 8922716.512,
    "VEX_Total": 6065392.93,
    "VEX_Ratio": -0.32023,
    "CEX_Call": -12085373.796,
    "CEX_Put": 16460918.615,
    "CEX_Total": 4375544.819,
    "CEX_Ratio": -0.734186
}