{
    "timestamp": "2025-09-29 09:11:01",
    "cum_gam": null,
    "cum_vec": 6909.237620828585,
    "DEX_Call": 391.024,
    "DEX_Put": -239.09,
    "DEX_Total": 151.934,
    "DEX_Ratio": 1.635468,
    "GEX_Call": 4024703.32,
    "GEX_Put": -2666631.989,
    "GEX_Total": 1358071.331,
    "GEX_Ratio": 1.509283,
    "VEX_Call": -253291.071,
    "VEX_Put": 1277580.123,
    "VEX_Total": 1024289.052,
    "VEX_Ratio": -0.198258,
    "CEX_Call": -8609170.974,
    "CEX_Put": 17594977.473,
    "CEX_Total": 8985806.499,
    "CEX_Ratio": -0.489297
}