{
    "timestamp": "2025-10-08 10:05:22",
    "cum_gam": null,
    "cum_vec": 9003.963933940606,
    "DEX_Call": 3080.022,
    "DEX_Put": -1326.734,
    "DEX_Total": 1753.288,
    "DEX_Ratio": 2.321507,
    "GEX_Call": 14239928.784,
    "GEX_Put": -7270715.732,
    "GEX_Total": 6969213.052,
    "GEX_Ratio": 1.958532,
    "VEX_Call": -366306.365,
    "VEX_Put": 10838511.551,
    "VEX_Total": 10472205.186,
    "VEX_Ratio": -0.033797,
    "CEX_Call": -7229030.872,
    "CEX_Put": 30162922.618,
    "CEX_Total": 22933891.746,
    "CEX_Ratio": -0.239666
}