{
    "timestamp": "2025-11-03 11:49:49",
    "cum_gam": null,
    "cum_vec": 7804.543812061265,
    "DEX_Call": 2461.956,
    "DEX_Put": -1356.271,
    "DEX_Total": 1105.685,
    "DEX_Ratio": 1.815239,
    "GEX_Call": 8994434.183,
    "GEX_Put": -6779211.057,
    "GEX_Total": 2215223.126,
    "GEX_Ratio": 1.326767,
    "VEX_Call": -1727837.507,
    "VEX_Put": 8622145.225,
    "VEX_Total": 6894307.718,
    "VEX_Ratio": -0.200395,
    "CEX_Call": -12608956.012,
    "CEX_Put": 22027007.614,
    "CEX_Total": 9418051.602,
    "CEX_Ratio": -0.572432
}