{
    "timestamp": "2025-08-12 11:36:40",
    "cum_gam": 7009.389734906729,
    "cum_vec": 7539.908430232558,
    "DEX_Call": 2579.013,
    "DEX_Put": -565.477,
    "DEX_Total": 2013.536,
    "DEX_Ratio": 4.560774,
    "GEX_Call": 11795944.824,
    "GEX_Put": -3773957.441,
    "GEX_Total": 8021987.383,
    "GEX_Ratio": 3.125617,
    "VEX_Call": 129671.314,
    "VEX_Put": 6195868.424,
    "VEX_Total": 6325539.738,
    "VEX_Ratio": 0.020929,
    "CEX_Call": 1904361.649,
    "CEX_Put": 20041532.425,
    "CEX_Total": 21945894.074,
    "CEX_Ratio": 0.095021
}