{
    "timestamp": "2025-09-04 12:56:31",
    "cum_gam": 7008.970157542536,
    "cum_vec": 7483.207644785295,
    "DEX_Call": 5017.698,
    "DEX_Put": -1927.256,
    "DEX_Total": 3090.442,
    "DEX_Ratio": 2.603545,
    "GEX_Call": 15491344.644,
    "GEX_Put": -8402010.487,
    "GEX_Total": 7089334.157,
    "GEX_Ratio": 1.843766,
    "VEX_Call": 2272889.668,
    "VEX_Put": 16374489.141,
    "VEX_Total": 18647378.809,
    "VEX_Ratio": 0.138807,
    "CEX_Call": -23704199.882,
    "CEX_Put": 26645882.774,
    "CEX_Total": 2941682.892,
    "CEX_Ratio": -0.889601
}