{
    "timestamp": "2025-09-23 09:11:41",
    "cum_gam": 8599.99538932891,
    "cum_vec": 8599.99538932891,
    "DEX_Call": 1253.138,
    "DEX_Put": -447.937,
    "DEX_Total": 805.201,
    "DEX_Ratio": 2.797576,
    "GEX_Call": 6456687.208,
    "GEX_Put": -4590166.76,
    "GEX_Total": 1866520.448,
    "GEX_Ratio": 1.406635,
    "VEX_Call": -670762.244,
    "VEX_Put": 3603426.514,
    "VEX_Total": 2932664.27,
    "VEX_Ratio": -0.186146,
    "CEX_Call": -14751401.632,
    "CEX_Put": 13644153.933,
    "CEX_Total": -1107247.699,
    "CEX_Ratio": -1.081152
}