{
    "timestamp": "2025-08-01 10:57:09",
    "cum_gam": 7009.85903747591,
    "cum_vec": 7211.000484202881,
    "DEX_Call": 1964.981,
    "DEX_Put": -2612.136,
    "DEX_Total": -647.155,
    "DEX_Ratio": 0.752251,
    "GEX_Call": 3820863.809,
    "GEX_Put": -7980706.724,
    "GEX_Total": -4159842.915,
    "GEX_Ratio": 0.478763,
    "VEX_Call": -1816546.958,
    "VEX_Put": 8410540.418,
    "VEX_Total": 6593993.46,
    "VEX_Ratio": -0.215985,
    "CEX_Call": -9163328.017,
    "CEX_Put": 13953146.662,
    "CEX_Total": 4789818.645,
    "CEX_Ratio": -0.656721
}