{
    "timestamp": "2025-07-03 10:06:41",
    "cum_gam": 7024.749250508924,
    "cum_vec": 7107.4605943152455,
    "DEX_Call": 787.818,
    "DEX_Put": -639.02,
    "DEX_Total": 148.798,
    "DEX_Ratio": 1.232853,
    "GEX_Call": 18046611.616,
    "GEX_Put": -2572898.969,
    "GEX_Total": 15473712.647,
    "GEX_Ratio": 7.014116,
    "VEX_Call": -1315214.185,
    "VEX_Put": 7300515.967,
    "VEX_Total": 5985301.782,
    "VEX_Ratio": -0.180154,
    "CEX_Call": -11785619.558,
    "CEX_Put": 9001086.998,
    "CEX_Total": -2784532.56,
    "CEX_Ratio": -1.309355
}