{
    "timestamp": "2025-10-20 07:33:56",
    "cum_gam": 8793.42723004695,
    "cum_vec": 8793.42723004695,
    "DEX_Call": 1233.171,
    "DEX_Put": -640.101,
    "DEX_Total": 593.07,
    "DEX_Ratio": 1.926526,
    "GEX_Call": 6580152.929,
    "GEX_Put": -3777370.177,
    "GEX_Total": 2802782.752,
    "GEX_Ratio": 1.741993,
    "VEX_Call": -1121372.126,
    "VEX_Put": 5411320.838,
    "VEX_Total": 4289948.712,
    "VEX_Ratio": -0.207227,
    "CEX_Call": -6352188.807,
    "CEX_Put": 16501550.957,
    "CEX_Total": 10149362.15,
    "CEX_Ratio": -0.384945
}