{
    "timestamp": "2025-08-26 07:15:14",
    "cum_gam": 6354.677993200446,
    "cum_vec": 8019.377162629758,
    "DEX_Call": 705.402,
    "DEX_Put": -374.734,
    "DEX_Total": 330.668,
    "DEX_Ratio": 1.882407,
    "GEX_Call": 3805337.664,
    "GEX_Put": -4354768.83,
    "GEX_Total": -549431.166,
    "GEX_Ratio": 0.873832,
    "VEX_Call": -666198.413,
    "VEX_Put": 1752797.133,
    "VEX_Total": 1086598.72,
    "VEX_Ratio": -0.380077,
    "CEX_Call": -7009519.261,
    "CEX_Put": 9978829.171,
    "CEX_Total": 2969309.91,
    "CEX_Ratio": -0.702439
}