{
    "timestamp": "2025-11-05 13:35:30",
    "cum_gam": null,
    "cum_vec": 7790.952789052488,
    "DEX_Call": 2352.356,
    "DEX_Put": -1660.623,
    "DEX_Total": 691.733,
    "DEX_Ratio": 1.41655,
    "GEX_Call": 8926747.555,
    "GEX_Put": -7235898.523,
    "GEX_Total": 1690849.032,
    "GEX_Ratio": 1.233675,
    "VEX_Call": -2383220.804,
    "VEX_Put": 8979431.316,
    "VEX_Total": 6596210.512,
    "VEX_Ratio": -0.265409,
    "CEX_Call": -27312971.896,
    "CEX_Put": 46910831.013,
    "CEX_Total": 19597859.117,
    "CEX_Ratio": -0.582232
}