{
    "timestamp": "2025-09-23 12:24:27",
    "cum_gam": 8599.99500180969,
    "cum_vec": 8599.99500180969,
    "DEX_Call": 1250.35,
    "DEX_Put": -530.681,
    "DEX_Total": 719.669,
    "DEX_Ratio": 2.356124,
    "GEX_Call": 4999946.111,
    "GEX_Put": -5437459.18,
    "GEX_Total": -437513.069,
    "GEX_Ratio": 0.919537,
    "VEX_Call": -242400.028,
    "VEX_Put": 3445764.539,
    "VEX_Total": 3203364.511,
    "VEX_Ratio": -0.070347,
    "CEX_Call": -9697287.759,
    "CEX_Put": 18169050.657,
    "CEX_Total": 8471762.898,
    "CEX_Ratio": -0.533726
}