{
    "timestamp": "2025-10-09 07:25:28",
    "cum_gam": null,
    "cum_vec": 8989.328976543355,
    "DEX_Call": 2935.677,
    "DEX_Put": -1551.794,
    "DEX_Total": 1383.883,
    "DEX_Ratio": 1.891796,
    "GEX_Call": 11336186.098,
    "GEX_Put": -10279953.208,
    "GEX_Total": 1056232.89,
    "GEX_Ratio": 1.102747,
    "VEX_Call": -1157813.512,
    "VEX_Put": 11012255.801,
    "VEX_Total": 9854442.289,
    "VEX_Ratio": -0.105139,
    "CEX_Call": -15464480.516,
    "CEX_Put": 29360737.114,
    "CEX_Total": 13896256.598,
    "CEX_Ratio": -0.526706
}