{
    "timestamp": "2025-08-20 08:43:44",
    "cum_gam": 6391.126402556358,
    "cum_vec": 7598.125523908042,
    "DEX_Call": 588.448,
    "DEX_Put": -964.835,
    "DEX_Total": -376.387,
    "DEX_Ratio": 0.609895,
    "GEX_Call": 2946483.144,
    "GEX_Put": -6324630.219,
    "GEX_Total": -3378147.075,
    "GEX_Ratio": 0.465874,
    "VEX_Call": -1257761.566,
    "VEX_Put": 2995396.085,
    "VEX_Total": 1737634.519,
    "VEX_Ratio": -0.419898,
    "CEX_Call": -8483086.817,
    "CEX_Put": 10866055.431,
    "CEX_Total": 2382968.614,
    "CEX_Ratio": -0.780696
}