{
    "timestamp": "2025-09-11 12:04:00",
    "cum_gam": 7007.612971600323,
    "cum_vec": 7607.33991129193,
    "DEX_Call": 6392.705,
    "DEX_Put": -1101.743,
    "DEX_Total": 5290.962,
    "DEX_Ratio": 5.802356,
    "GEX_Call": 15950632.653,
    "GEX_Put": -6501639.652,
    "GEX_Total": 9448993.001,
    "GEX_Ratio": 2.453325,
    "VEX_Call": 4901203.12,
    "VEX_Put": 13646901.652,
    "VEX_Total": 18548104.772,
    "VEX_Ratio": 0.359144,
    "CEX_Call": 12789524.657,
    "CEX_Put": 24435965.785,
    "CEX_Total": 37225490.442,
    "CEX_Ratio": 0.523389
}