{
    "timestamp": "2025-08-21 08:55:27",
    "cum_gam": 6350.055927198446,
    "cum_vec": 8293.520140105078,
    "DEX_Call": 690.111,
    "DEX_Put": -860.927,
    "DEX_Total": -170.816,
    "DEX_Ratio": 0.801591,
    "GEX_Call": 3074598.805,
    "GEX_Put": -5097619.679,
    "GEX_Total": -2023020.874,
    "GEX_Ratio": 0.603144,
    "VEX_Call": -1197775.13,
    "VEX_Put": 2823027.273,
    "VEX_Total": 1625252.143,
    "VEX_Ratio": -0.424287,
    "CEX_Call": -9376500.183,
    "CEX_Put": 12460860.205,
    "CEX_Total": 3084360.022,
    "CEX_Ratio": -0.752476
}