{
    "timestamp": "2025-09-18 06:51:41",
    "cum_gam": 8596.297027708342,
    "cum_vec": 8596.297027708342,
    "DEX_Call": 10837.162,
    "DEX_Put": -1010.401,
    "DEX_Total": 9826.761,
    "DEX_Ratio": 10.725605,
    "GEX_Call": 14816825.975,
    "GEX_Put": -9241951.894,
    "GEX_Total": 5574874.081,
    "GEX_Ratio": 1.603214,
    "VEX_Call": 6413962.747,
    "VEX_Put": 9039093.578,
    "VEX_Total": 15453056.325,
    "VEX_Ratio": 0.70958,
    "CEX_Call": 28834867.422,
    "CEX_Put": 37659220.849,
    "CEX_Total": 66494088.271,
    "CEX_Ratio": 0.765679
}