{
    "timestamp": "2025-11-06 08:45:01",
    "cum_gam": 6702.682019907267,
    "cum_vec": 7774.575505780347,
    "DEX_Call": 1729.078,
    "DEX_Put": -2538.818,
    "DEX_Total": -809.74,
    "DEX_Ratio": 0.681056,
    "GEX_Call": 5352688.017,
    "GEX_Put": -8385046.8,
    "GEX_Total": -3032358.783,
    "GEX_Ratio": 0.638361,
    "VEX_Call": -3765836.94,
    "VEX_Put": 8234709.803,
    "VEX_Total": 4468872.863,
    "VEX_Ratio": -0.457313,
    "CEX_Call": -13176367.879,
    "CEX_Put": 12697304.967,
    "CEX_Total": -479062.912,
    "CEX_Ratio": -1.037729
}