{
    "timestamp": "2025-08-04 07:25:17",
    "cum_gam": 7009.8531138964245,
    "cum_vec": 7220.097126373827,
    "DEX_Call": 2271.737,
    "DEX_Put": -1577.661,
    "DEX_Total": 694.076,
    "DEX_Ratio": 1.43994,
    "GEX_Call": 6563457.616,
    "GEX_Put": -6285654.594,
    "GEX_Total": 277803.022,
    "GEX_Ratio": 1.044196,
    "VEX_Call": -1462540.907,
    "VEX_Put": 8671655.888,
    "VEX_Total": 7209114.981,
    "VEX_Ratio": -0.168658,
    "CEX_Call": -2955275.382,
    "CEX_Put": 12947886.795,
    "CEX_Total": 9992611.413,
    "CEX_Ratio": -0.228244
}