{
    "timestamp": "2025-10-10 11:58:57",
    "cum_gam": 7003.0575068676435,
    "cum_vec": 8995.234253133236,
    "DEX_Call": 2314.096,
    "DEX_Put": -3572.55,
    "DEX_Total": -1258.454,
    "DEX_Ratio": 0.647743,
    "GEX_Call": 4693132.976,
    "GEX_Put": -11086551.617,
    "GEX_Total": -6393418.641,
    "GEX_Ratio": 0.423318,
    "VEX_Call": -2761065.98,
    "VEX_Put": 8586787.111,
    "VEX_Total": 5825721.131,
    "VEX_Ratio": -0.321548,
    "CEX_Call": -15230754.954,
    "CEX_Put": 11048052.107,
    "CEX_Total": -4182702.847,
    "CEX_Ratio": -1.378592
}