{
    "timestamp": "2025-11-13 13:33:47",
    "cum_gam": 6727.238089031511,
    "cum_vec": 7620.413531658757,
    "DEX_Call": 1496.267,
    "DEX_Put": -2433.45,
    "DEX_Total": -937.183,
    "DEX_Ratio": 0.614875,
    "GEX_Call": 4843250.429,
    "GEX_Put": -7915904.16,
    "GEX_Total": -3072653.731,
    "GEX_Ratio": 0.611838,
    "VEX_Call": -2992673.03,
    "VEX_Put": 6463556.769,
    "VEX_Total": 3470883.739,
    "VEX_Ratio": -0.463007,
    "CEX_Call": -27473606.183,
    "CEX_Put": -8766160.831,
    "CEX_Total": -36239767.014,
    "CEX_Ratio": -3.134052
}