{
    "timestamp": "2025-07-18 08:28:03",
    "cum_gam": 8598.94477527981,
    "cum_vec": 8598.94477527981,
    "DEX_Call": 1055.135,
    "DEX_Put": -336.892,
    "DEX_Total": 718.243,
    "DEX_Ratio": 3.131968,
    "GEX_Call": 6914831.724,
    "GEX_Put": -4267050.463,
    "GEX_Total": 2647781.261,
    "GEX_Ratio": 1.620518,
    "VEX_Call": -954095.631,
    "VEX_Put": 2405507.034,
    "VEX_Total": 1451411.403,
    "VEX_Ratio": -0.39663,
    "CEX_Call": -4493063.863,
    "CEX_Put": 11488064.368,
    "CEX_Total": 6995000.505,
    "CEX_Ratio": -0.391107
}