{
    "timestamp": "2025-08-05 10:31:04",
    "cum_gam": 7132.128323385784,
    "cum_vec": 7171.339488176222,
    "DEX_Call": 2272.043,
    "DEX_Put": -1560.605,
    "DEX_Total": 711.438,
    "DEX_Ratio": 1.455873,
    "GEX_Call": 7334721.925,
    "GEX_Put": -7790862.606,
    "GEX_Total": -456140.681,
    "GEX_Ratio": 0.941452,
    "VEX_Call": -1747650.808,
    "VEX_Put": 8772693.131,
    "VEX_Total": 7025042.323,
    "VEX_Ratio": -0.199215,
    "CEX_Call": -13930005.136,
    "CEX_Put": 20902802.763,
    "CEX_Total": 6972797.627,
    "CEX_Ratio": -0.666418
}