{
    "timestamp": "2025-11-06 13:30:15",
    "cum_gam": 6733.8089849097605,
    "cum_vec": 7786.345263687952,
    "DEX_Call": 1701.62,
    "DEX_Put": -2191.845,
    "DEX_Total": -490.225,
    "DEX_Ratio": 0.776341,
    "GEX_Call": 5474725.354,
    "GEX_Put": -8659530.271,
    "GEX_Total": -3184804.917,
    "GEX_Ratio": 0.63222,
    "VEX_Call": -3311506.002,
    "VEX_Put": 7825700.662,
    "VEX_Total": 4514194.66,
    "VEX_Ratio": -0.423158,
    "CEX_Call": -30384766.029,
    "CEX_Put": 34322471.103,
    "CEX_Total": 3937705.074,
    "CEX_Ratio": -0.885273
}