{
    "timestamp": "2025-09-15 08:39:17",
    "cum_gam": null,
    "cum_vec": 7209.400921998188,
    "DEX_Call": 6020.348,
    "DEX_Put": -941.708,
    "DEX_Total": 5078.64,
    "DEX_Ratio": 6.393009,
    "GEX_Call": 14459521.589,
    "GEX_Put": -7204808.475,
    "GEX_Total": 7254713.114,
    "GEX_Ratio": 2.006927,
    "VEX_Call": 5102626.18,
    "VEX_Put": 12579070.423,
    "VEX_Total": 17681696.603,
    "VEX_Ratio": 0.405644,
    "CEX_Call": 3543168.629,
    "CEX_Put": 30542113.396,
    "CEX_Total": 34085282.025,
    "CEX_Ratio": 0.116009
}