{
    "timestamp": "2025-11-13 12:53:47",
    "cum_gam": 6704.747903102089,
    "cum_vec": 7779.188700687576,
    "DEX_Call": 1566.521,
    "DEX_Put": -2219.691,
    "DEX_Total": -653.17,
    "DEX_Ratio": 0.705738,
    "GEX_Call": 4957152.64,
    "GEX_Put": -7836811.469,
    "GEX_Total": -2879658.829,
    "GEX_Ratio": 0.632547,
    "VEX_Call": -3074807.013,
    "VEX_Put": 6780284.4,
    "VEX_Total": 3705477.387,
    "VEX_Ratio": -0.453492,
    "CEX_Call": -17911535.601,
    "CEX_Put": 38006805.394,
    "CEX_Total": 20095269.793,
    "CEX_Ratio": -0.471272
}