{
    "timestamp": "2025-09-24 07:18:31",
    "cum_gam": 5973.173397901775,
    "cum_vec": 7007.999309145036,
    "DEX_Call": 1226.815,
    "DEX_Put": -560.356,
    "DEX_Total": 666.459,
    "DEX_Ratio": 2.189349,
    "GEX_Call": 5570523.132,
    "GEX_Put": -5599296.577,
    "GEX_Total": -28773.445,
    "GEX_Ratio": 0.994861,
    "VEX_Call": -367799.933,
    "VEX_Put": 3481872.17,
    "VEX_Total": 3114072.237,
    "VEX_Ratio": -0.105633,
    "CEX_Call": -7917009.087,
    "CEX_Put": 17648275.529,
    "CEX_Total": 9731266.442,
    "CEX_Ratio": -0.4486
}