{
    "timestamp": "2025-11-25 12:05:05",
    "cum_gam": null,
    "cum_vec": 8098.125838923215,
    "DEX_Call": 11624.6,
    "DEX_Put": -3171.727,
    "DEX_Total": 8452.873,
    "DEX_Ratio": 3.66507,
    "GEX_Call": 7039665.775,
    "GEX_Put": -6316978.666,
    "GEX_Total": 722687.109,
    "GEX_Ratio": 1.114404,
    "VEX_Call": 3596057.179,
    "VEX_Put": 9988861.482,
    "VEX_Total": 13584918.661,
    "VEX_Ratio": 0.360007,
    "CEX_Call": 351534.824,
    "CEX_Put": 2266938.976,
    "CEX_Total": 2618473.8,
    "CEX_Ratio": 0.15507
}