{
    "timestamp": "2025-10-24 08:23:10",
    "cum_gam": 8794.186959937157,
    "cum_vec": 8794.186959937157,
    "DEX_Call": 1487.436,
    "DEX_Put": -333.105,
    "DEX_Total": 1154.331,
    "DEX_Ratio": 4.465367,
    "GEX_Call": 9631489.341,
    "GEX_Put": -2491891.644,
    "GEX_Total": 7139597.697,
    "GEX_Ratio": 3.865132,
    "VEX_Call": -142649.951,
    "VEX_Put": 3810653.124,
    "VEX_Total": 3668003.173,
    "VEX_Ratio": -0.037435,
    "CEX_Call": -5303108.513,
    "CEX_Put": 20848881.837,
    "CEX_Total": 15545773.324,
    "CEX_Ratio": -0.254359
}