{
    "timestamp": "2025-10-24 08:07:22",
    "cum_gam": 8794.714285714286,
    "cum_vec": 8794.714285714286,
    "DEX_Call": 1316.077,
    "DEX_Put": -387.124,
    "DEX_Total": 928.953,
    "DEX_Ratio": 3.399626,
    "GEX_Call": 8391545.479,
    "GEX_Put": -2931397.859,
    "GEX_Total": 5460147.62,
    "GEX_Ratio": 2.862643,
    "VEX_Call": -378289.495,
    "VEX_Put": 4023614.69,
    "VEX_Total": 3645325.195,
    "VEX_Ratio": -0.094017,
    "CEX_Call": -7027812.484,
    "CEX_Put": 23183536.499,
    "CEX_Total": 16155724.015,
    "CEX_Ratio": -0.303138
}