{
    "timestamp": "2025-07-31 08:48:07",
    "cum_gam": null,
    "cum_vec": 6819.318199944172,
    "DEX_Call": 124.581,
    "DEX_Put": -94.163,
    "DEX_Total": 30.418,
    "DEX_Ratio": 1.323036,
    "GEX_Call": 2656530.359,
    "GEX_Put": -1246076.152,
    "GEX_Total": 1410454.207,
    "GEX_Ratio": 2.131917,
    "VEX_Call": -290858.063,
    "VEX_Put": 352575.071,
    "VEX_Total": 61717.008,
    "VEX_Ratio": -0.824954,
    "CEX_Call": -9613849.133,
    "CEX_Put": 10956081.802,
    "CEX_Total": 1342232.669,
    "CEX_Ratio": -0.87749
}