{
    "timestamp": "2025-10-03 09:55:12",
    "cum_gam": null,
    "cum_vec": 8775.022116733197,
    "DEX_Call": 3393.442,
    "DEX_Put": -1179.589,
    "DEX_Total": 2213.853,
    "DEX_Ratio": 2.8768,
    "GEX_Call": 13402186.547,
    "GEX_Put": -5884181.135,
    "GEX_Total": 7518005.412,
    "GEX_Ratio": 2.277664,
    "VEX_Call": 248194.792,
    "VEX_Put": 11601090.946,
    "VEX_Total": 11849285.738,
    "VEX_Ratio": 0.021394,
    "CEX_Call": 5788732.905,
    "CEX_Put": 29584122.797,
    "CEX_Total": 35372855.702,
    "CEX_Ratio": 0.19567
}