{
    "timestamp": "2025-08-04 10:06:11",
    "cum_gam": 7009.864329548519,
    "cum_vec": 7210.930368149258,
    "DEX_Call": 2382.322,
    "DEX_Put": -1401.62,
    "DEX_Total": 980.702,
    "DEX_Ratio": 1.699692,
    "GEX_Call": 7046368.461,
    "GEX_Put": -6116698.306,
    "GEX_Total": 929670.155,
    "GEX_Ratio": 1.151989,
    "VEX_Call": -1240488.788,
    "VEX_Put": 9035805.375,
    "VEX_Total": 7795316.587,
    "VEX_Ratio": -0.137286,
    "CEX_Call": 209840.508,
    "CEX_Put": 18072622.054,
    "CEX_Total": 18282462.562,
    "CEX_Ratio": 0.011611
}