{
    "timestamp": "2025-09-03 06:59:23",
    "cum_gam": 7009.151422801925,
    "cum_vec": 7482.589680775291,
    "DEX_Call": 6858.922,
    "DEX_Put": -3006.344,
    "DEX_Total": 3852.578,
    "DEX_Ratio": 2.281483,
    "GEX_Call": 13080179.296,
    "GEX_Put": -11229018.235,
    "GEX_Total": 1851161.061,
    "GEX_Ratio": 1.164855,
    "VEX_Call": 1049332.67,
    "VEX_Put": 16998231.539,
    "VEX_Total": 18047564.209,
    "VEX_Ratio": 0.061732,
    "CEX_Call": -10698526.302,
    "CEX_Put": 20017462.194,
    "CEX_Total": 9318935.892,
    "CEX_Ratio": -0.53446
}