{
    "timestamp": "2025-07-24 10:46:04",
    "cum_gam": null,
    "cum_vec": 6823.453532332511,
    "DEX_Call": 1000.841,
    "DEX_Put": -141.87,
    "DEX_Total": 858.971,
    "DEX_Ratio": 7.054635,
    "GEX_Call": 7655602.83,
    "GEX_Put": -2080466.185,
    "GEX_Total": 5575136.645,
    "GEX_Ratio": 3.679754,
    "VEX_Call": -672353.762,
    "VEX_Put": 1841147.056,
    "VEX_Total": 1168793.294,
    "VEX_Ratio": -0.365182,
    "CEX_Call": -6223477.43,
    "CEX_Put": 16130401.21,
    "CEX_Total": 9906923.78,
    "CEX_Ratio": -0.385823
}