{
    "timestamp": "2025-07-30 11:30:33",
    "cum_gam": null,
    "cum_vec": 6957.121093332383,
    "DEX_Call": 426.991,
    "DEX_Put": -153.215,
    "DEX_Total": 273.776,
    "DEX_Ratio": 2.786875,
    "GEX_Call": 3148379.86,
    "GEX_Put": -2135488.779,
    "GEX_Total": 1012891.081,
    "GEX_Ratio": 1.474313,
    "VEX_Call": -431773.592,
    "VEX_Put": 857238.515,
    "VEX_Total": 425464.923,
    "VEX_Ratio": -0.50368,
    "CEX_Call": -9188845.384,
    "CEX_Put": 26854773.443,
    "CEX_Total": 17665928.059,
    "CEX_Ratio": -0.342168
}