{
    "timestamp": "2025-09-05 07:41:21",
    "cum_gam": 7008.745692251271,
    "cum_vec": 7485.068907773203,
    "DEX_Call": 4833.891,
    "DEX_Put": -2785.547,
    "DEX_Total": 2048.344,
    "DEX_Ratio": 1.735347,
    "GEX_Call": 13755240.308,
    "GEX_Put": -14506429.741,
    "GEX_Total": -751189.433,
    "GEX_Ratio": 0.948217,
    "VEX_Call": -320155.545,
    "VEX_Put": 17244444.997,
    "VEX_Total": 16924289.452,
    "VEX_Ratio": -0.018566,
    "CEX_Call": -30522461.659,
    "CEX_Put": 39737744.18,
    "CEX_Total": 9215282.521,
    "CEX_Ratio": -0.768097
}