{
    "timestamp": "2025-07-29 09:29:05",
    "cum_gam": null,
    "cum_vec": 7005.956420789426,
    "DEX_Call": 785.856,
    "DEX_Put": -180.764,
    "DEX_Total": 605.092,
    "DEX_Ratio": 4.347414,
    "GEX_Call": 3429230.066,
    "GEX_Put": -3043558.282,
    "GEX_Total": 385671.784,
    "GEX_Ratio": 1.126717,
    "VEX_Call": -483374.369,
    "VEX_Put": 926964.913,
    "VEX_Total": 443590.544,
    "VEX_Ratio": -0.521459,
    "CEX_Call": -8003397.847,
    "CEX_Put": 13058667.994,
    "CEX_Total": 5055270.147,
    "CEX_Ratio": -0.61288
}