{
    "timestamp": "2025-11-05 09:56:05",
    "cum_gam": null,
    "cum_vec": 7709.390738027653,
    "DEX_Call": 2182.885,
    "DEX_Put": -1744.588,
    "DEX_Total": 438.297,
    "DEX_Ratio": 1.251232,
    "GEX_Call": 8744922.93,
    "GEX_Put": -7333641.267,
    "GEX_Total": 1411281.663,
    "GEX_Ratio": 1.192439,
    "VEX_Call": -2657964.776,
    "VEX_Put": 8897633.338,
    "VEX_Total": 6239668.562,
    "VEX_Ratio": -0.298727,
    "CEX_Call": -12697416.809,
    "CEX_Put": 16478463.104,
    "CEX_Total": 3781046.295,
    "CEX_Ratio": -0.770546
}