{
    "timestamp": "2025-10-01 06:51:06",
    "cum_gam": null,
    "cum_vec": 8879.661697535512,
    "DEX_Call": 2643.391,
    "DEX_Put": -1875.852,
    "DEX_Total": 767.539,
    "DEX_Ratio": 1.409168,
    "GEX_Call": 9065261.856,
    "GEX_Put": -8936903.03,
    "GEX_Total": 128358.826,
    "GEX_Ratio": 1.014363,
    "VEX_Call": -2220177.361,
    "VEX_Put": 12541678.784,
    "VEX_Total": 10321501.423,
    "VEX_Ratio": -0.177024,
    "CEX_Call": -10064506.187,
    "CEX_Put": 21164722.734,
    "CEX_Total": 11100216.547,
    "CEX_Ratio": -0.475532
}