{
    "timestamp": "2025-09-25 08:01:23",
    "cum_gam": 6602.488394099769,
    "cum_vec": 6927.613180636085,
    "DEX_Call": 890.781,
    "DEX_Put": -770.21,
    "DEX_Total": 120.571,
    "DEX_Ratio": 1.156543,
    "GEX_Call": 3912964.874,
    "GEX_Put": -6060724.87,
    "GEX_Total": -2147759.996,
    "GEX_Ratio": 0.645627,
    "VEX_Call": -365897.309,
    "VEX_Put": 2542015.674,
    "VEX_Total": 2176118.365,
    "VEX_Ratio": -0.14394,
    "CEX_Call": -7275449.56,
    "CEX_Put": 13412885.893,
    "CEX_Total": 6137436.333,
    "CEX_Ratio": -0.542422
}