{
    "timestamp": "2025-10-01 06:33:36",
    "cum_gam": null,
    "cum_vec": 8845.31794208379,
    "DEX_Call": 2761.557,
    "DEX_Put": -1755.691,
    "DEX_Total": 1005.866,
    "DEX_Ratio": 1.572917,
    "GEX_Call": 9631283.485,
    "GEX_Put": -8595337.781,
    "GEX_Total": 1035945.704,
    "GEX_Ratio": 1.120524,
    "VEX_Call": -1891340.501,
    "VEX_Put": 12614606.196,
    "VEX_Total": 10723265.695,
    "VEX_Ratio": -0.149933,
    "CEX_Call": -10403713.404,
    "CEX_Put": 21123059.063,
    "CEX_Total": 10719345.659,
    "CEX_Ratio": -0.492529
}