{
    "timestamp": "2026-07-23 09:37:38",
    "cum_gam": 7452.995213168313,
    "cum_vec": 7452.995213168313,
    "DEX_Call": 397.772,
    "DEX_Put": -1565.061,
    "DEX_Total": -1167.289,
    "DEX_Ratio": 0.254158,
    "GEX_Call": 2561868.2,
    "GEX_Put": -7133801.207,
    "GEX_Total": -4571933.007,
    "GEX_Ratio": 0.359117,
    "VEX_Call": -2685123.097,
    "VEX_Put": 2662662.939,
    "VEX_Total": -22460.158,
    "VEX_Ratio": -1.008435,
    "CEX_Call": -10066273.782,
    "CEX_Put": 4130939.378,
    "CEX_Total": -5935334.404,
    "CEX_Ratio": -2.4368
}