{
    "timestamp": "2025-09-17 08:47:26",
    "cum_gam": 8596.170805144626,
    "cum_vec": 8596.170805144626,
    "DEX_Call": 11343.626,
    "DEX_Put": -1446.003,
    "DEX_Total": 9897.623,
    "DEX_Ratio": 7.844815,
    "GEX_Call": 12086583.779,
    "GEX_Put": -9309021.14,
    "GEX_Total": 2777562.639,
    "GEX_Ratio": 1.298373,
    "VEX_Call": 6400150.223,
    "VEX_Put": 12582427.852,
    "VEX_Total": 18982578.075,
    "VEX_Ratio": 0.508658,
    "CEX_Call": 6095115.568,
    "CEX_Put": 46570986.791,
    "CEX_Total": 52666102.359,
    "CEX_Ratio": 0.130878
}