{
    "timestamp": "2025-08-20 09:09:59",
    "cum_gam": 6386.075272700281,
    "cum_vec": 7710.1155057752885,
    "DEX_Call": 624.093,
    "DEX_Put": -992.945,
    "DEX_Total": -368.852,
    "DEX_Ratio": 0.628527,
    "GEX_Call": 2635402.481,
    "GEX_Put": -6362581.542,
    "GEX_Total": -3727179.061,
    "GEX_Ratio": 0.414203,
    "VEX_Call": -1179842.024,
    "VEX_Put": 2906980.003,
    "VEX_Total": 1727137.979,
    "VEX_Ratio": -0.405865,
    "CEX_Call": -7124684.224,
    "CEX_Put": 12502181.244,
    "CEX_Total": 5377497.02,
    "CEX_Ratio": -0.569875
}