{
    "timestamp": "2025-11-06 11:36:46",
    "cum_gam": 6723.436380431883,
    "cum_vec": 7791.700632246121,
    "DEX_Call": 1698.966,
    "DEX_Put": -2550.382,
    "DEX_Total": -851.416,
    "DEX_Ratio": 0.666161,
    "GEX_Call": 5289943.808,
    "GEX_Put": -8752435.516,
    "GEX_Total": -3462491.708,
    "GEX_Ratio": 0.604397,
    "VEX_Call": -3565494.855,
    "VEX_Put": 8063497.141,
    "VEX_Total": 4498002.286,
    "VEX_Ratio": -0.442177,
    "CEX_Call": -15123848.744,
    "CEX_Put": 12614471.571,
    "CEX_Total": -2509377.173,
    "CEX_Ratio": -1.198928
}