{
    "timestamp": "2025-09-05 12:31:01",
    "cum_gam": 7009.20689133868,
    "cum_vec": 7473.509198432769,
    "DEX_Call": 4436.64,
    "DEX_Put": -2118.909,
    "DEX_Total": 2317.731,
    "DEX_Ratio": 2.093832,
    "GEX_Call": 15090637.594,
    "GEX_Put": -12051225.686,
    "GEX_Total": 3039411.908,
    "GEX_Ratio": 1.252208,
    "VEX_Call": 1014539.743,
    "VEX_Put": 15857761.823,
    "VEX_Total": 16872301.566,
    "VEX_Ratio": 0.063977,
    "CEX_Call": -46246955.206,
    "CEX_Put": 73151602.301,
    "CEX_Total": 26904647.095,
    "CEX_Ratio": -0.632207
}