{
    "timestamp": "2025-09-11 12:37:41",
    "cum_gam": 7007.575006691407,
    "cum_vec": 7519.003666624368,
    "DEX_Call": 6624.569,
    "DEX_Put": -1074.372,
    "DEX_Total": 5550.197,
    "DEX_Ratio": 6.165992,
    "GEX_Call": 15881003.266,
    "GEX_Put": -6229564.126,
    "GEX_Total": 9651439.14,
    "GEX_Ratio": 2.549296,
    "VEX_Call": 5135578.275,
    "VEX_Put": 13640054.901,
    "VEX_Total": 18775633.176,
    "VEX_Ratio": 0.376507,
    "CEX_Call": 18534224.642,
    "CEX_Put": 24328318.297,
    "CEX_Total": 42862542.939,
    "CEX_Ratio": 0.761837
}