{
    "timestamp": "2025-09-11 10:42:06",
    "cum_gam": 7008.077848063021,
    "cum_vec": 7517.0503982216405,
    "DEX_Call": 6006.706,
    "DEX_Put": -1131.638,
    "DEX_Total": 4875.068,
    "DEX_Ratio": 5.307975,
    "GEX_Call": 15435000.125,
    "GEX_Put": -6670494.793,
    "GEX_Total": 8764505.332,
    "GEX_Ratio": 2.313921,
    "VEX_Call": 4527870.213,
    "VEX_Put": 13780870.835,
    "VEX_Total": 18308741.048,
    "VEX_Ratio": 0.328562,
    "CEX_Call": 4073804.802,
    "CEX_Put": 24659620.712,
    "CEX_Total": 28733425.514,
    "CEX_Ratio": 0.165201
}