{
    "timestamp": "2025-07-22 12:19:01",
    "cum_gam": null,
    "cum_vec": 6821.547394661111,
    "DEX_Call": 701.348,
    "DEX_Put": -295.087,
    "DEX_Total": 406.261,
    "DEX_Ratio": 2.37675,
    "GEX_Call": 5058337.987,
    "GEX_Put": -4066940.74,
    "GEX_Total": 991397.247,
    "GEX_Ratio": 1.24377,
    "VEX_Call": -922944.74,
    "VEX_Put": 2038078.173,
    "VEX_Total": 1115133.433,
    "VEX_Ratio": -0.452851,
    "CEX_Call": -9943352.345,
    "CEX_Put": 17304175.96,
    "CEX_Total": 7360823.615,
    "CEX_Ratio": -0.574622
}