{
    "timestamp": "2025-09-22 08:40:08",
    "cum_gam": null,
    "cum_vec": 7028.323105754028,
    "DEX_Call": 1180.047,
    "DEX_Put": -353.363,
    "DEX_Total": 826.684,
    "DEX_Ratio": 3.339475,
    "GEX_Call": 6302662.996,
    "GEX_Put": -3409260.3,
    "GEX_Total": 2893402.696,
    "GEX_Ratio": 1.848689,
    "VEX_Call": -182487.35,
    "VEX_Put": 3535306.549,
    "VEX_Total": 3352819.199,
    "VEX_Ratio": -0.051619,
    "CEX_Call": -5776003.304,
    "CEX_Put": 16497749.049,
    "CEX_Total": 10721745.745,
    "CEX_Ratio": -0.350109
}