{
    "timestamp": "2025-10-14 12:25:58",
    "cum_gam": 10985.830618892509,
    "cum_vec": 10985.830618892509,
    "DEX_Call": 2319.094,
    "DEX_Put": -2002.928,
    "DEX_Total": 316.166,
    "DEX_Ratio": 1.157852,
    "GEX_Call": 9766040.03,
    "GEX_Put": -8849640.153,
    "GEX_Total": 916399.877,
    "GEX_Ratio": 1.103552,
    "VEX_Call": -2232462.077,
    "VEX_Put": 8480694.424,
    "VEX_Total": 6248232.347,
    "VEX_Ratio": -0.26324,
    "CEX_Call": -24216587.81,
    "CEX_Put": 21751069.411,
    "CEX_Total": -2465518.399,
    "CEX_Ratio": -1.113352
}