{
    "timestamp": "2025-09-29 11:38:12",
    "cum_gam": null,
    "cum_vec": 6929.748680145001,
    "DEX_Call": 392.429,
    "DEX_Put": -213.473,
    "DEX_Total": 178.956,
    "DEX_Ratio": 1.838307,
    "GEX_Call": 4316358.29,
    "GEX_Put": -2396056.281,
    "GEX_Total": 1920302.009,
    "GEX_Ratio": 1.801443,
    "VEX_Call": -140748.234,
    "VEX_Put": 1031738.966,
    "VEX_Total": 890990.732,
    "VEX_Ratio": -0.136418,
    "CEX_Call": -9911902.849,
    "CEX_Put": 19283883.141,
    "CEX_Total": 9371980.292,
    "CEX_Ratio": -0.513999
}