{
    "timestamp": "2025-09-17 10:38:55",
    "cum_gam": 8596.353399210044,
    "cum_vec": 8596.353399210044,
    "DEX_Call": 10718.6,
    "DEX_Put": -1414.715,
    "DEX_Total": 9303.885,
    "DEX_Ratio": 7.576508,
    "GEX_Call": 12166089.369,
    "GEX_Put": -9270460.653,
    "GEX_Total": 2895628.716,
    "GEX_Ratio": 1.31235,
    "VEX_Call": 6166388.764,
    "VEX_Put": 11920955.436,
    "VEX_Total": 18087344.2,
    "VEX_Ratio": 0.517273,
    "CEX_Call": -223704.136,
    "CEX_Put": 52297640.96,
    "CEX_Total": 52073936.824,
    "CEX_Ratio": -0.004278
}