{
    "timestamp": "2025-11-05 08:10:50",
    "cum_gam": 6003.506824994395,
    "cum_vec": 7757.691586448305,
    "DEX_Call": 2143.91,
    "DEX_Put": -1983.702,
    "DEX_Total": 160.208,
    "DEX_Ratio": 1.080762,
    "GEX_Call": 7500770.774,
    "GEX_Put": -7702119.392,
    "GEX_Total": -201348.618,
    "GEX_Ratio": 0.973858,
    "VEX_Call": -3089694.148,
    "VEX_Put": 9065672.229,
    "VEX_Total": 5975978.081,
    "VEX_Ratio": -0.340812,
    "CEX_Call": -11492392.61,
    "CEX_Put": 17406619.985,
    "CEX_Total": 5914227.375,
    "CEX_Ratio": -0.660231
}