{
    "timestamp": "2025-09-29 09:44:12",
    "cum_gam": null,
    "cum_vec": 6904.943777627206,
    "DEX_Call": 273.203,
    "DEX_Put": -246.575,
    "DEX_Total": 26.628,
    "DEX_Ratio": 1.107991,
    "GEX_Call": 4030966.45,
    "GEX_Put": -2618632.858,
    "GEX_Total": 1412333.592,
    "GEX_Ratio": 1.53934,
    "VEX_Call": -306035.644,
    "VEX_Put": 1174537.92,
    "VEX_Total": 868502.276,
    "VEX_Ratio": -0.260558,
    "CEX_Call": -10685182.542,
    "CEX_Put": 16530357.874,
    "CEX_Total": 5845175.332,
    "CEX_Ratio": -0.646398
}