{
    "timestamp": "2025-08-22 07:58:34",
    "cum_gam": null,
    "cum_vec": 8112.612612612613,
    "DEX_Call": 1140.226,
    "DEX_Put": -256.436,
    "DEX_Total": 883.79,
    "DEX_Ratio": 4.446435,
    "GEX_Call": 7106035.121,
    "GEX_Put": -2474055.499,
    "GEX_Total": 4631979.622,
    "GEX_Ratio": 2.872221,
    "VEX_Call": -266331.0,
    "VEX_Put": 2683629.77,
    "VEX_Total": 2417298.77,
    "VEX_Ratio": -0.099243,
    "CEX_Call": -817738.836,
    "CEX_Put": 17481555.88,
    "CEX_Total": 16663817.044,
    "CEX_Ratio": -0.046777
}