{
    "timestamp": "2026-07-20 10:16:48",
    "cum_gam": 7433.188889614679,
    "cum_vec": 7433.188889614679,
    "DEX_Call": 623.374,
    "DEX_Put": -1416.892,
    "DEX_Total": -793.518,
    "DEX_Ratio": 0.439959,
    "GEX_Call": 4308229.986,
    "GEX_Put": -6897583.227,
    "GEX_Total": -2589353.241,
    "GEX_Ratio": 0.6246,
    "VEX_Call": -3354234.207,
    "VEX_Put": 4053258.493,
    "VEX_Total": 699024.286,
    "VEX_Ratio": -0.82754,
    "CEX_Call": -12930534.104,
    "CEX_Put": 8899187.259,
    "CEX_Total": -4031346.845,
    "CEX_Ratio": -1.453002
}