{
    "timestamp": "2025-10-17 10:18:35",
    "cum_gam": 10368.553459119497,
    "cum_vec": 10368.553459119497,
    "DEX_Call": 888.616,
    "DEX_Put": -1447.988,
    "DEX_Total": -559.372,
    "DEX_Ratio": 0.61369,
    "GEX_Call": 3720701.45,
    "GEX_Put": -5467391.82,
    "GEX_Total": -1746690.37,
    "GEX_Ratio": 0.680526,
    "VEX_Call": -2179912.947,
    "VEX_Put": 6110515.115,
    "VEX_Total": 3930602.168,
    "VEX_Ratio": -0.356748,
    "CEX_Call": -11866466.846,
    "CEX_Put": 25557469.342,
    "CEX_Total": 13691002.496,
    "CEX_Ratio": -0.464305
}