{
    "timestamp": "2025-07-14 12:45:12",
    "cum_gam": null,
    "cum_vec": 7233.331231043558,
    "DEX_Call": 2105.088,
    "DEX_Put": -575.386,
    "DEX_Total": 1529.702,
    "DEX_Ratio": 3.658567,
    "GEX_Call": 6736938.243,
    "GEX_Put": -4737691.974,
    "GEX_Total": 1999246.269,
    "GEX_Ratio": 1.421987,
    "VEX_Call": -576490.203,
    "VEX_Put": 4117686.591,
    "VEX_Total": 3541196.388,
    "VEX_Ratio": -0.140003,
    "CEX_Call": -12390486.875,
    "CEX_Put": 14120733.052,
    "CEX_Total": 1730246.177,
    "CEX_Ratio": -0.877468
}