{
    "timestamp": "2025-08-04 08:03:43",
    "cum_gam": 7009.906550372505,
    "cum_vec": 7118.210029615564,
    "DEX_Call": 2272.514,
    "DEX_Put": -1574.104,
    "DEX_Total": 698.41,
    "DEX_Ratio": 1.443687,
    "GEX_Call": 6656782.872,
    "GEX_Put": -6340803.856,
    "GEX_Total": 315979.016,
    "GEX_Ratio": 1.049833,
    "VEX_Call": -1350423.297,
    "VEX_Put": 9057421.048,
    "VEX_Total": 7706997.751,
    "VEX_Ratio": -0.149096,
    "CEX_Call": -2519031.644,
    "CEX_Put": 14023245.211,
    "CEX_Total": 11504213.567,
    "CEX_Ratio": -0.179633
}