{
    "timestamp": "2025-11-25 12:35:57",
    "cum_gam": null,
    "cum_vec": 8094.867833271756,
    "DEX_Call": 9901.443,
    "DEX_Put": -3195.287,
    "DEX_Total": 6706.156,
    "DEX_Ratio": 3.098765,
    "GEX_Call": 6994158.128,
    "GEX_Put": -6288510.07,
    "GEX_Total": 705648.058,
    "GEX_Ratio": 1.112212,
    "VEX_Call": 2563238.604,
    "VEX_Put": 9819981.239,
    "VEX_Total": 12383219.843,
    "VEX_Ratio": 0.261023,
    "CEX_Call": 57812.77,
    "CEX_Put": 2225750.75,
    "CEX_Total": 2283563.52,
    "CEX_Ratio": 0.025975
}