{
    "timestamp": "2025-11-07 08:32:43",
    "cum_gam": 6685.651322469143,
    "cum_vec": 7783.002729522206,
    "DEX_Call": 1470.983,
    "DEX_Put": -2922.63,
    "DEX_Total": -1451.647,
    "DEX_Ratio": 0.503308,
    "GEX_Call": 4439329.602,
    "GEX_Put": -8718180.07,
    "GEX_Total": -4278850.468,
    "GEX_Ratio": 0.509204,
    "VEX_Call": -3951438.092,
    "VEX_Put": 7263087.75,
    "VEX_Total": 3311649.658,
    "VEX_Ratio": -0.544044,
    "CEX_Call": -11981860.49,
    "CEX_Put": 20801637.492,
    "CEX_Total": 8819777.002,
    "CEX_Ratio": -0.576006
}