{
    "timestamp": "2025-09-08 11:22:36",
    "cum_gam": 7008.9536383055065,
    "cum_vec": 7512.842208830402,
    "DEX_Call": 4764.956,
    "DEX_Put": -1886.265,
    "DEX_Total": 2878.691,
    "DEX_Ratio": 2.526133,
    "GEX_Call": 14664664.638,
    "GEX_Put": -10352040.851,
    "GEX_Total": 4312623.787,
    "GEX_Ratio": 1.416596,
    "VEX_Call": 1573971.603,
    "VEX_Put": 14278530.622,
    "VEX_Total": 15852502.225,
    "VEX_Ratio": 0.110233,
    "CEX_Call": -8045123.484,
    "CEX_Put": 21455646.711,
    "CEX_Total": 13410523.227,
    "CEX_Ratio": -0.374965
}