{
    "timestamp": "2025-09-12 11:42:35",
    "cum_gam": 7007.232944910357,
    "cum_vec": 7808.217238488148,
    "DEX_Call": 4919.875,
    "DEX_Put": -1090.279,
    "DEX_Total": 3829.596,
    "DEX_Ratio": 4.512492,
    "GEX_Call": 17132593.125,
    "GEX_Put": -8124207.143,
    "GEX_Total": 9008385.982,
    "GEX_Ratio": 2.108833,
    "VEX_Call": 3328899.79,
    "VEX_Put": 12788200.828,
    "VEX_Total": 16117100.618,
    "VEX_Ratio": 0.26031,
    "CEX_Call": 4734039.561,
    "CEX_Put": 32592941.372,
    "CEX_Total": 37326980.933,
    "CEX_Ratio": 0.145247
}