{
    "timestamp": "2025-09-17 06:38:00",
    "cum_gam": 8595.584124222885,
    "cum_vec": 8595.584124222885,
    "DEX_Call": 11484.029,
    "DEX_Put": -1301.87,
    "DEX_Total": 10182.159,
    "DEX_Ratio": 8.82118,
    "GEX_Call": 12298465.879,
    "GEX_Put": -8924863.492,
    "GEX_Total": 3373602.387,
    "GEX_Ratio": 1.378,
    "VEX_Call": 8094066.493,
    "VEX_Put": 12278142.242,
    "VEX_Total": 20372208.735,
    "VEX_Ratio": 0.659226,
    "CEX_Call": 15493082.705,
    "CEX_Put": 39612776.416,
    "CEX_Total": 55105859.121,
    "CEX_Ratio": 0.391113
}