{
    "timestamp": "2025-09-03 09:54:18",
    "cum_gam": 7009.14598356685,
    "cum_vec": 7470.253549408903,
    "DEX_Call": 6819.775,
    "DEX_Put": -3039.571,
    "DEX_Total": 3780.204,
    "DEX_Ratio": 2.243664,
    "GEX_Call": 12930191.648,
    "GEX_Put": -11610456.42,
    "GEX_Total": 1319735.228,
    "GEX_Ratio": 1.113668,
    "VEX_Call": 1269946.53,
    "VEX_Put": 16472933.942,
    "VEX_Total": 17742880.472,
    "VEX_Ratio": 0.077093,
    "CEX_Call": -13248168.116,
    "CEX_Put": 24549884.019,
    "CEX_Total": 11301715.903,
    "CEX_Ratio": -0.539643
}