{
    "timestamp": "2025-11-25 09:19:37",
    "cum_gam": null,
    "cum_vec": 8093.467045211711,
    "DEX_Call": 11089.837,
    "DEX_Put": -3513.576,
    "DEX_Total": 7576.261,
    "DEX_Ratio": 3.156282,
    "GEX_Call": 6825637.358,
    "GEX_Put": -6347919.217,
    "GEX_Total": 477718.141,
    "GEX_Ratio": 1.075256,
    "VEX_Call": 2887463.624,
    "VEX_Put": 8939644.79,
    "VEX_Total": 11827108.414,
    "VEX_Ratio": 0.322995,
    "CEX_Call": 171380.164,
    "CEX_Put": 1967488.292,
    "CEX_Total": 2138868.456,
    "CEX_Ratio": 0.087106
}