{
    "timestamp": "2025-11-05 11:59:30",
    "cum_gam": null,
    "cum_vec": 7780.416524354377,
    "DEX_Call": 2472.044,
    "DEX_Put": -1611.723,
    "DEX_Total": 860.321,
    "DEX_Ratio": 1.53379,
    "GEX_Call": 9659666.044,
    "GEX_Put": -7158632.334,
    "GEX_Total": 2501033.71,
    "GEX_Ratio": 1.349373,
    "VEX_Call": -2297593.476,
    "VEX_Put": 9218088.832,
    "VEX_Total": 6920495.356,
    "VEX_Ratio": -0.249248,
    "CEX_Call": -12501078.132,
    "CEX_Put": 23938628.91,
    "CEX_Total": 11437550.778,
    "CEX_Ratio": -0.522214
}