{
    "timestamp": "2025-10-23 08:00:35",
    "cum_gam": 8727.272727272728,
    "cum_vec": 8727.272727272728,
    "DEX_Call": 1031.459,
    "DEX_Put": -630.432,
    "DEX_Total": 401.027,
    "DEX_Ratio": 1.636115,
    "GEX_Call": 5643924.624,
    "GEX_Put": -4447516.134,
    "GEX_Total": 1196408.49,
    "GEX_Ratio": 1.269006,
    "VEX_Call": -1084029.387,
    "VEX_Put": 4380292.099,
    "VEX_Total": 3296262.712,
    "VEX_Ratio": -0.247479,
    "CEX_Call": -7850052.833,
    "CEX_Put": 19386602.655,
    "CEX_Total": 11536549.822,
    "CEX_Ratio": -0.404922
}