{
    "timestamp": "2025-11-20 07:58:18",
    "cum_gam": 11993.950850661626,
    "cum_vec": 11993.950850661626,
    "DEX_Call": 3386.877,
    "DEX_Put": -956.166,
    "DEX_Total": 2430.711,
    "DEX_Ratio": 3.542143,
    "GEX_Call": 8416957.561,
    "GEX_Put": -5896950.128,
    "GEX_Total": 2520007.433,
    "GEX_Ratio": 1.427341,
    "VEX_Call": -278088.693,
    "VEX_Put": 4577558.99,
    "VEX_Total": 4299470.297,
    "VEX_Ratio": -0.06075,
    "CEX_Call": 674818.379,
    "CEX_Put": 21848913.825,
    "CEX_Total": 22523732.204,
    "CEX_Ratio": 0.030886
}