{
    "timestamp": "2026-07-21 10:38:11",
    "cum_gam": null,
    "cum_vec": null,
    "DEX_Call": 882.602,
    "DEX_Put": -909.53,
    "DEX_Total": -26.928,
    "DEX_Ratio": 0.970393,
    "GEX_Call": 7672136.697,
    "GEX_Put": -5713725.81,
    "GEX_Total": 1958410.887,
    "GEX_Ratio": 1.342755,
    "VEX_Call": -2834460.78,
    "VEX_Put": 4416237.985,
    "VEX_Total": 1581777.205,
    "VEX_Ratio": -0.641827,
    "CEX_Call": -9821414.785,
    "CEX_Put": 13733311.146,
    "CEX_Total": 3911896.361,
    "CEX_Ratio": -0.715153
}