{
    "timestamp": "2025-11-13 07:26:12",
    "cum_gam": 8467.256797097763,
    "cum_vec": 8693.099417015708,
    "DEX_Call": 2220.338,
    "DEX_Put": -1293.252,
    "DEX_Total": 927.086,
    "DEX_Ratio": 1.716864,
    "GEX_Call": 9140082.615,
    "GEX_Put": -6245825.017,
    "GEX_Total": 2894257.598,
    "GEX_Ratio": 1.463391,
    "VEX_Call": -2342651.468,
    "VEX_Put": 7580608.254,
    "VEX_Total": 5237956.786,
    "VEX_Ratio": -0.309032,
    "CEX_Call": -14913896.275,
    "CEX_Put": 21626044.667,
    "CEX_Total": 6712148.392,
    "CEX_Ratio": -0.689627
}