{
    "timestamp": "2025-09-11 08:56:30",
    "cum_gam": 7008.232751027019,
    "cum_vec": 7511.694139821796,
    "DEX_Call": 6447.61,
    "DEX_Put": -1208.467,
    "DEX_Total": 5239.143,
    "DEX_Ratio": 5.335363,
    "GEX_Call": 15148888.03,
    "GEX_Put": -7086959.581,
    "GEX_Total": 8061928.449,
    "GEX_Ratio": 2.137572,
    "VEX_Call": 4946437.539,
    "VEX_Put": 14728553.594,
    "VEX_Total": 19674991.133,
    "VEX_Ratio": 0.33584,
    "CEX_Call": 5306995.243,
    "CEX_Put": 27299322.471,
    "CEX_Total": 32606317.714,
    "CEX_Ratio": 0.1944
}