{
    "timestamp": "2025-10-09 09:28:18",
    "cum_gam": 6383.906555598594,
    "cum_vec": 9092.213084251265,
    "DEX_Call": 2730.562,
    "DEX_Put": -1610.361,
    "DEX_Total": 1120.201,
    "DEX_Ratio": 1.695621,
    "GEX_Call": 10615052.119,
    "GEX_Put": -11282886.877,
    "GEX_Total": -667834.758,
    "GEX_Ratio": 0.94081,
    "VEX_Call": -1268933.576,
    "VEX_Put": 10790508.945,
    "VEX_Total": 9521575.369,
    "VEX_Ratio": -0.117597,
    "CEX_Call": -16859190.048,
    "CEX_Put": 32170950.116,
    "CEX_Total": 15311760.068,
    "CEX_Ratio": -0.52405
}