{
    "timestamp": "2025-08-26 11:41:45",
    "cum_gam": null,
    "cum_vec": 7598.276044701022,
    "DEX_Call": 749.473,
    "DEX_Put": -299.229,
    "DEX_Total": 450.244,
    "DEX_Ratio": 2.50468,
    "GEX_Call": 4812639.085,
    "GEX_Put": -4571259.696,
    "GEX_Total": 241379.389,
    "GEX_Ratio": 1.052804,
    "VEX_Call": -560693.431,
    "VEX_Put": 1696777.757,
    "VEX_Total": 1136084.326,
    "VEX_Ratio": -0.330446,
    "CEX_Call": -11893394.523,
    "CEX_Put": 18151074.87,
    "CEX_Total": 6257680.347,
    "CEX_Ratio": -0.655245
}