{
    "timestamp": "2025-11-21 09:34:25",
    "cum_gam": 9009.345794392524,
    "cum_vec": 11200.0,
    "DEX_Call": 455.202,
    "DEX_Put": -1316.699,
    "DEX_Total": -861.497,
    "DEX_Ratio": 0.345715,
    "GEX_Call": 1751328.753,
    "GEX_Put": -4120812.734,
    "GEX_Total": -2369483.981,
    "GEX_Ratio": 0.424996,
    "VEX_Call": -1569871.834,
    "VEX_Put": 1857521.145,
    "VEX_Total": 287649.311,
    "VEX_Ratio": -0.845143,
    "CEX_Call": -12608950.703,
    "CEX_Put": 23202152.239,
    "CEX_Total": 10593201.536,
    "CEX_Ratio": -0.543439
}