{
    "timestamp": "2025-08-20 11:58:40",
    "cum_gam": 6396.368486372793,
    "cum_vec": 8174.65495608532,
    "DEX_Call": 599.187,
    "DEX_Put": -938.754,
    "DEX_Total": -339.567,
    "DEX_Ratio": 0.638279,
    "GEX_Call": 2797687.759,
    "GEX_Put": -6632800.797,
    "GEX_Total": -3835113.038,
    "GEX_Ratio": 0.421796,
    "VEX_Call": -1036983.581,
    "VEX_Put": 2675469.588,
    "VEX_Total": 1638486.007,
    "VEX_Ratio": -0.387589,
    "CEX_Call": -10792450.925,
    "CEX_Put": 9069779.803,
    "CEX_Total": -1722671.122,
    "CEX_Ratio": -1.189935
}