{
    "timestamp": "2025-09-05 11:51:41",
    "cum_gam": 7009.106758012256,
    "cum_vec": 7472.059101051253,
    "DEX_Call": 4444.281,
    "DEX_Put": -2354.751,
    "DEX_Total": 2089.53,
    "DEX_Ratio": 1.887368,
    "GEX_Call": 14317804.332,
    "GEX_Put": -15895682.393,
    "GEX_Total": -1577878.061,
    "GEX_Ratio": 0.900735,
    "VEX_Call": 643440.484,
    "VEX_Put": 16486922.323,
    "VEX_Total": 17130362.807,
    "VEX_Ratio": 0.039027,
    "CEX_Call": -33747262.118,
    "CEX_Put": 89286726.386,
    "CEX_Total": 55539464.268,
    "CEX_Ratio": -0.377965
}