{
    "timestamp": "2025-11-14 07:41:01",
    "cum_gam": 6701.948661516836,
    "cum_vec": 7699.905285091873,
    "DEX_Call": 1165.299,
    "DEX_Put": -3049.149,
    "DEX_Total": -1883.85,
    "DEX_Ratio": 0.382172,
    "GEX_Call": 3966730.283,
    "GEX_Put": -8514068.087,
    "GEX_Total": -4547337.804,
    "GEX_Ratio": 0.465903,
    "VEX_Call": -3456230.042,
    "VEX_Put": 5741480.104,
    "VEX_Total": 2285250.062,
    "VEX_Ratio": -0.601975,
    "CEX_Call": -14688702.664,
    "CEX_Put": 14573165.537,
    "CEX_Total": -115537.127,
    "CEX_Ratio": -1.007928
}