{
    "timestamp": "2025-10-01 11:07:23",
    "cum_gam": null,
    "cum_vec": 8839.918718622997,
    "DEX_Call": 3098.002,
    "DEX_Put": -1328.746,
    "DEX_Total": 1769.256,
    "DEX_Ratio": 2.331523,
    "GEX_Call": 12595583.455,
    "GEX_Put": -6900793.938,
    "GEX_Total": 5694789.517,
    "GEX_Ratio": 1.825237,
    "VEX_Call": -311864.643,
    "VEX_Put": 12416308.342,
    "VEX_Total": 12104443.699,
    "VEX_Ratio": -0.025117,
    "CEX_Call": -9613580.197,
    "CEX_Put": 25352779.784,
    "CEX_Total": 15739199.587,
    "CEX_Ratio": -0.379192
}