{
    "timestamp": "2025-09-04 06:48:28",
    "cum_gam": 7009.16562134615,
    "cum_vec": 7475.245147942596,
    "DEX_Call": 4795.334,
    "DEX_Put": -2422.521,
    "DEX_Total": 2372.813,
    "DEX_Ratio": 1.979481,
    "GEX_Call": 14769121.092,
    "GEX_Put": -10549890.037,
    "GEX_Total": 4219231.055,
    "GEX_Ratio": 1.399931,
    "VEX_Call": 580099.541,
    "VEX_Put": 16470830.197,
    "VEX_Total": 17050929.738,
    "VEX_Ratio": 0.03522,
    "CEX_Call": -12066548.166,
    "CEX_Put": 23017499.181,
    "CEX_Total": 10950951.015,
    "CEX_Ratio": -0.524234
}