{
    "timestamp": "2025-07-16 11:40:32",
    "cum_gam": 8598.152646762925,
    "cum_vec": 8598.152646762925,
    "DEX_Call": 3063.679,
    "DEX_Put": -717.299,
    "DEX_Total": 2346.38,
    "DEX_Ratio": 4.271132,
    "GEX_Call": 7731397.471,
    "GEX_Put": -6478106.899,
    "GEX_Total": 1253290.572,
    "GEX_Ratio": 1.193466,
    "VEX_Call": 74162.137,
    "VEX_Put": 4022051.979,
    "VEX_Total": 4096214.116,
    "VEX_Ratio": 0.018439,
    "CEX_Call": -5867475.904,
    "CEX_Put": 27759980.128,
    "CEX_Total": 21892504.224,
    "CEX_Ratio": -0.211365
}