{
    "timestamp": "2025-10-03 12:18:40",
    "cum_gam": null,
    "cum_vec": 8823.561074649417,
    "DEX_Call": 2830.835,
    "DEX_Put": -1331.047,
    "DEX_Total": 1499.788,
    "DEX_Ratio": 2.126773,
    "GEX_Call": 11688522.134,
    "GEX_Put": -6779197.753,
    "GEX_Total": 4909324.381,
    "GEX_Ratio": 1.724175,
    "VEX_Call": -607916.933,
    "VEX_Put": 11327659.028,
    "VEX_Total": 10719742.095,
    "VEX_Ratio": -0.053667,
    "CEX_Call": -10181676.854,
    "CEX_Put": 34678704.805,
    "CEX_Total": 24497027.951,
    "CEX_Ratio": -0.2936
}