{
    "timestamp": "2025-11-18 11:32:31",
    "cum_gam": 6666.367691946696,
    "cum_vec": 7791.448181398603,
    "DEX_Call": 1909.245,
    "DEX_Put": -2764.512,
    "DEX_Total": -855.267,
    "DEX_Ratio": 0.690626,
    "GEX_Call": 4119806.407,
    "GEX_Put": -7979021.944,
    "GEX_Total": -3859215.537,
    "GEX_Ratio": 0.51633,
    "VEX_Call": -2728890.557,
    "VEX_Put": 4634931.517,
    "VEX_Total": 1906040.96,
    "VEX_Ratio": -0.588766,
    "CEX_Call": -16095615.129,
    "CEX_Put": 23078112.138,
    "CEX_Total": 6982497.009,
    "CEX_Ratio": -0.697441
}