{
    "timestamp": "2025-11-04 12:24:36",
    "cum_gam": 6726.95632515828,
    "cum_vec": 7784.8117026274895,
    "DEX_Call": 2012.587,
    "DEX_Put": -2049.758,
    "DEX_Total": -37.171,
    "DEX_Ratio": 0.981866,
    "GEX_Call": 5903296.217,
    "GEX_Put": -8149532.142,
    "GEX_Total": -2246235.925,
    "GEX_Ratio": 0.724372,
    "VEX_Call": -2871975.719,
    "VEX_Put": 8610103.853,
    "VEX_Total": 5738128.134,
    "VEX_Ratio": -0.333559,
    "CEX_Call": -12959904.136,
    "CEX_Put": 22637739.359,
    "CEX_Total": 9677835.223,
    "CEX_Ratio": -0.572491
}