{
    "timestamp": "2025-10-22 12:53:18",
    "cum_gam": 8781.694915254237,
    "cum_vec": 8781.694915254237,
    "DEX_Call": 819.122,
    "DEX_Put": -839.8,
    "DEX_Total": -20.678,
    "DEX_Ratio": 0.975377,
    "GEX_Call": 4978395.829,
    "GEX_Put": -7575808.66,
    "GEX_Total": -2597412.831,
    "GEX_Ratio": 0.657144,
    "VEX_Call": -1200711.21,
    "VEX_Put": 3756234.623,
    "VEX_Total": 2555523.413,
    "VEX_Ratio": -0.319658,
    "CEX_Call": -19489733.494,
    "CEX_Put": 9551679.423,
    "CEX_Total": -9938054.071,
    "CEX_Ratio": -2.040451
}