{
    "timestamp": "2025-09-25 08:37:13",
    "cum_gam": 6603.580160868214,
    "cum_vec": 6909.2988794744815,
    "DEX_Call": 855.263,
    "DEX_Put": -790.089,
    "DEX_Total": 65.174,
    "DEX_Ratio": 1.082489,
    "GEX_Call": 3828908.005,
    "GEX_Put": -6181338.524,
    "GEX_Total": -2352430.519,
    "GEX_Ratio": 0.61943,
    "VEX_Call": -372525.006,
    "VEX_Put": 2448533.022,
    "VEX_Total": 2076008.016,
    "VEX_Ratio": -0.152142,
    "CEX_Call": -7830938.83,
    "CEX_Put": 12018561.117,
    "CEX_Total": 4187622.287,
    "CEX_Ratio": -0.65157
}