{
    "timestamp": "2025-11-05 07:37:53",
    "cum_gam": 6658.806668616421,
    "cum_vec": 7776.2954630671165,
    "DEX_Call": 1976.374,
    "DEX_Put": -2312.576,
    "DEX_Total": -336.202,
    "DEX_Ratio": 0.85462,
    "GEX_Call": 6146221.101,
    "GEX_Put": -8019215.66,
    "GEX_Total": -1872994.559,
    "GEX_Ratio": 0.766437,
    "VEX_Call": -3458252.863,
    "VEX_Put": 8787102.727,
    "VEX_Total": 5328849.864,
    "VEX_Ratio": -0.39356,
    "CEX_Call": -11694370.22,
    "CEX_Put": 15671047.24,
    "CEX_Total": 3976677.02,
    "CEX_Ratio": -0.746241
}