{
    "timestamp": "2025-10-07 10:06:22",
    "cum_gam": 4215.800642543327,
    "cum_vec": 9054.645901795495,
    "DEX_Call": 2712.902,
    "DEX_Put": -1735.439,
    "DEX_Total": 977.463,
    "DEX_Ratio": 1.563237,
    "GEX_Call": 8931702.083,
    "GEX_Put": -8932067.729,
    "GEX_Total": -365.646,
    "GEX_Ratio": 0.999959,
    "VEX_Call": -1553585.326,
    "VEX_Put": 10840925.408,
    "VEX_Total": 9287340.082,
    "VEX_Ratio": -0.143307,
    "CEX_Call": -13017314.318,
    "CEX_Put": 22065104.913,
    "CEX_Total": 9047790.595,
    "CEX_Ratio": -0.58995
}