{
    "timestamp": "2025-11-21 11:16:47",
    "cum_gam": 10652.631578947368,
    "cum_vec": 11200.0,
    "DEX_Call": 391.11,
    "DEX_Put": -1239.817,
    "DEX_Total": -848.707,
    "DEX_Ratio": 0.315458,
    "GEX_Call": 1884012.224,
    "GEX_Put": -4208618.91,
    "GEX_Total": -2324606.686,
    "GEX_Ratio": 0.447656,
    "VEX_Call": -1425577.004,
    "VEX_Put": 1841601.084,
    "VEX_Total": 416024.08,
    "VEX_Ratio": -0.774097,
    "CEX_Call": -14480941.486,
    "CEX_Put": 34708089.412,
    "CEX_Total": 20227147.926,
    "CEX_Ratio": -0.417221
}