{
    "timestamp": "2025-10-07 11:03:59",
    "cum_gam": 6382.809965291883,
    "cum_vec": 9118.721737649708,
    "DEX_Call": 2735.96,
    "DEX_Put": -1814.241,
    "DEX_Total": 921.719,
    "DEX_Ratio": 1.508047,
    "GEX_Call": 8460975.012,
    "GEX_Put": -9255119.177,
    "GEX_Total": -794144.165,
    "GEX_Ratio": 0.914194,
    "VEX_Call": -1662172.8,
    "VEX_Put": 10663627.739,
    "VEX_Total": 9001454.939,
    "VEX_Ratio": -0.155873,
    "CEX_Call": -12815964.923,
    "CEX_Put": 19925230.384,
    "CEX_Total": 7109265.461,
    "CEX_Ratio": -0.643203
}