{
    "timestamp": "2025-11-19 13:22:45",
    "cum_gam": 8485.436530433439,
    "cum_vec": 8684.87875760603,
    "DEX_Call": 1238.775,
    "DEX_Put": -2492.592,
    "DEX_Total": -1253.817,
    "DEX_Ratio": 0.496983,
    "GEX_Call": 5097529.108,
    "GEX_Put": -7265236.915,
    "GEX_Total": -2167707.807,
    "GEX_Ratio": 0.701633,
    "VEX_Call": -2813065.03,
    "VEX_Put": 3586056.849,
    "VEX_Total": 772991.819,
    "VEX_Ratio": -0.784445,
    "CEX_Call": -31574828.404,
    "CEX_Put": 21368328.526,
    "CEX_Total": -10206499.878,
    "CEX_Ratio": -1.477646
}