{
    "timestamp": "2025-11-26 08:32:31",
    "cum_gam": null,
    "cum_vec": 8079.388534803736,
    "DEX_Call": 7991.261,
    "DEX_Put": -2852.839,
    "DEX_Total": 5138.422,
    "DEX_Ratio": 2.801161,
    "GEX_Call": 7352151.908,
    "GEX_Put": -6331856.827,
    "GEX_Total": 1020295.081,
    "GEX_Ratio": 1.161137,
    "VEX_Call": 3552470.366,
    "VEX_Put": 10849143.904,
    "VEX_Total": 14401614.27,
    "VEX_Ratio": 0.327442,
    "CEX_Call": 321752.36,
    "CEX_Put": 2602003.443,
    "CEX_Total": 2923755.803,
    "CEX_Ratio": 0.123656
}