{
    "timestamp": "2025-07-31 09:58:21",
    "cum_gam": null,
    "cum_vec": 7006.1813490914665,
    "DEX_Call": 198.505,
    "DEX_Put": -86.247,
    "DEX_Total": 112.258,
    "DEX_Ratio": 2.301587,
    "GEX_Call": 2832708.344,
    "GEX_Put": -1183191.178,
    "GEX_Total": 1649517.166,
    "GEX_Ratio": 2.394126,
    "VEX_Call": -161312.731,
    "VEX_Put": 355588.986,
    "VEX_Total": 194276.255,
    "VEX_Ratio": -0.453649,
    "CEX_Call": -6930882.934,
    "CEX_Put": 14117742.19,
    "CEX_Total": 7186859.256,
    "CEX_Ratio": -0.490934
}