{
    "timestamp": "2025-09-23 10:46:16",
    "cum_gam": 8599.994664728798,
    "cum_vec": 8599.994664728798,
    "DEX_Call": 1361.642,
    "DEX_Put": -585.914,
    "DEX_Total": 775.728,
    "DEX_Ratio": 2.323962,
    "GEX_Call": 5104328.702,
    "GEX_Put": -5323316.245,
    "GEX_Total": -218987.543,
    "GEX_Ratio": 0.958863,
    "VEX_Call": -355553.124,
    "VEX_Put": 3867515.192,
    "VEX_Total": 3511962.068,
    "VEX_Ratio": -0.091933,
    "CEX_Call": -11811679.192,
    "CEX_Put": 23053006.311,
    "CEX_Total": 11241327.119,
    "CEX_Ratio": -0.51237
}