{
    "timestamp": "2025-09-09 10:55:01",
    "cum_gam": 7009.019965990061,
    "cum_vec": 7499.628609081107,
    "DEX_Call": 4749.679,
    "DEX_Put": -1792.075,
    "DEX_Total": 2957.604,
    "DEX_Ratio": 2.65038,
    "GEX_Call": 14751962.939,
    "GEX_Put": -10032474.913,
    "GEX_Total": 4719488.026,
    "GEX_Ratio": 1.470421,
    "VEX_Call": 1811415.897,
    "VEX_Put": 14513611.913,
    "VEX_Total": 16325027.81,
    "VEX_Ratio": 0.124808,
    "CEX_Call": -9718442.376,
    "CEX_Put": 21413301.178,
    "CEX_Total": 11694858.802,
    "CEX_Ratio": -0.453851
}