{
    "timestamp": "2025-09-18 12:42:18",
    "cum_gam": 8596.273840950775,
    "cum_vec": 8596.273840950775,
    "DEX_Call": 11335.064,
    "DEX_Put": -845.269,
    "DEX_Total": 10489.795,
    "DEX_Ratio": 13.410008,
    "GEX_Call": 15099160.114,
    "GEX_Put": -8983943.293,
    "GEX_Total": 6115216.821,
    "GEX_Ratio": 1.680683,
    "VEX_Call": 5738165.677,
    "VEX_Put": 8288798.171,
    "VEX_Total": 14026963.848,
    "VEX_Ratio": 0.69228,
    "CEX_Call": 21112029.808,
    "CEX_Put": 43093899.83,
    "CEX_Total": 64205929.638,
    "CEX_Ratio": 0.489908
}