{
    "timestamp": "2025-11-05 09:17:51",
    "cum_gam": 6400.154209811795,
    "cum_vec": 7720.606241916573,
    "DEX_Call": 2083.516,
    "DEX_Put": -2041.813,
    "DEX_Total": 41.703,
    "DEX_Ratio": 1.020424,
    "GEX_Call": 7281578.239,
    "GEX_Put": -7871708.898,
    "GEX_Total": -590130.659,
    "GEX_Ratio": 0.925031,
    "VEX_Call": -3035012.465,
    "VEX_Put": 8842935.196,
    "VEX_Total": 5807922.731,
    "VEX_Ratio": -0.343213,
    "CEX_Call": -12418879.099,
    "CEX_Put": 16168395.259,
    "CEX_Total": 3749516.16,
    "CEX_Ratio": -0.768096
}