{
    "timestamp": "2025-10-15 10:16:58",
    "cum_gam": 6550.372505279355,
    "cum_vec": 6550.372505279355,
    "DEX_Call": 2883.133,
    "DEX_Put": -2486.681,
    "DEX_Total": 396.452,
    "DEX_Ratio": 1.15943,
    "GEX_Call": 6329660.591,
    "GEX_Put": -8958337.447,
    "GEX_Total": -2628676.856,
    "GEX_Ratio": 0.706566,
    "VEX_Call": -2908557.042,
    "VEX_Put": 8414244.315,
    "VEX_Total": 5505687.273,
    "VEX_Ratio": -0.345671,
    "CEX_Call": -18420913.948,
    "CEX_Put": 28726617.485,
    "CEX_Total": 10305703.537,
    "CEX_Ratio": -0.641249
}