{
    "timestamp": "2025-10-23 12:02:54",
    "cum_gam": 8774.774774774774,
    "cum_vec": 8774.774774774774,
    "DEX_Call": 1091.189,
    "DEX_Put": -467.44,
    "DEX_Total": 623.749,
    "DEX_Ratio": 2.334394,
    "GEX_Call": 7382121.85,
    "GEX_Put": -3702539.194,
    "GEX_Total": 3679582.656,
    "GEX_Ratio": 1.9938,
    "VEX_Call": -773105.449,
    "VEX_Put": 4032449.034,
    "VEX_Total": 3259343.585,
    "VEX_Ratio": -0.191721,
    "CEX_Call": -15812270.3,
    "CEX_Put": 20843081.232,
    "CEX_Total": 5030810.932,
    "CEX_Ratio": -0.758634
}