{
    "timestamp": "2025-09-23 12:19:41",
    "cum_gam": 6551.5554500988,
    "cum_vec": 7059.168006179154,
    "DEX_Call": 1124.377,
    "DEX_Put": -602.07,
    "DEX_Total": 522.307,
    "DEX_Ratio": 1.867519,
    "GEX_Call": 5003644.045,
    "GEX_Put": -5640012.665,
    "GEX_Total": -636368.62,
    "GEX_Ratio": 0.887169,
    "VEX_Call": -365031.001,
    "VEX_Put": 3433314.584,
    "VEX_Total": 3068283.583,
    "VEX_Ratio": -0.10632,
    "CEX_Call": -14974233.644,
    "CEX_Put": 11064721.032,
    "CEX_Total": -3909512.612,
    "CEX_Ratio": -1.353331
}