{
    "timestamp": "2025-11-05 10:37:45",
    "cum_gam": null,
    "cum_vec": 7778.501557584057,
    "DEX_Call": 2473.182,
    "DEX_Put": -1646.142,
    "DEX_Total": 827.04,
    "DEX_Ratio": 1.502411,
    "GEX_Call": 9381299.52,
    "GEX_Put": -7111759.187,
    "GEX_Total": 2269540.333,
    "GEX_Ratio": 1.319125,
    "VEX_Call": -2386815.252,
    "VEX_Put": 9052890.428,
    "VEX_Total": 6666075.176,
    "VEX_Ratio": -0.263652,
    "CEX_Call": -11635169.678,
    "CEX_Put": 17523349.636,
    "CEX_Total": 5888179.958,
    "CEX_Ratio": -0.663981
}