{
    "timestamp": "2025-10-03 09:10:23",
    "cum_gam": null,
    "cum_vec": 8787.034112786347,
    "DEX_Call": 3254.412,
    "DEX_Put": -1162.111,
    "DEX_Total": 2092.301,
    "DEX_Ratio": 2.800431,
    "GEX_Call": 13285696.281,
    "GEX_Put": -5708869.303,
    "GEX_Total": 7576826.978,
    "GEX_Ratio": 2.327203,
    "VEX_Call": 51819.931,
    "VEX_Put": 11521803.481,
    "VEX_Total": 11573623.412,
    "VEX_Ratio": 0.004498,
    "CEX_Call": -1736525.844,
    "CEX_Put": 27061109.168,
    "CEX_Total": 25324583.324,
    "CEX_Ratio": -0.064171
}