{
    "timestamp": "2025-10-07 11:07:29",
    "cum_gam": 6350.180465142533,
    "cum_vec": 9052.17123912939,
    "DEX_Call": 2728.012,
    "DEX_Put": -1764.898,
    "DEX_Total": 963.114,
    "DEX_Ratio": 1.545705,
    "GEX_Call": 8448012.993,
    "GEX_Put": -9149235.81,
    "GEX_Total": -701222.817,
    "GEX_Ratio": 0.923357,
    "VEX_Call": -1621959.689,
    "VEX_Put": 10742952.718,
    "VEX_Total": 9120993.029,
    "VEX_Ratio": -0.150979,
    "CEX_Call": -12071540.333,
    "CEX_Put": 22396599.988,
    "CEX_Total": 10325059.655,
    "CEX_Ratio": -0.53899
}