{
    "timestamp": "2025-07-25 08:10:21",
    "cum_gam": null,
    "cum_vec": 6818.343794085442,
    "DEX_Call": 750.377,
    "DEX_Put": -172.42,
    "DEX_Total": 577.957,
    "DEX_Ratio": 4.35203,
    "GEX_Call": 6746169.157,
    "GEX_Put": -2742360.08,
    "GEX_Total": 4003809.077,
    "GEX_Ratio": 2.459987,
    "VEX_Call": -771841.078,
    "VEX_Put": 1617577.864,
    "VEX_Total": 845736.786,
    "VEX_Ratio": -0.477159,
    "CEX_Call": -8691972.753,
    "CEX_Put": 16674516.968,
    "CEX_Total": 7982544.215,
    "CEX_Ratio": -0.521273
}