{
    "timestamp": "2025-08-07 09:35:14",
    "cum_gam": 7009.8437848764615,
    "cum_vec": 7306.045063807161,
    "DEX_Call": 1914.971,
    "DEX_Put": -1227.846,
    "DEX_Total": 687.125,
    "DEX_Ratio": 1.559618,
    "GEX_Call": 8777602.286,
    "GEX_Put": -6462055.257,
    "GEX_Total": 2315547.029,
    "GEX_Ratio": 1.35833,
    "VEX_Call": -2332632.14,
    "VEX_Put": 7985827.724,
    "VEX_Total": 5653195.584,
    "VEX_Ratio": -0.292096,
    "CEX_Call": -13014428.621,
    "CEX_Put": 15467085.295,
    "CEX_Total": 2452656.674,
    "CEX_Ratio": -0.841427
}