{
    "timestamp": "2026-07-20 11:37:52",
    "cum_gam": 7448.7611137181475,
    "cum_vec": 7448.7611137181475,
    "DEX_Call": 604.815,
    "DEX_Put": -1360.424,
    "DEX_Total": -755.609,
    "DEX_Ratio": 0.444578,
    "GEX_Call": 4361800.284,
    "GEX_Put": -7006808.247,
    "GEX_Total": -2645007.963,
    "GEX_Ratio": 0.622509,
    "VEX_Call": -3180409.122,
    "VEX_Put": 3848413.389,
    "VEX_Total": 668004.267,
    "VEX_Ratio": -0.826421,
    "CEX_Call": -13420626.44,
    "CEX_Put": 6226545.242,
    "CEX_Total": -7194081.198,
    "CEX_Ratio": -2.155389
}