{
    "timestamp": "2025-10-13 09:08:15",
    "cum_gam": 6487.489652010064,
    "cum_vec": 6487.489652010064,
    "DEX_Call": 2957.626,
    "DEX_Put": -2272.099,
    "DEX_Total": 685.527,
    "DEX_Ratio": 1.301715,
    "GEX_Call": 7556506.446,
    "GEX_Put": -8958498.549,
    "GEX_Total": -1401992.103,
    "GEX_Ratio": 0.843501,
    "VEX_Call": -2238964.037,
    "VEX_Put": 8820236.038,
    "VEX_Total": 6581272.001,
    "VEX_Ratio": -0.253844,
    "CEX_Call": -7739080.886,
    "CEX_Put": 19842884.315,
    "CEX_Total": 12103803.429,
    "CEX_Ratio": -0.390018
}