{
    "timestamp": "2025-08-28 11:45:33",
    "cum_gam": null,
    "cum_vec": 7989.2307692307695,
    "DEX_Call": 791.65,
    "DEX_Put": -80.3,
    "DEX_Total": 711.35,
    "DEX_Ratio": 9.858655,
    "GEX_Call": 5252034.733,
    "GEX_Put": -1915757.796,
    "GEX_Total": 3336276.937,
    "GEX_Ratio": 2.741492,
    "VEX_Call": 99949.447,
    "VEX_Put": 1055484.464,
    "VEX_Total": 1155433.911,
    "VEX_Ratio": 0.094695,
    "CEX_Call": -6292685.178,
    "CEX_Put": 19714149.29,
    "CEX_Total": 13421464.112,
    "CEX_Ratio": -0.319196
}