{
    "timestamp": "2025-07-18 10:57:08",
    "cum_gam": null,
    "cum_vec": 6951.456413581555,
    "DEX_Call": 655.928,
    "DEX_Put": -380.1,
    "DEX_Total": 275.828,
    "DEX_Ratio": 1.725672,
    "GEX_Call": 6941042.157,
    "GEX_Put": -4536314.546,
    "GEX_Total": 2404727.611,
    "GEX_Ratio": 1.530106,
    "VEX_Call": -1262001.424,
    "VEX_Put": 2274485.502,
    "VEX_Total": 1012484.078,
    "VEX_Ratio": -0.554851,
    "CEX_Call": -20580139.567,
    "CEX_Put": 9996802.685,
    "CEX_Total": -10583336.882,
    "CEX_Ratio": -2.058672
}