{
    "timestamp": "2025-11-20 13:10:49",
    "cum_gam": 6602.817670274772,
    "cum_vec": 6602.817670274772,
    "DEX_Call": 2129.181,
    "DEX_Put": -1806.137,
    "DEX_Total": 323.044,
    "DEX_Ratio": 1.178859,
    "GEX_Call": 3255791.938,
    "GEX_Put": -6732383.305,
    "GEX_Total": -3476591.367,
    "GEX_Ratio": 0.483602,
    "VEX_Call": -1443612.745,
    "VEX_Put": 3382028.064,
    "VEX_Total": 1938415.319,
    "VEX_Ratio": -0.426848,
    "CEX_Call": -20608545.61,
    "CEX_Put": 44516869.386,
    "CEX_Total": 23908323.776,
    "CEX_Ratio": -0.462938
}