{
    "timestamp": "2025-11-10 09:30:48",
    "cum_gam": null,
    "cum_vec": 7777.899164029456,
    "DEX_Call": 1873.073,
    "DEX_Put": -1742.647,
    "DEX_Total": 130.426,
    "DEX_Ratio": 1.074844,
    "GEX_Call": 7782197.944,
    "GEX_Put": -6422761.744,
    "GEX_Total": 1359436.2,
    "GEX_Ratio": 1.211659,
    "VEX_Call": -2647048.838,
    "VEX_Put": 7076127.086,
    "VEX_Total": 4429078.248,
    "VEX_Ratio": -0.374082,
    "CEX_Call": -10216704.486,
    "CEX_Put": 13161894.913,
    "CEX_Total": 2945190.427,
    "CEX_Ratio": -0.776234
}