{
    "timestamp": "2025-08-08 11:48:21",
    "cum_gam": 7009.821383613401,
    "cum_vec": 7404.256014307087,
    "DEX_Call": 2142.774,
    "DEX_Put": -782.825,
    "DEX_Total": 1359.949,
    "DEX_Ratio": 2.737232,
    "GEX_Call": 12294806.798,
    "GEX_Put": -4785406.644,
    "GEX_Total": 7509400.154,
    "GEX_Ratio": 2.569229,
    "VEX_Call": -1110253.396,
    "VEX_Put": 6809590.507,
    "VEX_Total": 5699337.111,
    "VEX_Ratio": -0.163043,
    "CEX_Call": -3117307.856,
    "CEX_Put": 22704597.583,
    "CEX_Total": 19587289.727,
    "CEX_Ratio": -0.137299
}