{
    "timestamp": "2025-11-11 09:50:17",
    "cum_gam": null,
    "cum_vec": 7797.16380299197,
    "DEX_Call": 2196.096,
    "DEX_Put": -1447.898,
    "DEX_Total": 748.198,
    "DEX_Ratio": 1.516748,
    "GEX_Call": 9222136.519,
    "GEX_Put": -6919123.204,
    "GEX_Total": 2303013.315,
    "GEX_Ratio": 1.332848,
    "VEX_Call": -2532613.976,
    "VEX_Put": 7780688.299,
    "VEX_Total": 5248074.323,
    "VEX_Ratio": -0.3255,
    "CEX_Call": -11410369.21,
    "CEX_Put": 16286683.74,
    "CEX_Total": 4876314.53,
    "CEX_Ratio": -0.700595
}