{
    "timestamp": "2025-09-10 10:08:26",
    "cum_gam": 7008.660927225217,
    "cum_vec": 7525.278106508876,
    "DEX_Call": 5195.778,
    "DEX_Put": -1444.918,
    "DEX_Total": 3750.86,
    "DEX_Ratio": 3.595898,
    "GEX_Call": 15591679.946,
    "GEX_Put": -8753499.978,
    "GEX_Total": 6838179.968,
    "GEX_Ratio": 1.781194,
    "VEX_Call": 2893360.981,
    "VEX_Put": 14453079.026,
    "VEX_Total": 17346440.007,
    "VEX_Ratio": 0.20019,
    "CEX_Call": -6353889.768,
    "CEX_Put": 22127110.252,
    "CEX_Total": 15773220.484,
    "CEX_Ratio": -0.287154
}