{
    "timestamp": "2025-09-26 12:53:06",
    "cum_gam": null,
    "cum_vec": 6904.002712825655,
    "DEX_Call": 646.205,
    "DEX_Put": -317.365,
    "DEX_Total": 328.84,
    "DEX_Ratio": 2.036157,
    "GEX_Call": 5472675.735,
    "GEX_Put": -3714583.87,
    "GEX_Total": 1758091.865,
    "GEX_Ratio": 1.473294,
    "VEX_Call": -185007.839,
    "VEX_Put": 1794387.639,
    "VEX_Total": 1609379.8,
    "VEX_Ratio": -0.103104,
    "CEX_Call": 7590810.539,
    "CEX_Put": 30627962.036,
    "CEX_Total": 38218772.575,
    "CEX_Ratio": 0.247839
}