{
    "timestamp": "2025-06-27 08:31:31",
    "cum_gam": 6326.107542244456,
    "cum_vec": 6402.3079271971,
    "DEX_Call": 616.103,
    "DEX_Put": -109.466,
    "DEX_Total": 506.637,
    "DEX_Ratio": 5.628259,
    "GEX_Call": 5615585.261,
    "GEX_Put": -1169471.042,
    "GEX_Total": 4446114.219,
    "GEX_Ratio": 4.801816,
    "VEX_Call": -36106.508,
    "VEX_Put": 1115203.871,
    "VEX_Total": 1079097.363,
    "VEX_Ratio": -0.032377,
    "CEX_Call": 1875169.85,
    "CEX_Put": 15112349.253,
    "CEX_Total": 16987519.103,
    "CEX_Ratio": 0.124082
}