{
    "timestamp": "2025-09-26 11:17:50",
    "cum_gam": null,
    "cum_vec": 6905.1727281218045,
    "DEX_Call": 609.603,
    "DEX_Put": -370.551,
    "DEX_Total": 239.052,
    "DEX_Ratio": 1.645126,
    "GEX_Call": 5555082.909,
    "GEX_Put": -4213597.047,
    "GEX_Total": 1341485.862,
    "GEX_Ratio": 1.318371,
    "VEX_Call": -310722.326,
    "VEX_Put": 2023200.588,
    "VEX_Total": 1712478.262,
    "VEX_Ratio": -0.15358,
    "CEX_Call": -2152228.559,
    "CEX_Put": 20246149.749,
    "CEX_Total": 18093921.19,
    "CEX_Ratio": -0.106303
}