{
    "timestamp": "2025-07-30 10:37:03",
    "cum_gam": null,
    "cum_vec": 6824.350982291595,
    "DEX_Call": 399.798,
    "DEX_Put": -174.262,
    "DEX_Total": 225.536,
    "DEX_Ratio": 2.294235,
    "GEX_Call": 3033589.085,
    "GEX_Put": -2213582.219,
    "GEX_Total": 820006.866,
    "GEX_Ratio": 1.370443,
    "VEX_Call": -552934.652,
    "VEX_Put": 943425.226,
    "VEX_Total": 390490.574,
    "VEX_Ratio": -0.586093,
    "CEX_Call": -10898770.824,
    "CEX_Put": 23939523.391,
    "CEX_Total": 13040752.567,
    "CEX_Ratio": -0.455263
}