{
    "timestamp": "2025-09-09 07:57:38",
    "cum_gam": 7008.883350051166,
    "cum_vec": 7508.304215117469,
    "DEX_Call": 4610.642,
    "DEX_Put": -2048.029,
    "DEX_Total": 2562.613,
    "DEX_Ratio": 2.251258,
    "GEX_Call": 13779055.948,
    "GEX_Put": -10932657.345,
    "GEX_Total": 2846398.603,
    "GEX_Ratio": 1.260357,
    "VEX_Call": 1215105.225,
    "VEX_Put": 14556610.956,
    "VEX_Total": 15771716.181,
    "VEX_Ratio": 0.083474,
    "CEX_Call": -8355806.374,
    "CEX_Put": 17900355.014,
    "CEX_Total": 9544548.64,
    "CEX_Ratio": -0.466796
}