{
    "timestamp": "2025-09-22 09:59:06",
    "cum_gam": null,
    "cum_vec": 7029.080957939216,
    "DEX_Call": 1185.945,
    "DEX_Put": -301.847,
    "DEX_Total": 884.098,
    "DEX_Ratio": 3.928961,
    "GEX_Call": 6745282.617,
    "GEX_Put": -2836867.208,
    "GEX_Total": 3908415.409,
    "GEX_Ratio": 2.377722,
    "VEX_Call": -166156.888,
    "VEX_Put": 3443857.026,
    "VEX_Total": 3277700.138,
    "VEX_Ratio": -0.048247,
    "CEX_Call": -6122965.935,
    "CEX_Put": 17843580.443,
    "CEX_Total": 11720614.508,
    "CEX_Ratio": -0.343147
}