{
    "timestamp": "2025-10-30 11:13:04",
    "cum_gam": 6676.112204249726,
    "cum_vec": 8694.736842105263,
    "DEX_Call": 979.28,
    "DEX_Put": -308.193,
    "DEX_Total": 671.087,
    "DEX_Ratio": 3.177489,
    "GEX_Call": 3326047.122,
    "GEX_Put": -3370355.464,
    "GEX_Total": -44308.342,
    "GEX_Ratio": 0.986854,
    "VEX_Call": -100495.502,
    "VEX_Put": 1084914.846,
    "VEX_Total": 984419.344,
    "VEX_Ratio": -0.09263,
    "CEX_Call": -5585798.21,
    "CEX_Put": 14224986.074,
    "CEX_Total": 8639187.864,
    "CEX_Ratio": -0.392675
}