{
    "timestamp": "2025-09-02 10:06:28",
    "cum_gam": 7009.053134273085,
    "cum_vec": 7464.47710550095,
    "DEX_Call": 5914.802,
    "DEX_Put": -3733.0,
    "DEX_Total": 2181.802,
    "DEX_Ratio": 1.584463,
    "GEX_Call": 8171060.563,
    "GEX_Put": -11805139.354,
    "GEX_Total": -3634078.791,
    "GEX_Ratio": 0.692161,
    "VEX_Call": 1589535.563,
    "VEX_Put": 13775836.971,
    "VEX_Total": 15365372.534,
    "VEX_Ratio": 0.115386,
    "CEX_Call": -6886701.712,
    "CEX_Put": 10592217.716,
    "CEX_Total": 3705516.004,
    "CEX_Ratio": -0.650166
}