{
    "timestamp": "2025-08-22 08:07:45",
    "cum_gam": null,
    "cum_vec": 7599.301091570649,
    "DEX_Call": 1026.726,
    "DEX_Put": -247.671,
    "DEX_Total": 779.055,
    "DEX_Ratio": 4.145524,
    "GEX_Call": 7095120.733,
    "GEX_Put": -2397100.095,
    "GEX_Total": 4698020.638,
    "GEX_Ratio": 2.959877,
    "VEX_Call": -385462.228,
    "VEX_Put": 2649934.396,
    "VEX_Total": 2264472.168,
    "VEX_Ratio": -0.145461,
    "CEX_Call": -3499977.143,
    "CEX_Put": 17212106.192,
    "CEX_Total": 13712129.049,
    "CEX_Ratio": -0.203344
}