{
    "timestamp": "2025-08-20 09:23:45",
    "cum_gam": 6391.805640819841,
    "cum_vec": 8300.455235204856,
    "DEX_Call": 633.082,
    "DEX_Put": -947.5,
    "DEX_Total": -314.418,
    "DEX_Ratio": 0.66816,
    "GEX_Call": 2968135.749,
    "GEX_Put": -6323971.041,
    "GEX_Total": -3355835.292,
    "GEX_Ratio": 0.469347,
    "VEX_Call": -1217793.96,
    "VEX_Put": 2948342.221,
    "VEX_Total": 1730548.261,
    "VEX_Ratio": -0.413044,
    "CEX_Call": -8659969.854,
    "CEX_Put": 11449024.732,
    "CEX_Total": 2789054.878,
    "CEX_Ratio": -0.756394
}