{
    "timestamp": "2025-11-05 13:14:29",
    "cum_gam": null,
    "cum_vec": 7783.087273479811,
    "DEX_Call": 2410.634,
    "DEX_Put": -1624.686,
    "DEX_Total": 785.948,
    "DEX_Ratio": 1.483754,
    "GEX_Call": 9768401.403,
    "GEX_Put": -7155633.83,
    "GEX_Total": 2612767.573,
    "GEX_Ratio": 1.365134,
    "VEX_Call": -2281647.371,
    "VEX_Put": 8892013.71,
    "VEX_Total": 6610366.339,
    "VEX_Ratio": -0.256595,
    "CEX_Call": -21445721.667,
    "CEX_Put": 28668710.983,
    "CEX_Total": 7222989.316,
    "CEX_Ratio": -0.748053
}