{
    "timestamp": "2025-09-15 12:32:05",
    "cum_gam": 10199.029221415964,
    "cum_vec": 10199.029221415964,
    "DEX_Call": 9227.216,
    "DEX_Put": -1200.157,
    "DEX_Total": 8027.059,
    "DEX_Ratio": 7.688341,
    "GEX_Call": 15239441.313,
    "GEX_Put": -7507800.565,
    "GEX_Total": 7731640.748,
    "GEX_Ratio": 2.029814,
    "VEX_Call": 6204753.906,
    "VEX_Put": 13200630.404,
    "VEX_Total": 19405384.31,
    "VEX_Ratio": 0.470035,
    "CEX_Call": -5744139.633,
    "CEX_Put": 38861809.667,
    "CEX_Total": 33117670.034,
    "CEX_Ratio": -0.147809
}