{
    "timestamp": "2025-10-01 12:56:20",
    "cum_gam": null,
    "cum_vec": 8966.911747210126,
    "DEX_Call": 3371.073,
    "DEX_Put": -1272.857,
    "DEX_Total": 2098.216,
    "DEX_Ratio": 2.64843,
    "GEX_Call": 13134042.19,
    "GEX_Put": -6090695.783,
    "GEX_Total": 7043346.407,
    "GEX_Ratio": 2.156411,
    "VEX_Call": 350836.493,
    "VEX_Put": 12181971.452,
    "VEX_Total": 12532807.945,
    "VEX_Ratio": 0.0288,
    "CEX_Call": 26460498.839,
    "CEX_Put": 28216941.32,
    "CEX_Total": 54677440.159,
    "CEX_Ratio": 0.937752
}