{
    "timestamp": "2025-08-18 09:09:42",
    "cum_gam": 8192.661290322581,
    "cum_vec": 8400.0,
    "DEX_Call": 936.454,
    "DEX_Put": -497.965,
    "DEX_Total": 438.489,
    "DEX_Ratio": 1.880562,
    "GEX_Call": 5333113.586,
    "GEX_Put": -4425820.563,
    "GEX_Total": 907293.023,
    "GEX_Ratio": 1.205,
    "VEX_Call": -771017.358,
    "VEX_Put": 3498133.37,
    "VEX_Total": 2727116.012,
    "VEX_Ratio": -0.220408,
    "CEX_Call": -6195603.561,
    "CEX_Put": 11999856.627,
    "CEX_Total": 5804253.066,
    "CEX_Ratio": -0.516306
}