{
    "timestamp": "2025-08-26 07:24:17",
    "cum_gam": 6103.118991123684,
    "cum_vec": 8134.222631094756,
    "DEX_Call": 661.766,
    "DEX_Put": -343.094,
    "DEX_Total": 318.672,
    "DEX_Ratio": 1.928818,
    "GEX_Call": 4168486.907,
    "GEX_Put": -4220367.922,
    "GEX_Total": -51881.015,
    "GEX_Ratio": 0.987707,
    "VEX_Call": -710649.405,
    "VEX_Put": 1799882.401,
    "VEX_Total": 1089232.996,
    "VEX_Ratio": -0.394831,
    "CEX_Call": -7540207.609,
    "CEX_Put": 10795634.329,
    "CEX_Total": 3255426.72,
    "CEX_Ratio": -0.69845
}