{
    "timestamp": "2025-10-09 07:13:49",
    "cum_gam": null,
    "cum_vec": 9083.905722656975,
    "DEX_Call": 2828.955,
    "DEX_Put": -1511.402,
    "DEX_Total": 1317.553,
    "DEX_Ratio": 1.871742,
    "GEX_Call": 12091900.427,
    "GEX_Put": -9718495.684,
    "GEX_Total": 2373404.743,
    "GEX_Ratio": 1.244215,
    "VEX_Call": -1282157.441,
    "VEX_Put": 11072906.233,
    "VEX_Total": 9790748.792,
    "VEX_Ratio": -0.115792,
    "CEX_Call": -18302214.174,
    "CEX_Put": 30446331.704,
    "CEX_Total": 12144117.53,
    "CEX_Ratio": -0.60113
}