{
    "timestamp": "2025-09-15 08:46:23",
    "cum_gam": 8597.141434906252,
    "cum_vec": 8597.141434906252,
    "DEX_Call": 8999.358,
    "DEX_Put": -900.676,
    "DEX_Total": 8098.682,
    "DEX_Ratio": 9.991782,
    "GEX_Call": 14657843.819,
    "GEX_Put": -7337810.669,
    "GEX_Total": 7320033.15,
    "GEX_Ratio": 1.997577,
    "VEX_Call": 6148176.956,
    "VEX_Put": 12812353.848,
    "VEX_Total": 18960530.804,
    "VEX_Ratio": 0.479863,
    "CEX_Call": 3670257.259,
    "CEX_Put": 31067491.846,
    "CEX_Total": 34737749.105,
    "CEX_Ratio": 0.118138
}