{
    "timestamp": "2025-11-03 10:08:04",
    "cum_gam": null,
    "cum_vec": 7804.085041984871,
    "DEX_Call": 2495.776,
    "DEX_Put": -1479.09,
    "DEX_Total": 1016.686,
    "DEX_Ratio": 1.687373,
    "GEX_Call": 8219390.212,
    "GEX_Put": -6770919.407,
    "GEX_Total": 1448470.805,
    "GEX_Ratio": 1.213925,
    "VEX_Call": -1988020.798,
    "VEX_Put": 8968775.137,
    "VEX_Total": 6980754.339,
    "VEX_Ratio": -0.22166,
    "CEX_Call": -10998597.008,
    "CEX_Put": 17522481.869,
    "CEX_Total": 6523884.861,
    "CEX_Ratio": -0.627685
}