{
    "timestamp": "2025-08-04 12:18:23",
    "cum_gam": 7127.991120976692,
    "cum_vec": 7191.055949566588,
    "DEX_Call": 2215.94,
    "DEX_Put": -1416.447,
    "DEX_Total": 799.493,
    "DEX_Ratio": 1.564436,
    "GEX_Call": 6990006.015,
    "GEX_Put": -6004102.891,
    "GEX_Total": 985903.124,
    "GEX_Ratio": 1.164205,
    "VEX_Call": -1266002.454,
    "VEX_Put": 8582929.686,
    "VEX_Total": 7316927.232,
    "VEX_Ratio": -0.147502,
    "CEX_Call": -9189651.531,
    "CEX_Put": 11735022.633,
    "CEX_Total": 2545371.102,
    "CEX_Ratio": -0.783096
}