{
    "timestamp": "2025-10-21 11:09:38",
    "cum_gam": 8791.424196018377,
    "cum_vec": 8791.424196018377,
    "DEX_Call": 1192.564,
    "DEX_Put": -513.183,
    "DEX_Total": 679.381,
    "DEX_Ratio": 2.323857,
    "GEX_Call": 7835643.234,
    "GEX_Put": -4348685.775,
    "GEX_Total": 3486957.459,
    "GEX_Ratio": 1.801842,
    "VEX_Call": -897227.544,
    "VEX_Put": 4636358.707,
    "VEX_Total": 3739131.163,
    "VEX_Ratio": -0.19352,
    "CEX_Call": -14362518.735,
    "CEX_Put": 19963469.863,
    "CEX_Total": 5600951.128,
    "CEX_Ratio": -0.71944
}