{
    "timestamp": "2025-07-28 06:55:08",
    "cum_gam": null,
    "cum_vec": 6820.687827411777,
    "DEX_Call": 540.109,
    "DEX_Put": -135.067,
    "DEX_Total": 405.042,
    "DEX_Ratio": 3.998823,
    "GEX_Call": 4781644.834,
    "GEX_Put": -2073440.314,
    "GEX_Total": 2708204.52,
    "GEX_Ratio": 2.306141,
    "VEX_Call": -696309.907,
    "VEX_Put": 1187501.424,
    "VEX_Total": 491191.517,
    "VEX_Ratio": -0.586366,
    "CEX_Call": -7168270.783,
    "CEX_Put": 10262522.386,
    "CEX_Total": 3094251.603,
    "CEX_Ratio": -0.69849
}