{
    "timestamp": "2025-11-14 09:44:13",
    "cum_gam": 6650.347049504236,
    "cum_vec": 7645.1597003154575,
    "DEX_Call": 1529.763,
    "DEX_Put": -2067.974,
    "DEX_Total": -538.211,
    "DEX_Ratio": 0.73974,
    "GEX_Call": 6204026.251,
    "GEX_Put": -7883232.319,
    "GEX_Total": -1679206.068,
    "GEX_Ratio": 0.78699,
    "VEX_Call": -2855837.678,
    "VEX_Put": 6867216.477,
    "VEX_Total": 4011378.799,
    "VEX_Ratio": -0.415865,
    "CEX_Call": -17265353.395,
    "CEX_Put": 25885741.306,
    "CEX_Total": 8620387.911,
    "CEX_Ratio": -0.666983
}