{
    "timestamp": "2025-11-11 10:36:04",
    "cum_gam": null,
    "cum_vec": 7786.262736393709,
    "DEX_Call": 2266.58,
    "DEX_Put": -1351.46,
    "DEX_Total": 915.12,
    "DEX_Ratio": 1.677134,
    "GEX_Call": 9984024.497,
    "GEX_Put": -6591087.774,
    "GEX_Total": 3392936.723,
    "GEX_Ratio": 1.514776,
    "VEX_Call": -2305759.752,
    "VEX_Put": 7802919.333,
    "VEX_Total": 5497159.581,
    "VEX_Ratio": -0.2955,
    "CEX_Call": -12397028.665,
    "CEX_Put": 17752718.053,
    "CEX_Total": 5355689.388,
    "CEX_Ratio": -0.698317
}