{
    "timestamp": "2025-09-15 12:52:27",
    "cum_gam": 8596.842811030612,
    "cum_vec": 8596.842811030612,
    "DEX_Call": 9629.943,
    "DEX_Put": -1122.851,
    "DEX_Total": 8507.092,
    "DEX_Ratio": 8.576332,
    "GEX_Call": 15610918.572,
    "GEX_Put": -7363987.869,
    "GEX_Total": 8246930.703,
    "GEX_Ratio": 2.1199,
    "VEX_Call": 6798975.14,
    "VEX_Put": 12909707.752,
    "VEX_Total": 19708682.892,
    "VEX_Ratio": 0.526656,
    "CEX_Call": 13064772.649,
    "CEX_Put": 38373092.68,
    "CEX_Total": 51437865.329,
    "CEX_Ratio": 0.340467
}