{
    "timestamp": "2025-10-02 06:34:08",
    "cum_gam": null,
    "cum_vec": 8789.071310491632,
    "DEX_Call": 3117.622,
    "DEX_Put": -1227.642,
    "DEX_Total": 1889.98,
    "DEX_Ratio": 2.53952,
    "GEX_Call": 13612880.502,
    "GEX_Put": -6321657.264,
    "GEX_Total": 7291223.238,
    "GEX_Ratio": 2.153372,
    "VEX_Call": -465762.036,
    "VEX_Put": 12247531.787,
    "VEX_Total": 11781769.751,
    "VEX_Ratio": -0.038029,
    "CEX_Call": -9204360.731,
    "CEX_Put": 20252974.877,
    "CEX_Total": 11048614.146,
    "CEX_Ratio": -0.45447
}