{
    "timestamp": "2025-10-03 11:50:34",
    "cum_gam": null,
    "cum_vec": 8968.087824729097,
    "DEX_Call": 3076.909,
    "DEX_Put": -1369.393,
    "DEX_Total": 1707.516,
    "DEX_Ratio": 2.246915,
    "GEX_Call": 11770310.501,
    "GEX_Put": -7381391.412,
    "GEX_Total": 4388919.089,
    "GEX_Ratio": 1.594592,
    "VEX_Call": -588630.7,
    "VEX_Put": 11665980.677,
    "VEX_Total": 11077349.977,
    "VEX_Ratio": -0.050457,
    "CEX_Call": 826742.224,
    "CEX_Put": 38315714.958,
    "CEX_Total": 39142457.182,
    "CEX_Ratio": 0.021577
}