{
    "timestamp": "2025-07-28 09:58:32",
    "cum_gam": null,
    "cum_vec": 6824.32583557397,
    "DEX_Call": 593.498,
    "DEX_Put": -135.359,
    "DEX_Total": 458.139,
    "DEX_Ratio": 4.384622,
    "GEX_Call": 4746147.625,
    "GEX_Put": -2371766.45,
    "GEX_Total": 2374381.175,
    "GEX_Ratio": 2.001102,
    "VEX_Call": -591050.788,
    "VEX_Put": 1027965.707,
    "VEX_Total": 436914.919,
    "VEX_Ratio": -0.574971,
    "CEX_Call": -7929503.739,
    "CEX_Put": 11520951.583,
    "CEX_Total": 3591447.844,
    "CEX_Ratio": -0.688268
}