{
    "timestamp": "2025-09-25 10:11:01",
    "cum_gam": 6603.628187741891,
    "cum_vec": 6935.5969082177735,
    "DEX_Call": 876.148,
    "DEX_Put": -723.097,
    "DEX_Total": 153.051,
    "DEX_Ratio": 1.21166,
    "GEX_Call": 3758903.474,
    "GEX_Put": -6255891.315,
    "GEX_Total": -2496987.841,
    "GEX_Ratio": 0.600858,
    "VEX_Call": -275732.736,
    "VEX_Put": 2446457.376,
    "VEX_Total": 2170724.64,
    "VEX_Ratio": -0.112707,
    "CEX_Call": -7681957.823,
    "CEX_Put": 17304282.272,
    "CEX_Total": 9622324.449,
    "CEX_Ratio": -0.443934
}