{
    "timestamp": "2025-09-04 07:52:51",
    "cum_gam": 7008.9480391689785,
    "cum_vec": 7479.601733929672,
    "DEX_Call": 5425.842,
    "DEX_Put": -2343.733,
    "DEX_Total": 3082.109,
    "DEX_Ratio": 2.315043,
    "GEX_Call": 15427269.701,
    "GEX_Put": -10409659.527,
    "GEX_Total": 5017610.174,
    "GEX_Ratio": 1.482015,
    "VEX_Call": 1040034.311,
    "VEX_Put": 16414528.996,
    "VEX_Total": 17454563.307,
    "VEX_Ratio": 0.063361,
    "CEX_Call": -10847816.657,
    "CEX_Put": 23512583.806,
    "CEX_Total": 12664767.149,
    "CEX_Ratio": -0.461362
}