{
    "timestamp": "2026-07-21 10:44:36",
    "cum_gam": null,
    "cum_vec": null,
    "DEX_Call": 937.32,
    "DEX_Put": -872.595,
    "DEX_Total": 64.725,
    "DEX_Ratio": 1.074175,
    "GEX_Call": 7766818.653,
    "GEX_Put": -5610064.142,
    "GEX_Total": 2156754.511,
    "GEX_Ratio": 1.384444,
    "VEX_Call": -2760911.091,
    "VEX_Put": 4461359.763,
    "VEX_Total": 1700448.672,
    "VEX_Ratio": -0.61885,
    "CEX_Call": -7341584.434,
    "CEX_Put": 15786039.067,
    "CEX_Total": 8444454.633,
    "CEX_Ratio": -0.465068
}