{
    "timestamp": "2025-07-24 10:37:40",
    "cum_gam": null,
    "cum_vec": 6821.911750745373,
    "DEX_Call": 805.722,
    "DEX_Put": -139.7,
    "DEX_Total": 666.022,
    "DEX_Ratio": 5.767516,
    "GEX_Call": 7570606.362,
    "GEX_Put": -1950910.943,
    "GEX_Total": 5619695.419,
    "GEX_Ratio": 3.880549,
    "VEX_Call": -866025.894,
    "VEX_Put": 1818604.279,
    "VEX_Total": 952578.385,
    "VEX_Ratio": -0.476204,
    "CEX_Call": -13290246.297,
    "CEX_Put": 15221018.016,
    "CEX_Total": 1930771.719,
    "CEX_Ratio": -0.873151
}