{
    "timestamp": "2025-07-07 08:50:55",
    "cum_gam": null,
    "cum_vec": 7136.033696033696,
    "DEX_Call": 2825.438,
    "DEX_Put": -855.964,
    "DEX_Total": 1969.474,
    "DEX_Ratio": 3.300884,
    "GEX_Call": 6118521.344,
    "GEX_Put": -5053120.508,
    "GEX_Total": 1065400.836,
    "GEX_Ratio": 1.21084,
    "VEX_Call": 413559.54,
    "VEX_Put": 6698354.294,
    "VEX_Total": 7111913.834,
    "VEX_Ratio": 0.06174,
    "CEX_Call": -4503653.895,
    "CEX_Put": 12660039.984,
    "CEX_Total": 8156386.089,
    "CEX_Ratio": -0.355738
}