{
    "timestamp": "2025-08-11 10:41:31",
    "cum_gam": 7009.343242634194,
    "cum_vec": 7693.9751969163735,
    "DEX_Call": 2508.939,
    "DEX_Put": -921.218,
    "DEX_Total": 1587.721,
    "DEX_Ratio": 2.723502,
    "GEX_Call": 8900585.553,
    "GEX_Put": -6044886.333,
    "GEX_Total": 2855699.22,
    "GEX_Ratio": 1.472416,
    "VEX_Call": -1487070.332,
    "VEX_Put": 6835909.277,
    "VEX_Total": 5348838.945,
    "VEX_Ratio": -0.217538,
    "CEX_Call": -15393820.707,
    "CEX_Put": 19549751.851,
    "CEX_Total": 4155931.144,
    "CEX_Ratio": -0.787418
}