{
    "timestamp": "2025-07-09 12:16:15",
    "cum_gam": null,
    "cum_vec": 7200.113128719436,
    "DEX_Call": 2715.462,
    "DEX_Put": -572.535,
    "DEX_Total": 2142.927,
    "DEX_Ratio": 4.742875,
    "GEX_Call": 7948278.781,
    "GEX_Put": -3779177.835,
    "GEX_Total": 4169100.946,
    "GEX_Ratio": 2.103177,
    "VEX_Call": -56074.23,
    "VEX_Put": 5244686.663,
    "VEX_Total": 5188612.433,
    "VEX_Ratio": -0.010692,
    "CEX_Call": -2367933.034,
    "CEX_Put": 15083519.676,
    "CEX_Total": 12715586.642,
    "CEX_Ratio": -0.156988
}