{
    "timestamp": "2025-09-29 11:39:22",
    "cum_gam": null,
    "cum_vec": 6927.051382304547,
    "DEX_Call": 383.68,
    "DEX_Put": -214.947,
    "DEX_Total": 168.733,
    "DEX_Ratio": 1.784998,
    "GEX_Call": 4240581.482,
    "GEX_Put": -2426671.433,
    "GEX_Total": 1813910.049,
    "GEX_Ratio": 1.747489,
    "VEX_Call": -168475.36,
    "VEX_Put": 1028231.925,
    "VEX_Total": 859756.565,
    "VEX_Ratio": -0.16385,
    "CEX_Call": -10797773.883,
    "CEX_Put": 19223633.991,
    "CEX_Total": 8425860.108,
    "CEX_Ratio": -0.561693
}