{
    "timestamp": "2025-08-18 10:34:30",
    "cum_gam": null,
    "cum_vec": 8400.0,
    "DEX_Call": 956.577,
    "DEX_Put": -461.752,
    "DEX_Total": 494.825,
    "DEX_Ratio": 2.071625,
    "GEX_Call": 5796705.294,
    "GEX_Put": -4198014.13,
    "GEX_Total": 1598691.164,
    "GEX_Ratio": 1.380821,
    "VEX_Call": -703173.111,
    "VEX_Put": 3468629.33,
    "VEX_Total": 2765456.219,
    "VEX_Ratio": -0.202724,
    "CEX_Call": -6939170.978,
    "CEX_Put": 12526166.564,
    "CEX_Total": 5586995.586,
    "CEX_Ratio": -0.553974
}