{
    "timestamp": "2025-09-18 10:20:10",
    "cum_gam": 8595.936465197774,
    "cum_vec": 8595.936465197774,
    "DEX_Call": 12128.785,
    "DEX_Put": -784.483,
    "DEX_Total": 11344.302,
    "DEX_Ratio": 15.460864,
    "GEX_Call": 15007122.601,
    "GEX_Put": -8318082.695,
    "GEX_Total": 6689039.906,
    "GEX_Ratio": 1.804156,
    "VEX_Call": 6679191.609,
    "VEX_Put": 8759205.021,
    "VEX_Total": 15438396.63,
    "VEX_Ratio": 0.762534,
    "CEX_Call": 32321382.557,
    "CEX_Put": 41221759.575,
    "CEX_Total": 73543142.132,
    "CEX_Ratio": 0.784085
}