{
    "timestamp": "2025-08-22 07:59:54",
    "cum_gam": null,
    "cum_vec": 7612.365426022762,
    "DEX_Call": 1011.564,
    "DEX_Put": -251.776,
    "DEX_Total": 759.788,
    "DEX_Ratio": 4.017714,
    "GEX_Call": 7117183.705,
    "GEX_Put": -2431160.307,
    "GEX_Total": 4686023.398,
    "GEX_Ratio": 2.927484,
    "VEX_Call": -375580.293,
    "VEX_Put": 2691115.51,
    "VEX_Total": 2315535.217,
    "VEX_Ratio": -0.139563,
    "CEX_Call": -3048155.788,
    "CEX_Put": 17645284.056,
    "CEX_Total": 14597128.268,
    "CEX_Ratio": -0.172746
}