{
    "timestamp": "2025-10-01 06:32:33",
    "cum_gam": null,
    "cum_vec": 8837.467661691542,
    "DEX_Call": 2537.653,
    "DEX_Put": -1756.032,
    "DEX_Total": 781.621,
    "DEX_Ratio": 1.445106,
    "GEX_Call": 9635142.344,
    "GEX_Put": -8545017.205,
    "GEX_Total": 1090125.139,
    "GEX_Ratio": 1.127574,
    "VEX_Call": -2059006.646,
    "VEX_Put": 12623784.512,
    "VEX_Total": 10564777.866,
    "VEX_Ratio": -0.163105,
    "CEX_Call": -10796372.805,
    "CEX_Put": 21115027.08,
    "CEX_Total": 10318654.275,
    "CEX_Ratio": -0.511312
}