{
    "timestamp": "2025-10-07 12:48:25",
    "cum_gam": 5424.5696146016135,
    "cum_vec": 9043.592552026286,
    "DEX_Call": 2640.307,
    "DEX_Put": -1627.93,
    "DEX_Total": 1012.377,
    "DEX_Ratio": 1.62188,
    "GEX_Call": 9032872.498,
    "GEX_Put": -9105087.789,
    "GEX_Total": -72215.291,
    "GEX_Ratio": 0.992069,
    "VEX_Call": -1288219.83,
    "VEX_Put": 10415969.032,
    "VEX_Total": 9127749.202,
    "VEX_Ratio": -0.123677,
    "CEX_Call": -23359598.418,
    "CEX_Put": 17147937.602,
    "CEX_Total": -6211660.816,
    "CEX_Ratio": -1.36224
}