{
    "timestamp": "2025-07-29 09:34:04",
    "cum_gam": null,
    "cum_vec": 6822.591887169961,
    "DEX_Call": 331.038,
    "DEX_Put": -201.227,
    "DEX_Total": 129.811,
    "DEX_Ratio": 1.645097,
    "GEX_Call": 3383037.295,
    "GEX_Put": -3090175.12,
    "GEX_Total": 292862.175,
    "GEX_Ratio": 1.094772,
    "VEX_Call": -683157.036,
    "VEX_Put": 888612.938,
    "VEX_Total": 205455.902,
    "VEX_Ratio": -0.76879,
    "CEX_Call": -11183237.187,
    "CEX_Put": 11932497.123,
    "CEX_Total": 749259.936,
    "CEX_Ratio": -0.937208
}