{
    "timestamp": "2025-08-18 08:17:27",
    "cum_gam": 8198.427947598253,
    "cum_vec": 8400.0,
    "DEX_Call": 911.495,
    "DEX_Put": -516.327,
    "DEX_Total": 395.168,
    "DEX_Ratio": 1.765344,
    "GEX_Call": 5269843.585,
    "GEX_Put": -4414548.411,
    "GEX_Total": 855295.174,
    "GEX_Ratio": 1.193745,
    "VEX_Call": -837400.545,
    "VEX_Put": 3617595.616,
    "VEX_Total": 2780195.071,
    "VEX_Ratio": -0.23148,
    "CEX_Call": -7019213.591,
    "CEX_Put": 12438752.948,
    "CEX_Total": 5419539.357,
    "CEX_Ratio": -0.564302
}