{
    "timestamp": "2025-10-08 12:22:29",
    "cum_gam": null,
    "cum_vec": 9026.414361062274,
    "DEX_Call": 3261.183,
    "DEX_Put": -1246.87,
    "DEX_Total": 2014.313,
    "DEX_Ratio": 2.615496,
    "GEX_Call": 14966523.64,
    "GEX_Put": -6647396.631,
    "GEX_Total": 8319127.009,
    "GEX_Ratio": 2.251486,
    "VEX_Call": 57657.468,
    "VEX_Put": 10280091.413,
    "VEX_Total": 10337748.881,
    "VEX_Ratio": 0.005609,
    "CEX_Call": 1608925.161,
    "CEX_Put": 25684782.33,
    "CEX_Total": 27293707.491,
    "CEX_Ratio": 0.062641
}