{
    "timestamp": "2025-07-18 10:44:26",
    "cum_gam": 8598.965619338138,
    "cum_vec": 8598.965619338138,
    "DEX_Call": 1032.105,
    "DEX_Put": -332.506,
    "DEX_Total": 699.599,
    "DEX_Ratio": 3.104019,
    "GEX_Call": 7738588.691,
    "GEX_Put": -4833648.874,
    "GEX_Total": 2904939.817,
    "GEX_Ratio": 1.600983,
    "VEX_Call": -981587.429,
    "VEX_Put": 2289233.344,
    "VEX_Total": 1307645.915,
    "VEX_Ratio": -0.428784,
    "CEX_Call": -7576087.74,
    "CEX_Put": 12024087.246,
    "CEX_Total": 4447999.506,
    "CEX_Ratio": -0.630076
}