{
    "timestamp": "2025-09-12 09:58:06",
    "cum_gam": 7007.621483959424,
    "cum_vec": 7613.101363299298,
    "DEX_Call": 4322.5,
    "DEX_Put": -1133.307,
    "DEX_Total": 3189.193,
    "DEX_Ratio": 3.814059,
    "GEX_Call": 15730342.291,
    "GEX_Put": -8698853.126,
    "GEX_Total": 7031489.165,
    "GEX_Ratio": 1.808324,
    "VEX_Call": 2423554.651,
    "VEX_Put": 12690257.874,
    "VEX_Total": 15113812.525,
    "VEX_Ratio": 0.190978,
    "CEX_Call": -2612536.098,
    "CEX_Put": 26549388.564,
    "CEX_Total": 23936852.466,
    "CEX_Ratio": -0.098403
}