{
    "timestamp": "2025-11-03 11:48:40",
    "cum_gam": null,
    "cum_vec": 7806.864634952496,
    "DEX_Call": 2427.774,
    "DEX_Put": -1362.824,
    "DEX_Total": 1064.95,
    "DEX_Ratio": 1.781429,
    "GEX_Call": 8941298.989,
    "GEX_Put": -6816480.954,
    "GEX_Total": 2124818.035,
    "GEX_Ratio": 1.311718,
    "VEX_Call": -1767333.245,
    "VEX_Put": 8616927.146,
    "VEX_Total": 6849593.901,
    "VEX_Ratio": -0.2051,
    "CEX_Call": -13734474.167,
    "CEX_Put": 21452410.593,
    "CEX_Total": 7717936.426,
    "CEX_Ratio": -0.64023
}