{
    "timestamp": "2025-09-23 12:10:45",
    "cum_gam": 8599.995158460257,
    "cum_vec": 8599.995158460257,
    "DEX_Call": 1243.066,
    "DEX_Put": -544.687,
    "DEX_Total": 698.379,
    "DEX_Ratio": 2.282166,
    "GEX_Call": 4955904.537,
    "GEX_Put": -5461032.598,
    "GEX_Total": -505128.061,
    "GEX_Ratio": 0.907503,
    "VEX_Call": -265266.166,
    "VEX_Put": 3533974.722,
    "VEX_Total": 3268708.556,
    "VEX_Ratio": -0.075062,
    "CEX_Call": -9022662.848,
    "CEX_Put": 18782515.48,
    "CEX_Total": 9759852.632,
    "CEX_Ratio": -0.480376
}