{
    "timestamp": "2025-09-04 09:37:00",
    "cum_gam": 7008.935991849462,
    "cum_vec": 7496.217988726728,
    "DEX_Call": 5685.938,
    "DEX_Put": -2302.609,
    "DEX_Total": 3383.329,
    "DEX_Ratio": 2.469346,
    "GEX_Call": 16575572.576,
    "GEX_Put": -10158777.423,
    "GEX_Total": 6416795.153,
    "GEX_Ratio": 1.63165,
    "VEX_Call": 1515458.105,
    "VEX_Put": 16661507.978,
    "VEX_Total": 18176966.083,
    "VEX_Ratio": 0.090956,
    "CEX_Call": -10480267.359,
    "CEX_Put": 27848711.734,
    "CEX_Total": 17368444.375,
    "CEX_Ratio": -0.376329
}