{
    "timestamp": "2025-09-02 10:09:09",
    "cum_gam": 7009.080316693762,
    "cum_vec": 7471.673594882082,
    "DEX_Call": 5892.541,
    "DEX_Put": -3769.77,
    "DEX_Total": 2122.771,
    "DEX_Ratio": 1.563104,
    "GEX_Call": 8185548.153,
    "GEX_Put": -11892982.086,
    "GEX_Total": -3707433.933,
    "GEX_Ratio": 0.688267,
    "VEX_Call": 1517011.77,
    "VEX_Put": 13737456.358,
    "VEX_Total": 15254468.128,
    "VEX_Ratio": 0.110429,
    "CEX_Call": -7363200.756,
    "CEX_Put": 7334372.922,
    "CEX_Total": -28827.834,
    "CEX_Ratio": -1.003931
}