{
    "timestamp": "2025-10-06 08:48:42",
    "cum_gam": null,
    "cum_vec": 8021.683482654876,
    "DEX_Call": 2868.626,
    "DEX_Put": -1273.867,
    "DEX_Total": 1594.759,
    "DEX_Ratio": 2.251904,
    "GEX_Call": 10882806.522,
    "GEX_Put": -6580098.191,
    "GEX_Total": 4302708.331,
    "GEX_Ratio": 1.653897,
    "VEX_Call": -403888.817,
    "VEX_Put": 10511381.067,
    "VEX_Total": 10107492.25,
    "VEX_Ratio": -0.038424,
    "CEX_Call": -7654600.674,
    "CEX_Put": 17893359.904,
    "CEX_Total": 10238759.23,
    "CEX_Ratio": -0.42779
}