{
    "timestamp": "2025-10-01 07:17:07",
    "cum_gam": null,
    "cum_vec": 8851.692901692903,
    "DEX_Call": 2635.338,
    "DEX_Put": -1692.139,
    "DEX_Total": 943.199,
    "DEX_Ratio": 1.5574,
    "GEX_Call": 9935679.894,
    "GEX_Put": -8424295.257,
    "GEX_Total": 1511384.637,
    "GEX_Ratio": 1.179408,
    "VEX_Call": -1802319.618,
    "VEX_Put": 12507733.077,
    "VEX_Total": 10705413.459,
    "VEX_Ratio": -0.144096,
    "CEX_Call": -10110223.673,
    "CEX_Put": 19863729.158,
    "CEX_Total": 9753505.485,
    "CEX_Ratio": -0.508979
}