{
    "timestamp": "2025-07-15 10:47:22",
    "cum_gam": 8597.994282870768,
    "cum_vec": 8597.994282870768,
    "DEX_Call": 3530.377,
    "DEX_Put": -650.764,
    "DEX_Total": 2879.613,
    "DEX_Ratio": 5.424973,
    "GEX_Call": 7328092.482,
    "GEX_Put": -5271544.173,
    "GEX_Total": 2056548.309,
    "GEX_Ratio": 1.390123,
    "VEX_Call": -150999.209,
    "VEX_Put": 4325425.821,
    "VEX_Total": 4174426.612,
    "VEX_Ratio": -0.03491,
    "CEX_Call": -5965519.559,
    "CEX_Put": 18200874.217,
    "CEX_Total": 12235354.658,
    "CEX_Ratio": -0.32776
}