{
    "timestamp": "2025-11-04 09:02:39",
    "cum_gam": 6625.214019019082,
    "cum_vec": 7788.417456488023,
    "DEX_Call": 2221.192,
    "DEX_Put": -1938.707,
    "DEX_Total": 282.485,
    "DEX_Ratio": 1.145708,
    "GEX_Call": 6763456.595,
    "GEX_Put": -7948446.941,
    "GEX_Total": -1184990.346,
    "GEX_Ratio": 0.850915,
    "VEX_Call": -2806201.844,
    "VEX_Put": 8920869.207,
    "VEX_Total": 6114667.363,
    "VEX_Ratio": -0.314566,
    "CEX_Call": -10072239.159,
    "CEX_Put": 14192136.666,
    "CEX_Total": 4119897.507,
    "CEX_Ratio": -0.709706
}