{
    "timestamp": "2025-11-19 07:39:22",
    "cum_gam": 6611.00654067245,
    "cum_vec": 9371.285926325732,
    "DEX_Call": 1310.046,
    "DEX_Put": -2726.307,
    "DEX_Total": -1416.261,
    "DEX_Ratio": 0.48052,
    "GEX_Call": 4450041.548,
    "GEX_Put": -6996525.82,
    "GEX_Total": -2546484.272,
    "GEX_Ratio": 0.636036,
    "VEX_Call": -3096908.706,
    "VEX_Put": 4020297.059,
    "VEX_Total": 923388.353,
    "VEX_Ratio": -0.770318,
    "CEX_Call": -13964285.279,
    "CEX_Put": 13837913.53,
    "CEX_Total": -126371.749,
    "CEX_Ratio": -1.009132
}