{
    "timestamp": "2025-08-22 07:21:05",
    "cum_gam": null,
    "cum_vec": 7653.749597682652,
    "DEX_Call": 961.291,
    "DEX_Put": -330.54,
    "DEX_Total": 630.751,
    "DEX_Ratio": 2.908244,
    "GEX_Call": 6418470.813,
    "GEX_Put": -2797281.324,
    "GEX_Total": 3621189.489,
    "GEX_Ratio": 2.294539,
    "VEX_Call": -719786.832,
    "VEX_Put": 2900776.416,
    "VEX_Total": 2180989.584,
    "VEX_Ratio": -0.248136,
    "CEX_Call": -6698277.399,
    "CEX_Put": 19252703.47,
    "CEX_Total": 12554426.071,
    "CEX_Ratio": -0.347914
}