{
    "timestamp": "2025-07-02 07:05:45",
    "cum_gam": null,
    "cum_vec": 6821.715413515955,
    "DEX_Call": 2836.981,
    "DEX_Put": -906.745,
    "DEX_Total": 1930.236,
    "DEX_Ratio": 3.128753,
    "GEX_Call": 7774852.569,
    "GEX_Put": -4773317.492,
    "GEX_Total": 3001535.077,
    "GEX_Ratio": 1.628815,
    "VEX_Call": 455491.568,
    "VEX_Put": 7817597.59,
    "VEX_Total": 8273089.158,
    "VEX_Ratio": 0.058265,
    "CEX_Call": -6712258.186,
    "CEX_Put": 12343281.547,
    "CEX_Total": 5631023.361,
    "CEX_Ratio": -0.543799
}