{
    "timestamp": "2025-09-11 08:39:08",
    "cum_gam": 7008.350239162538,
    "cum_vec": 7523.972064645145,
    "DEX_Call": 6334.665,
    "DEX_Put": -1213.183,
    "DEX_Total": 5121.482,
    "DEX_Ratio": 5.221525,
    "GEX_Call": 15016490.451,
    "GEX_Put": -7060513.264,
    "GEX_Total": 7955977.187,
    "GEX_Ratio": 2.126827,
    "VEX_Call": 4715494.72,
    "VEX_Put": 14677802.618,
    "VEX_Total": 19393297.338,
    "VEX_Ratio": 0.321267,
    "CEX_Call": 3429163.66,
    "CEX_Put": 26942098.285,
    "CEX_Total": 30371261.945,
    "CEX_Ratio": 0.127279
}