{
    "timestamp": "2025-11-26 12:15:03",
    "cum_gam": null,
    "cum_vec": 8084.312755515652,
    "DEX_Call": 8181.859,
    "DEX_Put": -2616.804,
    "DEX_Total": 5565.055,
    "DEX_Ratio": 3.126661,
    "GEX_Call": 7418231.781,
    "GEX_Put": -6228338.956,
    "GEX_Total": 1189892.825,
    "GEX_Ratio": 1.191045,
    "VEX_Call": 4343924.396,
    "VEX_Put": 11177346.776,
    "VEX_Total": 15521271.172,
    "VEX_Ratio": 0.388636,
    "CEX_Call": 550044.407,
    "CEX_Put": 2719139.037,
    "CEX_Total": 3269183.444,
    "CEX_Ratio": 0.202286
}