{
    "timestamp": "2025-09-03 11:55:11",
    "cum_gam": 7009.188301649105,
    "cum_vec": 7467.33664566946,
    "DEX_Call": 6669.877,
    "DEX_Put": -3087.511,
    "DEX_Total": 3582.366,
    "DEX_Ratio": 2.160276,
    "GEX_Call": 12248537.22,
    "GEX_Put": -11776098.731,
    "GEX_Total": 472438.489,
    "GEX_Ratio": 1.040118,
    "VEX_Call": 1248232.991,
    "VEX_Put": 15750706.858,
    "VEX_Total": 16998939.849,
    "VEX_Ratio": 0.079249,
    "CEX_Call": -14772240.809,
    "CEX_Put": 25704767.413,
    "CEX_Total": 10932526.604,
    "CEX_Ratio": -0.574689
}