{
    "timestamp": "2025-09-05 09:05:34",
    "cum_gam": 7008.973760246597,
    "cum_vec": 7470.562595684418,
    "DEX_Call": 4734.998,
    "DEX_Put": -2631.787,
    "DEX_Total": 2103.211,
    "DEX_Ratio": 1.799157,
    "GEX_Call": 13812978.71,
    "GEX_Put": -15922362.588,
    "GEX_Total": -2109383.878,
    "GEX_Ratio": 0.867521,
    "VEX_Call": 368909.274,
    "VEX_Put": 16921944.528,
    "VEX_Total": 17290853.802,
    "VEX_Ratio": 0.021801,
    "CEX_Call": -22639083.297,
    "CEX_Put": 49460662.196,
    "CEX_Total": 26821578.899,
    "CEX_Ratio": -0.457719
}