{
    "timestamp": "2025-11-18 12:19:25",
    "cum_gam": 8523.099643818956,
    "cum_vec": 8640.553417628733,
    "DEX_Call": 1216.565,
    "DEX_Put": -2803.526,
    "DEX_Total": -1586.961,
    "DEX_Ratio": 0.433941,
    "GEX_Call": 3973050.437,
    "GEX_Put": -8170978.143,
    "GEX_Total": -4197927.706,
    "GEX_Ratio": 0.486239,
    "VEX_Call": -2870775.458,
    "VEX_Put": 4187654.262,
    "VEX_Total": 1316878.804,
    "VEX_Ratio": -0.685533,
    "CEX_Call": -18911511.393,
    "CEX_Put": 18100187.677,
    "CEX_Total": -811323.716,
    "CEX_Ratio": -1.044824
}