{
    "timestamp": "2025-09-22 11:33:59",
    "cum_gam": null,
    "cum_vec": 7028.393092517568,
    "DEX_Call": 1241.712,
    "DEX_Put": -286.239,
    "DEX_Total": 955.473,
    "DEX_Ratio": 4.338025,
    "GEX_Call": 6858990.555,
    "GEX_Put": -2657100.98,
    "GEX_Total": 4201889.575,
    "GEX_Ratio": 2.581381,
    "VEX_Call": -109624.168,
    "VEX_Put": 3189697.508,
    "VEX_Total": 3080073.34,
    "VEX_Ratio": -0.034368,
    "CEX_Call": -10857212.528,
    "CEX_Put": 14643247.079,
    "CEX_Total": 3786034.551,
    "CEX_Ratio": -0.741448
}