{
    "timestamp": "2025-09-16 12:52:57",
    "cum_gam": 8596.381979012289,
    "cum_vec": 8596.381979012289,
    "DEX_Call": 11293.745,
    "DEX_Put": -1081.538,
    "DEX_Total": 10212.207,
    "DEX_Ratio": 10.442301,
    "GEX_Call": 13808569.705,
    "GEX_Put": -8840433.428,
    "GEX_Total": 4968136.277,
    "GEX_Ratio": 1.561979,
    "VEX_Call": 7370982.052,
    "VEX_Put": 12979989.27,
    "VEX_Total": 20350971.322,
    "VEX_Ratio": 0.567873,
    "CEX_Call": 8626354.98,
    "CEX_Put": 44798371.144,
    "CEX_Total": 53424726.124,
    "CEX_Ratio": 0.19256
}