{
    "timestamp": "2025-07-08 11:59:40",
    "cum_gam": 7015.851863133313,
    "cum_vec": 7200.679540816506,
    "DEX_Call": 2488.493,
    "DEX_Put": -812.685,
    "DEX_Total": 1675.808,
    "DEX_Ratio": 3.062063,
    "GEX_Call": 6831278.707,
    "GEX_Put": -5502086.02,
    "GEX_Total": 1329192.687,
    "GEX_Ratio": 1.24158,
    "VEX_Call": -144766.007,
    "VEX_Put": 6101970.201,
    "VEX_Total": 5957204.194,
    "VEX_Ratio": -0.023724,
    "CEX_Call": -13015633.746,
    "CEX_Put": 22930061.596,
    "CEX_Total": 9914427.85,
    "CEX_Ratio": -0.567623
}