{
    "timestamp": "2025-07-28 09:48:05",
    "cum_gam": null,
    "cum_vec": 6823.022707838707,
    "DEX_Call": 483.568,
    "DEX_Put": -136.902,
    "DEX_Total": 346.666,
    "DEX_Ratio": 3.53222,
    "GEX_Call": 4735054.111,
    "GEX_Put": -2341553.927,
    "GEX_Total": 2393500.184,
    "GEX_Ratio": 2.022185,
    "VEX_Call": -678155.652,
    "VEX_Put": 1035531.149,
    "VEX_Total": 357375.497,
    "VEX_Ratio": -0.654887,
    "CEX_Call": -10458528.524,
    "CEX_Put": 11286865.347,
    "CEX_Total": 828336.823,
    "CEX_Ratio": -0.926611
}