{
    "timestamp": "2025-07-10 10:29:33",
    "cum_gam": 7008.846250471046,
    "cum_vec": 7214.454726841746,
    "DEX_Call": 1857.661,
    "DEX_Put": -504.541,
    "DEX_Total": 1353.12,
    "DEX_Ratio": 3.681883,
    "GEX_Call": 8342384.627,
    "GEX_Put": -3502687.155,
    "GEX_Total": 4839697.472,
    "GEX_Ratio": 2.38171,
    "VEX_Call": -431889.788,
    "VEX_Put": 5067905.824,
    "VEX_Total": 4636016.036,
    "VEX_Ratio": -0.085221,
    "CEX_Call": -8638769.88,
    "CEX_Put": 13705510.998,
    "CEX_Total": 5066741.118,
    "CEX_Ratio": -0.630314
}