{
    "timestamp": "2025-09-15 10:29:48",
    "cum_gam": 11099.459388185654,
    "cum_vec": 11099.459388185654,
    "DEX_Call": 8773.028,
    "DEX_Put": -1250.086,
    "DEX_Total": 7522.942,
    "DEX_Ratio": 7.01794,
    "GEX_Call": 14637827.676,
    "GEX_Put": -8047455.524,
    "GEX_Total": 6590372.152,
    "GEX_Ratio": 1.818939,
    "VEX_Call": 5178890.661,
    "VEX_Put": 13469378.734,
    "VEX_Total": 18648269.395,
    "VEX_Ratio": 0.384494,
    "CEX_Call": -1468623.269,
    "CEX_Put": 42659137.571,
    "CEX_Total": 41190514.302,
    "CEX_Ratio": -0.034427
}