{
    "timestamp": "2025-06-25 11:52:17",
    "cum_gam": null,
    "cum_vec": null,
    "DEX_Call": 1247.873,
    "DEX_Put": -232.724,
    "DEX_Total": 1015.149,
    "DEX_Ratio": 5.36203,
    "GEX_Call": 5391495.885,
    "GEX_Put": -3043387.196,
    "GEX_Total": 2348108.689,
    "GEX_Ratio": 1.771545,
    "VEX_Call": 211896.037,
    "VEX_Put": 2308547.236,
    "VEX_Total": 2520443.273,
    "VEX_Ratio": 0.091788,
    "CEX_Call": -9029750.295,
    "CEX_Put": 24731427.596,
    "CEX_Total": 15701677.301,
    "CEX_Ratio": -0.365112
}