{
    "timestamp": "2025-11-14 10:47:19",
    "cum_gam": 6604.402906193756,
    "cum_vec": 7776.274308403685,
    "DEX_Call": 1653.662,
    "DEX_Put": -1872.433,
    "DEX_Total": -218.771,
    "DEX_Ratio": 0.883162,
    "GEX_Call": 6483490.068,
    "GEX_Put": -7703229.286,
    "GEX_Total": -1219739.218,
    "GEX_Ratio": 0.841659,
    "VEX_Call": -2542950.813,
    "VEX_Put": 6989594.464,
    "VEX_Total": 4446643.651,
    "VEX_Ratio": -0.36382,
    "CEX_Call": -15090880.362,
    "CEX_Put": 35125358.277,
    "CEX_Total": 20034477.915,
    "CEX_Ratio": -0.429629
}