{
    "timestamp": "2025-09-26 09:23:16",
    "cum_gam": 6211.406896754655,
    "cum_vec": 6905.139536119762,
    "DEX_Call": 432.961,
    "DEX_Put": -522.712,
    "DEX_Total": -89.751,
    "DEX_Ratio": 0.828297,
    "GEX_Call": 4496188.86,
    "GEX_Put": -4547207.909,
    "GEX_Total": -51019.049,
    "GEX_Ratio": 0.98878,
    "VEX_Call": -587055.643,
    "VEX_Put": 2128754.49,
    "VEX_Total": 1541698.847,
    "VEX_Ratio": -0.275774,
    "CEX_Call": -9162600.475,
    "CEX_Put": 16113811.072,
    "CEX_Total": 6951210.597,
    "CEX_Ratio": -0.568618
}