{
    "timestamp": "2025-10-14 07:59:03",
    "cum_gam": 11988.307692307691,
    "cum_vec": 11988.307692307691,
    "DEX_Call": 3099.54,
    "DEX_Put": -2477.301,
    "DEX_Total": 622.239,
    "DEX_Ratio": 1.251176,
    "GEX_Call": 6370848.529,
    "GEX_Put": -9514595.062,
    "GEX_Total": -3143746.533,
    "GEX_Ratio": 0.669587,
    "VEX_Call": -2471452.815,
    "VEX_Put": 8404858.451,
    "VEX_Total": 5933405.636,
    "VEX_Ratio": -0.29405,
    "CEX_Call": -11469124.058,
    "CEX_Put": 22233233.046,
    "CEX_Total": 10764108.988,
    "CEX_Ratio": -0.515855
}