{
    "timestamp": "2025-08-12 11:08:38",
    "cum_gam": 7009.541284815234,
    "cum_vec": 7485.550521482653,
    "DEX_Call": 2226.487,
    "DEX_Put": -567.244,
    "DEX_Total": 1659.243,
    "DEX_Ratio": 3.925096,
    "GEX_Call": 11381852.367,
    "GEX_Put": -3762069.975,
    "GEX_Total": 7619782.392,
    "GEX_Ratio": 3.025423,
    "VEX_Call": -153240.728,
    "VEX_Put": 6255869.685,
    "VEX_Total": 6102628.957,
    "VEX_Ratio": -0.024496,
    "CEX_Call": -9949053.129,
    "CEX_Put": 18149128.481,
    "CEX_Total": 8200075.352,
    "CEX_Ratio": -0.548184
}