{
    "timestamp": "2025-11-26 13:09:57",
    "cum_gam": null,
    "cum_vec": 8080.393448586397,
    "DEX_Call": 8258.449,
    "DEX_Put": -2618.757,
    "DEX_Total": 5639.692,
    "DEX_Ratio": 3.153576,
    "GEX_Call": 7416030.001,
    "GEX_Put": -6229233.41,
    "GEX_Total": 1186796.591,
    "GEX_Ratio": 1.19052,
    "VEX_Call": 4368158.91,
    "VEX_Put": 11217798.704,
    "VEX_Total": 15585957.614,
    "VEX_Ratio": 0.389395,
    "CEX_Call": 559717.324,
    "CEX_Put": 2736125.031,
    "CEX_Total": 3295842.355,
    "CEX_Ratio": 0.204566
}