{
    "timestamp": "2025-07-01 08:12:23",
    "cum_gam": 7011.709057457547,
    "cum_vec": 7209.179077969198,
    "DEX_Call": 2745.568,
    "DEX_Put": -1101.721,
    "DEX_Total": 1643.847,
    "DEX_Ratio": 2.492072,
    "GEX_Call": 7741359.451,
    "GEX_Put": -7988864.21,
    "GEX_Total": -247504.759,
    "GEX_Ratio": 0.969019,
    "VEX_Call": 75023.263,
    "VEX_Put": 8312309.426,
    "VEX_Total": 8387332.689,
    "VEX_Ratio": 0.009026,
    "CEX_Call": -12762745.2,
    "CEX_Put": 22675560.334,
    "CEX_Total": 9912815.134,
    "CEX_Ratio": -0.562841
}