{
    "timestamp": "2025-07-10 11:30:02",
    "cum_gam": null,
    "cum_vec": 7231.820394200104,
    "DEX_Call": 2184.753,
    "DEX_Put": -489.489,
    "DEX_Total": 1695.264,
    "DEX_Ratio": 4.463334,
    "GEX_Call": 8607374.779,
    "GEX_Put": -3318253.398,
    "GEX_Total": 5289121.381,
    "GEX_Ratio": 2.593947,
    "VEX_Call": -184598.493,
    "VEX_Put": 5138956.494,
    "VEX_Total": 4954358.001,
    "VEX_Ratio": -0.035921,
    "CEX_Call": -11224873.416,
    "CEX_Put": 14780507.602,
    "CEX_Total": 3555634.186,
    "CEX_Ratio": -0.759438
}