{
    "timestamp": "2025-08-07 11:26:42",
    "cum_gam": 7009.751702968576,
    "cum_vec": 7416.582853863695,
    "DEX_Call": 2193.351,
    "DEX_Put": -1545.161,
    "DEX_Total": 648.19,
    "DEX_Ratio": 1.419497,
    "GEX_Call": 6794276.505,
    "GEX_Put": -7409617.758,
    "GEX_Total": -615341.253,
    "GEX_Ratio": 0.916954,
    "VEX_Call": -2507336.337,
    "VEX_Put": 7838959.626,
    "VEX_Total": 5331623.289,
    "VEX_Ratio": -0.319856,
    "CEX_Call": -11768459.701,
    "CEX_Put": 14382504.729,
    "CEX_Total": 2614045.028,
    "CEX_Ratio": -0.818248
}