{
    "timestamp": "2025-10-21 12:00:27",
    "cum_gam": 8796.143250688705,
    "cum_vec": 8796.143250688705,
    "DEX_Call": 1219.574,
    "DEX_Put": -499.865,
    "DEX_Total": 719.709,
    "DEX_Ratio": 2.439807,
    "GEX_Call": 7718483.01,
    "GEX_Put": -4550879.374,
    "GEX_Total": 3167603.636,
    "GEX_Ratio": 1.696042,
    "VEX_Call": -765944.942,
    "VEX_Put": 4397445.272,
    "VEX_Total": 3631500.33,
    "VEX_Ratio": -0.17418,
    "CEX_Call": -13746599.411,
    "CEX_Put": 21112954.197,
    "CEX_Total": 7366354.786,
    "CEX_Ratio": -0.651098
}