{
    "timestamp": "2025-07-31 11:10:12",
    "cum_gam": 6319.45322280601,
    "cum_vec": 6808.949460250489,
    "DEX_Call": 141.382,
    "DEX_Put": -180.489,
    "DEX_Total": -39.107,
    "DEX_Ratio": 0.783328,
    "GEX_Call": 1453557.608,
    "GEX_Put": -1792718.971,
    "GEX_Total": -339161.363,
    "GEX_Ratio": 0.810812,
    "VEX_Call": -275458.662,
    "VEX_Put": 341880.934,
    "VEX_Total": 66422.272,
    "VEX_Ratio": -0.805715,
    "CEX_Call": -15712115.136,
    "CEX_Put": 18938941.268,
    "CEX_Total": 3226826.132,
    "CEX_Ratio": -0.82962
}