{
    "timestamp": "2025-09-09 09:53:01",
    "cum_gam": 7008.989909603204,
    "cum_vec": 7495.6821475599645,
    "DEX_Call": 4701.634,
    "DEX_Put": -1906.355,
    "DEX_Total": 2795.279,
    "DEX_Ratio": 2.466295,
    "GEX_Call": 14442751.195,
    "GEX_Put": -10658323.231,
    "GEX_Total": 3784427.964,
    "GEX_Ratio": 1.355068,
    "VEX_Call": 1590338.332,
    "VEX_Put": 14424894.557,
    "VEX_Total": 16015232.889,
    "VEX_Ratio": 0.11025,
    "CEX_Call": -8101464.822,
    "CEX_Put": 19396644.821,
    "CEX_Total": 11295179.999,
    "CEX_Ratio": -0.417674
}