{
    "timestamp": "2025-09-08 10:58:32",
    "cum_gam": 7008.986840369823,
    "cum_vec": 7571.6610208990505,
    "DEX_Call": 4593.258,
    "DEX_Put": -2050.152,
    "DEX_Total": 2543.106,
    "DEX_Ratio": 2.240448,
    "GEX_Call": 13924957.205,
    "GEX_Put": -10800188.253,
    "GEX_Total": 3124768.952,
    "GEX_Ratio": 1.289325,
    "VEX_Call": 1121571.632,
    "VEX_Put": 14298548.421,
    "VEX_Total": 15420120.053,
    "VEX_Ratio": 0.07844,
    "CEX_Call": -11222555.661,
    "CEX_Put": 22524872.02,
    "CEX_Total": 11302316.359,
    "CEX_Ratio": -0.498229
}