{
    "timestamp": "2025-07-01 10:24:13",
    "cum_gam": 7011.374709976798,
    "cum_vec": 7202.841599937994,
    "DEX_Call": 3467.312,
    "DEX_Put": -831.519,
    "DEX_Total": 2635.793,
    "DEX_Ratio": 4.169853,
    "GEX_Call": 9100293.247,
    "GEX_Put": -5975673.57,
    "GEX_Total": 3124619.677,
    "GEX_Ratio": 1.52289,
    "VEX_Call": 964263.442,
    "VEX_Put": 8120614.786,
    "VEX_Total": 9084878.228,
    "VEX_Ratio": 0.118743,
    "CEX_Call": -13530277.591,
    "CEX_Put": 35179812.804,
    "CEX_Total": 21649535.213,
    "CEX_Ratio": -0.384603
}