{
    "timestamp": "2025-10-06 09:31:43",
    "cum_gam": null,
    "cum_vec": 8039.908663349465,
    "DEX_Call": 2845.513,
    "DEX_Put": -1266.514,
    "DEX_Total": 1578.999,
    "DEX_Ratio": 2.246728,
    "GEX_Call": 10958005.791,
    "GEX_Put": -6572553.508,
    "GEX_Total": 4385452.283,
    "GEX_Ratio": 1.667237,
    "VEX_Call": -436339.023,
    "VEX_Put": 10482034.876,
    "VEX_Total": 10045695.853,
    "VEX_Ratio": -0.041627,
    "CEX_Call": -9497656.428,
    "CEX_Put": 19109386.122,
    "CEX_Total": 9611729.694,
    "CEX_Ratio": -0.497015
}