{
    "timestamp": "2025-10-31 11:21:40",
    "cum_gam": 6777.858177772866,
    "cum_vec": 6777.858177772866,
    "DEX_Call": 785.287,
    "DEX_Put": -213.86,
    "DEX_Total": 571.427,
    "DEX_Ratio": 3.671968,
    "GEX_Call": 2806399.408,
    "GEX_Put": -2911857.672,
    "GEX_Total": -105458.264,
    "GEX_Ratio": 0.963783,
    "VEX_Call": -112598.558,
    "VEX_Put": 460086.987,
    "VEX_Total": 347488.429,
    "VEX_Ratio": -0.244733,
    "CEX_Call": -6654928.59,
    "CEX_Put": 24946294.361,
    "CEX_Total": 18291365.771,
    "CEX_Ratio": -0.26677
}