{
    "timestamp": "2025-10-03 12:14:11",
    "cum_gam": null,
    "cum_vec": 8783.876706845173,
    "DEX_Call": 2601.467,
    "DEX_Put": -1319.323,
    "DEX_Total": 1282.144,
    "DEX_Ratio": 1.97182,
    "GEX_Call": 11165656.785,
    "GEX_Put": -6713384.275,
    "GEX_Total": 4452272.51,
    "GEX_Ratio": 1.663193,
    "VEX_Call": -753965.031,
    "VEX_Put": 11299097.546,
    "VEX_Total": 10545132.515,
    "VEX_Ratio": -0.066728,
    "CEX_Call": -21443604.325,
    "CEX_Put": 32690056.522,
    "CEX_Total": 11246452.197,
    "CEX_Ratio": -0.655967
}