{
    "timestamp": "2025-11-12 13:12:16",
    "cum_gam": null,
    "cum_vec": 7781.320272532679,
    "DEX_Call": 2248.465,
    "DEX_Put": -1222.422,
    "DEX_Total": 1026.043,
    "DEX_Ratio": 1.839353,
    "GEX_Call": 10165150.454,
    "GEX_Put": -6714987.335,
    "GEX_Total": 3450163.119,
    "GEX_Ratio": 1.5138,
    "VEX_Call": -2060731.822,
    "VEX_Put": 7134719.472,
    "VEX_Total": 5073987.65,
    "VEX_Ratio": -0.288832,
    "CEX_Call": -21535790.707,
    "CEX_Put": 41882995.277,
    "CEX_Total": 20347204.57,
    "CEX_Ratio": -0.514189
}