{
    "timestamp": "2025-08-18 11:57:40",
    "cum_gam": 8199.7643732328,
    "cum_vec": 8400.0,
    "DEX_Call": 884.512,
    "DEX_Put": -455.543,
    "DEX_Total": 428.969,
    "DEX_Ratio": 1.941665,
    "GEX_Call": 5921326.971,
    "GEX_Put": -4232193.894,
    "GEX_Total": 1689133.077,
    "GEX_Ratio": 1.399115,
    "VEX_Call": -719317.53,
    "VEX_Put": 3321413.429,
    "VEX_Total": 2602095.899,
    "VEX_Ratio": -0.21657,
    "CEX_Call": -7824456.0,
    "CEX_Put": 13681741.89,
    "CEX_Total": 5857285.89,
    "CEX_Ratio": -0.57189
}