{
    "timestamp": "2025-06-27 09:43:52",
    "cum_gam": 6326.60478206314,
    "cum_vec": 6401.531477453202,
    "DEX_Call": 542.76,
    "DEX_Put": -99.767,
    "DEX_Total": 442.993,
    "DEX_Ratio": 5.440276,
    "GEX_Call": 5601827.717,
    "GEX_Put": -991248.139,
    "GEX_Total": 4610579.578,
    "GEX_Ratio": 5.651287,
    "VEX_Call": -95631.566,
    "VEX_Put": 1085819.302,
    "VEX_Total": 990187.736,
    "VEX_Ratio": -0.088073,
    "CEX_Call": -1614221.545,
    "CEX_Put": 17265350.943,
    "CEX_Total": 15651129.398,
    "CEX_Ratio": -0.093495
}