{
    "timestamp": "2025-07-02 11:48:42",
    "cum_gam": 7022.7719621490305,
    "cum_vec": 7131.5446235614845,
    "DEX_Call": 3191.005,
    "DEX_Put": -729.895,
    "DEX_Total": 2461.11,
    "DEX_Ratio": 4.371869,
    "GEX_Call": 8928268.289,
    "GEX_Put": -3925647.852,
    "GEX_Total": 5002620.437,
    "GEX_Ratio": 2.274343,
    "VEX_Call": 1232012.15,
    "VEX_Put": 7242409.87,
    "VEX_Total": 8474422.02,
    "VEX_Ratio": 0.170111,
    "CEX_Call": 1699145.43,
    "CEX_Put": 17350672.488,
    "CEX_Total": 19049817.918,
    "CEX_Ratio": 0.09793
}