{
    "timestamp": "2026-07-23 08:36:54",
    "cum_gam": 7436.813128637995,
    "cum_vec": 7436.813128637995,
    "DEX_Call": 354.535,
    "DEX_Put": -1753.504,
    "DEX_Total": -1398.969,
    "DEX_Ratio": 0.202187,
    "GEX_Call": 2088150.34,
    "GEX_Put": -6909929.525,
    "GEX_Total": -4821779.185,
    "GEX_Ratio": 0.302196,
    "VEX_Call": -2628385.288,
    "VEX_Put": 2685488.307,
    "VEX_Total": 57103.019,
    "VEX_Ratio": -0.978736,
    "CEX_Call": -9105485.733,
    "CEX_Put": 8600783.3,
    "CEX_Total": -504702.433,
    "CEX_Ratio": -1.058681
}