{
    "timestamp": "2025-08-11 11:31:24",
    "cum_gam": 7008.686213759475,
    "cum_vec": 7548.5124497991965,
    "DEX_Call": 2614.939,
    "DEX_Put": -895.133,
    "DEX_Total": 1719.806,
    "DEX_Ratio": 2.921285,
    "GEX_Call": 9102806.393,
    "GEX_Put": -6071570.506,
    "GEX_Total": 3031235.887,
    "GEX_Ratio": 1.499251,
    "VEX_Call": -1213612.282,
    "VEX_Put": 6741420.13,
    "VEX_Total": 5527807.848,
    "VEX_Ratio": -0.180023,
    "CEX_Call": -13869127.97,
    "CEX_Put": 20547887.33,
    "CEX_Total": 6678759.36,
    "CEX_Ratio": -0.674966
}