{
    "timestamp": "2025-08-11 12:01:04",
    "cum_gam": 7009.463626662739,
    "cum_vec": 7513.2316338819755,
    "DEX_Call": 1900.866,
    "DEX_Put": -908.991,
    "DEX_Total": 991.875,
    "DEX_Ratio": 2.091182,
    "GEX_Call": 8844067.964,
    "GEX_Put": -6124045.36,
    "GEX_Total": 2720022.604,
    "GEX_Ratio": 1.444155,
    "VEX_Call": -1438831.882,
    "VEX_Put": 6619054.075,
    "VEX_Total": 5180222.193,
    "VEX_Ratio": -0.217377,
    "CEX_Call": -16738280.147,
    "CEX_Put": 21035525.227,
    "CEX_Total": 4297245.08,
    "CEX_Ratio": -0.795715
}