{
    "timestamp": "2025-11-07 11:58:03",
    "cum_gam": 6694.113558241049,
    "cum_vec": 7780.3822713244635,
    "DEX_Call": 1495.12,
    "DEX_Put": -3219.226,
    "DEX_Total": -1724.106,
    "DEX_Ratio": 0.464435,
    "GEX_Call": 4128289.06,
    "GEX_Put": -9146697.221,
    "GEX_Total": -5018408.161,
    "GEX_Ratio": 0.451342,
    "VEX_Call": -3538769.463,
    "VEX_Put": 6846929.953,
    "VEX_Total": 3308160.49,
    "VEX_Ratio": -0.51684,
    "CEX_Call": -14915296.93,
    "CEX_Put": 24307250.671,
    "CEX_Total": 9391953.741,
    "CEX_Ratio": -0.613615
}