{
    "timestamp": "2025-11-18 10:20:41",
    "cum_gam": 6666.656461554446,
    "cum_vec": 6666.656461554446,
    "DEX_Call": 1857.451,
    "DEX_Put": -3125.095,
    "DEX_Total": -1267.644,
    "DEX_Ratio": 0.594366,
    "GEX_Call": 3324283.361,
    "GEX_Put": -7807305.891,
    "GEX_Total": -4483022.53,
    "GEX_Ratio": 0.425791,
    "VEX_Call": -2710281.058,
    "VEX_Put": 3836067.076,
    "VEX_Total": 1125786.018,
    "VEX_Ratio": -0.706526,
    "CEX_Call": -12668433.559,
    "CEX_Put": 9868016.833,
    "CEX_Total": -2800416.726,
    "CEX_Ratio": -1.283787
}