{
    "timestamp": "2025-08-14 11:46:52",
    "cum_gam": 7009.093748968265,
    "cum_vec": 7009.093748968265,
    "DEX_Call": 1675.764,
    "DEX_Put": -625.383,
    "DEX_Total": 1050.381,
    "DEX_Ratio": 2.67958,
    "GEX_Call": 10283417.89,
    "GEX_Put": -6087836.076,
    "GEX_Total": 4195581.814,
    "GEX_Ratio": 1.689175,
    "VEX_Call": -970159.779,
    "VEX_Put": 5400503.725,
    "VEX_Total": 4430343.946,
    "VEX_Ratio": -0.179642,
    "CEX_Call": -18235890.789,
    "CEX_Put": 32090105.531,
    "CEX_Total": 13854214.742,
    "CEX_Ratio": -0.568271
}