{
    "timestamp": "2025-10-17 10:44:41",
    "cum_gam": 8677.321642088482,
    "cum_vec": 8677.321642088482,
    "DEX_Call": 957.675,
    "DEX_Put": -1295.299,
    "DEX_Total": -337.624,
    "DEX_Ratio": 0.739347,
    "GEX_Call": 3777006.777,
    "GEX_Put": -5373000.785,
    "GEX_Total": -1595994.008,
    "GEX_Ratio": 0.70296,
    "VEX_Call": -2117025.89,
    "VEX_Put": 6056670.371,
    "VEX_Total": 3939644.481,
    "VEX_Ratio": -0.349536,
    "CEX_Call": -10358972.7,
    "CEX_Put": 28103386.342,
    "CEX_Total": 17744413.642,
    "CEX_Ratio": -0.368602
}