{
    "timestamp": "2025-06-27 08:00:17",
    "cum_gam": null,
    "cum_vec": 6402.634414508811,
    "DEX_Call": 1117.416,
    "DEX_Put": -121.554,
    "DEX_Total": 995.862,
    "DEX_Ratio": 9.192754,
    "GEX_Call": 6106164.436,
    "GEX_Put": -1384589.416,
    "GEX_Total": 4721575.02,
    "GEX_Ratio": 4.41009,
    "VEX_Call": 660467.773,
    "VEX_Put": 1234164.94,
    "VEX_Total": 1894632.713,
    "VEX_Ratio": 0.535154,
    "CEX_Call": 8489142.669,
    "CEX_Put": 16838591.689,
    "CEX_Total": 25327734.358,
    "CEX_Ratio": 0.504148
}