{
    "timestamp": "2025-10-03 08:34:02",
    "cum_gam": null,
    "cum_vec": 8775.862446610448,
    "DEX_Call": 3030.91,
    "DEX_Put": -1212.66,
    "DEX_Total": 1818.25,
    "DEX_Ratio": 2.49939,
    "GEX_Call": 12708677.666,
    "GEX_Put": -6118573.737,
    "GEX_Total": 6590103.929,
    "GEX_Ratio": 2.077065,
    "VEX_Call": -223278.723,
    "VEX_Put": 11743276.418,
    "VEX_Total": 11519997.695,
    "VEX_Ratio": -0.019013,
    "CEX_Call": -4720377.429,
    "CEX_Put": 29128054.201,
    "CEX_Total": 24407676.772,
    "CEX_Ratio": -0.162056
}