{
    "timestamp": "2025-11-13 10:48:31",
    "cum_gam": 6692.533245026177,
    "cum_vec": 7786.66282703031,
    "DEX_Call": 1660.543,
    "DEX_Put": -2045.531,
    "DEX_Total": -384.988,
    "DEX_Ratio": 0.811791,
    "GEX_Call": 5647527.167,
    "GEX_Put": -7826486.488,
    "GEX_Total": -2178959.321,
    "GEX_Ratio": 0.721592,
    "VEX_Call": -3061443.919,
    "VEX_Put": 6578376.78,
    "VEX_Total": 3516932.861,
    "VEX_Ratio": -0.46538,
    "CEX_Call": -14328382.934,
    "CEX_Put": 18893349.09,
    "CEX_Total": 4564966.156,
    "CEX_Ratio": -0.758382
}