{
    "timestamp": "2025-10-20 07:05:52",
    "cum_gam": 8790.425531914894,
    "cum_vec": 8790.425531914894,
    "DEX_Call": 1220.585,
    "DEX_Put": -688.269,
    "DEX_Total": 532.316,
    "DEX_Ratio": 1.773413,
    "GEX_Call": 6130501.076,
    "GEX_Put": -3916004.668,
    "GEX_Total": 2214496.408,
    "GEX_Ratio": 1.565499,
    "VEX_Call": -1271403.606,
    "VEX_Put": 5399546.238,
    "VEX_Total": 4128142.632,
    "VEX_Ratio": -0.235465,
    "CEX_Call": -7272542.637,
    "CEX_Put": 15753264.597,
    "CEX_Total": 8480721.96,
    "CEX_Ratio": -0.461653
}