{
    "timestamp": "2025-10-28 06:45:24",
    "cum_gam": null,
    "cum_vec": 8510.655737704918,
    "DEX_Call": 1301.701,
    "DEX_Put": -351.007,
    "DEX_Total": 950.694,
    "DEX_Ratio": 3.708476,
    "GEX_Call": 10593648.678,
    "GEX_Put": -4026753.317,
    "GEX_Total": 6566895.361,
    "GEX_Ratio": 2.630816,
    "VEX_Call": -770320.159,
    "VEX_Put": 3388816.753,
    "VEX_Total": 2618496.594,
    "VEX_Ratio": -0.227312,
    "CEX_Call": -17417882.062,
    "CEX_Put": 29261186.093,
    "CEX_Total": 11843304.031,
    "CEX_Ratio": -0.595256
}