{
    "timestamp": "2025-08-21 08:30:26",
    "cum_gam": 6330.349813360771,
    "cum_vec": 8286.037735849057,
    "DEX_Call": 704.778,
    "DEX_Put": -805.203,
    "DEX_Total": -100.425,
    "DEX_Ratio": 0.87528,
    "GEX_Call": 3402834.772,
    "GEX_Put": -4957137.881,
    "GEX_Total": -1554303.109,
    "GEX_Ratio": 0.686452,
    "VEX_Call": -1222943.31,
    "VEX_Put": 2945080.726,
    "VEX_Total": 1722137.416,
    "VEX_Ratio": -0.41525,
    "CEX_Call": -10036876.972,
    "CEX_Put": 13299825.271,
    "CEX_Total": 3262948.299,
    "CEX_Ratio": -0.754662
}