{
    "timestamp": "2025-08-15 11:11:30",
    "cum_gam": null,
    "cum_vec": 8020.57761732852,
    "DEX_Call": 1319.684,
    "DEX_Put": -470.524,
    "DEX_Total": 849.16,
    "DEX_Ratio": 2.804711,
    "GEX_Call": 7337930.62,
    "GEX_Put": -4536477.253,
    "GEX_Total": 2801453.367,
    "GEX_Ratio": 1.617539,
    "VEX_Call": -578655.312,
    "VEX_Put": 3833116.73,
    "VEX_Total": 3254461.418,
    "VEX_Ratio": -0.150962,
    "CEX_Call": -6185529.551,
    "CEX_Put": 20258345.917,
    "CEX_Total": 14072816.366,
    "CEX_Ratio": -0.305332
}