{
    "timestamp": "2025-11-06 13:53:52",
    "cum_gam": 6726.083013055323,
    "cum_vec": 7784.9020443927975,
    "DEX_Call": 1706.243,
    "DEX_Put": -2287.23,
    "DEX_Total": -580.987,
    "DEX_Ratio": 0.745987,
    "GEX_Call": 4895738.754,
    "GEX_Put": -8442318.991,
    "GEX_Total": -3546580.237,
    "GEX_Ratio": 0.579904,
    "VEX_Call": -3276789.624,
    "VEX_Put": 7569498.004,
    "VEX_Total": 4292708.38,
    "VEX_Ratio": -0.432894,
    "CEX_Call": -45684250.433,
    "CEX_Put": 67969955.164,
    "CEX_Total": 22285704.731,
    "CEX_Ratio": -0.672124
}