{
    "timestamp": "2025-09-22 08:10:04",
    "cum_gam": null,
    "cum_vec": 7028.266816598955,
    "DEX_Call": 1233.352,
    "DEX_Put": -355.117,
    "DEX_Total": 878.235,
    "DEX_Ratio": 3.473086,
    "GEX_Call": 6383754.217,
    "GEX_Put": -3335918.163,
    "GEX_Total": 3047836.054,
    "GEX_Ratio": 1.913642,
    "VEX_Call": -154305.951,
    "VEX_Put": 3646706.284,
    "VEX_Total": 3492400.333,
    "VEX_Ratio": -0.042314,
    "CEX_Call": -5694199.367,
    "CEX_Put": 16232128.557,
    "CEX_Total": 10537929.19,
    "CEX_Ratio": -0.350798
}