{
    "timestamp": "2025-09-17 11:13:41",
    "cum_gam": 8595.182978032757,
    "cum_vec": 8595.182978032757,
    "DEX_Call": 11320.223,
    "DEX_Put": -1338.18,
    "DEX_Total": 9982.043,
    "DEX_Ratio": 8.459417,
    "GEX_Call": 12587013.729,
    "GEX_Put": -9389044.963,
    "GEX_Total": 3197968.766,
    "GEX_Ratio": 1.340606,
    "VEX_Call": 8392395.015,
    "VEX_Put": 11766107.989,
    "VEX_Total": 20158503.004,
    "VEX_Ratio": 0.713269,
    "CEX_Call": 10209167.524,
    "CEX_Put": 57546032.303,
    "CEX_Total": 67755199.827,
    "CEX_Ratio": 0.177409
}