{
    "timestamp": "2025-09-17 08:50:28",
    "cum_gam": 8596.147644947008,
    "cum_vec": 8596.147644947008,
    "DEX_Call": 11034.329,
    "DEX_Put": -1465.088,
    "DEX_Total": 9569.241,
    "DEX_Ratio": 7.531513,
    "GEX_Call": 12135402.706,
    "GEX_Put": -9359787.173,
    "GEX_Total": 2775615.533,
    "GEX_Ratio": 1.296547,
    "VEX_Call": 6722604.947,
    "VEX_Put": 12532894.872,
    "VEX_Total": 19255499.819,
    "VEX_Ratio": 0.536397,
    "CEX_Call": 7252493.858,
    "CEX_Put": 46498691.751,
    "CEX_Total": 53751185.609,
    "CEX_Ratio": 0.155972
}