{
    "timestamp": "2025-10-01 11:41:18",
    "cum_gam": null,
    "cum_vec": 8912.83572174243,
    "DEX_Call": 3372.282,
    "DEX_Put": -1274.657,
    "DEX_Total": 2097.625,
    "DEX_Ratio": 2.645639,
    "GEX_Call": 12922712.056,
    "GEX_Put": -6280821.403,
    "GEX_Total": 6641890.653,
    "GEX_Ratio": 2.057488,
    "VEX_Call": 52279.734,
    "VEX_Put": 12317310.324,
    "VEX_Total": 12369590.058,
    "VEX_Ratio": 0.004244,
    "CEX_Call": -1667066.146,
    "CEX_Put": 25561963.366,
    "CEX_Total": 23894897.22,
    "CEX_Ratio": -0.065217
}