{
    "timestamp": "2025-10-24 11:12:20",
    "cum_gam": 8791.405342624856,
    "cum_vec": 8791.405342624856,
    "DEX_Call": 1477.277,
    "DEX_Put": -327.719,
    "DEX_Total": 1149.558,
    "DEX_Ratio": 4.507755,
    "GEX_Call": 10418296.823,
    "GEX_Put": -2408201.362,
    "GEX_Total": 8010095.461,
    "GEX_Ratio": 4.326173,
    "VEX_Call": -98087.184,
    "VEX_Put": 3682102.698,
    "VEX_Total": 3584015.514,
    "VEX_Ratio": -0.026639,
    "CEX_Call": -6889490.999,
    "CEX_Put": 27111925.968,
    "CEX_Total": 20222434.969,
    "CEX_Ratio": -0.254113
}