{
    "timestamp": "2025-10-06 07:06:30",
    "cum_gam": null,
    "cum_vec": 8087.700526180698,
    "DEX_Call": 2701.342,
    "DEX_Put": -1466.908,
    "DEX_Total": 1234.434,
    "DEX_Ratio": 1.841521,
    "GEX_Call": 9846830.177,
    "GEX_Put": -7450976.477,
    "GEX_Total": 2395853.7,
    "GEX_Ratio": 1.321549,
    "VEX_Call": -1103003.069,
    "VEX_Put": 10800523.898,
    "VEX_Total": 9697520.829,
    "VEX_Ratio": -0.102125,
    "CEX_Call": -8470755.227,
    "CEX_Put": 18164722.224,
    "CEX_Total": 9693966.997,
    "CEX_Ratio": -0.46633
}