{
    "timestamp": "2025-10-30 07:36:37",
    "cum_gam": null,
    "cum_vec": 8472.78911564626,
    "DEX_Call": 1046.608,
    "DEX_Put": -333.84,
    "DEX_Total": 712.768,
    "DEX_Ratio": 3.135059,
    "GEX_Call": 3508642.893,
    "GEX_Put": -3048346.852,
    "GEX_Total": 460296.041,
    "GEX_Ratio": 1.150999,
    "VEX_Call": -235647.018,
    "VEX_Put": 1492822.388,
    "VEX_Total": 1257175.37,
    "VEX_Ratio": -0.157853,
    "CEX_Call": -5709228.944,
    "CEX_Put": 14052503.572,
    "CEX_Total": 8343274.628,
    "CEX_Ratio": -0.406278
}