{
    "timestamp": "2025-11-06 13:04:42",
    "cum_gam": 6728.279952207957,
    "cum_vec": 7791.421590464495,
    "DEX_Call": 1758.366,
    "DEX_Put": -2159.094,
    "DEX_Total": -400.728,
    "DEX_Ratio": 0.8144,
    "GEX_Call": 5494932.155,
    "GEX_Put": -8523351.028,
    "GEX_Total": -3028418.873,
    "GEX_Ratio": 0.644692,
    "VEX_Call": -3273355.783,
    "VEX_Put": 7961436.912,
    "VEX_Total": 4688081.129,
    "VEX_Ratio": -0.411151,
    "CEX_Call": -21133218.992,
    "CEX_Put": 31788500.959,
    "CEX_Total": 10655281.967,
    "CEX_Ratio": -0.664807
}