{
    "timestamp": "2025-09-23 06:58:36",
    "cum_gam": null,
    "cum_vec": 7104.851327239361,
    "DEX_Call": 1398.37,
    "DEX_Put": -355.64,
    "DEX_Total": 1042.73,
    "DEX_Ratio": 3.931982,
    "GEX_Call": 7645928.397,
    "GEX_Put": -3813716.2,
    "GEX_Total": 3832212.197,
    "GEX_Ratio": 2.00485,
    "VEX_Call": -594097.53,
    "VEX_Put": 3636169.118,
    "VEX_Total": 3042071.588,
    "VEX_Ratio": -0.163386,
    "CEX_Call": -10072927.559,
    "CEX_Put": 14126936.933,
    "CEX_Total": 4054009.374,
    "CEX_Ratio": -0.71303
}