{
    "timestamp": "2025-11-07 12:30:52",
    "cum_gam": 6693.068808501426,
    "cum_vec": 7763.905835543766,
    "DEX_Call": 1549.336,
    "DEX_Put": -2651.977,
    "DEX_Total": -1102.641,
    "DEX_Ratio": 0.584219,
    "GEX_Call": 4406911.387,
    "GEX_Put": -8857101.626,
    "GEX_Total": -4450190.239,
    "GEX_Ratio": 0.497557,
    "VEX_Call": -3485316.774,
    "VEX_Put": 7189466.479,
    "VEX_Total": 3704149.705,
    "VEX_Ratio": -0.484781,
    "CEX_Call": -15222475.228,
    "CEX_Put": 40197792.759,
    "CEX_Total": 24975317.531,
    "CEX_Ratio": -0.378689
}