{
    "timestamp": "2025-08-14 10:35:11",
    "cum_gam": 11895.522388059702,
    "cum_vec": 11895.522388059702,
    "DEX_Call": 1589.529,
    "DEX_Put": -624.847,
    "DEX_Total": 964.682,
    "DEX_Ratio": 2.543869,
    "GEX_Call": 10547616.061,
    "GEX_Put": -5869084.763,
    "GEX_Total": 4678531.298,
    "GEX_Ratio": 1.797148,
    "VEX_Call": -1038598.113,
    "VEX_Put": 5618355.023,
    "VEX_Total": 4579756.91,
    "VEX_Ratio": -0.184858,
    "CEX_Call": -17766831.991,
    "CEX_Put": 31978337.669,
    "CEX_Total": 14211505.678,
    "CEX_Ratio": -0.55559
}