{
    "timestamp": "2025-10-22 07:53:31",
    "cum_gam": 8778.823529411764,
    "cum_vec": 8778.823529411764,
    "DEX_Call": 1030.654,
    "DEX_Put": -807.752,
    "DEX_Total": 222.902,
    "DEX_Ratio": 1.275954,
    "GEX_Call": 5136311.017,
    "GEX_Put": -5866347.042,
    "GEX_Total": -730036.025,
    "GEX_Ratio": 0.875555,
    "VEX_Call": -1383730.77,
    "VEX_Put": 4769938.67,
    "VEX_Total": 3386207.9,
    "VEX_Ratio": -0.290094,
    "CEX_Call": -10492987.703,
    "CEX_Put": 19615937.825,
    "CEX_Total": 9122950.122,
    "CEX_Ratio": -0.534922
}