{
    "timestamp": "2026-07-23 08:35:22",
    "cum_gam": 7427.341772953572,
    "cum_vec": 7427.341772953572,
    "DEX_Call": 358.391,
    "DEX_Put": -1532.044,
    "DEX_Total": -1173.653,
    "DEX_Ratio": 0.23393,
    "GEX_Call": 2048445.495,
    "GEX_Put": -6744376.032,
    "GEX_Total": -4695930.537,
    "GEX_Ratio": 0.303726,
    "VEX_Call": -2601820.401,
    "VEX_Put": 2849487.266,
    "VEX_Total": 247666.865,
    "VEX_Ratio": -0.913084,
    "CEX_Call": -8915971.882,
    "CEX_Put": 12096351.313,
    "CEX_Total": 3180379.431,
    "CEX_Ratio": -0.737079
}