{
    "timestamp": "2025-10-15 08:23:03",
    "cum_gam": null,
    "cum_vec": null,
    "DEX_Call": 4159.159,
    "DEX_Put": -1404.361,
    "DEX_Total": 2754.798,
    "DEX_Ratio": 2.961602,
    "GEX_Call": 10930352.757,
    "GEX_Put": -7776314.801,
    "GEX_Total": 3154037.956,
    "GEX_Ratio": 1.405595,
    "VEX_Call": -845282.553,
    "VEX_Put": 8996506.09,
    "VEX_Total": 8151223.537,
    "VEX_Ratio": -0.093957,
    "CEX_Call": -5074370.463,
    "CEX_Put": 27213908.917,
    "CEX_Total": 22139538.454,
    "CEX_Ratio": -0.186462
}