{
    "timestamp": "2025-09-04 07:20:18",
    "cum_gam": 7009.103751846661,
    "cum_vec": 7459.518418548653,
    "DEX_Call": 5220.078,
    "DEX_Put": -2559.447,
    "DEX_Total": 2660.631,
    "DEX_Ratio": 2.039534,
    "GEX_Call": 13913286.718,
    "GEX_Put": -11269031.816,
    "GEX_Total": 2644254.902,
    "GEX_Ratio": 1.234648,
    "VEX_Call": 361015.368,
    "VEX_Put": 16315225.542,
    "VEX_Total": 16676240.91,
    "VEX_Ratio": 0.022128,
    "CEX_Call": -12964045.07,
    "CEX_Put": 23660821.75,
    "CEX_Total": 10696776.68,
    "CEX_Ratio": -0.547912
}