{
    "timestamp": "2025-09-17 10:04:03",
    "cum_gam": 8595.989905256409,
    "cum_vec": 8595.989905256409,
    "DEX_Call": 7495.445,
    "DEX_Put": -1492.162,
    "DEX_Total": 6003.283,
    "DEX_Ratio": 5.023211,
    "GEX_Call": 11834391.208,
    "GEX_Put": -9535710.841,
    "GEX_Total": 2298680.367,
    "GEX_Ratio": 1.24106,
    "VEX_Call": 4789018.837,
    "VEX_Put": 12279525.159,
    "VEX_Total": 17068543.996,
    "VEX_Ratio": 0.39,
    "CEX_Call": -1919556.317,
    "CEX_Put": 49420138.932,
    "CEX_Total": 47500582.615,
    "CEX_Ratio": -0.038842
}