{
    "timestamp": "2025-08-22 09:00:59",
    "cum_gam": null,
    "cum_vec": 8182.077151335312,
    "DEX_Call": 1176.118,
    "DEX_Put": -260.428,
    "DEX_Total": 915.69,
    "DEX_Ratio": 4.516097,
    "GEX_Call": 6999611.061,
    "GEX_Put": -2580464.653,
    "GEX_Total": 4419146.408,
    "GEX_Ratio": 2.712539,
    "VEX_Call": -242356.831,
    "VEX_Put": 2605091.963,
    "VEX_Total": 2362735.132,
    "VEX_Ratio": -0.093032,
    "CEX_Call": 1865591.861,
    "CEX_Put": 20171360.011,
    "CEX_Total": 22036951.872,
    "CEX_Ratio": 0.092487
}