{
    "timestamp": "2025-10-16 08:23:15",
    "cum_gam": null,
    "cum_vec": null,
    "DEX_Call": 4201.429,
    "DEX_Put": -1405.346,
    "DEX_Total": 2796.083,
    "DEX_Ratio": 2.989605,
    "GEX_Call": 10863447.683,
    "GEX_Put": -8533770.968,
    "GEX_Total": 2329676.715,
    "GEX_Ratio": 1.272995,
    "VEX_Call": -1171785.273,
    "VEX_Put": 8678382.488,
    "VEX_Total": 7506597.215,
    "VEX_Ratio": -0.135023,
    "CEX_Call": -7522942.145,
    "CEX_Put": 34303294.367,
    "CEX_Total": 26780352.222,
    "CEX_Ratio": -0.219307
}