{
    "timestamp": "2026-07-22 11:25:09",
    "cum_gam": null,
    "cum_vec": null,
    "DEX_Call": 811.512,
    "DEX_Put": -878.218,
    "DEX_Total": -66.706,
    "DEX_Ratio": 0.924044,
    "GEX_Call": 7077308.359,
    "GEX_Put": -6720383.973,
    "GEX_Total": 356924.386,
    "GEX_Ratio": 1.053111,
    "VEX_Call": -2780963.229,
    "VEX_Put": 4193232.86,
    "VEX_Total": 1412269.631,
    "VEX_Ratio": -0.663203,
    "CEX_Call": -14123545.129,
    "CEX_Put": 17359720.987,
    "CEX_Total": 3236175.858,
    "CEX_Ratio": -0.813581
}