{
    "timestamp": "2026-07-20 10:43:58",
    "cum_gam": 7440.693273963704,
    "cum_vec": 7440.693273963704,
    "DEX_Call": 660.778,
    "DEX_Put": -1401.48,
    "DEX_Total": -740.702,
    "DEX_Ratio": 0.471486,
    "GEX_Call": 4342467.279,
    "GEX_Put": -7001774.633,
    "GEX_Total": -2659307.354,
    "GEX_Ratio": 0.620195,
    "VEX_Call": -3268689.244,
    "VEX_Put": 4011748.936,
    "VEX_Total": 743059.692,
    "VEX_Ratio": -0.814779,
    "CEX_Call": -13910206.571,
    "CEX_Put": 7639225.944,
    "CEX_Total": -6270980.627,
    "CEX_Ratio": -1.820892
}