{
    "timestamp": "2025-10-17 06:41:58",
    "cum_gam": 8646.853146853147,
    "cum_vec": 8646.853146853147,
    "DEX_Call": 891.942,
    "DEX_Put": -1570.197,
    "DEX_Total": -678.255,
    "DEX_Ratio": 0.568045,
    "GEX_Call": 3334533.997,
    "GEX_Put": -5275175.407,
    "GEX_Total": -1940641.41,
    "GEX_Ratio": 0.632118,
    "VEX_Call": -2442688.495,
    "VEX_Put": 5994424.149,
    "VEX_Total": 3551735.654,
    "VEX_Ratio": -0.407493,
    "CEX_Call": -12373585.766,
    "CEX_Put": 19227966.957,
    "CEX_Total": 6854381.191,
    "CEX_Ratio": -0.64352
}