{
    "timestamp": "2025-11-21 11:25:35",
    "cum_gam": 8595.643756050338,
    "cum_vec": 11200.0,
    "DEX_Call": 416.614,
    "DEX_Put": -1205.562,
    "DEX_Total": -788.948,
    "DEX_Ratio": 0.345577,
    "GEX_Call": 1986633.475,
    "GEX_Put": -4263855.583,
    "GEX_Total": -2277222.108,
    "GEX_Ratio": 0.465924,
    "VEX_Call": -1409657.155,
    "VEX_Put": 1918190.623,
    "VEX_Total": 508533.468,
    "VEX_Ratio": -0.734889,
    "CEX_Call": -14119814.153,
    "CEX_Put": 36429045.986,
    "CEX_Total": 22309231.833,
    "CEX_Ratio": -0.387598
}