{
    "timestamp": "2025-07-22 12:30:35",
    "cum_gam": null,
    "cum_vec": 6820.677264393233,
    "DEX_Call": 597.417,
    "DEX_Put": -312.338,
    "DEX_Total": 285.079,
    "DEX_Ratio": 1.912726,
    "GEX_Call": 4952463.358,
    "GEX_Put": -4055016.176,
    "GEX_Total": 897447.182,
    "GEX_Ratio": 1.221318,
    "VEX_Call": -1000630.422,
    "VEX_Put": 1985539.37,
    "VEX_Total": 984908.948,
    "VEX_Ratio": -0.503959,
    "CEX_Call": -15475170.855,
    "CEX_Put": 12341317.927,
    "CEX_Total": -3133852.928,
    "CEX_Ratio": -1.253932
}