{
    "timestamp": "2025-07-22 09:15:09",
    "cum_gam": 6103.162310526879,
    "cum_vec": 6822.395667601548,
    "DEX_Call": 687.371,
    "DEX_Put": -385.003,
    "DEX_Total": 302.368,
    "DEX_Ratio": 1.785365,
    "GEX_Call": 4102902.323,
    "GEX_Put": -4332231.788,
    "GEX_Total": -229329.465,
    "GEX_Ratio": 0.947064,
    "VEX_Call": -1068343.675,
    "VEX_Put": 2154762.212,
    "VEX_Total": 1086418.537,
    "VEX_Ratio": -0.495806,
    "CEX_Call": -7179309.867,
    "CEX_Put": 11710939.622,
    "CEX_Total": 4531629.755,
    "CEX_Ratio": -0.613043
}