{
    "timestamp": "2025-09-09 11:03:56",
    "cum_gam": 7008.884672197964,
    "cum_vec": 7498.714774109051,
    "DEX_Call": 4972.794,
    "DEX_Put": -1766.952,
    "DEX_Total": 3205.842,
    "DEX_Ratio": 2.814335,
    "GEX_Call": 15006323.82,
    "GEX_Put": -9975615.049,
    "GEX_Total": 5030708.771,
    "GEX_Ratio": 1.504301,
    "VEX_Call": 2124825.608,
    "VEX_Put": 14481026.118,
    "VEX_Total": 16605851.726,
    "VEX_Ratio": 0.146732,
    "CEX_Call": -4119822.255,
    "CEX_Put": 22146459.858,
    "CEX_Total": 18026637.603,
    "CEX_Ratio": -0.186026
}