{
    "timestamp": "2025-10-14 08:29:16",
    "cum_gam": 7001.781405880621,
    "cum_vec": 7001.781405880621,
    "DEX_Call": 1897.678,
    "DEX_Put": -2725.483,
    "DEX_Total": -827.805,
    "DEX_Ratio": 0.696272,
    "GEX_Call": 6305083.654,
    "GEX_Put": -9697495.086,
    "GEX_Total": -3392411.432,
    "GEX_Ratio": 0.650177,
    "VEX_Call": -2896463.702,
    "VEX_Put": 7940947.691,
    "VEX_Total": 5044483.989,
    "VEX_Ratio": -0.36475,
    "CEX_Call": -12378816.164,
    "CEX_Put": 20206568.149,
    "CEX_Total": 7827751.985,
    "CEX_Ratio": -0.612613
}