{
    "timestamp": "2025-08-27 11:17:01",
    "cum_gam": null,
    "cum_vec": 8133.071553228621,
    "DEX_Call": 969.35,
    "DEX_Put": -157.669,
    "DEX_Total": 811.681,
    "DEX_Ratio": 6.148006,
    "GEX_Call": 6542083.556,
    "GEX_Put": -2043759.8,
    "GEX_Total": 4498323.756,
    "GEX_Ratio": 3.201004,
    "VEX_Call": -232331.443,
    "VEX_Put": 1571995.226,
    "VEX_Total": 1339663.783,
    "VEX_Ratio": -0.147794,
    "CEX_Call": -10583042.784,
    "CEX_Put": 16325854.887,
    "CEX_Total": 5742812.103,
    "CEX_Ratio": -0.648238
}