{
    "timestamp": "2025-10-17 10:01:18",
    "cum_gam": 10367.105263157895,
    "cum_vec": 10367.105263157895,
    "DEX_Call": 913.452,
    "DEX_Put": -1396.809,
    "DEX_Total": -483.357,
    "DEX_Ratio": 0.653956,
    "GEX_Call": 3876846.797,
    "GEX_Put": -5411621.477,
    "GEX_Total": -1534774.68,
    "GEX_Ratio": 0.716393,
    "VEX_Call": -2129060.496,
    "VEX_Put": 6198528.038,
    "VEX_Total": 4069467.542,
    "VEX_Ratio": -0.343478,
    "CEX_Call": -11294640.204,
    "CEX_Put": 26075386.971,
    "CEX_Total": 14780746.767,
    "CEX_Ratio": -0.433153
}