{
    "timestamp": "2025-08-01 11:21:44",
    "cum_gam": 7134.976291489893,
    "cum_vec": 7167.737183264585,
    "DEX_Call": 1761.773,
    "DEX_Put": -3201.457,
    "DEX_Total": -1439.684,
    "DEX_Ratio": 0.550304,
    "GEX_Call": 3787390.116,
    "GEX_Put": -8567250.343,
    "GEX_Total": -4779860.227,
    "GEX_Ratio": 0.442078,
    "VEX_Call": -1901754.269,
    "VEX_Put": 7873218.4,
    "VEX_Total": 5971464.131,
    "VEX_Ratio": -0.241547,
    "CEX_Call": -11240115.896,
    "CEX_Put": -18029651.701,
    "CEX_Total": -29269767.597,
    "CEX_Ratio": -0.623424
}