{
    "timestamp": "2025-08-13 09:54:27",
    "cum_gam": 7009.496985910865,
    "cum_vec": 8233.610525009308,
    "DEX_Call": 2286.651,
    "DEX_Put": -622.789,
    "DEX_Total": 1663.862,
    "DEX_Ratio": 3.67163,
    "GEX_Call": 11760261.828,
    "GEX_Put": -5065829.538,
    "GEX_Total": 6694432.29,
    "GEX_Ratio": 2.321488,
    "VEX_Call": -589608.271,
    "VEX_Put": 5860631.38,
    "VEX_Total": 5271023.109,
    "VEX_Ratio": -0.100605,
    "CEX_Call": -10540388.21,
    "CEX_Put": 19557436.01,
    "CEX_Total": 9017047.8,
    "CEX_Ratio": -0.538945
}