{
    "timestamp": "2025-07-28 12:55:19",
    "cum_gam": null,
    "cum_vec": 6822.635390604294,
    "DEX_Call": 359.601,
    "DEX_Put": -133.228,
    "DEX_Total": 226.373,
    "DEX_Ratio": 2.69914,
    "GEX_Call": 4498261.364,
    "GEX_Put": -2643363.184,
    "GEX_Total": 1854898.18,
    "GEX_Ratio": 1.701719,
    "VEX_Call": -588404.542,
    "VEX_Put": 825922.364,
    "VEX_Total": 237517.822,
    "VEX_Ratio": -0.712421,
    "CEX_Call": -18517712.478,
    "CEX_Put": 11994212.774,
    "CEX_Total": -6523499.704,
    "CEX_Ratio": -1.543887
}