{
    "timestamp": "2025-07-14 08:51:20",
    "cum_gam": null,
    "cum_vec": 7226.1602531197705,
    "DEX_Call": 1481.311,
    "DEX_Put": -610.236,
    "DEX_Total": 871.075,
    "DEX_Ratio": 2.42744,
    "GEX_Call": 6591911.275,
    "GEX_Put": -4734683.444,
    "GEX_Total": 1857227.831,
    "GEX_Ratio": 1.39226,
    "VEX_Call": -1099865.721,
    "VEX_Put": 4158621.321,
    "VEX_Total": 3058755.6,
    "VEX_Ratio": -0.264478,
    "CEX_Call": -7252064.48,
    "CEX_Put": 12149636.545,
    "CEX_Total": 4897572.065,
    "CEX_Ratio": -0.596896
}