{
    "timestamp": "2025-09-04 10:07:26",
    "cum_gam": 7008.982719494013,
    "cum_vec": 7476.422725053324,
    "DEX_Call": 5656.19,
    "DEX_Put": -2220.633,
    "DEX_Total": 3435.557,
    "DEX_Ratio": 2.547107,
    "GEX_Call": 17198993.697,
    "GEX_Put": -9777761.24,
    "GEX_Total": 7421232.457,
    "GEX_Ratio": 1.758991,
    "VEX_Call": 1743529.009,
    "VEX_Put": 16634142.511,
    "VEX_Total": 18377671.52,
    "VEX_Ratio": 0.104816,
    "CEX_Call": -5068388.775,
    "CEX_Put": 26321397.247,
    "CEX_Total": 21253008.472,
    "CEX_Ratio": -0.192558
}