{
    "timestamp": "2025-09-04 12:47:40",
    "cum_gam": 7008.956786264537,
    "cum_vec": 7479.100397768525,
    "DEX_Call": 5523.088,
    "DEX_Put": -1994.245,
    "DEX_Total": 3528.843,
    "DEX_Ratio": 2.769513,
    "GEX_Call": 17235575.648,
    "GEX_Put": -8720985.086,
    "GEX_Total": 8514590.562,
    "GEX_Ratio": 1.976334,
    "VEX_Call": 2687576.396,
    "VEX_Put": 16308373.998,
    "VEX_Total": 18995950.394,
    "VEX_Ratio": 0.164797,
    "CEX_Call": 30383641.276,
    "CEX_Put": 26285088.863,
    "CEX_Total": 56668730.139,
    "CEX_Ratio": 1.155927
}