{
    "timestamp": "2025-08-19 07:38:34",
    "cum_gam": null,
    "cum_vec": null,
    "DEX_Call": 996.022,
    "DEX_Put": -522.009,
    "DEX_Total": 474.013,
    "DEX_Ratio": 1.908055,
    "GEX_Call": 5217535.686,
    "GEX_Put": -5144960.184,
    "GEX_Total": 72575.502,
    "GEX_Ratio": 1.014106,
    "VEX_Call": -955276.341,
    "VEX_Put": 3385122.732,
    "VEX_Total": 2429846.391,
    "VEX_Ratio": -0.282198,
    "CEX_Call": -8257020.009,
    "CEX_Put": 11139275.078,
    "CEX_Total": 2882255.069,
    "CEX_Ratio": -0.741253
}