{
    "timestamp": "2025-08-11 10:56:08",
    "cum_gam": 7009.316267730974,
    "cum_vec": 7574.529130789016,
    "DEX_Call": 3199.618,
    "DEX_Put": -882.637,
    "DEX_Total": 2316.981,
    "DEX_Ratio": 3.625067,
    "GEX_Call": 9328614.619,
    "GEX_Put": -5981206.717,
    "GEX_Total": 3347407.902,
    "GEX_Ratio": 1.559654,
    "VEX_Call": -901054.342,
    "VEX_Put": 6759935.356,
    "VEX_Total": 5858881.014,
    "VEX_Ratio": -0.133293,
    "CEX_Call": -10627955.454,
    "CEX_Put": 19209667.353,
    "CEX_Total": 8581711.899,
    "CEX_Ratio": -0.553261
}