{
    "timestamp": "2025-10-20 09:36:45",
    "cum_gam": 8791.125198098256,
    "cum_vec": 8791.125198098256,
    "DEX_Call": 1342.489,
    "DEX_Put": -621.598,
    "DEX_Total": 720.891,
    "DEX_Ratio": 2.159738,
    "GEX_Call": 6863823.044,
    "GEX_Put": -3742920.359,
    "GEX_Total": 3120902.685,
    "GEX_Ratio": 1.833815,
    "VEX_Call": -978588.252,
    "VEX_Put": 5453300.698,
    "VEX_Total": 4474712.446,
    "VEX_Ratio": -0.179449,
    "CEX_Call": -5766104.388,
    "CEX_Put": 21043590.17,
    "CEX_Total": 15277485.782,
    "CEX_Ratio": -0.274008
}