{
    "timestamp": "2025-08-15 10:00:08",
    "cum_gam": null,
    "cum_vec": 7591.105482829161,
    "DEX_Call": 943.922,
    "DEX_Put": -495.269,
    "DEX_Total": 448.653,
    "DEX_Ratio": 1.905877,
    "GEX_Call": 6869281.427,
    "GEX_Put": -4526343.784,
    "GEX_Total": 2342937.643,
    "GEX_Ratio": 1.517623,
    "VEX_Call": -847084.935,
    "VEX_Put": 3798917.926,
    "VEX_Total": 2951832.991,
    "VEX_Ratio": -0.222981,
    "CEX_Call": -13299565.739,
    "CEX_Put": 15081622.934,
    "CEX_Total": 1782057.195,
    "CEX_Ratio": -0.881839
}