{
    "timestamp": "2025-11-03 12:42:15",
    "cum_gam": null,
    "cum_vec": 7811.568785178976,
    "DEX_Call": 2530.346,
    "DEX_Put": -1348.84,
    "DEX_Total": 1181.506,
    "DEX_Ratio": 1.875942,
    "GEX_Call": 8617018.006,
    "GEX_Put": -6849835.774,
    "GEX_Total": 1767182.232,
    "GEX_Ratio": 1.257989,
    "VEX_Call": -1762113.481,
    "VEX_Put": 8540749.255,
    "VEX_Total": 6778635.774,
    "VEX_Ratio": -0.206318,
    "CEX_Call": -13843974.793,
    "CEX_Put": 30781266.426,
    "CEX_Total": 16937291.633,
    "CEX_Ratio": -0.449753
}