{
    "timestamp": "2025-09-08 08:03:29",
    "cum_gam": 7009.010290603277,
    "cum_vec": 7540.1628244268695,
    "DEX_Call": 4790.025,
    "DEX_Put": -1793.649,
    "DEX_Total": 2996.376,
    "DEX_Ratio": 2.670548,
    "GEX_Call": 14661233.168,
    "GEX_Put": -9610126.662,
    "GEX_Total": 5051106.506,
    "GEX_Ratio": 1.525602,
    "VEX_Call": 1924521.549,
    "VEX_Put": 14777314.253,
    "VEX_Total": 16701835.802,
    "VEX_Ratio": 0.130235,
    "CEX_Call": -5803218.429,
    "CEX_Put": 20471242.207,
    "CEX_Total": 14668023.778,
    "CEX_Ratio": -0.283481
}