{
    "timestamp": "2025-08-06 11:40:00",
    "cum_gam": 7009.849757420258,
    "cum_vec": 7400.9597708934,
    "DEX_Call": 1889.555,
    "DEX_Put": -1175.372,
    "DEX_Total": 714.183,
    "DEX_Ratio": 1.607623,
    "GEX_Call": 9688570.417,
    "GEX_Put": -5935166.157,
    "GEX_Total": 3753404.26,
    "GEX_Ratio": 1.632401,
    "VEX_Call": -1573177.942,
    "VEX_Put": 8149258.036,
    "VEX_Total": 6576080.094,
    "VEX_Ratio": -0.193046,
    "CEX_Call": -11226822.219,
    "CEX_Put": 16793826.724,
    "CEX_Total": 5567004.505,
    "CEX_Ratio": -0.668509
}