{
    "timestamp": "2025-11-07 09:28:50",
    "cum_gam": 6677.257976396049,
    "cum_vec": 7783.41270785132,
    "DEX_Call": 2031.287,
    "DEX_Put": -3192.343,
    "DEX_Total": -1161.056,
    "DEX_Ratio": 0.6363,
    "GEX_Call": 3758514.541,
    "GEX_Put": -8979131.662,
    "GEX_Total": -5220617.121,
    "GEX_Ratio": 0.418583,
    "VEX_Call": -3642587.104,
    "VEX_Put": 6982830.841,
    "VEX_Total": 3340243.737,
    "VEX_Ratio": -0.521649,
    "CEX_Call": -10285657.452,
    "CEX_Put": 20938033.938,
    "CEX_Total": 10652376.486,
    "CEX_Ratio": -0.491243
}