{
    "timestamp": "2025-11-26 08:27:07",
    "cum_gam": null,
    "cum_vec": 8095.885186191447,
    "DEX_Call": 12248.275,
    "DEX_Put": -2906.774,
    "DEX_Total": 9341.501,
    "DEX_Ratio": 4.2137,
    "GEX_Call": 7387166.544,
    "GEX_Put": -6410078.114,
    "GEX_Total": 977088.43,
    "GEX_Ratio": 1.15243,
    "VEX_Call": 5453283.564,
    "VEX_Put": 10685990.34,
    "VEX_Total": 16139273.904,
    "VEX_Ratio": 0.510321,
    "CEX_Call": 890549.026,
    "CEX_Put": 2548406.096,
    "CEX_Total": 3438955.122,
    "CEX_Ratio": 0.349453
}