{
    "timestamp": "2025-09-04 11:13:52",
    "cum_gam": 7008.957987896273,
    "cum_vec": 7477.736992642908,
    "DEX_Call": 5323.563,
    "DEX_Put": -2096.234,
    "DEX_Total": 3227.329,
    "DEX_Ratio": 2.539584,
    "GEX_Call": 17762186.432,
    "GEX_Put": -9250694.424,
    "GEX_Total": 8511492.008,
    "GEX_Ratio": 1.920092,
    "VEX_Call": 2159897.956,
    "VEX_Put": 16424388.647,
    "VEX_Total": 18584286.603,
    "VEX_Ratio": 0.131506,
    "CEX_Call": 3908781.283,
    "CEX_Put": 25502154.039,
    "CEX_Total": 29410935.322,
    "CEX_Ratio": 0.153273
}