{
    "timestamp": "2025-11-04 12:09:13",
    "cum_gam": 6726.4675155401665,
    "cum_vec": 7792.723639387843,
    "DEX_Call": 2027.911,
    "DEX_Put": -2118.093,
    "DEX_Total": -90.182,
    "DEX_Ratio": 0.957423,
    "GEX_Call": 5832397.315,
    "GEX_Put": -8143154.208,
    "GEX_Total": -2310756.893,
    "GEX_Ratio": 0.716233,
    "VEX_Call": -2941378.854,
    "VEX_Put": 8655003.648,
    "VEX_Total": 5713624.794,
    "VEX_Ratio": -0.339847,
    "CEX_Call": -12962125.698,
    "CEX_Put": 19726611.542,
    "CEX_Total": 6764485.844,
    "CEX_Ratio": -0.657088
}