{
    "timestamp": "2025-08-19 12:50:27",
    "cum_gam": 8180.864197530865,
    "cum_vec": 8180.864197530865,
    "DEX_Call": 636.907,
    "DEX_Put": -813.51,
    "DEX_Total": -176.603,
    "DEX_Ratio": 0.782912,
    "GEX_Call": 3222248.163,
    "GEX_Put": -6088706.123,
    "GEX_Total": -2866457.96,
    "GEX_Ratio": 0.529217,
    "VEX_Call": -1038080.431,
    "VEX_Put": 2941727.449,
    "VEX_Total": 1903647.018,
    "VEX_Ratio": -0.352881,
    "CEX_Call": -12575405.055,
    "CEX_Put": -1986050.53,
    "CEX_Total": -14561455.585,
    "CEX_Ratio": -6.331866
}