{
    "timestamp": "2025-10-30 09:03:54",
    "cum_gam": null,
    "cum_vec": null,
    "DEX_Call": 983.466,
    "DEX_Put": -339.499,
    "DEX_Total": 643.967,
    "DEX_Ratio": 2.896816,
    "GEX_Call": 3276203.456,
    "GEX_Put": -3186885.395,
    "GEX_Total": 89318.061,
    "GEX_Ratio": 1.028027,
    "VEX_Call": -118656.04,
    "VEX_Put": 1362946.492,
    "VEX_Total": 1244290.452,
    "VEX_Ratio": -0.087058,
    "CEX_Call": -4132211.751,
    "CEX_Put": 13902837.365,
    "CEX_Total": 9770625.614,
    "CEX_Ratio": -0.297221
}