{
    "timestamp": "2025-07-14 10:48:46",
    "cum_gam": null,
    "cum_vec": 7222.110456905977,
    "DEX_Call": 1942.451,
    "DEX_Put": -553.626,
    "DEX_Total": 1388.825,
    "DEX_Ratio": 3.508598,
    "GEX_Call": 6893958.073,
    "GEX_Put": -4645228.202,
    "GEX_Total": 2248729.871,
    "GEX_Ratio": 1.484095,
    "VEX_Call": -806454.31,
    "VEX_Put": 4136282.965,
    "VEX_Total": 3329828.655,
    "VEX_Ratio": -0.194971,
    "CEX_Call": -5021342.867,
    "CEX_Put": 16136646.505,
    "CEX_Total": 11115303.638,
    "CEX_Ratio": -0.311176
}