{
    "timestamp": "2025-08-20 09:07:28",
    "cum_gam": 6387.835561529276,
    "cum_vec": 8199.597180261833,
    "DEX_Call": 644.007,
    "DEX_Put": -1059.278,
    "DEX_Total": -415.271,
    "DEX_Ratio": 0.607968,
    "GEX_Call": 2597379.851,
    "GEX_Put": -6420416.942,
    "GEX_Total": -3823037.091,
    "GEX_Ratio": 0.40455,
    "VEX_Call": -1180755.91,
    "VEX_Put": 2851066.34,
    "VEX_Total": 1670310.43,
    "VEX_Ratio": -0.414145,
    "CEX_Call": -7065389.075,
    "CEX_Put": 11217449.734,
    "CEX_Total": 4152060.659,
    "CEX_Ratio": -0.629857
}