{
    "timestamp": "2025-10-08 09:01:27",
    "cum_gam": null,
    "cum_vec": 9020.221317754336,
    "DEX_Call": 3023.416,
    "DEX_Put": -1322.217,
    "DEX_Total": 1701.199,
    "DEX_Ratio": 2.286626,
    "GEX_Call": 14076468.752,
    "GEX_Put": -7180263.756,
    "GEX_Total": 6896204.996,
    "GEX_Ratio": 1.960439,
    "VEX_Call": -410074.487,
    "VEX_Put": 10734780.551,
    "VEX_Total": 10324706.064,
    "VEX_Ratio": -0.038201,
    "CEX_Call": -8045833.198,
    "CEX_Put": 25659518.411,
    "CEX_Total": 17613685.213,
    "CEX_Ratio": -0.313561
}