{
    "timestamp": "2025-11-03 13:11:52",
    "cum_gam": null,
    "cum_vec": 7807.119461633815,
    "DEX_Call": 2520.619,
    "DEX_Put": -1336.812,
    "DEX_Total": 1183.807,
    "DEX_Ratio": 1.885545,
    "GEX_Call": 8665790.914,
    "GEX_Put": -6924899.542,
    "GEX_Total": 1740891.372,
    "GEX_Ratio": 1.251396,
    "VEX_Call": -1648617.689,
    "VEX_Put": 8474367.081,
    "VEX_Total": 6825749.392,
    "VEX_Ratio": -0.194542,
    "CEX_Call": -13604723.755,
    "CEX_Put": 37655967.599,
    "CEX_Total": 24051243.844,
    "CEX_Ratio": -0.36129
}