{
    "timestamp": "2025-09-18 11:25:08",
    "cum_gam": 8596.078747747515,
    "cum_vec": 8596.078747747515,
    "DEX_Call": 11517.835,
    "DEX_Put": -852.498,
    "DEX_Total": 10665.337,
    "DEX_Ratio": 13.510689,
    "GEX_Call": 15026613.244,
    "GEX_Put": -8787055.814,
    "GEX_Total": 6239557.43,
    "GEX_Ratio": 1.710085,
    "VEX_Call": 5473013.557,
    "VEX_Put": 8472604.502,
    "VEX_Total": 13945618.059,
    "VEX_Ratio": 0.645966,
    "CEX_Call": 21854989.341,
    "CEX_Put": 40821500.215,
    "CEX_Total": 62676489.556,
    "CEX_Ratio": 0.535379
}