{
    "timestamp": "2025-06-30 11:15:32",
    "cum_gam": null,
    "cum_vec": null,
    "DEX_Call": 1368.587,
    "DEX_Put": -43.882,
    "DEX_Total": 1324.705,
    "DEX_Ratio": 31.18789,
    "GEX_Call": 3999773.138,
    "GEX_Put": -1213152.522,
    "GEX_Total": 2786620.616,
    "GEX_Ratio": 3.297008,
    "VEX_Call": 374318.19,
    "VEX_Put": 460545.392,
    "VEX_Total": 834863.582,
    "VEX_Ratio": 0.812772,
    "CEX_Call": 21601058.695,
    "CEX_Put": 27156298.796,
    "CEX_Total": 48757357.491,
    "CEX_Ratio": 0.795435
}