{
    "timestamp": "2025-09-15 11:02:45",
    "cum_gam": null,
    "cum_vec": 7322.642612964943,
    "DEX_Call": 10971.177,
    "DEX_Put": -935.759,
    "DEX_Total": 10035.418,
    "DEX_Ratio": 11.724362,
    "GEX_Call": 15430160.468,
    "GEX_Put": -7350167.626,
    "GEX_Total": 8079992.842,
    "GEX_Ratio": 2.099294,
    "VEX_Call": 7666723.173,
    "VEX_Put": 13224119.964,
    "VEX_Total": 20890843.137,
    "VEX_Ratio": 0.579753,
    "CEX_Call": 15442481.62,
    "CEX_Put": 38526601.123,
    "CEX_Total": 53969082.743,
    "CEX_Ratio": 0.400826
}