{
    "timestamp": "2025-09-11 11:24:15",
    "cum_gam": 7007.298470390803,
    "cum_vec": 7612.81308380762,
    "DEX_Call": 6536.313,
    "DEX_Put": -1128.06,
    "DEX_Total": 5408.253,
    "DEX_Ratio": 5.794296,
    "GEX_Call": 15700701.064,
    "GEX_Put": -6712016.569,
    "GEX_Total": 8988684.495,
    "GEX_Ratio": 2.339193,
    "VEX_Call": 4808103.555,
    "VEX_Put": 13718163.185,
    "VEX_Total": 18526266.74,
    "VEX_Ratio": 0.350492,
    "CEX_Call": 9908866.513,
    "CEX_Put": 25912107.951,
    "CEX_Total": 35820974.464,
    "CEX_Ratio": 0.382403
}