{
    "timestamp": "2025-07-30 09:46:41",
    "cum_gam": null,
    "cum_vec": 6824.570484715502,
    "DEX_Call": 422.333,
    "DEX_Put": -182.283,
    "DEX_Total": 240.05,
    "DEX_Ratio": 2.316908,
    "GEX_Call": 3003735.728,
    "GEX_Put": -2275977.341,
    "GEX_Total": 727758.387,
    "GEX_Ratio": 1.319756,
    "VEX_Call": -544923.415,
    "VEX_Put": 998280.425,
    "VEX_Total": 453357.01,
    "VEX_Ratio": -0.545862,
    "CEX_Call": -9398710.454,
    "CEX_Put": 21774128.524,
    "CEX_Total": 12375418.07,
    "CEX_Ratio": -0.431646
}