{
    "timestamp": "2025-08-05 12:12:10",
    "cum_gam": 7009.909527756516,
    "cum_vec": 7213.83781175395,
    "DEX_Call": 2218.957,
    "DEX_Put": -1570.721,
    "DEX_Total": 648.236,
    "DEX_Ratio": 1.4127,
    "GEX_Call": 6619213.407,
    "GEX_Put": -8399503.017,
    "GEX_Total": -1780289.61,
    "GEX_Ratio": 0.788048,
    "VEX_Call": -1628679.376,
    "VEX_Put": 8412503.262,
    "VEX_Total": 6783823.886,
    "VEX_Ratio": -0.193602,
    "CEX_Call": -11801994.771,
    "CEX_Put": 31398459.974,
    "CEX_Total": 19596465.203,
    "CEX_Ratio": -0.375878
}