{
    "timestamp": "2025-10-21 09:39:54",
    "cum_gam": 8795.217762596072,
    "cum_vec": 8795.217762596072,
    "DEX_Call": 1278.796,
    "DEX_Put": -521.941,
    "DEX_Total": 756.855,
    "DEX_Ratio": 2.450078,
    "GEX_Call": 7728353.993,
    "GEX_Put": -4254275.082,
    "GEX_Total": 3474078.911,
    "GEX_Ratio": 1.816609,
    "VEX_Call": -890950.372,
    "VEX_Put": 4880427.767,
    "VEX_Total": 3989477.395,
    "VEX_Ratio": -0.182556,
    "CEX_Call": -9188222.67,
    "CEX_Put": 19741789.069,
    "CEX_Total": 10553566.399,
    "CEX_Ratio": -0.46542
}