{
    "timestamp": "2026-07-21 08:59:32",
    "cum_gam": null,
    "cum_vec": null,
    "DEX_Call": 900.362,
    "DEX_Put": -997.515,
    "DEX_Total": -97.153,
    "DEX_Ratio": 0.902605,
    "GEX_Call": 6996955.27,
    "GEX_Put": -5904536.926,
    "GEX_Total": 1092418.344,
    "GEX_Ratio": 1.185013,
    "VEX_Call": -3032433.304,
    "VEX_Put": 4514239.06,
    "VEX_Total": 1481805.756,
    "VEX_Ratio": -0.671748,
    "CEX_Call": -10218808.769,
    "CEX_Put": 13868273.498,
    "CEX_Total": 3649464.729,
    "CEX_Ratio": -0.736848
}