{
    "timestamp": "2025-08-25 10:50:57",
    "cum_gam": null,
    "cum_vec": 7607.937984496124,
    "DEX_Call": 672.661,
    "DEX_Put": -259.597,
    "DEX_Total": 413.064,
    "DEX_Ratio": 2.591174,
    "GEX_Call": 5024960.6,
    "GEX_Put": -3483631.829,
    "GEX_Total": 1541328.771,
    "GEX_Ratio": 1.442449,
    "VEX_Call": -740881.811,
    "VEX_Put": 1794109.046,
    "VEX_Total": 1053227.235,
    "VEX_Ratio": -0.412952,
    "CEX_Call": -11635927.318,
    "CEX_Put": 11146887.839,
    "CEX_Total": -489039.479,
    "CEX_Ratio": -1.043872
}