{
    "timestamp": "2025-07-10 06:38:51",
    "cum_gam": 7008.647997917661,
    "cum_vec": 7153.478775700599,
    "DEX_Call": 2773.056,
    "DEX_Put": -646.946,
    "DEX_Total": 2126.11,
    "DEX_Ratio": 4.286379,
    "GEX_Call": 7556715.217,
    "GEX_Put": -4450551.626,
    "GEX_Total": 3106163.591,
    "GEX_Ratio": 1.697928,
    "VEX_Call": -268538.021,
    "VEX_Put": 5453098.936,
    "VEX_Total": 5184560.915,
    "VEX_Ratio": -0.049245,
    "CEX_Call": -6122837.437,
    "CEX_Put": 12065561.268,
    "CEX_Total": 5942723.831,
    "CEX_Ratio": -0.507464
}