{
    "timestamp": "2025-08-15 08:51:52",
    "cum_gam": null,
    "cum_vec": 7607.861391259375,
    "DEX_Call": 1044.181,
    "DEX_Put": -546.275,
    "DEX_Total": 497.906,
    "DEX_Ratio": 1.911457,
    "GEX_Call": 6608633.619,
    "GEX_Put": -4662800.62,
    "GEX_Total": 1945832.999,
    "GEX_Ratio": 1.41731,
    "VEX_Call": -889315.32,
    "VEX_Put": 3845156.823,
    "VEX_Total": 2955841.503,
    "VEX_Ratio": -0.231282,
    "CEX_Call": -9943422.289,
    "CEX_Put": 14770500.652,
    "CEX_Total": 4827078.363,
    "CEX_Ratio": -0.673195
}