{
    "timestamp": "2025-09-30 12:24:01",
    "cum_gam": null,
    "cum_vec": null,
    "DEX_Call": 1455.427,
    "DEX_Put": -73.81,
    "DEX_Total": 1381.617,
    "DEX_Ratio": 19.718561,
    "GEX_Call": 2943045.837,
    "GEX_Put": -1564559.569,
    "GEX_Total": 1378486.268,
    "GEX_Ratio": 1.88107,
    "VEX_Call": -116631.634,
    "VEX_Put": 383769.675,
    "VEX_Total": 267138.041,
    "VEX_Ratio": -0.303911,
    "CEX_Call": -10809810.751,
    "CEX_Put": 33811819.949,
    "CEX_Total": 23002009.198,
    "CEX_Ratio": -0.319705
}