{
    "timestamp": "2025-11-05 09:04:32",
    "cum_gam": 6250.731618365005,
    "cum_vec": 7776.6472569316265,
    "DEX_Call": 2083.61,
    "DEX_Put": -2006.858,
    "DEX_Total": 76.752,
    "DEX_Ratio": 1.038245,
    "GEX_Call": 7439180.79,
    "GEX_Put": -7822339.862,
    "GEX_Total": -383159.072,
    "GEX_Ratio": 0.951017,
    "VEX_Call": -3013853.807,
    "VEX_Put": 8843781.63,
    "VEX_Total": 5829927.823,
    "VEX_Ratio": -0.340788,
    "CEX_Call": -12421884.268,
    "CEX_Put": 16044574.307,
    "CEX_Total": 3622690.039,
    "CEX_Ratio": -0.774211
}