{
    "timestamp": "2025-08-22 08:09:09",
    "cum_gam": null,
    "cum_vec": 7686.874236874237,
    "DEX_Call": 1038.256,
    "DEX_Put": -250.766,
    "DEX_Total": 787.49,
    "DEX_Ratio": 4.140338,
    "GEX_Call": 7107004.861,
    "GEX_Put": -2435543.674,
    "GEX_Total": 4671461.187,
    "GEX_Ratio": 2.918036,
    "VEX_Call": -326108.783,
    "VEX_Put": 2643463.296,
    "VEX_Total": 2317354.513,
    "VEX_Ratio": -0.123364,
    "CEX_Call": -1741305.36,
    "CEX_Put": 17260308.61,
    "CEX_Total": 15519003.25,
    "CEX_Ratio": -0.100885
}