{
    "timestamp": "2025-08-21 12:20:03",
    "cum_gam": 6367.945097250624,
    "cum_vec": 8322.06572769953,
    "DEX_Call": 644.623,
    "DEX_Put": -820.546,
    "DEX_Total": -175.923,
    "DEX_Ratio": 0.785603,
    "GEX_Call": 3050042.662,
    "GEX_Put": -5167335.862,
    "GEX_Total": -2117293.2,
    "GEX_Ratio": 0.590254,
    "VEX_Call": -1076755.633,
    "VEX_Put": 2524780.688,
    "VEX_Total": 1448025.055,
    "VEX_Ratio": -0.426475,
    "CEX_Call": -14317965.646,
    "CEX_Put": 6290338.961,
    "CEX_Total": -8027626.685,
    "CEX_Ratio": -2.276183
}