{
    "timestamp": "2025-08-25 08:52:13",
    "cum_gam": null,
    "cum_vec": 7599.306565551631,
    "DEX_Call": 787.608,
    "DEX_Put": -257.195,
    "DEX_Total": 530.413,
    "DEX_Ratio": 3.062299,
    "GEX_Call": 5174443.112,
    "GEX_Put": -3332555.016,
    "GEX_Total": 1841888.096,
    "GEX_Ratio": 1.552695,
    "VEX_Call": -753663.975,
    "VEX_Put": 1887654.994,
    "VEX_Total": 1133991.019,
    "VEX_Ratio": -0.399259,
    "CEX_Call": -8604124.853,
    "CEX_Put": 10145765.34,
    "CEX_Total": 1541640.487,
    "CEX_Ratio": -0.848051
}