{
    "timestamp": "2025-11-17 13:14:34",
    "cum_gam": 6674.51945290606,
    "cum_vec": 8662.727231100325,
    "DEX_Call": 1719.527,
    "DEX_Put": -2624.285,
    "DEX_Total": -904.758,
    "DEX_Ratio": 0.655236,
    "GEX_Call": 3302576.347,
    "GEX_Put": -7924234.102,
    "GEX_Total": -4621657.755,
    "GEX_Ratio": 0.416769,
    "VEX_Call": -2544549.196,
    "VEX_Put": 3850573.775,
    "VEX_Total": 1306024.579,
    "VEX_Ratio": -0.660823,
    "CEX_Call": -21058992.273,
    "CEX_Put": 12695435.736,
    "CEX_Total": -8363556.537,
    "CEX_Ratio": -1.658785
}