{
    "timestamp": "2025-10-02 07:12:27",
    "cum_gam": null,
    "cum_vec": 8932.605742880973,
    "DEX_Call": 3098.931,
    "DEX_Put": -1402.829,
    "DEX_Total": 1696.102,
    "DEX_Ratio": 2.209058,
    "GEX_Call": 12250591.84,
    "GEX_Put": -7427288.156,
    "GEX_Total": 4823303.684,
    "GEX_Ratio": 1.649403,
    "VEX_Call": -953436.169,
    "VEX_Put": 12545344.992,
    "VEX_Total": 11591908.823,
    "VEX_Ratio": -0.075999,
    "CEX_Call": -12216990.56,
    "CEX_Put": 21490883.505,
    "CEX_Total": 9273892.945,
    "CEX_Ratio": -0.568473
}