{
    "timestamp": "2025-09-29 08:21:10",
    "cum_gam": null,
    "cum_vec": 6854.997423034581,
    "DEX_Call": 418.928,
    "DEX_Put": -252.125,
    "DEX_Total": 166.803,
    "DEX_Ratio": 1.661588,
    "GEX_Call": 3886852.781,
    "GEX_Put": -2652093.062,
    "GEX_Total": 1234759.719,
    "GEX_Ratio": 1.465579,
    "VEX_Call": -250501.018,
    "VEX_Put": 1275741.334,
    "VEX_Total": 1025240.316,
    "VEX_Ratio": -0.196357,
    "CEX_Call": -7442211.224,
    "CEX_Put": 17160133.728,
    "CEX_Total": 9717922.504,
    "CEX_Ratio": -0.433692
}