{
    "timestamp": "2025-07-15 11:27:58",
    "cum_gam": 8597.441941957886,
    "cum_vec": 8597.441941957886,
    "DEX_Call": 3439.403,
    "DEX_Put": -563.327,
    "DEX_Total": 2876.076,
    "DEX_Ratio": 6.105518,
    "GEX_Call": 7654773.15,
    "GEX_Put": -5051702.583,
    "GEX_Total": 2603070.567,
    "GEX_Ratio": 1.515286,
    "VEX_Call": -71495.57,
    "VEX_Put": 4297785.371,
    "VEX_Total": 4226289.801,
    "VEX_Ratio": -0.016635,
    "CEX_Call": -5569358.938,
    "CEX_Put": 18604790.232,
    "CEX_Total": 13035431.294,
    "CEX_Ratio": -0.299351
}