{
    "timestamp": "2025-11-03 10:17:41",
    "cum_gam": null,
    "cum_vec": 7807.3674607083685,
    "DEX_Call": 2487.561,
    "DEX_Put": -1421.438,
    "DEX_Total": 1066.123,
    "DEX_Ratio": 1.750031,
    "GEX_Call": 8476811.799,
    "GEX_Put": -6643909.556,
    "GEX_Total": 1832902.243,
    "GEX_Ratio": 1.275877,
    "VEX_Call": -1888668.348,
    "VEX_Put": 8897825.641,
    "VEX_Total": 7009157.293,
    "VEX_Ratio": -0.212262,
    "CEX_Call": -10704158.403,
    "CEX_Put": 16662993.842,
    "CEX_Total": 5958835.439,
    "CEX_Ratio": -0.642391
}