{
    "timestamp": "2025-08-15 08:10:58",
    "cum_gam": null,
    "cum_vec": 7597.6936311477275,
    "DEX_Call": 1043.595,
    "DEX_Put": -548.994,
    "DEX_Total": 494.601,
    "DEX_Ratio": 1.900922,
    "GEX_Call": 6603954.743,
    "GEX_Put": -4646695.205,
    "GEX_Total": 1957259.538,
    "GEX_Ratio": 1.421215,
    "VEX_Call": -903807.069,
    "VEX_Put": 3939892.781,
    "VEX_Total": 3036085.712,
    "VEX_Ratio": -0.229399,
    "CEX_Call": -9761360.058,
    "CEX_Put": 15110616.428,
    "CEX_Total": 5349256.37,
    "CEX_Ratio": -0.645994
}