{
    "timestamp": "2025-09-30 12:41:00",
    "cum_gam": null,
    "cum_vec": null,
    "DEX_Call": 1491.845,
    "DEX_Put": -53.066,
    "DEX_Total": 1438.779,
    "DEX_Ratio": 28.11301,
    "GEX_Call": 3173092.544,
    "GEX_Put": -1446151.242,
    "GEX_Total": 1726941.302,
    "GEX_Ratio": 2.194164,
    "VEX_Call": 228302.26,
    "VEX_Put": 357906.49,
    "VEX_Total": 586208.75,
    "VEX_Ratio": 0.637882,
    "CEX_Call": 23387973.107,
    "CEX_Put": 37216205.963,
    "CEX_Total": 60604179.07,
    "CEX_Ratio": 0.628435
}