{
    "timestamp": "2025-11-03 11:38:14",
    "cum_gam": null,
    "cum_vec": 7800.350410594245,
    "DEX_Call": 2439.502,
    "DEX_Put": -1340.965,
    "DEX_Total": 1098.537,
    "DEX_Ratio": 1.819214,
    "GEX_Call": 8989525.124,
    "GEX_Put": -6678301.441,
    "GEX_Total": 2311223.683,
    "GEX_Ratio": 1.34608,
    "VEX_Call": -1729088.27,
    "VEX_Put": 8625383.804,
    "VEX_Total": 6896295.534,
    "VEX_Ratio": -0.200465,
    "CEX_Call": -12929610.91,
    "CEX_Put": 19600810.799,
    "CEX_Total": 6671199.889,
    "CEX_Ratio": -0.659647
}