{
    "timestamp": "2025-11-21 12:23:12",
    "cum_gam": 10763.636363636364,
    "cum_vec": 11200.0,
    "DEX_Call": 569.78,
    "DEX_Put": -1037.286,
    "DEX_Total": -467.506,
    "DEX_Ratio": 0.549299,
    "GEX_Call": 3274655.302,
    "GEX_Put": -4078212.568,
    "GEX_Total": -803557.266,
    "GEX_Ratio": 0.802963,
    "VEX_Call": -1367369.583,
    "VEX_Put": 2030225.897,
    "VEX_Total": 662856.314,
    "VEX_Ratio": -0.673506,
    "CEX_Call": -10972349.675,
    "CEX_Put": 36989936.955,
    "CEX_Total": 26017587.28,
    "CEX_Ratio": -0.296631
}