{
    "timestamp": "2025-11-12 12:43:27",
    "cum_gam": null,
    "cum_vec": 7776.961226330027,
    "DEX_Call": 2191.862,
    "DEX_Put": -1185.93,
    "DEX_Total": 1005.932,
    "DEX_Ratio": 1.848222,
    "GEX_Call": 10433956.597,
    "GEX_Put": -6348211.637,
    "GEX_Total": 4085744.96,
    "GEX_Ratio": 1.643606,
    "VEX_Call": -2076742.714,
    "VEX_Put": 7092551.882,
    "VEX_Total": 5015809.168,
    "VEX_Ratio": -0.292806,
    "CEX_Call": -25375589.271,
    "CEX_Put": 34124493.941,
    "CEX_Total": 8748904.67,
    "CEX_Ratio": -0.743618
}