{
    "timestamp": "2025-10-30 08:43:24",
    "cum_gam": null,
    "cum_vec": null,
    "DEX_Call": 985.196,
    "DEX_Put": -340.912,
    "DEX_Total": 644.284,
    "DEX_Ratio": 2.889884,
    "GEX_Call": 3277722.684,
    "GEX_Put": -3163318.493,
    "GEX_Total": 114404.191,
    "GEX_Ratio": 1.036166,
    "VEX_Call": -108302.167,
    "VEX_Put": 1360117.809,
    "VEX_Total": 1251815.642,
    "VEX_Ratio": -0.079627,
    "CEX_Call": -3759315.889,
    "CEX_Put": 13462535.733,
    "CEX_Total": 9703219.844,
    "CEX_Ratio": -0.279243
}