{
    "timestamp": "2025-07-17 09:54:47",
    "cum_gam": 8597.537655145865,
    "cum_vec": 8597.537655145865,
    "DEX_Call": 1414.631,
    "DEX_Put": -527.348,
    "DEX_Total": 887.283,
    "DEX_Ratio": 2.682538,
    "GEX_Call": 9916351.555,
    "GEX_Put": -5236741.295,
    "GEX_Total": 4679610.26,
    "GEX_Ratio": 1.893611,
    "VEX_Call": -1051009.365,
    "VEX_Put": 3580739.951,
    "VEX_Total": 2529730.586,
    "VEX_Ratio": -0.293517,
    "CEX_Call": -8343027.838,
    "CEX_Put": 18650032.564,
    "CEX_Total": 10307004.726,
    "CEX_Ratio": -0.447347
}