{
    "timestamp": "2025-07-09 12:08:10",
    "cum_gam": 7011.262697850225,
    "cum_vec": 7148.227155249822,
    "DEX_Call": 2740.426,
    "DEX_Put": -562.886,
    "DEX_Total": 2177.54,
    "DEX_Ratio": 4.868528,
    "GEX_Call": 8043057.9,
    "GEX_Put": -3713996.464,
    "GEX_Total": 4329061.436,
    "GEX_Ratio": 2.165607,
    "VEX_Call": -31009.341,
    "VEX_Put": 5200348.384,
    "VEX_Total": 5169339.043,
    "VEX_Ratio": -0.005963,
    "CEX_Call": -2746688.727,
    "CEX_Put": 14638188.146,
    "CEX_Total": 11891499.419,
    "CEX_Ratio": -0.187639
}