{
    "timestamp": "2025-10-13 11:17:03",
    "cum_gam": 11992.193919474117,
    "cum_vec": 11992.193919474117,
    "DEX_Call": 2757.735,
    "DEX_Put": -2115.326,
    "DEX_Total": 642.409,
    "DEX_Ratio": 1.303693,
    "GEX_Call": 8232458.937,
    "GEX_Put": -9118757.921,
    "GEX_Total": -886298.984,
    "GEX_Ratio": 0.902805,
    "VEX_Call": -2026943.565,
    "VEX_Put": 8389672.061,
    "VEX_Total": 6362728.496,
    "VEX_Ratio": -0.2416,
    "CEX_Call": -7194352.868,
    "CEX_Put": 19651852.549,
    "CEX_Total": 12457499.681,
    "CEX_Ratio": -0.36609
}