{
    "timestamp": "2025-07-14 12:32:07",
    "cum_gam": null,
    "cum_vec": 7220.7568181948645,
    "DEX_Call": 1502.84,
    "DEX_Put": -577.265,
    "DEX_Total": 925.575,
    "DEX_Ratio": 2.60338,
    "GEX_Call": 6686460.734,
    "GEX_Put": -4663047.62,
    "GEX_Total": 2023413.114,
    "GEX_Ratio": 1.433925,
    "VEX_Call": -902053.256,
    "VEX_Put": 4148796.757,
    "VEX_Total": 3246743.501,
    "VEX_Ratio": -0.217425,
    "CEX_Call": -12718496.561,
    "CEX_Put": 13664945.077,
    "CEX_Total": 946448.516,
    "CEX_Ratio": -0.930739
}