{
    "timestamp": "2025-10-09 10:40:05",
    "cum_gam": 6687.792912621532,
    "cum_vec": 9023.431779813729,
    "DEX_Call": 2761.178,
    "DEX_Put": -1751.963,
    "DEX_Total": 1009.215,
    "DEX_Ratio": 1.576048,
    "GEX_Call": 9969651.252,
    "GEX_Put": -12894694.334,
    "GEX_Total": -2925043.082,
    "GEX_Ratio": 0.773159,
    "VEX_Call": -1318052.339,
    "VEX_Put": 10854198.727,
    "VEX_Total": 9536146.388,
    "VEX_Ratio": -0.121432,
    "CEX_Call": -17723695.053,
    "CEX_Put": 34788207.73,
    "CEX_Total": 17064512.677,
    "CEX_Ratio": -0.509474
}