{
    "timestamp": "2025-07-30 09:26:36",
    "cum_gam": null,
    "cum_vec": 6822.75865688998,
    "DEX_Call": 389.583,
    "DEX_Put": -176.854,
    "DEX_Total": 212.729,
    "DEX_Ratio": 2.202851,
    "GEX_Call": 3042223.51,
    "GEX_Put": -2226626.076,
    "GEX_Total": 815597.434,
    "GEX_Ratio": 1.366293,
    "VEX_Call": -537815.812,
    "VEX_Put": 1006162.819,
    "VEX_Total": 468347.007,
    "VEX_Ratio": -0.534522,
    "CEX_Call": -8788519.371,
    "CEX_Put": 20484798.561,
    "CEX_Total": 11696279.19,
    "CEX_Ratio": -0.429026
}