{
    "timestamp": "2026-07-23 09:33:28",
    "cum_gam": 7452.054728903543,
    "cum_vec": 7452.054728903543,
    "DEX_Call": 404.822,
    "DEX_Put": -1563.354,
    "DEX_Total": -1158.532,
    "DEX_Ratio": 0.258945,
    "GEX_Call": 2582796.695,
    "GEX_Put": -7100925.854,
    "GEX_Total": -4518129.159,
    "GEX_Ratio": 0.363727,
    "VEX_Call": -2711011.022,
    "VEX_Put": 2723924.421,
    "VEX_Total": 12913.399,
    "VEX_Ratio": -0.995259,
    "CEX_Call": -10265398.237,
    "CEX_Put": 5399644.561,
    "CEX_Total": -4865753.676,
    "CEX_Ratio": -1.901125
}