{
    "timestamp": "2025-11-12 13:08:10",
    "cum_gam": null,
    "cum_vec": 7717.274113680987,
    "DEX_Call": 2124.655,
    "DEX_Put": -1248.83,
    "DEX_Total": 875.825,
    "DEX_Ratio": 1.701316,
    "GEX_Call": 9998312.929,
    "GEX_Put": -6704028.745,
    "GEX_Total": 3294284.184,
    "GEX_Ratio": 1.491389,
    "VEX_Call": -2182909.461,
    "VEX_Put": 7093702.09,
    "VEX_Total": 4910792.629,
    "VEX_Ratio": -0.307725,
    "CEX_Call": -33525445.739,
    "CEX_Put": 37355071.769,
    "CEX_Total": 3829626.03,
    "CEX_Ratio": -0.89748
}