{
    "timestamp": "2025-10-21 12:21:57",
    "cum_gam": 8789.891696750903,
    "cum_vec": 8789.891696750903,
    "DEX_Call": 1187.284,
    "DEX_Put": -506.274,
    "DEX_Total": 681.01,
    "DEX_Ratio": 2.345141,
    "GEX_Call": 7773769.195,
    "GEX_Put": -4430761.803,
    "GEX_Total": 3343007.392,
    "GEX_Ratio": 1.754499,
    "VEX_Call": -809266.867,
    "VEX_Put": 4360430.997,
    "VEX_Total": 3551164.13,
    "VEX_Ratio": -0.185593,
    "CEX_Call": -16556598.544,
    "CEX_Put": 20340278.88,
    "CEX_Total": 3783680.336,
    "CEX_Ratio": -0.813981
}