{
    "timestamp": "2025-09-25 07:23:26",
    "cum_gam": 6601.282971455866,
    "cum_vec": 6927.950001108904,
    "DEX_Call": 905.454,
    "DEX_Put": -770.471,
    "DEX_Total": 134.983,
    "DEX_Ratio": 1.175195,
    "GEX_Call": 3881404.956,
    "GEX_Put": -6013606.394,
    "GEX_Total": -2132201.438,
    "GEX_Ratio": 0.645437,
    "VEX_Call": -355407.768,
    "VEX_Put": 2621443.476,
    "VEX_Total": 2266035.708,
    "VEX_Ratio": -0.135577,
    "CEX_Call": -7070708.336,
    "CEX_Put": 13861527.819,
    "CEX_Total": 6790819.483,
    "CEX_Ratio": -0.510096
}