{
    "timestamp": "2025-11-18 11:11:20",
    "cum_gam": 6662.889328818573,
    "cum_vec": 7775.299817888394,
    "DEX_Call": 1931.69,
    "DEX_Put": -2653.535,
    "DEX_Total": -721.845,
    "DEX_Ratio": 0.727969,
    "GEX_Call": 4208969.452,
    "GEX_Put": -7830013.397,
    "GEX_Total": -3621043.945,
    "GEX_Ratio": 0.537543,
    "VEX_Call": -2687936.279,
    "VEX_Put": 4764143.988,
    "VEX_Total": 2076207.709,
    "VEX_Ratio": -0.564201,
    "CEX_Call": -15574366.618,
    "CEX_Put": 24223950.069,
    "CEX_Total": 8649583.451,
    "CEX_Ratio": -0.642933
}