{
    "timestamp": "2025-09-17 07:08:02",
    "cum_gam": 8595.996212356638,
    "cum_vec": 8595.996212356638,
    "DEX_Call": 11328.063,
    "DEX_Put": -1398.573,
    "DEX_Total": 9929.49,
    "DEX_Ratio": 8.09973,
    "GEX_Call": 12181392.543,
    "GEX_Put": -9220518.674,
    "GEX_Total": 2960873.869,
    "GEX_Ratio": 1.321118,
    "VEX_Call": 7175579.368,
    "VEX_Put": 12603837.47,
    "VEX_Total": 19779416.838,
    "VEX_Ratio": 0.569317,
    "CEX_Call": 11675991.585,
    "CEX_Put": 42004341.221,
    "CEX_Total": 53680332.806,
    "CEX_Ratio": 0.277971
}