{
    "timestamp": "2025-11-13 08:03:10",
    "cum_gam": 6228.459708356072,
    "cum_vec": 7787.366000554393,
    "DEX_Call": 1841.932,
    "DEX_Put": -1677.441,
    "DEX_Total": 164.491,
    "DEX_Ratio": 1.098061,
    "GEX_Call": 7129117.616,
    "GEX_Put": -7343951.685,
    "GEX_Total": -214834.069,
    "GEX_Ratio": 0.970747,
    "VEX_Call": -2754226.416,
    "VEX_Put": 6855050.547,
    "VEX_Total": 4100824.131,
    "VEX_Ratio": -0.401781,
    "CEX_Call": -13440886.741,
    "CEX_Put": 15180757.14,
    "CEX_Total": 1739870.399,
    "CEX_Ratio": -0.88539
}