{
    "timestamp": "2025-11-10 11:05:16",
    "cum_gam": null,
    "cum_vec": 7778.987882433826,
    "DEX_Call": 2271.99,
    "DEX_Put": -1405.45,
    "DEX_Total": 866.54,
    "DEX_Ratio": 1.616557,
    "GEX_Call": 9397601.499,
    "GEX_Put": -5820025.878,
    "GEX_Total": 3577575.621,
    "GEX_Ratio": 1.614701,
    "VEX_Call": -1586126.971,
    "VEX_Put": 7246417.392,
    "VEX_Total": 5660290.421,
    "VEX_Ratio": -0.218884,
    "CEX_Call": -4523806.932,
    "CEX_Put": 15706711.453,
    "CEX_Total": 11182904.521,
    "CEX_Ratio": -0.288017
}