{
    "timestamp": "2025-09-22 11:13:35",
    "cum_gam": null,
    "cum_vec": 7050.4343611216855,
    "DEX_Call": 1337.845,
    "DEX_Put": -300.626,
    "DEX_Total": 1037.219,
    "DEX_Ratio": 4.450197,
    "GEX_Call": 6970520.845,
    "GEX_Put": -2776146.413,
    "GEX_Total": 4194374.432,
    "GEX_Ratio": 2.510862,
    "VEX_Call": 51500.591,
    "VEX_Put": 3324529.129,
    "VEX_Total": 3376029.72,
    "VEX_Ratio": 0.015491,
    "CEX_Call": -6053563.847,
    "CEX_Put": 16933294.86,
    "CEX_Total": 10879731.013,
    "CEX_Ratio": -0.357495
}