{
    "timestamp": "2025-07-28 07:28:08",
    "cum_gam": null,
    "cum_vec": 6822.837473586322,
    "DEX_Call": 520.723,
    "DEX_Put": -123.366,
    "DEX_Total": 397.357,
    "DEX_Ratio": 4.22096,
    "GEX_Call": 4972971.93,
    "GEX_Put": -1991074.255,
    "GEX_Total": 2981897.675,
    "GEX_Ratio": 2.497633,
    "VEX_Call": -683232.568,
    "VEX_Put": 1163346.816,
    "VEX_Total": 480114.248,
    "VEX_Ratio": -0.587299,
    "CEX_Call": -7593428.1,
    "CEX_Put": 10572180.413,
    "CEX_Total": 2978752.313,
    "CEX_Ratio": -0.718246
}