{
    "timestamp": "2025-11-17 07:53:22",
    "cum_gam": 6561.848924316339,
    "cum_vec": 7823.122254758418,
    "DEX_Call": 1529.397,
    "DEX_Put": -1820.932,
    "DEX_Total": -291.535,
    "DEX_Ratio": 0.839898,
    "GEX_Call": 5673585.485,
    "GEX_Put": -6581519.716,
    "GEX_Total": -907934.231,
    "GEX_Ratio": 0.862048,
    "VEX_Call": -2426577.494,
    "VEX_Put": 5465055.915,
    "VEX_Total": 3038478.421,
    "VEX_Ratio": -0.444017,
    "CEX_Call": -10423023.505,
    "CEX_Put": 19778761.602,
    "CEX_Total": 9355738.097,
    "CEX_Ratio": -0.526981
}