{
    "timestamp": "2025-09-11 12:54:52",
    "cum_gam": 7007.513998539191,
    "cum_vec": 7604.143152989905,
    "DEX_Call": 5927.67,
    "DEX_Put": -1060.057,
    "DEX_Total": 4867.613,
    "DEX_Ratio": 5.591841,
    "GEX_Call": 15486774.376,
    "GEX_Put": -6180439.618,
    "GEX_Total": 9306334.758,
    "GEX_Ratio": 2.505772,
    "VEX_Call": 4374008.709,
    "VEX_Put": 13394151.676,
    "VEX_Total": 17768160.385,
    "VEX_Ratio": 0.326561,
    "CEX_Call": 1738248.324,
    "CEX_Put": 26202737.005,
    "CEX_Total": 27940985.329,
    "CEX_Ratio": 0.066338
}