{
    "timestamp": "2025-07-29 11:45:12",
    "cum_gam": null,
    "cum_vec": 6823.667889998243,
    "DEX_Call": 353.74,
    "DEX_Put": -192.345,
    "DEX_Total": 161.395,
    "DEX_Ratio": 1.839091,
    "GEX_Call": 3543776.121,
    "GEX_Put": -3360702.703,
    "GEX_Total": 183073.418,
    "GEX_Ratio": 1.054475,
    "VEX_Call": -614482.75,
    "VEX_Put": 883982.34,
    "VEX_Total": 269499.59,
    "VEX_Ratio": -0.69513,
    "CEX_Call": -15223109.993,
    "CEX_Put": 16354544.373,
    "CEX_Total": 1131434.38,
    "CEX_Ratio": -0.930818
}