{
    "timestamp": "2025-07-23 09:19:02",
    "cum_gam": null,
    "cum_vec": 6815.768166051599,
    "DEX_Call": 653.494,
    "DEX_Put": -197.886,
    "DEX_Total": 455.608,
    "DEX_Ratio": 3.302376,
    "GEX_Call": 6817398.321,
    "GEX_Put": -2308224.829,
    "GEX_Total": 4509173.492,
    "GEX_Ratio": 2.953524,
    "VEX_Call": -1025845.544,
    "VEX_Put": 2078462.361,
    "VEX_Total": 1052616.817,
    "VEX_Ratio": -0.49356,
    "CEX_Call": -10149389.938,
    "CEX_Put": 14032494.896,
    "CEX_Total": 3883104.958,
    "CEX_Ratio": -0.723278
}