{
    "timestamp": "2025-07-11 12:17:03",
    "cum_gam": 7012.573310576964,
    "cum_vec": 7214.8707388426665,
    "DEX_Call": 1951.456,
    "DEX_Put": -619.063,
    "DEX_Total": 1332.393,
    "DEX_Ratio": 3.152274,
    "GEX_Call": 7371589.383,
    "GEX_Put": -5355854.669,
    "GEX_Total": 2015734.714,
    "GEX_Ratio": 1.376361,
    "VEX_Call": -497368.448,
    "VEX_Put": 4885905.374,
    "VEX_Total": 4388536.926,
    "VEX_Ratio": -0.101797,
    "CEX_Call": 3573502.457,
    "CEX_Put": 25143824.26,
    "CEX_Total": 28717326.717,
    "CEX_Ratio": 0.142122
}