{
    "timestamp": "2025-11-13 10:06:43",
    "cum_gam": 6680.709888542384,
    "cum_vec": 7783.80665472945,
    "DEX_Call": 1637.936,
    "DEX_Put": -2041.893,
    "DEX_Total": -403.957,
    "DEX_Ratio": 0.802165,
    "GEX_Call": 5925056.978,
    "GEX_Put": -7823874.236,
    "GEX_Total": -1898817.258,
    "GEX_Ratio": 0.757305,
    "VEX_Call": -3071256.607,
    "VEX_Put": 6596774.254,
    "VEX_Total": 3525517.647,
    "VEX_Ratio": -0.465569,
    "CEX_Call": -15055437.853,
    "CEX_Put": 14415689.715,
    "CEX_Total": -639748.138,
    "CEX_Ratio": -1.044379
}