{
    "timestamp": "2025-07-22 12:49:11",
    "cum_gam": null,
    "cum_vec": 6818.869034606037,
    "DEX_Call": 771.465,
    "DEX_Put": -258.899,
    "DEX_Total": 512.566,
    "DEX_Ratio": 2.979791,
    "GEX_Call": 5149512.928,
    "GEX_Put": -3905946.721,
    "GEX_Total": 1243566.207,
    "GEX_Ratio": 1.318378,
    "VEX_Call": -779006.218,
    "VEX_Put": 2023118.494,
    "VEX_Total": 1244112.276,
    "VEX_Ratio": -0.385052,
    "CEX_Call": -5760907.891,
    "CEX_Put": 18875624.166,
    "CEX_Total": 13114716.275,
    "CEX_Ratio": -0.305204
}