{
    "timestamp": "2025-09-22 07:07:06",
    "cum_gam": null,
    "cum_vec": 7025.739871842231,
    "DEX_Call": 1151.918,
    "DEX_Put": -405.255,
    "DEX_Total": 746.663,
    "DEX_Ratio": 2.842452,
    "GEX_Call": 5897546.796,
    "GEX_Put": -3935763.514,
    "GEX_Total": 1961783.282,
    "GEX_Ratio": 1.49845,
    "VEX_Call": -258515.504,
    "VEX_Put": 3609121.795,
    "VEX_Total": 3350606.291,
    "VEX_Ratio": -0.071628,
    "CEX_Call": -6020987.097,
    "CEX_Put": 14213002.212,
    "CEX_Total": 8192015.115,
    "CEX_Ratio": -0.423625
}