{
    "timestamp": "2025-09-05 10:09:12",
    "cum_gam": 7009.078856606271,
    "cum_vec": 7464.437967502081,
    "DEX_Call": 4702.639,
    "DEX_Put": -2543.807,
    "DEX_Total": 2158.832,
    "DEX_Ratio": 1.848662,
    "GEX_Call": 14107251.989,
    "GEX_Put": -16409629.695,
    "GEX_Total": -2302377.706,
    "GEX_Ratio": 0.859694,
    "VEX_Call": 483220.413,
    "VEX_Put": 16977782.48,
    "VEX_Total": 17461002.893,
    "VEX_Ratio": 0.028462,
    "CEX_Call": -24692044.839,
    "CEX_Put": 62851745.111,
    "CEX_Total": 38159700.272,
    "CEX_Ratio": -0.392862
}