{
    "timestamp": "2025-11-03 07:48:35",
    "cum_gam": null,
    "cum_vec": 7805.786494618626,
    "DEX_Call": 2643.897,
    "DEX_Put": -1436.358,
    "DEX_Total": 1207.539,
    "DEX_Ratio": 1.840695,
    "GEX_Call": 8083753.549,
    "GEX_Put": -6429958.149,
    "GEX_Total": 1653795.4,
    "GEX_Ratio": 1.257202,
    "VEX_Call": -1955642.225,
    "VEX_Put": 9266215.817,
    "VEX_Total": 7310573.592,
    "VEX_Ratio": -0.211051,
    "CEX_Call": -8468669.323,
    "CEX_Put": 18460555.617,
    "CEX_Total": 9991886.294,
    "CEX_Ratio": -0.458744
}