{
    "timestamp": "2026-07-20 11:43:33",
    "cum_gam": 7442.569703391099,
    "cum_vec": 7442.569703391099,
    "DEX_Call": 636.148,
    "DEX_Put": -1322.23,
    "DEX_Total": -686.082,
    "DEX_Ratio": 0.481118,
    "GEX_Call": 3968642.655,
    "GEX_Put": -6781988.145,
    "GEX_Total": -2813345.49,
    "GEX_Ratio": 0.585174,
    "VEX_Call": -3150396.461,
    "VEX_Put": 3898400.507,
    "VEX_Total": 748004.046,
    "VEX_Ratio": -0.808125,
    "CEX_Call": -11416297.156,
    "CEX_Put": 16673900.177,
    "CEX_Total": 5257603.021,
    "CEX_Ratio": -0.684681
}