{
    "timestamp": "2025-09-02 12:48:55",
    "cum_gam": 7008.978629721284,
    "cum_vec": 7483.730712090854,
    "DEX_Call": 6241.508,
    "DEX_Put": -3267.569,
    "DEX_Total": 2973.939,
    "DEX_Ratio": 1.910138,
    "GEX_Call": 8756886.154,
    "GEX_Put": -12082983.629,
    "GEX_Total": -3326097.475,
    "GEX_Ratio": 0.724729,
    "VEX_Call": 2224837.062,
    "VEX_Put": 14268519.938,
    "VEX_Total": 16493357.0,
    "VEX_Ratio": 0.155926,
    "CEX_Call": -9426811.586,
    "CEX_Put": 25172313.538,
    "CEX_Total": 15745501.952,
    "CEX_Ratio": -0.374491
}