{
    "timestamp": "2025-11-04 10:26:15",
    "cum_gam": 6693.653119579035,
    "cum_vec": 7785.711423166939,
    "DEX_Call": 2118.749,
    "DEX_Put": -1987.05,
    "DEX_Total": 131.699,
    "DEX_Ratio": 1.066279,
    "GEX_Call": 6097943.165,
    "GEX_Put": -7890592.884,
    "GEX_Total": -1792649.719,
    "GEX_Ratio": 0.772812,
    "VEX_Call": -2881569.434,
    "VEX_Put": 8762829.331,
    "VEX_Total": 5881259.897,
    "VEX_Ratio": -0.32884,
    "CEX_Call": -9491855.362,
    "CEX_Put": 17210388.63,
    "CEX_Total": 7718533.268,
    "CEX_Ratio": -0.551519
}