{
    "timestamp": "2025-09-17 07:36:21",
    "cum_gam": 8595.657505154197,
    "cum_vec": 8595.657505154197,
    "DEX_Call": 11324.87,
    "DEX_Put": -1427.076,
    "DEX_Total": 9897.794,
    "DEX_Ratio": 7.935716,
    "GEX_Call": 12257340.667,
    "GEX_Put": -9370996.664,
    "GEX_Total": 2886344.003,
    "GEX_Ratio": 1.308008,
    "VEX_Call": 7467706.395,
    "VEX_Put": 12458304.805,
    "VEX_Total": 19926011.2,
    "VEX_Ratio": 0.599416,
    "CEX_Call": 12022145.308,
    "CEX_Put": 42611241.356,
    "CEX_Total": 54633386.664,
    "CEX_Ratio": 0.282136
}