{
    "timestamp": "2025-09-09 08:31:46",
    "cum_gam": 7008.943867374849,
    "cum_vec": 7491.763872277288,
    "DEX_Call": 4818.183,
    "DEX_Put": -1960.993,
    "DEX_Total": 2857.19,
    "DEX_Ratio": 2.457012,
    "GEX_Call": 14160204.828,
    "GEX_Put": -10778034.008,
    "GEX_Total": 3382170.82,
    "GEX_Ratio": 1.313802,
    "VEX_Call": 1583708.499,
    "VEX_Put": 14490130.256,
    "VEX_Total": 16073838.755,
    "VEX_Ratio": 0.109296,
    "CEX_Call": -7210119.159,
    "CEX_Put": 18512952.574,
    "CEX_Total": 11302833.415,
    "CEX_Ratio": -0.389463
}