{
    "timestamp": "2025-11-17 09:51:28",
    "cum_gam": 6652.858184734029,
    "cum_vec": 7929.536303416028,
    "DEX_Call": 1459.175,
    "DEX_Put": -1862.426,
    "DEX_Total": -403.251,
    "DEX_Ratio": 0.783481,
    "GEX_Call": 5317089.112,
    "GEX_Put": -6878383.681,
    "GEX_Total": -1561294.569,
    "GEX_Ratio": 0.773014,
    "VEX_Call": -2307692.493,
    "VEX_Put": 5329907.713,
    "VEX_Total": 3022215.22,
    "VEX_Ratio": -0.43297,
    "CEX_Call": -10352703.986,
    "CEX_Put": 21124137.91,
    "CEX_Total": 10771433.924,
    "CEX_Ratio": -0.490089
}