{
    "timestamp": "2025-10-07 08:14:17",
    "cum_gam": null,
    "cum_vec": 9016.922655223585,
    "DEX_Call": 2938.809,
    "DEX_Put": -1657.873,
    "DEX_Total": 1280.936,
    "DEX_Ratio": 1.772638,
    "GEX_Call": 9172525.644,
    "GEX_Put": -8589595.696,
    "GEX_Total": 582929.948,
    "GEX_Ratio": 1.067865,
    "VEX_Call": -1417624.299,
    "VEX_Put": 10966578.787,
    "VEX_Total": 9548954.488,
    "VEX_Ratio": -0.129268,
    "CEX_Call": -11814789.159,
    "CEX_Put": 23757572.878,
    "CEX_Total": 11942783.719,
    "CEX_Ratio": -0.497306
}