{
    "timestamp": "2025-11-20 08:03:48",
    "cum_gam": null,
    "cum_vec": null,
    "DEX_Call": 3493.948,
    "DEX_Put": -987.994,
    "DEX_Total": 2505.954,
    "DEX_Ratio": 3.536406,
    "GEX_Call": 8438868.431,
    "GEX_Put": -5925630.199,
    "GEX_Total": 2513238.232,
    "GEX_Ratio": 1.42413,
    "VEX_Call": -410416.249,
    "VEX_Put": 4558130.661,
    "VEX_Total": 4147714.412,
    "VEX_Ratio": -0.09004,
    "CEX_Call": -319837.771,
    "CEX_Put": 21603492.519,
    "CEX_Total": 21283654.748,
    "CEX_Ratio": -0.014805
}