{
    "timestamp": "2025-08-06 12:18:25",
    "cum_gam": 7009.874591302426,
    "cum_vec": 7302.035962117575,
    "DEX_Call": 1941.903,
    "DEX_Put": -1190.612,
    "DEX_Total": 751.291,
    "DEX_Ratio": 1.631012,
    "GEX_Call": 9918809.029,
    "GEX_Put": -6020154.912,
    "GEX_Total": 3898654.117,
    "GEX_Ratio": 1.6476,
    "VEX_Call": -1529021.091,
    "VEX_Put": 8163072.157,
    "VEX_Total": 6634051.066,
    "VEX_Ratio": -0.18731,
    "CEX_Call": -11412537.054,
    "CEX_Put": 18087939.833,
    "CEX_Total": 6675402.779,
    "CEX_Ratio": -0.630947
}