{
    "timestamp": "2025-07-18 08:55:55",
    "cum_gam": null,
    "cum_vec": 6860.423726478773,
    "DEX_Call": 796.692,
    "DEX_Put": -305.058,
    "DEX_Total": 491.634,
    "DEX_Ratio": 2.611608,
    "GEX_Call": 7433711.22,
    "GEX_Put": -4001534.063,
    "GEX_Total": 3432177.157,
    "GEX_Ratio": 1.857715,
    "VEX_Call": -1050424.577,
    "VEX_Put": 2367964.958,
    "VEX_Total": 1317540.381,
    "VEX_Ratio": -0.443598,
    "CEX_Call": -7629967.734,
    "CEX_Put": 12735515.645,
    "CEX_Total": 5105547.911,
    "CEX_Ratio": -0.599109
}