{
    "timestamp": "2025-10-09 08:04:02",
    "cum_gam": null,
    "cum_vec": 9057.393771406707,
    "DEX_Call": 2850.425,
    "DEX_Put": -1546.473,
    "DEX_Total": 1303.952,
    "DEX_Ratio": 1.843178,
    "GEX_Call": 11441820.005,
    "GEX_Put": -10402507.03,
    "GEX_Total": 1039312.975,
    "GEX_Ratio": 1.09991,
    "VEX_Call": -1380433.89,
    "VEX_Put": 10921358.522,
    "VEX_Total": 9540924.632,
    "VEX_Ratio": -0.126398,
    "CEX_Call": -19204969.459,
    "CEX_Put": 30396183.489,
    "CEX_Total": 11191214.03,
    "CEX_Ratio": -0.631822
}