{
    "timestamp": "2025-09-23 09:57:36",
    "cum_gam": null,
    "cum_vec": 7102.199481001101,
    "DEX_Call": 1246.318,
    "DEX_Put": -434.511,
    "DEX_Total": 811.807,
    "DEX_Ratio": 2.868323,
    "GEX_Call": 6550085.142,
    "GEX_Put": -4623149.664,
    "GEX_Total": 1926935.478,
    "GEX_Ratio": 1.416801,
    "VEX_Call": -584484.745,
    "VEX_Put": 3542209.557,
    "VEX_Total": 2957724.812,
    "VEX_Ratio": -0.165006,
    "CEX_Call": -15211406.555,
    "CEX_Put": 14729129.842,
    "CEX_Total": -482276.713,
    "CEX_Ratio": -1.032743
}