{
    "timestamp": "2025-11-13 10:42:54",
    "cum_gam": 6680.082783036557,
    "cum_vec": 7785.176257100214,
    "DEX_Call": 1678.143,
    "DEX_Put": -1959.317,
    "DEX_Total": -281.174,
    "DEX_Ratio": 0.856494,
    "GEX_Call": 5949323.472,
    "GEX_Put": -7771345.241,
    "GEX_Total": -1822021.769,
    "GEX_Ratio": 0.765546,
    "VEX_Call": -2965427.937,
    "VEX_Put": 6649678.107,
    "VEX_Total": 3684250.17,
    "VEX_Ratio": -0.445951,
    "CEX_Call": -14768007.86,
    "CEX_Put": 16694457.593,
    "CEX_Total": 1926449.733,
    "CEX_Ratio": -0.884605
}