{
    "timestamp": "2025-11-26 10:55:08",
    "cum_gam": null,
    "cum_vec": 8089.437602084651,
    "DEX_Call": 8415.041,
    "DEX_Put": -2612.503,
    "DEX_Total": 5802.538,
    "DEX_Ratio": 3.221065,
    "GEX_Call": 7385645.457,
    "GEX_Put": -6186061.377,
    "GEX_Total": 1199584.08,
    "GEX_Ratio": 1.193917,
    "VEX_Call": 4613243.111,
    "VEX_Put": 11581736.416,
    "VEX_Total": 16194979.527,
    "VEX_Ratio": 0.398321,
    "CEX_Call": 628990.684,
    "CEX_Put": 2831591.135,
    "CEX_Total": 3460581.819,
    "CEX_Ratio": 0.222133
}