{
    "timestamp": "2025-10-20 09:45:02",
    "cum_gam": null,
    "cum_vec": null,
    "DEX_Call": 1381.12,
    "DEX_Put": -588.689,
    "DEX_Total": 792.431,
    "DEX_Ratio": 2.346094,
    "GEX_Call": 6964703.458,
    "GEX_Put": -3664490.221,
    "GEX_Total": 3300213.237,
    "GEX_Ratio": 1.900593,
    "VEX_Call": -881176.749,
    "VEX_Put": 5411826.522,
    "VEX_Total": 4530649.773,
    "VEX_Ratio": -0.162824,
    "CEX_Call": -4256870.494,
    "CEX_Put": 20377406.217,
    "CEX_Total": 16120535.723,
    "CEX_Ratio": -0.208901
}