{
    "timestamp": "2025-07-25 09:03:11",
    "cum_gam": null,
    "cum_vec": 6816.437826010432,
    "DEX_Call": 531.365,
    "DEX_Put": -169.72,
    "DEX_Total": 361.645,
    "DEX_Ratio": 3.130833,
    "GEX_Call": 6731357.638,
    "GEX_Put": -2717050.444,
    "GEX_Total": 4014307.194,
    "GEX_Ratio": 2.47745,
    "VEX_Call": -851425.931,
    "VEX_Put": 1617692.217,
    "VEX_Total": 766266.286,
    "VEX_Ratio": -0.526321,
    "CEX_Call": -12755372.772,
    "CEX_Put": 18751030.798,
    "CEX_Total": 5995658.026,
    "CEX_Ratio": -0.680249
}