{
    "timestamp": "2025-07-15 11:57:01",
    "cum_gam": 7018.9636068513255,
    "cum_vec": 7172.525873221216,
    "DEX_Call": 1296.88,
    "DEX_Put": -699.32,
    "DEX_Total": 597.56,
    "DEX_Ratio": 1.854487,
    "GEX_Call": 6800416.944,
    "GEX_Put": -5230859.427,
    "GEX_Total": 1569557.517,
    "GEX_Ratio": 1.300057,
    "VEX_Call": -1227378.32,
    "VEX_Put": 4270737.673,
    "VEX_Total": 3043359.353,
    "VEX_Ratio": -0.287393,
    "CEX_Call": -11899287.491,
    "CEX_Put": 18260443.626,
    "CEX_Total": 6361156.135,
    "CEX_Ratio": -0.651643
}