{
    "timestamp": "2025-09-19 11:00:01",
    "cum_gam": 8599.748013963605,
    "cum_vec": 8599.748013963605,
    "DEX_Call": 1389.895,
    "DEX_Put": -458.97,
    "DEX_Total": 930.925,
    "DEX_Ratio": 3.028292,
    "GEX_Call": 8817800.374,
    "GEX_Put": -5037358.699,
    "GEX_Total": 3780441.675,
    "GEX_Ratio": 1.750481,
    "VEX_Call": 366615.466,
    "VEX_Put": 4089607.143,
    "VEX_Total": 4456222.609,
    "VEX_Ratio": 0.089646,
    "CEX_Call": -6539720.695,
    "CEX_Put": 26505082.809,
    "CEX_Total": 19965362.114,
    "CEX_Ratio": -0.246735
}