{
    "timestamp": "2025-07-18 06:58:47",
    "cum_gam": null,
    "cum_vec": 6910.573597565193,
    "DEX_Call": 830.071,
    "DEX_Put": -302.581,
    "DEX_Total": 527.49,
    "DEX_Ratio": 2.743302,
    "GEX_Call": 7017456.427,
    "GEX_Put": -3394120.8,
    "GEX_Total": 3623335.627,
    "GEX_Ratio": 2.067533,
    "VEX_Call": -1051050.801,
    "VEX_Put": 2741471.615,
    "VEX_Total": 1690420.814,
    "VEX_Ratio": -0.383389,
    "CEX_Call": -5997397.291,
    "CEX_Put": 14377557.524,
    "CEX_Total": 8380160.233,
    "CEX_Ratio": -0.417136
}