{
    "timestamp": "2025-09-30 10:35:35",
    "cum_gam": 6582.4546844973365,
    "cum_vec": 6582.4546844973365,
    "DEX_Call": 1378.959,
    "DEX_Put": -102.872,
    "DEX_Total": 1276.087,
    "DEX_Ratio": 13.40461,
    "GEX_Call": 2900528.358,
    "GEX_Put": -2726188.127,
    "GEX_Total": 174340.231,
    "GEX_Ratio": 1.06395,
    "VEX_Call": 535391.341,
    "VEX_Put": 563429.311,
    "VEX_Total": 1098820.652,
    "VEX_Ratio": 0.950237,
    "CEX_Call": 23776421.206,
    "CEX_Put": 25072536.14,
    "CEX_Total": 48848957.346,
    "CEX_Ratio": 0.948305
}