{
    "timestamp": "2025-07-03 09:04:22",
    "cum_gam": 7018.45354591011,
    "cum_vec": 7202.532675352563,
    "DEX_Call": 3232.974,
    "DEX_Put": -565.387,
    "DEX_Total": 2667.587,
    "DEX_Ratio": 5.718161,
    "GEX_Call": 9858815.224,
    "GEX_Put": -2760722.516,
    "GEX_Total": 7098092.708,
    "GEX_Ratio": 3.5711,
    "VEX_Call": 1252161.538,
    "VEX_Put": 7296329.274,
    "VEX_Total": 8548490.812,
    "VEX_Ratio": 0.171615,
    "CEX_Call": -4333902.301,
    "CEX_Put": 10744290.246,
    "CEX_Total": 6410387.945,
    "CEX_Ratio": -0.403368
}