{
    "timestamp": "2025-10-06 10:26:23",
    "cum_gam": null,
    "cum_vec": 7975.684094503283,
    "DEX_Call": 2893.732,
    "DEX_Put": -1220.217,
    "DEX_Total": 1673.515,
    "DEX_Ratio": 2.37149,
    "GEX_Call": 11154038.418,
    "GEX_Put": -6259231.28,
    "GEX_Total": 4894807.138,
    "GEX_Ratio": 1.782014,
    "VEX_Call": -275170.535,
    "VEX_Put": 10361452.404,
    "VEX_Total": 10086281.869,
    "VEX_Ratio": -0.026557,
    "CEX_Call": -10521079.953,
    "CEX_Put": 20782044.009,
    "CEX_Total": 10260964.056,
    "CEX_Ratio": -0.506258
}