{
    "timestamp": "2025-11-20 11:04:28",
    "cum_gam": 8429.917040910092,
    "cum_vec": 8429.917040910092,
    "DEX_Call": 2232.554,
    "DEX_Put": -2450.546,
    "DEX_Total": -217.992,
    "DEX_Ratio": 0.911043,
    "GEX_Call": 3898788.112,
    "GEX_Put": -6898213.376,
    "GEX_Total": -2999425.264,
    "GEX_Ratio": 0.565188,
    "VEX_Call": -2544578.404,
    "VEX_Put": 3608086.0,
    "VEX_Total": 1063507.596,
    "VEX_Ratio": -0.705243,
    "CEX_Call": -24755587.022,
    "CEX_Put": 26322126.435,
    "CEX_Total": 1566539.413,
    "CEX_Ratio": -0.940486
}