{
    "timestamp": "2026-07-23 09:59:23",
    "cum_gam": 7446.698467752133,
    "cum_vec": 7446.698467752133,
    "DEX_Call": 372.919,
    "DEX_Put": -1639.701,
    "DEX_Total": -1266.782,
    "DEX_Ratio": 0.227431,
    "GEX_Call": 2338618.347,
    "GEX_Put": -7030033.879,
    "GEX_Total": -4691415.532,
    "GEX_Ratio": 0.332661,
    "VEX_Call": -2615875.712,
    "VEX_Put": 2687648.45,
    "VEX_Total": 71772.738,
    "VEX_Ratio": -0.973295,
    "CEX_Call": -9547309.721,
    "CEX_Put": 6331412.074,
    "CEX_Total": -3215897.647,
    "CEX_Ratio": -1.507927
}