{
    "timestamp": "2025-11-18 07:30:08",
    "cum_gam": 6633.647107688628,
    "cum_vec": 6633.647107688628,
    "DEX_Call": 2704.13,
    "DEX_Put": -2089.942,
    "DEX_Total": 614.188,
    "DEX_Ratio": 1.293878,
    "GEX_Call": 4638328.411,
    "GEX_Put": -7309366.103,
    "GEX_Total": -2671037.692,
    "GEX_Ratio": 0.634573,
    "VEX_Call": -2262306.831,
    "VEX_Put": 6289079.614,
    "VEX_Total": 4026772.783,
    "VEX_Ratio": -0.35972,
    "CEX_Call": -13974829.373,
    "CEX_Put": 28972819.988,
    "CEX_Total": 14997990.615,
    "CEX_Ratio": -0.482343
}