{
    "timestamp": "2025-08-22 06:48:30",
    "cum_gam": null,
    "cum_vec": 7768.079289131921,
    "DEX_Call": 690.605,
    "DEX_Put": -589.684,
    "DEX_Total": 100.921,
    "DEX_Ratio": 1.171144,
    "GEX_Call": 4262109.091,
    "GEX_Put": -3676659.389,
    "GEX_Total": 585449.702,
    "GEX_Ratio": 1.159234,
    "VEX_Call": -1425666.904,
    "VEX_Put": 3077066.889,
    "VEX_Total": 1651399.985,
    "VEX_Ratio": -0.46332,
    "CEX_Call": -16065846.2,
    "CEX_Put": 21585646.066,
    "CEX_Total": 5519799.866,
    "CEX_Ratio": -0.744284
}