{
    "timestamp": "2025-09-15 09:42:53",
    "cum_gam": 8597.157493612896,
    "cum_vec": 8597.157493612896,
    "DEX_Call": 9361.136,
    "DEX_Put": -1101.857,
    "DEX_Total": 8259.279,
    "DEX_Ratio": 8.495781,
    "GEX_Call": 14710061.941,
    "GEX_Put": -7320672.821,
    "GEX_Total": 7389389.12,
    "GEX_Ratio": 2.009387,
    "VEX_Call": 5609728.927,
    "VEX_Put": 12849290.526,
    "VEX_Total": 18459019.453,
    "VEX_Ratio": 0.436579,
    "CEX_Call": 4729885.796,
    "CEX_Put": 36393573.352,
    "CEX_Total": 41123459.148,
    "CEX_Ratio": 0.129965
}