{
    "timestamp": "2026-07-22 09:34:32",
    "cum_gam": null,
    "cum_vec": null,
    "DEX_Call": 890.916,
    "DEX_Put": -790.421,
    "DEX_Total": 100.495,
    "DEX_Ratio": 1.127141,
    "GEX_Call": 8260006.651,
    "GEX_Put": -5731986.988,
    "GEX_Total": 2528019.663,
    "GEX_Ratio": 1.441037,
    "VEX_Call": -2884453.007,
    "VEX_Put": 4638193.217,
    "VEX_Total": 1753740.21,
    "VEX_Ratio": -0.621892,
    "CEX_Call": -16482107.0,
    "CEX_Put": 16158033.184,
    "CEX_Total": -324073.816,
    "CEX_Ratio": -1.020057
}