{
    "timestamp": "2025-08-06 06:39:23",
    "cum_gam": 7009.705666640537,
    "cum_vec": 7472.555234168257,
    "DEX_Call": 2243.601,
    "DEX_Put": -1598.595,
    "DEX_Total": 645.006,
    "DEX_Ratio": 1.403483,
    "GEX_Call": 6659863.234,
    "GEX_Put": -6831296.242,
    "GEX_Total": -171433.008,
    "GEX_Ratio": 0.974905,
    "VEX_Call": -2022597.68,
    "VEX_Put": 8380094.531,
    "VEX_Total": 6357496.851,
    "VEX_Ratio": -0.241357,
    "CEX_Call": -9305494.047,
    "CEX_Put": 14826419.955,
    "CEX_Total": 5520925.908,
    "CEX_Ratio": -0.627629
}