{
    "timestamp": "2025-11-26 13:19:48",
    "cum_gam": null,
    "cum_vec": 8080.511636927851,
    "DEX_Call": 7837.185,
    "DEX_Put": -2566.181,
    "DEX_Total": 5271.004,
    "DEX_Ratio": 3.054027,
    "GEX_Call": 7408273.541,
    "GEX_Put": -6177416.454,
    "GEX_Total": 1230857.087,
    "GEX_Ratio": 1.199251,
    "VEX_Call": 4141390.803,
    "VEX_Put": 11352824.404,
    "VEX_Total": 15494215.207,
    "VEX_Ratio": 0.364789,
    "CEX_Call": 491743.647,
    "CEX_Put": 2779342.974,
    "CEX_Total": 3271086.621,
    "CEX_Ratio": 0.176928
}