{
    "timestamp": "2025-09-22 11:31:53",
    "cum_gam": null,
    "cum_vec": 7028.331864380441,
    "DEX_Call": 1364.612,
    "DEX_Put": -287.202,
    "DEX_Total": 1077.41,
    "DEX_Ratio": 4.751401,
    "GEX_Call": 7173580.568,
    "GEX_Put": -2687881.952,
    "GEX_Total": 4485698.616,
    "GEX_Ratio": 2.66886,
    "VEX_Call": 22053.314,
    "VEX_Put": 3197394.601,
    "VEX_Total": 3219447.915,
    "VEX_Ratio": 0.006897,
    "CEX_Call": -5824213.323,
    "CEX_Put": 14825336.894,
    "CEX_Total": 9001123.571,
    "CEX_Ratio": -0.392855
}