{
    "timestamp": "2025-09-15 06:47:44",
    "cum_gam": 7005.270647621943,
    "cum_vec": 7202.998741333572,
    "DEX_Call": 8181.251,
    "DEX_Put": -1123.059,
    "DEX_Total": 7058.192,
    "DEX_Ratio": 7.284792,
    "GEX_Call": 14332827.762,
    "GEX_Put": -7513897.324,
    "GEX_Total": 6818930.438,
    "GEX_Ratio": 1.907509,
    "VEX_Call": 5498041.679,
    "VEX_Put": 11893403.182,
    "VEX_Total": 17391444.861,
    "VEX_Ratio": 0.462277,
    "CEX_Call": 3913709.036,
    "CEX_Put": 27831066.579,
    "CEX_Total": 31744775.615,
    "CEX_Ratio": 0.140624
}