{
    "timestamp": "2025-07-10 06:40:27",
    "cum_gam": 7008.7797240590035,
    "cum_vec": 7159.017157192134,
    "DEX_Call": 2939.461,
    "DEX_Put": -647.312,
    "DEX_Total": 2292.149,
    "DEX_Ratio": 4.541027,
    "GEX_Call": 7609063.782,
    "GEX_Put": -4455113.701,
    "GEX_Total": 3153950.081,
    "GEX_Ratio": 1.707939,
    "VEX_Call": -95160.74,
    "VEX_Put": 5431751.931,
    "VEX_Total": 5336591.191,
    "VEX_Ratio": -0.017519,
    "CEX_Call": -5785717.171,
    "CEX_Put": 11988939.896,
    "CEX_Total": 6203222.725,
    "CEX_Ratio": -0.482588
}