{
    "timestamp": "2025-07-14 09:22:05",
    "cum_gam": 7000.850976232677,
    "cum_vec": 7208.3440989203655,
    "DEX_Call": 1607.272,
    "DEX_Put": -593.06,
    "DEX_Total": 1014.212,
    "DEX_Ratio": 2.710134,
    "GEX_Call": 6592760.204,
    "GEX_Put": -4735840.067,
    "GEX_Total": 1856920.137,
    "GEX_Ratio": 1.392099,
    "VEX_Call": -966758.84,
    "VEX_Put": 4178284.414,
    "VEX_Total": 3211525.574,
    "VEX_Ratio": -0.231377,
    "CEX_Call": -4970905.619,
    "CEX_Put": 14042283.83,
    "CEX_Total": 9071378.211,
    "CEX_Ratio": -0.353996
}