{
    "timestamp": "2025-09-17 06:36:31",
    "cum_gam": 8596.133855269883,
    "cum_vec": 8596.133855269883,
    "DEX_Call": 11479.92,
    "DEX_Put": -1278.614,
    "DEX_Total": 10201.306,
    "DEX_Ratio": 8.978409,
    "GEX_Call": 12216275.347,
    "GEX_Put": -8800501.428,
    "GEX_Total": 3415773.919,
    "GEX_Ratio": 1.388134,
    "VEX_Call": 7702829.966,
    "VEX_Put": 12256855.528,
    "VEX_Total": 19959685.494,
    "VEX_Ratio": 0.628451,
    "CEX_Call": 14539069.314,
    "CEX_Put": 39575028.798,
    "CEX_Total": 54114098.112,
    "CEX_Ratio": 0.36738
}