{
    "timestamp": "2025-10-10 06:45:57",
    "cum_gam": 7001.565859475834,
    "cum_vec": 8810.276516714815,
    "DEX_Call": 2598.097,
    "DEX_Put": -1286.348,
    "DEX_Total": 1311.749,
    "DEX_Ratio": 2.019747,
    "GEX_Call": 12498087.279,
    "GEX_Put": -7135247.731,
    "GEX_Total": 5362839.548,
    "GEX_Ratio": 1.751598,
    "VEX_Call": -736454.371,
    "VEX_Put": 9739706.78,
    "VEX_Total": 9003252.409,
    "VEX_Ratio": -0.075614,
    "CEX_Call": -10216787.09,
    "CEX_Put": 24725229.795,
    "CEX_Total": 14508442.705,
    "CEX_Ratio": -0.413213
}