{
    "timestamp": "2025-08-11 08:42:58",
    "cum_gam": 7009.327977556512,
    "cum_vec": 8372.756057268722,
    "DEX_Call": 1950.28,
    "DEX_Put": -894.544,
    "DEX_Total": 1055.736,
    "DEX_Ratio": 2.180195,
    "GEX_Call": 9076845.607,
    "GEX_Put": -5905716.962,
    "GEX_Total": 3171128.645,
    "GEX_Ratio": 1.536959,
    "VEX_Call": -1481357.984,
    "VEX_Put": 6762378.658,
    "VEX_Total": 5281020.674,
    "VEX_Ratio": -0.219059,
    "CEX_Call": -10904731.719,
    "CEX_Put": 16738811.272,
    "CEX_Total": 5834079.553,
    "CEX_Ratio": -0.651464
}