{
    "timestamp": "2025-10-10 10:43:12",
    "cum_gam": 7003.300874968133,
    "cum_vec": 8822.171297622457,
    "DEX_Call": 1736.133,
    "DEX_Put": -3019.842,
    "DEX_Total": -1283.709,
    "DEX_Ratio": 0.574909,
    "GEX_Call": 5651889.608,
    "GEX_Put": -10690686.26,
    "GEX_Total": -5038796.652,
    "GEX_Ratio": 0.528674,
    "VEX_Call": -2878087.809,
    "VEX_Put": 9073968.348,
    "VEX_Total": 6195880.539,
    "VEX_Ratio": -0.317181,
    "CEX_Call": -15017882.724,
    "CEX_Put": 9726978.024,
    "CEX_Total": -5290904.7,
    "CEX_Ratio": -1.543941
}