{
    "timestamp": "2025-07-16 09:08:36",
    "cum_gam": 8597.23555756033,
    "cum_vec": 8597.23555756033,
    "DEX_Call": 3435.773,
    "DEX_Put": -878.576,
    "DEX_Total": 2557.197,
    "DEX_Ratio": 3.910616,
    "GEX_Call": 6670090.64,
    "GEX_Put": -6938440.002,
    "GEX_Total": -268349.362,
    "GEX_Ratio": 0.961324,
    "VEX_Call": -25883.882,
    "VEX_Put": 4433053.6,
    "VEX_Total": 4407169.718,
    "VEX_Ratio": -0.005839,
    "CEX_Call": -5047275.319,
    "CEX_Put": 22832470.525,
    "CEX_Total": 17785195.206,
    "CEX_Ratio": -0.221057
}