{
    "timestamp": "2025-08-12 09:59:33",
    "cum_gam": 7009.585587339671,
    "cum_vec": 7655.298683766453,
    "DEX_Call": 2381.982,
    "DEX_Put": -595.165,
    "DEX_Total": 1786.817,
    "DEX_Ratio": 4.002221,
    "GEX_Call": 10839417.373,
    "GEX_Put": -4003177.991,
    "GEX_Total": 6836239.382,
    "GEX_Ratio": 2.707703,
    "VEX_Call": -427807.335,
    "VEX_Put": 6306812.984,
    "VEX_Total": 5879005.649,
    "VEX_Ratio": -0.067833,
    "CEX_Call": -8222655.058,
    "CEX_Put": 18896837.595,
    "CEX_Total": 10674182.537,
    "CEX_Ratio": -0.435134
}