{
    "timestamp": "2025-08-11 09:22:56",
    "cum_gam": 7009.434189105939,
    "cum_vec": 9159.733978234583,
    "DEX_Call": 2939.041,
    "DEX_Put": -770.686,
    "DEX_Total": 2168.355,
    "DEX_Ratio": 3.813539,
    "GEX_Call": 10314168.525,
    "GEX_Put": -5153793.733,
    "GEX_Total": 5160374.792,
    "GEX_Ratio": 2.001277,
    "VEX_Call": -389977.199,
    "VEX_Put": 6800524.999,
    "VEX_Total": 6410547.8,
    "VEX_Ratio": -0.057345,
    "CEX_Call": -5300808.87,
    "CEX_Put": 17695972.532,
    "CEX_Total": 12395163.662,
    "CEX_Ratio": -0.299549
}