{
    "timestamp": "2025-08-01 11:29:43",
    "cum_gam": 7009.866055510434,
    "cum_vec": 7215.448113207547,
    "DEX_Call": 1839.833,
    "DEX_Put": -3056.376,
    "DEX_Total": -1216.543,
    "DEX_Ratio": 0.601966,
    "GEX_Call": 4002310.205,
    "GEX_Put": -8481458.702,
    "GEX_Total": -4479148.497,
    "GEX_Ratio": 0.471889,
    "VEX_Call": -1802868.952,
    "VEX_Put": 8159858.886,
    "VEX_Total": 6356989.934,
    "VEX_Ratio": -0.220944,
    "CEX_Call": -11769154.768,
    "CEX_Put": -6672673.245,
    "CEX_Total": -18441828.013,
    "CEX_Ratio": -1.763784
}