{
    "timestamp": "2025-09-18 11:46:42",
    "cum_gam": 8595.842264638835,
    "cum_vec": 8595.842264638835,
    "DEX_Call": 11954.087,
    "DEX_Put": -845.782,
    "DEX_Total": 11108.305,
    "DEX_Ratio": 14.133769,
    "GEX_Call": 15532795.692,
    "GEX_Put": -9056864.8,
    "GEX_Total": 6475930.892,
    "GEX_Ratio": 1.71503,
    "VEX_Call": 6409392.289,
    "VEX_Put": 8506829.783,
    "VEX_Total": 14916222.072,
    "VEX_Ratio": 0.753441,
    "CEX_Call": 33693026.59,
    "CEX_Put": 43438503.876,
    "CEX_Total": 77131530.466,
    "CEX_Ratio": 0.775649
}