{
    "timestamp": "2025-08-22 07:27:47",
    "cum_gam": null,
    "cum_vec": 7653.449890727443,
    "DEX_Call": 966.698,
    "DEX_Put": -318.214,
    "DEX_Total": 648.484,
    "DEX_Ratio": 3.037886,
    "GEX_Call": 6434305.944,
    "GEX_Put": -2780844.67,
    "GEX_Total": 3653461.274,
    "GEX_Ratio": 2.313796,
    "VEX_Call": -604997.398,
    "VEX_Put": 2833918.163,
    "VEX_Total": 2228920.765,
    "VEX_Ratio": -0.213484,
    "CEX_Call": -5760674.197,
    "CEX_Put": 19016921.566,
    "CEX_Total": 13256247.369,
    "CEX_Ratio": -0.302924
}