{
    "timestamp": "2025-07-07 08:49:13",
    "cum_gam": null,
    "cum_vec": 7138.642699153881,
    "DEX_Call": 2851.463,
    "DEX_Put": -858.663,
    "DEX_Total": 1992.8,
    "DEX_Ratio": 3.320817,
    "GEX_Call": 6174257.516,
    "GEX_Put": -5047957.631,
    "GEX_Total": 1126299.885,
    "GEX_Ratio": 1.22312,
    "VEX_Call": 520963.45,
    "VEX_Put": 6701012.524,
    "VEX_Total": 7221975.974,
    "VEX_Ratio": 0.077744,
    "CEX_Call": -2269513.989,
    "CEX_Put": 12509656.998,
    "CEX_Total": 10240143.009,
    "CEX_Ratio": -0.181421
}