{
    "timestamp": "2025-10-09 12:43:03",
    "cum_gam": 7000.385638026068,
    "cum_vec": 9057.663108839446,
    "DEX_Call": 2623.297,
    "DEX_Put": -1535.199,
    "DEX_Total": 1088.098,
    "DEX_Ratio": 1.708767,
    "GEX_Call": 10339708.134,
    "GEX_Put": -10888983.189,
    "GEX_Total": -549275.055,
    "GEX_Ratio": 0.949557,
    "VEX_Call": -909281.278,
    "VEX_Put": 10291208.624,
    "VEX_Total": 9381927.346,
    "VEX_Ratio": -0.088355,
    "CEX_Call": -28081737.81,
    "CEX_Put": 45298021.249,
    "CEX_Total": 17216283.439,
    "CEX_Ratio": -0.619933
}