{
    "timestamp": "2025-08-22 11:39:50",
    "cum_gam": null,
    "cum_vec": 7919.228521332554,
    "DEX_Call": 748.26,
    "DEX_Put": -225.411,
    "DEX_Total": 522.849,
    "DEX_Ratio": 3.319536,
    "GEX_Call": 6883839.114,
    "GEX_Put": -2438097.77,
    "GEX_Total": 4445741.344,
    "GEX_Ratio": 2.823447,
    "VEX_Call": -488529.666,
    "VEX_Put": 2102378.455,
    "VEX_Total": 1613848.789,
    "VEX_Ratio": -0.23237,
    "CEX_Call": -10191548.505,
    "CEX_Put": 17627465.683,
    "CEX_Total": 7435917.178,
    "CEX_Ratio": -0.578163
}