{
    "timestamp": "2025-07-16 11:54:52",
    "cum_gam": null,
    "cum_vec": 7237.727026783299,
    "DEX_Call": 3169.78,
    "DEX_Put": -751.808,
    "DEX_Total": 2417.972,
    "DEX_Ratio": 4.216209,
    "GEX_Call": 7689579.352,
    "GEX_Put": -6553207.255,
    "GEX_Total": 1136372.097,
    "GEX_Ratio": 1.173407,
    "VEX_Call": -405453.059,
    "VEX_Put": 3988957.974,
    "VEX_Total": 3583504.915,
    "VEX_Ratio": -0.101644,
    "CEX_Call": -9823677.791,
    "CEX_Put": 26634155.555,
    "CEX_Total": 16810477.764,
    "CEX_Ratio": -0.368838
}