{
    "timestamp": "2025-08-20 11:33:38",
    "cum_gam": 6395.174377104002,
    "cum_vec": 8295.543175487464,
    "DEX_Call": 594.21,
    "DEX_Put": -1023.894,
    "DEX_Total": -429.684,
    "DEX_Ratio": 0.580343,
    "GEX_Call": 2564345.243,
    "GEX_Put": -6735354.315,
    "GEX_Total": -4171009.072,
    "GEX_Ratio": 0.380729,
    "VEX_Call": -1108816.018,
    "VEX_Put": 2635571.138,
    "VEX_Total": 1526755.12,
    "VEX_Ratio": -0.420712,
    "CEX_Call": -8748617.826,
    "CEX_Put": 6277838.907,
    "CEX_Total": -2470778.919,
    "CEX_Ratio": -1.393572
}