{
    "timestamp": "2025-11-20 12:04:03",
    "cum_gam": 6616.304574848259,
    "cum_vec": 6616.304574848259,
    "DEX_Call": 2134.264,
    "DEX_Put": -2730.606,
    "DEX_Total": -596.342,
    "DEX_Ratio": 0.781608,
    "GEX_Call": 3031011.898,
    "GEX_Put": -6830849.274,
    "GEX_Total": -3799837.376,
    "GEX_Ratio": 0.443724,
    "VEX_Call": -2140264.958,
    "VEX_Put": 3269474.776,
    "VEX_Total": 1129209.818,
    "VEX_Ratio": -0.65462,
    "CEX_Call": -18173343.297,
    "CEX_Put": 27759841.957,
    "CEX_Total": 9586498.66,
    "CEX_Ratio": -0.654663
}