{
    "timestamp": "2025-07-01 07:46:09",
    "cum_gam": 7001.361425263374,
    "cum_vec": 7215.393404375538,
    "DEX_Call": 2929.729,
    "DEX_Put": -1019.973,
    "DEX_Total": 1909.756,
    "DEX_Ratio": 2.872359,
    "GEX_Call": 8158983.393,
    "GEX_Put": -7764190.47,
    "GEX_Total": 394792.923,
    "GEX_Ratio": 1.050848,
    "VEX_Call": 293412.108,
    "VEX_Put": 8487552.935,
    "VEX_Total": 8780965.043,
    "VEX_Ratio": 0.03457,
    "CEX_Call": -12078206.288,
    "CEX_Put": 25953012.995,
    "CEX_Total": 13874806.707,
    "CEX_Ratio": -0.465387
}