{
    "timestamp": "2025-08-22 07:43:45",
    "cum_gam": null,
    "cum_vec": 7691.983391887576,
    "DEX_Call": 1020.083,
    "DEX_Put": -290.748,
    "DEX_Total": 729.335,
    "DEX_Ratio": 3.508478,
    "GEX_Call": 6760551.256,
    "GEX_Put": -2686308.034,
    "GEX_Total": 4074243.222,
    "GEX_Ratio": 2.51667,
    "VEX_Call": -465778.652,
    "VEX_Put": 2765928.959,
    "VEX_Total": 2300150.307,
    "VEX_Ratio": -0.168399,
    "CEX_Call": -3601506.876,
    "CEX_Put": 18719442.093,
    "CEX_Total": 15117935.217,
    "CEX_Ratio": -0.192394
}