{
    "timestamp": "2025-08-04 10:18:28",
    "cum_gam": 7009.855979691833,
    "cum_vec": 7215.3155097974095,
    "DEX_Call": 2300.016,
    "DEX_Put": -1458.151,
    "DEX_Total": 841.865,
    "DEX_Ratio": 1.577351,
    "GEX_Call": 6956892.849,
    "GEX_Put": -6207476.522,
    "GEX_Total": 749416.327,
    "GEX_Ratio": 1.120728,
    "VEX_Call": -1301856.232,
    "VEX_Put": 8965050.767,
    "VEX_Total": 7663194.535,
    "VEX_Ratio": -0.145215,
    "CEX_Call": -3527807.266,
    "CEX_Put": 14735071.263,
    "CEX_Total": 11207263.997,
    "CEX_Ratio": -0.239416
}