{
    "timestamp": "2025-11-06 12:08:57",
    "cum_gam": 6730.8469173875865,
    "cum_vec": 7792.593985773793,
    "DEX_Call": 1662.012,
    "DEX_Put": -2491.044,
    "DEX_Total": -829.032,
    "DEX_Ratio": 0.667195,
    "GEX_Call": 5550067.964,
    "GEX_Put": -8884493.501,
    "GEX_Total": -3334425.537,
    "GEX_Ratio": 0.624692,
    "VEX_Call": -3557804.527,
    "VEX_Put": 7861739.018,
    "VEX_Total": 4303934.491,
    "VEX_Ratio": -0.452547,
    "CEX_Call": -18241922.586,
    "CEX_Put": 2167540.699,
    "CEX_Total": -16074381.887,
    "CEX_Ratio": -8.415954
}