{
    "timestamp": "2025-07-30 09:18:49",
    "cum_gam": null,
    "cum_vec": 6973.169964028777,
    "DEX_Call": 491.075,
    "DEX_Put": -175.24,
    "DEX_Total": 315.835,
    "DEX_Ratio": 2.8023,
    "GEX_Call": 3042029.011,
    "GEX_Put": -2253795.218,
    "GEX_Total": 788233.793,
    "GEX_Ratio": 1.349736,
    "VEX_Call": -483562.746,
    "VEX_Put": 1000520.72,
    "VEX_Total": 516957.974,
    "VEX_Ratio": -0.483311,
    "CEX_Call": -7842592.908,
    "CEX_Put": 19950540.087,
    "CEX_Total": 12107947.179,
    "CEX_Ratio": -0.393102
}