{
    "timestamp": "2025-08-28 09:02:35",
    "cum_gam": null,
    "cum_vec": 7704.478427089022,
    "DEX_Call": 722.799,
    "DEX_Put": -126.944,
    "DEX_Total": 595.855,
    "DEX_Ratio": 5.693841,
    "GEX_Call": 4521423.973,
    "GEX_Put": -2325876.384,
    "GEX_Total": 2195547.589,
    "GEX_Ratio": 1.943966,
    "VEX_Call": -203604.728,
    "VEX_Put": 1069040.103,
    "VEX_Total": 865435.375,
    "VEX_Ratio": -0.190456,
    "CEX_Call": -7412972.273,
    "CEX_Put": 12423028.632,
    "CEX_Total": 5010056.359,
    "CEX_Ratio": -0.596712
}