{
    "timestamp": "2025-11-21 08:06:44",
    "cum_gam": 10625.0,
    "cum_vec": 11200.0,
    "DEX_Call": 378.866,
    "DEX_Put": -1441.919,
    "DEX_Total": -1063.053,
    "DEX_Ratio": 0.262751,
    "GEX_Call": 1646428.756,
    "GEX_Put": -4152559.566,
    "GEX_Total": -2506130.81,
    "GEX_Ratio": 0.396485,
    "VEX_Call": -1663465.726,
    "VEX_Put": 1978170.899,
    "VEX_Total": 314705.173,
    "VEX_Ratio": -0.840911,
    "CEX_Call": -12631875.735,
    "CEX_Put": 21185669.304,
    "CEX_Total": 8553793.569,
    "CEX_Ratio": -0.596246
}