{
    "timestamp": "2025-10-22 09:41:56",
    "cum_gam": 6642.256890814416,
    "cum_vec": 6642.256890814416,
    "DEX_Call": 916.575,
    "DEX_Put": -962.088,
    "DEX_Total": -45.513,
    "DEX_Ratio": 0.952694,
    "GEX_Call": 4246439.74,
    "GEX_Put": -6077794.859,
    "GEX_Total": -1831355.119,
    "GEX_Ratio": 0.698681,
    "VEX_Call": -1488786.869,
    "VEX_Put": 4479897.33,
    "VEX_Total": 2991110.461,
    "VEX_Ratio": -0.332326,
    "CEX_Call": -10552816.729,
    "CEX_Put": 21150967.648,
    "CEX_Total": 10598150.919,
    "CEX_Ratio": -0.498928
}