{
    "timestamp": "2025-09-02 07:34:09",
    "cum_gam": 7008.848327204952,
    "cum_vec": 7482.279124678874,
    "DEX_Call": 6259.804,
    "DEX_Put": -3398.268,
    "DEX_Total": 2861.536,
    "DEX_Ratio": 1.842057,
    "GEX_Call": 8521835.438,
    "GEX_Put": -11403686.328,
    "GEX_Total": -2881850.89,
    "GEX_Ratio": 0.747288,
    "VEX_Call": 2178612.336,
    "VEX_Put": 14495416.173,
    "VEX_Total": 16674028.509,
    "VEX_Ratio": 0.150297,
    "CEX_Call": -5479870.821,
    "CEX_Put": 13713427.348,
    "CEX_Total": 8233556.527,
    "CEX_Ratio": -0.399599
}