{
    "timestamp": "2025-10-20 10:53:44",
    "cum_gam": null,
    "cum_vec": null,
    "DEX_Call": 1468.007,
    "DEX_Put": -539.336,
    "DEX_Total": 928.671,
    "DEX_Ratio": 2.721878,
    "GEX_Call": 7814053.628,
    "GEX_Put": -3372765.855,
    "GEX_Total": 4441287.773,
    "GEX_Ratio": 2.316809,
    "VEX_Call": -705372.184,
    "VEX_Put": 5227757.784,
    "VEX_Total": 4522385.6,
    "VEX_Ratio": -0.134928,
    "CEX_Call": -4111452.134,
    "CEX_Put": 18287615.261,
    "CEX_Total": 14176163.127,
    "CEX_Ratio": -0.224822
}