{
    "timestamp": "2025-09-19 08:36:02",
    "cum_gam": 8599.811349105279,
    "cum_vec": 9163.656387665198,
    "DEX_Call": 1562.071,
    "DEX_Put": -543.773,
    "DEX_Total": 1018.298,
    "DEX_Ratio": 2.872653,
    "GEX_Call": 7064385.428,
    "GEX_Put": -4961178.371,
    "GEX_Total": 2103207.057,
    "GEX_Ratio": 1.423933,
    "VEX_Call": 205847.203,
    "VEX_Put": 4307042.354,
    "VEX_Total": 4512889.557,
    "VEX_Ratio": 0.047793,
    "CEX_Call": -4342188.094,
    "CEX_Put": 21277159.721,
    "CEX_Total": 16934971.627,
    "CEX_Ratio": -0.204077
}