{
    "timestamp": "2025-11-05 09:21:31",
    "cum_gam": 6454.748929332112,
    "cum_vec": 7715.99118514831,
    "DEX_Call": 2140.191,
    "DEX_Put": -2051.059,
    "DEX_Total": 89.132,
    "DEX_Ratio": 1.043457,
    "GEX_Call": 7173656.832,
    "GEX_Put": -7893874.228,
    "GEX_Total": -720217.396,
    "GEX_Ratio": 0.908762,
    "VEX_Call": -3018627.725,
    "VEX_Put": 8854893.966,
    "VEX_Total": 5836266.241,
    "VEX_Ratio": -0.340899,
    "CEX_Call": -11927042.752,
    "CEX_Put": 16892309.755,
    "CEX_Total": 4965267.003,
    "CEX_Ratio": -0.706063
}