{
    "timestamp": "2025-11-13 07:27:55",
    "cum_gam": 8467.210820583214,
    "cum_vec": 8693.172193275164,
    "DEX_Call": 2220.314,
    "DEX_Put": -1293.263,
    "DEX_Total": 927.051,
    "DEX_Ratio": 1.716831,
    "GEX_Call": 9140010.29,
    "GEX_Put": -6245887.745,
    "GEX_Total": 2894122.545,
    "GEX_Ratio": 1.463364,
    "VEX_Call": -2342582.36,
    "VEX_Put": 7580598.823,
    "VEX_Total": 5238016.463,
    "VEX_Ratio": -0.309023,
    "CEX_Call": -14956518.404,
    "CEX_Put": 21685207.416,
    "CEX_Total": 6728689.012,
    "CEX_Ratio": -0.689711
}