{
    "timestamp": "2025-07-15 09:32:39",
    "cum_gam": 8597.504945554349,
    "cum_vec": 8597.504945554349,
    "DEX_Call": 3591.772,
    "DEX_Put": -631.926,
    "DEX_Total": 2959.846,
    "DEX_Ratio": 5.683849,
    "GEX_Call": 7388123.367,
    "GEX_Put": -5085096.477,
    "GEX_Total": 2303026.89,
    "GEX_Ratio": 1.452897,
    "VEX_Call": 232566.738,
    "VEX_Put": 4363932.496,
    "VEX_Total": 4596499.234,
    "VEX_Ratio": 0.053293,
    "CEX_Call": -4200719.465,
    "CEX_Put": 16392826.02,
    "CEX_Total": 12192106.555,
    "CEX_Ratio": -0.256254
}