{
    "timestamp": "2025-10-07 07:36:04",
    "cum_gam": null,
    "cum_vec": 9058.176001190453,
    "DEX_Call": 3049.908,
    "DEX_Put": -1387.743,
    "DEX_Total": 1662.165,
    "DEX_Ratio": 2.197747,
    "GEX_Call": 10812355.203,
    "GEX_Put": -7655963.132,
    "GEX_Total": 3156392.071,
    "GEX_Ratio": 1.412279,
    "VEX_Call": -863166.07,
    "VEX_Put": 10478502.013,
    "VEX_Total": 9615335.943,
    "VEX_Ratio": -0.082375,
    "CEX_Call": -10975930.752,
    "CEX_Put": 18608366.716,
    "CEX_Total": 7632435.964,
    "CEX_Ratio": -0.589838
}