{
    "timestamp": "2025-08-20 10:04:27",
    "cum_gam": 6394.025674191344,
    "cum_vec": 7599.107413280122,
    "DEX_Call": 563.01,
    "DEX_Put": -948.886,
    "DEX_Total": -385.876,
    "DEX_Ratio": 0.593338,
    "GEX_Call": 2912072.225,
    "GEX_Put": -6424966.674,
    "GEX_Total": -3512894.449,
    "GEX_Ratio": 0.453243,
    "VEX_Call": -1217048.163,
    "VEX_Put": 2891394.653,
    "VEX_Total": 1674346.49,
    "VEX_Ratio": -0.420921,
    "CEX_Call": -9065958.414,
    "CEX_Put": 9888859.52,
    "CEX_Total": 822901.106,
    "CEX_Ratio": -0.916785
}