{
    "timestamp": "2025-11-26 11:31:55",
    "cum_gam": null,
    "cum_vec": 8084.989428532624,
    "DEX_Call": 7954.356,
    "DEX_Put": -2619.401,
    "DEX_Total": 5334.955,
    "DEX_Ratio": 3.036708,
    "GEX_Call": 7385021.877,
    "GEX_Put": -6188386.675,
    "GEX_Total": 1196635.202,
    "GEX_Ratio": 1.193368,
    "VEX_Call": 4071953.333,
    "VEX_Put": 11370169.766,
    "VEX_Total": 15442123.099,
    "VEX_Ratio": 0.358126,
    "CEX_Call": 471254.038,
    "CEX_Put": 2774510.196,
    "CEX_Total": 3245764.234,
    "CEX_Ratio": 0.169851
}