{
    "timestamp": "2025-08-06 07:22:20",
    "cum_gam": 7009.858365170725,
    "cum_vec": 7306.988853728805,
    "DEX_Call": 1567.699,
    "DEX_Put": -1551.919,
    "DEX_Total": 15.78,
    "DEX_Ratio": 1.010168,
    "GEX_Call": 6809373.677,
    "GEX_Put": -6798943.262,
    "GEX_Total": 10430.415,
    "GEX_Ratio": 1.001534,
    "VEX_Call": -2442534.581,
    "VEX_Put": 8117452.137,
    "VEX_Total": 5674917.556,
    "VEX_Ratio": -0.300899,
    "CEX_Call": -9833049.956,
    "CEX_Put": 13591391.017,
    "CEX_Total": 3758341.061,
    "CEX_Ratio": -0.723476
}