{
    "timestamp": "2025-09-09 07:52:11",
    "cum_gam": 7008.814552924254,
    "cum_vec": 7505.569879271537,
    "DEX_Call": 4875.804,
    "DEX_Put": -2138.055,
    "DEX_Total": 2737.749,
    "DEX_Ratio": 2.280486,
    "GEX_Call": 13440799.867,
    "GEX_Put": -11193878.919,
    "GEX_Total": 2246920.948,
    "GEX_Ratio": 1.200728,
    "VEX_Call": 1097267.743,
    "VEX_Put": 14566154.976,
    "VEX_Total": 15663422.719,
    "VEX_Ratio": 0.07533,
    "CEX_Call": -8920928.03,
    "CEX_Put": 17649311.522,
    "CEX_Total": 8728383.492,
    "CEX_Ratio": -0.505455
}