{
    "timestamp": "2025-09-29 06:42:00",
    "cum_gam": null,
    "cum_vec": 6955.385394545658,
    "DEX_Call": 602.945,
    "DEX_Put": -239.23,
    "DEX_Total": 363.715,
    "DEX_Ratio": 2.520357,
    "GEX_Call": 3949056.348,
    "GEX_Put": -2492236.047,
    "GEX_Total": 1456820.301,
    "GEX_Ratio": 1.584543,
    "VEX_Call": -208601.01,
    "VEX_Put": 1466980.878,
    "VEX_Total": 1258379.868,
    "VEX_Ratio": -0.142197,
    "CEX_Call": -5455871.953,
    "CEX_Put": 16977614.97,
    "CEX_Total": 11521743.017,
    "CEX_Ratio": -0.321357
}