{
    "timestamp": "2025-09-19 08:43:04",
    "cum_gam": 8599.81882059603,
    "cum_vec": 9138.125359401954,
    "DEX_Call": 1617.88,
    "DEX_Put": -517.096,
    "DEX_Total": 1100.784,
    "DEX_Ratio": 3.128781,
    "GEX_Call": 7313444.607,
    "GEX_Put": -4997784.246,
    "GEX_Total": 2315660.361,
    "GEX_Ratio": 1.463337,
    "VEX_Call": 381512.37,
    "VEX_Put": 4255899.685,
    "VEX_Total": 4637412.055,
    "VEX_Ratio": 0.089643,
    "CEX_Call": -1299163.36,
    "CEX_Put": 21076199.369,
    "CEX_Total": 19777036.009,
    "CEX_Ratio": -0.061641
}