{
    "timestamp": "2025-10-06 08:12:55",
    "cum_gam": null,
    "cum_vec": 8013.070731063605,
    "DEX_Call": 2945.274,
    "DEX_Put": -1335.072,
    "DEX_Total": 1610.202,
    "DEX_Ratio": 2.206079,
    "GEX_Call": 10588772.761,
    "GEX_Put": -6849700.618,
    "GEX_Total": 3739072.143,
    "GEX_Ratio": 1.545874,
    "VEX_Call": -501127.201,
    "VEX_Put": 10633502.345,
    "VEX_Total": 10132375.144,
    "VEX_Ratio": -0.047127,
    "CEX_Call": -7281561.408,
    "CEX_Put": 17061291.848,
    "CEX_Total": 9779730.44,
    "CEX_Ratio": -0.426788
}