{
    "timestamp": "2025-11-06 13:20:32",
    "cum_gam": 6733.156867043329,
    "cum_vec": 7789.06152398726,
    "DEX_Call": 1772.894,
    "DEX_Put": -2161.619,
    "DEX_Total": -388.725,
    "DEX_Ratio": 0.82017,
    "GEX_Call": 5555135.054,
    "GEX_Put": -8638049.923,
    "GEX_Total": -3082914.869,
    "GEX_Ratio": 0.643101,
    "VEX_Call": -3246540.897,
    "VEX_Put": 7859785.071,
    "VEX_Total": 4613244.174,
    "VEX_Ratio": -0.413057,
    "CEX_Call": -25741892.707,
    "CEX_Put": 33125025.923,
    "CEX_Total": 7383133.216,
    "CEX_Ratio": -0.777113
}