{
    "timestamp": "2026-07-20 10:33:47",
    "cum_gam": 7430.2642328516795,
    "cum_vec": 7430.2642328516795,
    "DEX_Call": 624.039,
    "DEX_Put": -1366.212,
    "DEX_Total": -742.173,
    "DEX_Ratio": 0.456766,
    "GEX_Call": 4521051.01,
    "GEX_Put": -6933019.348,
    "GEX_Total": -2411968.338,
    "GEX_Ratio": 0.652104,
    "VEX_Call": -3330684.474,
    "VEX_Put": 4059401.634,
    "VEX_Total": 728717.16,
    "VEX_Ratio": -0.820487,
    "CEX_Call": -14130362.456,
    "CEX_Put": 7600808.204,
    "CEX_Total": -6529554.252,
    "CEX_Ratio": -1.859061
}