{
    "timestamp": "2025-08-12 12:04:22",
    "cum_gam": 7009.437578993984,
    "cum_vec": 7595.4790410440155,
    "DEX_Call": 2383.899,
    "DEX_Put": -568.619,
    "DEX_Total": 1815.28,
    "DEX_Ratio": 4.192436,
    "GEX_Call": 11560370.701,
    "GEX_Put": -3772995.522,
    "GEX_Total": 7787375.179,
    "GEX_Ratio": 3.063977,
    "VEX_Call": -99086.815,
    "VEX_Put": 6175322.988,
    "VEX_Total": 6076236.173,
    "VEX_Ratio": -0.016046,
    "CEX_Call": -1902771.018,
    "CEX_Put": 20241445.852,
    "CEX_Total": 18338674.834,
    "CEX_Ratio": -0.094004
}