{
    "timestamp": "2025-09-23 10:45:10",
    "cum_gam": 8599.994592962741,
    "cum_vec": 8599.994592962741,
    "DEX_Call": 1314.715,
    "DEX_Put": -574.627,
    "DEX_Total": 740.088,
    "DEX_Ratio": 2.287945,
    "GEX_Call": 5197464.438,
    "GEX_Put": -5269478.505,
    "GEX_Total": -72014.067,
    "GEX_Ratio": 0.986334,
    "VEX_Call": -331876.157,
    "VEX_Put": 3849748.46,
    "VEX_Total": 3517872.303,
    "VEX_Ratio": -0.086207,
    "CEX_Call": -11871407.79,
    "CEX_Put": 23254188.615,
    "CEX_Total": 11382780.825,
    "CEX_Ratio": -0.510506
}