{
    "timestamp": "2025-10-17 12:06:53",
    "cum_gam": 8694.506949040371,
    "cum_vec": 8694.506949040371,
    "DEX_Call": 1142.181,
    "DEX_Put": -1044.953,
    "DEX_Total": 97.228,
    "DEX_Ratio": 1.093045,
    "GEX_Call": 5116461.477,
    "GEX_Put": -4948521.653,
    "GEX_Total": 167939.824,
    "GEX_Ratio": 1.033937,
    "VEX_Call": -1610398.387,
    "VEX_Put": 6010012.899,
    "VEX_Total": 4399614.512,
    "VEX_Ratio": -0.267953,
    "CEX_Call": -6986072.522,
    "CEX_Put": 32301188.112,
    "CEX_Total": 25315115.59,
    "CEX_Ratio": -0.216279
}