{
    "timestamp": "2025-08-11 10:45:04",
    "cum_gam": 7009.278799722377,
    "cum_vec": 7540.318786307552,
    "DEX_Call": 1946.534,
    "DEX_Put": -897.173,
    "DEX_Total": 1049.361,
    "DEX_Ratio": 2.169631,
    "GEX_Call": 9101436.318,
    "GEX_Put": -6017252.825,
    "GEX_Total": 3084183.493,
    "GEX_Ratio": 1.512557,
    "VEX_Call": -1452229.622,
    "VEX_Put": 6819228.255,
    "VEX_Total": 5366998.633,
    "VEX_Ratio": -0.212961,
    "CEX_Call": -12436505.885,
    "CEX_Put": 19499991.911,
    "CEX_Total": 7063486.026,
    "CEX_Ratio": -0.63777
}