{
    "timestamp": "2025-10-14 08:45:56",
    "cum_gam": 6553.283445358607,
    "cum_vec": 9141.984439340746,
    "DEX_Call": 2677.162,
    "DEX_Put": -2511.542,
    "DEX_Total": 165.62,
    "DEX_Ratio": 1.065944,
    "GEX_Call": 7123951.073,
    "GEX_Put": -9470347.118,
    "GEX_Total": -2346396.045,
    "GEX_Ratio": 0.752238,
    "VEX_Call": -2596899.808,
    "VEX_Put": 8326661.169,
    "VEX_Total": 5729761.361,
    "VEX_Ratio": -0.311878,
    "CEX_Call": -13094260.83,
    "CEX_Put": 22744234.881,
    "CEX_Total": 9649974.051,
    "CEX_Ratio": -0.575718
}