{
    "timestamp": "2025-06-26 12:26:03",
    "cum_gam": 6326.35882506192,
    "cum_vec": 6404.158071612721,
    "DEX_Call": 848.866,
    "DEX_Put": -131.345,
    "DEX_Total": 717.521,
    "DEX_Ratio": 6.462873,
    "GEX_Call": 6206768.103,
    "GEX_Put": -1097709.985,
    "GEX_Total": 5109058.118,
    "GEX_Ratio": 5.654288,
    "VEX_Call": 176676.774,
    "VEX_Put": 1336944.485,
    "VEX_Total": 1513621.259,
    "VEX_Ratio": 0.13215,
    "CEX_Call": 4425071.723,
    "CEX_Put": 14010688.055,
    "CEX_Total": 18435759.778,
    "CEX_Ratio": 0.315835
}