{
    "timestamp": "2025-10-17 09:07:45",
    "cum_gam": 10338.650306748466,
    "cum_vec": 10338.650306748466,
    "DEX_Call": 1060.482,
    "DEX_Put": -1270.731,
    "DEX_Total": -210.249,
    "DEX_Ratio": 0.834545,
    "GEX_Call": 4199420.936,
    "GEX_Put": -5234580.212,
    "GEX_Total": -1035159.276,
    "GEX_Ratio": 0.802246,
    "VEX_Call": -2099289.698,
    "VEX_Put": 6187013.088,
    "VEX_Total": 4087723.39,
    "VEX_Ratio": -0.339306,
    "CEX_Call": -10056976.963,
    "CEX_Put": 23590340.093,
    "CEX_Total": 13533363.13,
    "CEX_Ratio": -0.426318
}