{
    "timestamp": "2025-10-30 09:33:01",
    "cum_gam": null,
    "cum_vec": null,
    "DEX_Call": 1034.114,
    "DEX_Put": -296.477,
    "DEX_Total": 737.637,
    "DEX_Ratio": 3.488008,
    "GEX_Call": 3527857.128,
    "GEX_Put": -3146372.828,
    "GEX_Total": 381484.3,
    "GEX_Ratio": 1.121246,
    "VEX_Call": -75113.067,
    "VEX_Put": 1298574.396,
    "VEX_Total": 1223461.329,
    "VEX_Ratio": -0.057843,
    "CEX_Call": -3982891.703,
    "CEX_Put": 13588003.405,
    "CEX_Total": 9605111.702,
    "CEX_Ratio": -0.293118
}