{
    "timestamp": "2025-11-25 13:24:54",
    "cum_gam": null,
    "cum_vec": 8089.020556629001,
    "DEX_Call": 11661.274,
    "DEX_Put": -3067.936,
    "DEX_Total": 8593.338,
    "DEX_Ratio": 3.801016,
    "GEX_Call": 7082716.623,
    "GEX_Put": -6291416.166,
    "GEX_Total": 791300.457,
    "GEX_Ratio": 1.125775,
    "VEX_Call": 3954695.501,
    "VEX_Put": 10170685.516,
    "VEX_Total": 14125381.017,
    "VEX_Ratio": 0.388833,
    "CEX_Call": 449562.168,
    "CEX_Put": 2323627.851,
    "CEX_Total": 2773190.019,
    "CEX_Ratio": 0.193474
}