{
    "timestamp": "2025-10-28 08:40:10",
    "cum_gam": null,
    "cum_vec": 8589.626556016598,
    "DEX_Call": 1440.404,
    "DEX_Put": -361.905,
    "DEX_Total": 1078.499,
    "DEX_Ratio": 3.980061,
    "GEX_Call": 9754014.265,
    "GEX_Put": -4526025.043,
    "GEX_Total": 5227989.222,
    "GEX_Ratio": 2.155095,
    "VEX_Call": -661402.967,
    "VEX_Put": 3223673.051,
    "VEX_Total": 2562270.084,
    "VEX_Ratio": -0.205171,
    "CEX_Call": -20992777.273,
    "CEX_Put": 33749368.272,
    "CEX_Total": 12756590.999,
    "CEX_Ratio": -0.62202
}