{
    "timestamp": "2025-07-21 10:40:17",
    "cum_gam": null,
    "cum_vec": 6821.775430451347,
    "DEX_Call": 735.517,
    "DEX_Put": -181.059,
    "DEX_Total": 554.458,
    "DEX_Ratio": 4.062306,
    "GEX_Call": 6363428.611,
    "GEX_Put": -1896564.421,
    "GEX_Total": 4466864.19,
    "GEX_Ratio": 3.35524,
    "VEX_Call": -901162.424,
    "VEX_Put": 2199918.359,
    "VEX_Total": 1298755.935,
    "VEX_Ratio": -0.409634,
    "CEX_Call": -10746374.435,
    "CEX_Put": 14840014.812,
    "CEX_Total": 4093640.377,
    "CEX_Ratio": -0.724148
}