{
    "timestamp": "2025-09-15 11:06:59",
    "cum_gam": 7004.915241945052,
    "cum_vec": 7321.667671798351,
    "DEX_Call": 9291.689,
    "DEX_Put": -1126.329,
    "DEX_Total": 8165.36,
    "DEX_Ratio": 8.249534,
    "GEX_Call": 15352317.418,
    "GEX_Put": -7378198.987,
    "GEX_Total": 7974118.431,
    "GEX_Ratio": 2.080768,
    "VEX_Call": 6516921.477,
    "VEX_Put": 13192028.04,
    "VEX_Total": 19708949.517,
    "VEX_Ratio": 0.494005,
    "CEX_Call": 7458675.96,
    "CEX_Put": 38526663.615,
    "CEX_Total": 45985339.575,
    "CEX_Ratio": 0.193598
}