{
    "timestamp": "2025-08-12 10:09:09",
    "cum_gam": 7009.529695904651,
    "cum_vec": 8388.290975103735,
    "DEX_Call": 2518.249,
    "DEX_Put": -599.889,
    "DEX_Total": 1918.36,
    "DEX_Ratio": 4.197858,
    "GEX_Call": 10841871.719,
    "GEX_Put": -4125025.871,
    "GEX_Total": 6716845.848,
    "GEX_Ratio": 2.628316,
    "VEX_Call": -430531.66,
    "VEX_Put": 6388594.845,
    "VEX_Total": 5958063.185,
    "VEX_Ratio": -0.067391,
    "CEX_Call": -6600608.262,
    "CEX_Put": 20857980.322,
    "CEX_Total": 14257372.06,
    "CEX_Ratio": -0.316455
}