{
    "timestamp": "2025-08-06 10:01:16",
    "cum_gam": 7009.857211067806,
    "cum_vec": 7223.153514314349,
    "DEX_Call": 1941.54,
    "DEX_Put": -1249.964,
    "DEX_Total": 691.576,
    "DEX_Ratio": 1.553277,
    "GEX_Call": 8919544.858,
    "GEX_Put": -6087051.879,
    "GEX_Total": 2832492.979,
    "GEX_Ratio": 1.465331,
    "VEX_Call": -1740845.806,
    "VEX_Put": 8413954.413,
    "VEX_Total": 6673108.607,
    "VEX_Ratio": -0.2069,
    "CEX_Call": -8304895.457,
    "CEX_Put": 17489754.061,
    "CEX_Total": 9184858.604,
    "CEX_Ratio": -0.474843
}