{
    "timestamp": "2025-10-09 07:12:50",
    "cum_gam": null,
    "cum_vec": 9032.37274892097,
    "DEX_Call": 2954.633,
    "DEX_Put": -1501.16,
    "DEX_Total": 1453.473,
    "DEX_Ratio": 1.968233,
    "GEX_Call": 12161269.004,
    "GEX_Put": -9655128.272,
    "GEX_Total": 2506140.732,
    "GEX_Ratio": 1.259566,
    "VEX_Call": -1180398.012,
    "VEX_Put": 11088264.517,
    "VEX_Total": 9907866.505,
    "VEX_Ratio": -0.106455,
    "CEX_Call": -17834033.978,
    "CEX_Put": 30420703.622,
    "CEX_Total": 12586669.644,
    "CEX_Ratio": -0.586247
}