{
    "timestamp": "2025-07-28 10:40:25",
    "cum_gam": null,
    "cum_vec": 6868.707828484365,
    "DEX_Call": 607.461,
    "DEX_Put": -142.488,
    "DEX_Total": 464.973,
    "DEX_Ratio": 4.263243,
    "GEX_Call": 4624726.424,
    "GEX_Put": -2562734.653,
    "GEX_Total": 2061991.771,
    "GEX_Ratio": 1.804606,
    "VEX_Call": -540518.816,
    "VEX_Put": 989601.471,
    "VEX_Total": 449082.655,
    "VEX_Ratio": -0.546198,
    "CEX_Call": -7489216.677,
    "CEX_Put": 11786996.666,
    "CEX_Total": 4297779.989,
    "CEX_Ratio": -0.63538
}