{
    "timestamp": "2025-10-08 08:11:16",
    "cum_gam": null,
    "cum_vec": 8948.430909006629,
    "DEX_Call": 2992.364,
    "DEX_Put": -1364.406,
    "DEX_Total": 1627.958,
    "DEX_Ratio": 2.193162,
    "GEX_Call": 13009412.155,
    "GEX_Put": -7683967.649,
    "GEX_Total": 5325444.506,
    "GEX_Ratio": 1.693059,
    "VEX_Call": -715224.6,
    "VEX_Put": 10585186.035,
    "VEX_Total": 9869961.435,
    "VEX_Ratio": -0.067568,
    "CEX_Call": -8943253.582,
    "CEX_Put": 26837427.538,
    "CEX_Total": 17894173.956,
    "CEX_Ratio": -0.333238
}