{
    "timestamp": "2025-11-17 10:27:21",
    "cum_gam": 6654.349986369168,
    "cum_vec": 8147.750713188501,
    "DEX_Call": 1559.678,
    "DEX_Put": -1841.268,
    "DEX_Total": -281.59,
    "DEX_Ratio": 0.847067,
    "GEX_Call": 5271094.686,
    "GEX_Put": -6926136.774,
    "GEX_Total": -1655042.088,
    "GEX_Ratio": 0.761044,
    "VEX_Call": -2269503.369,
    "VEX_Put": 5430597.763,
    "VEX_Total": 3161094.394,
    "VEX_Ratio": -0.41791,
    "CEX_Call": -10554755.876,
    "CEX_Put": 24372524.806,
    "CEX_Total": 13817768.93,
    "CEX_Ratio": -0.43306
}