{
    "timestamp": "2025-09-08 06:49:08",
    "cum_gam": 7008.867249400078,
    "cum_vec": 7564.342088027247,
    "DEX_Call": 5539.978,
    "DEX_Put": -1965.058,
    "DEX_Total": 3574.92,
    "DEX_Ratio": 2.819244,
    "GEX_Call": 13995372.615,
    "GEX_Put": -10321587.44,
    "GEX_Total": 3673785.175,
    "GEX_Ratio": 1.355932,
    "VEX_Call": 1828493.95,
    "VEX_Put": 14739910.439,
    "VEX_Total": 16568404.389,
    "VEX_Ratio": 0.124051,
    "CEX_Call": -6754116.176,
    "CEX_Put": 19696653.148,
    "CEX_Total": 12942536.972,
    "CEX_Ratio": -0.342907
}