{
    "timestamp": "2025-08-19 12:09:14",
    "cum_gam": 6400.901536468323,
    "cum_vec": 6400.901536468323,
    "DEX_Call": 693.115,
    "DEX_Put": -691.172,
    "DEX_Total": 1.943,
    "DEX_Ratio": 1.002811,
    "GEX_Call": 3184228.807,
    "GEX_Put": -5520818.725,
    "GEX_Total": -2336589.918,
    "GEX_Ratio": 0.576767,
    "VEX_Call": -1024740.005,
    "VEX_Put": 3101647.72,
    "VEX_Total": 2076907.715,
    "VEX_Ratio": -0.330386,
    "CEX_Call": -7154068.922,
    "CEX_Put": 16777766.728,
    "CEX_Total": 9623697.806,
    "CEX_Ratio": -0.426402
}