{
    "timestamp": "2025-09-09 11:05:00",
    "cum_gam": 7008.959020360483,
    "cum_vec": 7496.793335585995,
    "DEX_Call": 4873.15,
    "DEX_Put": -1780.497,
    "DEX_Total": 3092.653,
    "DEX_Ratio": 2.736961,
    "GEX_Call": 14921846.562,
    "GEX_Put": -9976171.226,
    "GEX_Total": 4945675.336,
    "GEX_Ratio": 1.495749,
    "VEX_Call": 2001149.007,
    "VEX_Put": 14457605.635,
    "VEX_Total": 16458754.642,
    "VEX_Ratio": 0.138415,
    "CEX_Call": -7811928.135,
    "CEX_Put": 21319155.944,
    "CEX_Total": 13507227.809,
    "CEX_Ratio": -0.366428
}