{
    "timestamp": "2025-10-03 08:47:47",
    "cum_gam": null,
    "cum_vec": 8728.169102690461,
    "DEX_Call": 3335.211,
    "DEX_Put": -1195.779,
    "DEX_Total": 2139.432,
    "DEX_Ratio": 2.789153,
    "GEX_Call": 12853430.56,
    "GEX_Put": -6085137.571,
    "GEX_Total": 6768292.989,
    "GEX_Ratio": 2.112266,
    "VEX_Call": 196952.128,
    "VEX_Put": 11645828.092,
    "VEX_Total": 11842780.22,
    "VEX_Ratio": 0.016912,
    "CEX_Call": 4719038.382,
    "CEX_Put": 28533909.799,
    "CEX_Total": 33252948.181,
    "CEX_Ratio": 0.165384
}