{
    "timestamp": "2025-08-08 08:44:21",
    "cum_gam": 7009.891269584768,
    "cum_vec": 7209.115644950389,
    "DEX_Call": 1887.368,
    "DEX_Put": -1015.803,
    "DEX_Total": 871.565,
    "DEX_Ratio": 1.858006,
    "GEX_Call": 9777016.769,
    "GEX_Put": -5741040.591,
    "GEX_Total": 4035976.178,
    "GEX_Ratio": 1.703004,
    "VEX_Call": -1678319.356,
    "VEX_Put": 7721485.521,
    "VEX_Total": 6043166.165,
    "VEX_Ratio": -0.217357,
    "CEX_Call": -8611325.198,
    "CEX_Put": 25343861.299,
    "CEX_Total": 16732536.101,
    "CEX_Ratio": -0.33978
}