{
    "timestamp": "2025-09-26 12:09:24",
    "cum_gam": null,
    "cum_vec": 6905.52101529545,
    "DEX_Call": 601.667,
    "DEX_Put": -358.66,
    "DEX_Total": 243.007,
    "DEX_Ratio": 1.677541,
    "GEX_Call": 5935507.656,
    "GEX_Put": -4253213.254,
    "GEX_Total": 1682294.402,
    "GEX_Ratio": 1.395535,
    "VEX_Call": -272751.571,
    "VEX_Put": 1928247.754,
    "VEX_Total": 1655496.183,
    "VEX_Ratio": -0.14145,
    "CEX_Call": -2094326.65,
    "CEX_Put": 23220712.803,
    "CEX_Total": 21126386.153,
    "CEX_Ratio": -0.090192
}