{
    "timestamp": "2025-10-01 08:21:19",
    "cum_gam": null,
    "cum_vec": 8911.076885466324,
    "DEX_Call": 2800.878,
    "DEX_Put": -1560.784,
    "DEX_Total": 1240.094,
    "DEX_Ratio": 1.794533,
    "GEX_Call": 10834030.656,
    "GEX_Put": -8080986.942,
    "GEX_Total": 2753043.714,
    "GEX_Ratio": 1.340682,
    "VEX_Call": -1358532.367,
    "VEX_Put": 12547634.544,
    "VEX_Total": 11189102.177,
    "VEX_Ratio": -0.10827,
    "CEX_Call": -10082570.403,
    "CEX_Put": 22689382.119,
    "CEX_Total": 12606811.716,
    "CEX_Ratio": -0.444374
}