{
    "timestamp": "2026-07-22 09:46:19",
    "cum_gam": null,
    "cum_vec": null,
    "DEX_Call": 922.913,
    "DEX_Put": -807.436,
    "DEX_Total": 115.477,
    "DEX_Ratio": 1.143017,
    "GEX_Call": 8263132.435,
    "GEX_Put": -5862284.069,
    "GEX_Total": 2400848.366,
    "GEX_Ratio": 1.409541,
    "VEX_Call": -2864522.197,
    "VEX_Put": 4603839.478,
    "VEX_Total": 1739317.281,
    "VEX_Ratio": -0.622203,
    "CEX_Call": -15367047.742,
    "CEX_Put": 16685535.004,
    "CEX_Total": 1318487.262,
    "CEX_Ratio": -0.92098
}