{
    "timestamp": "2025-11-10 10:27:40",
    "cum_gam": null,
    "cum_vec": 7724.457229411921,
    "DEX_Call": 1946.389,
    "DEX_Put": -1572.164,
    "DEX_Total": 374.225,
    "DEX_Ratio": 1.238032,
    "GEX_Call": 8484637.142,
    "GEX_Put": -6227052.411,
    "GEX_Total": 2257584.731,
    "GEX_Ratio": 1.362545,
    "VEX_Call": -2246979.8,
    "VEX_Put": 6976708.89,
    "VEX_Total": 4729729.09,
    "VEX_Ratio": -0.322069,
    "CEX_Call": -10463742.177,
    "CEX_Put": 12132288.893,
    "CEX_Total": 1668546.716,
    "CEX_Ratio": -0.862471
}