{
    "timestamp": "2025-10-10 09:23:30",
    "cum_gam": 7002.489766564835,
    "cum_vec": 8819.295709196054,
    "DEX_Call": 2656.062,
    "DEX_Put": -2876.264,
    "DEX_Total": -220.202,
    "DEX_Ratio": 0.923442,
    "GEX_Call": 5975667.089,
    "GEX_Put": -10307952.986,
    "GEX_Total": -4332285.897,
    "GEX_Ratio": 0.579714,
    "VEX_Call": -2552483.046,
    "VEX_Put": 10138360.318,
    "VEX_Total": 7585877.272,
    "VEX_Ratio": -0.251765,
    "CEX_Call": -15426209.88,
    "CEX_Put": 25911083.672,
    "CEX_Total": 10484873.792,
    "CEX_Ratio": -0.595352
}