{
    "timestamp": "2025-06-27 08:57:04",
    "cum_gam": 6325.666481785943,
    "cum_vec": 6402.542748189785,
    "DEX_Call": 515.7,
    "DEX_Put": -100.452,
    "DEX_Total": 415.248,
    "DEX_Ratio": 5.133795,
    "GEX_Call": 5659770.2,
    "GEX_Put": -1016329.555,
    "GEX_Total": 4643440.645,
    "GEX_Ratio": 5.568834,
    "VEX_Call": -112855.68,
    "VEX_Put": 1060434.007,
    "VEX_Total": 947578.327,
    "VEX_Ratio": -0.106424,
    "CEX_Call": -1023052.084,
    "CEX_Put": 14959783.386,
    "CEX_Total": 13936731.302,
    "CEX_Ratio": -0.068387
}