{
    "timestamp": "2025-10-10 09:27:18",
    "cum_gam": 7002.4162065338605,
    "cum_vec": 8936.882109750148,
    "DEX_Call": 2761.258,
    "DEX_Put": -2803.312,
    "DEX_Total": -42.054,
    "DEX_Ratio": 0.984998,
    "GEX_Call": 6193582.078,
    "GEX_Put": -10265276.471,
    "GEX_Total": -4071694.393,
    "GEX_Ratio": 0.603353,
    "VEX_Call": -2291165.577,
    "VEX_Put": 10133986.389,
    "VEX_Total": 7842820.812,
    "VEX_Ratio": -0.226087,
    "CEX_Call": -15431585.001,
    "CEX_Put": 23479172.151,
    "CEX_Total": 8047587.15,
    "CEX_Ratio": -0.657246
}