{
    "timestamp": "2025-09-04 11:08:50",
    "cum_gam": 7008.961597126555,
    "cum_vec": 7481.755923419855,
    "DEX_Call": 5340.485,
    "DEX_Put": -2114.551,
    "DEX_Total": 3225.934,
    "DEX_Ratio": 2.525588,
    "GEX_Call": 17932406.625,
    "GEX_Put": -9329399.03,
    "GEX_Total": 8603007.595,
    "GEX_Ratio": 1.92214,
    "VEX_Call": 2110636.473,
    "VEX_Put": 16442458.18,
    "VEX_Total": 18553094.653,
    "VEX_Ratio": 0.128365,
    "CEX_Call": 4704912.12,
    "CEX_Put": 26010211.798,
    "CEX_Total": 30715123.918,
    "CEX_Ratio": 0.180887
}