{
    "timestamp": "2025-10-17 08:42:05",
    "cum_gam": 10370.414201183432,
    "cum_vec": 10370.414201183432,
    "DEX_Call": 875.644,
    "DEX_Put": -1528.737,
    "DEX_Total": -653.093,
    "DEX_Ratio": 0.572789,
    "GEX_Call": 3465870.244,
    "GEX_Put": -5413938.399,
    "GEX_Total": -1948068.155,
    "GEX_Ratio": 0.640175,
    "VEX_Call": -2333021.367,
    "VEX_Put": 6057360.73,
    "VEX_Total": 3724339.363,
    "VEX_Ratio": -0.385155,
    "CEX_Call": -12165007.291,
    "CEX_Put": 22106774.456,
    "CEX_Total": 9941767.165,
    "CEX_Ratio": -0.550284
}