{
    "timestamp": "2025-09-19 07:38:54",
    "cum_gam": 8599.732408338235,
    "cum_vec": 8599.732408338235,
    "DEX_Call": 1498.816,
    "DEX_Put": -519.621,
    "DEX_Total": 979.195,
    "DEX_Ratio": 2.884441,
    "GEX_Call": 7552865.569,
    "GEX_Put": -4706823.796,
    "GEX_Total": 2846041.773,
    "GEX_Ratio": 1.604663,
    "VEX_Call": 355324.557,
    "VEX_Put": 4302373.962,
    "VEX_Total": 4657698.519,
    "VEX_Ratio": 0.082588,
    "CEX_Call": -3493921.187,
    "CEX_Put": 20103506.991,
    "CEX_Total": 16609585.804,
    "CEX_Ratio": -0.173797
}