{
    "timestamp": "2025-11-10 11:27:15",
    "cum_gam": null,
    "cum_vec": 7776.4852933627635,
    "DEX_Call": 2195.538,
    "DEX_Put": -1384.627,
    "DEX_Total": 810.911,
    "DEX_Ratio": 1.585653,
    "GEX_Call": 9374103.448,
    "GEX_Put": -5800397.599,
    "GEX_Total": 3573705.849,
    "GEX_Ratio": 1.616114,
    "VEX_Call": -1565738.639,
    "VEX_Put": 7250848.425,
    "VEX_Total": 5685109.786,
    "VEX_Ratio": -0.215939,
    "CEX_Call": -7132229.586,
    "CEX_Put": 16252985.788,
    "CEX_Total": 9120756.202,
    "CEX_Ratio": -0.438826
}