{
    "timestamp": "2025-07-18 12:30:08",
    "cum_gam": 8598.883314927512,
    "cum_vec": 8598.883314927512,
    "DEX_Call": 964.617,
    "DEX_Put": -333.446,
    "DEX_Total": 631.171,
    "DEX_Ratio": 2.892873,
    "GEX_Call": 8524121.2,
    "GEX_Put": -4877076.293,
    "GEX_Total": 3647044.907,
    "GEX_Ratio": 1.747793,
    "VEX_Call": -865483.5,
    "VEX_Put": 2104723.66,
    "VEX_Total": 1239240.16,
    "VEX_Ratio": -0.41121,
    "CEX_Call": -6499041.456,
    "CEX_Put": 9557661.758,
    "CEX_Total": 3058620.302,
    "CEX_Ratio": -0.679982
}