{
    "timestamp": "2025-10-06 09:19:43",
    "cum_gam": null,
    "cum_vec": 8077.268670038679,
    "DEX_Call": 2920.149,
    "DEX_Put": -1294.116,
    "DEX_Total": 1626.033,
    "DEX_Ratio": 2.256482,
    "GEX_Call": 10874341.603,
    "GEX_Put": -6759741.193,
    "GEX_Total": 4114600.41,
    "GEX_Ratio": 1.608692,
    "VEX_Call": -461199.937,
    "VEX_Put": 10517034.822,
    "VEX_Total": 10055834.885,
    "VEX_Ratio": -0.043853,
    "CEX_Call": -7918814.724,
    "CEX_Put": 19094019.844,
    "CEX_Total": 11175205.12,
    "CEX_Ratio": -0.414727
}