{
    "timestamp": "2025-07-22 10:17:31",
    "cum_gam": null,
    "cum_vec": 6821.956338907678,
    "DEX_Call": 684.212,
    "DEX_Put": -354.48,
    "DEX_Total": 329.732,
    "DEX_Ratio": 1.930185,
    "GEX_Call": 4459015.999,
    "GEX_Put": -4278490.95,
    "GEX_Total": 180525.049,
    "GEX_Ratio": 1.042194,
    "VEX_Call": -1038415.559,
    "VEX_Put": 2092182.894,
    "VEX_Total": 1053767.335,
    "VEX_Ratio": -0.496331,
    "CEX_Call": -8100391.865,
    "CEX_Put": 12410837.144,
    "CEX_Total": 4310445.279,
    "CEX_Ratio": -0.652687
}