{
    "timestamp": "2025-09-10 08:56:17",
    "cum_gam": 7008.546870894106,
    "cum_vec": 7513.498313546604,
    "DEX_Call": 5622.228,
    "DEX_Put": -1405.482,
    "DEX_Total": 4216.746,
    "DEX_Ratio": 4.000213,
    "GEX_Call": 15731223.526,
    "GEX_Put": -8531731.544,
    "GEX_Total": 7199491.982,
    "GEX_Ratio": 1.843849,
    "VEX_Call": 3287808.335,
    "VEX_Put": 14513270.881,
    "VEX_Total": 17801079.216,
    "VEX_Ratio": 0.226538,
    "CEX_Call": -1125573.43,
    "CEX_Put": 22382455.535,
    "CEX_Total": 21256882.105,
    "CEX_Ratio": -0.050288
}