{
    "timestamp": "2025-08-07 09:04:58",
    "cum_gam": 7009.794334177353,
    "cum_vec": 7414.705652564553,
    "DEX_Call": 1842.033,
    "DEX_Put": -1353.917,
    "DEX_Total": 488.116,
    "DEX_Ratio": 1.360521,
    "GEX_Call": 7940717.558,
    "GEX_Put": -6784978.601,
    "GEX_Total": 1155738.957,
    "GEX_Ratio": 1.170338,
    "VEX_Call": -2560139.919,
    "VEX_Put": 8105571.381,
    "VEX_Total": 5545431.462,
    "VEX_Ratio": -0.315849,
    "CEX_Call": -13047059.182,
    "CEX_Put": 14985482.408,
    "CEX_Total": 1938423.226,
    "CEX_Ratio": -0.870647
}