{
    "timestamp": "2025-11-03 12:08:31",
    "cum_gam": null,
    "cum_vec": 7807.99407714781,
    "DEX_Call": 2553.194,
    "DEX_Put": -1338.26,
    "DEX_Total": 1214.934,
    "DEX_Ratio": 1.907846,
    "GEX_Call": 8764364.421,
    "GEX_Put": -6797792.689,
    "GEX_Total": 1966571.732,
    "GEX_Ratio": 1.289296,
    "VEX_Call": -1704866.218,
    "VEX_Put": 8660197.415,
    "VEX_Total": 6955331.197,
    "VEX_Ratio": -0.196862,
    "CEX_Call": -11361304.183,
    "CEX_Put": 26458378.04,
    "CEX_Total": 15097073.857,
    "CEX_Ratio": -0.429403
}