{
    "timestamp": "2025-09-04 09:15:28",
    "cum_gam": 7008.984889995924,
    "cum_vec": 7480.41492202538,
    "DEX_Call": 5172.338,
    "DEX_Put": -2233.614,
    "DEX_Total": 2938.724,
    "DEX_Ratio": 2.315681,
    "GEX_Call": 16954623.695,
    "GEX_Put": -9839335.801,
    "GEX_Total": 7115287.894,
    "GEX_Ratio": 1.723147,
    "VEX_Call": 1503500.486,
    "VEX_Put": 16576364.719,
    "VEX_Total": 18079865.205,
    "VEX_Ratio": 0.090701,
    "CEX_Call": -6171706.807,
    "CEX_Put": 24594092.799,
    "CEX_Total": 18422385.992,
    "CEX_Ratio": -0.250943
}