{
    "timestamp": "2025-10-02 09:25:08",
    "cum_gam": null,
    "cum_vec": 8890.807078118256,
    "DEX_Call": 3018.315,
    "DEX_Put": -1457.065,
    "DEX_Total": 1561.25,
    "DEX_Ratio": 2.071503,
    "GEX_Call": 11951403.913,
    "GEX_Put": -7974441.765,
    "GEX_Total": 3976962.148,
    "GEX_Ratio": 1.498714,
    "VEX_Call": -1023600.543,
    "VEX_Put": 12550255.336,
    "VEX_Total": 11526654.793,
    "VEX_Ratio": -0.08156,
    "CEX_Call": -14445803.019,
    "CEX_Put": 23521011.513,
    "CEX_Total": 9075208.494,
    "CEX_Ratio": -0.614166
}