{
    "timestamp": "2025-09-09 09:47:10",
    "cum_gam": 7009.013776213738,
    "cum_vec": 7499.673037034691,
    "DEX_Call": 4619.697,
    "DEX_Put": -1914.084,
    "DEX_Total": 2705.613,
    "DEX_Ratio": 2.413529,
    "GEX_Call": 14363049.986,
    "GEX_Put": -10642642.979,
    "GEX_Total": 3720407.007,
    "GEX_Ratio": 1.349575,
    "VEX_Call": 1447929.072,
    "VEX_Put": 14391920.26,
    "VEX_Total": 15839849.332,
    "VEX_Ratio": 0.100607,
    "CEX_Call": -8947010.074,
    "CEX_Put": 19001963.992,
    "CEX_Total": 10054953.918,
    "CEX_Ratio": -0.470847
}