{
    "timestamp": "2025-09-03 08:18:52",
    "cum_gam": 7009.032913934316,
    "cum_vec": 7488.9269293392,
    "DEX_Call": 5204.441,
    "DEX_Put": -2722.276,
    "DEX_Total": 2482.165,
    "DEX_Ratio": 1.911798,
    "GEX_Call": 14312441.732,
    "GEX_Put": -10728777.693,
    "GEX_Total": 3583664.039,
    "GEX_Ratio": 1.334024,
    "VEX_Call": 754192.853,
    "VEX_Put": 16875033.346,
    "VEX_Total": 17629226.199,
    "VEX_Ratio": 0.044693,
    "CEX_Call": -6168427.818,
    "CEX_Put": 20151027.612,
    "CEX_Total": 13982599.794,
    "CEX_Ratio": -0.30611
}