{
    "timestamp": "2025-07-29 10:52:00",
    "cum_gam": 6100.693347352541,
    "cum_vec": 6911.320709890475,
    "DEX_Call": 437.641,
    "DEX_Put": -191.032,
    "DEX_Total": 246.609,
    "DEX_Ratio": 2.29093,
    "GEX_Call": 3232295.738,
    "GEX_Put": -3271249.556,
    "GEX_Total": -38953.818,
    "GEX_Ratio": 0.988092,
    "VEX_Call": -536215.381,
    "VEX_Put": 981412.884,
    "VEX_Total": 445197.503,
    "VEX_Ratio": -0.546371,
    "CEX_Call": -9091776.301,
    "CEX_Put": 18652091.548,
    "CEX_Total": 9560315.247,
    "CEX_Ratio": -0.48744
}