{
    "timestamp": "2025-11-18 13:00:41",
    "cum_gam": 6670.140638160941,
    "cum_vec": 7787.301153567789,
    "DEX_Call": 1938.375,
    "DEX_Put": -2536.332,
    "DEX_Total": -597.957,
    "DEX_Ratio": 0.764243,
    "GEX_Call": 4243492.598,
    "GEX_Put": -8113062.031,
    "GEX_Total": -3869569.433,
    "GEX_Ratio": 0.523045,
    "VEX_Call": -2626693.355,
    "VEX_Put": 4394800.641,
    "VEX_Total": 1768107.286,
    "VEX_Ratio": -0.597682,
    "CEX_Call": -22231141.162,
    "CEX_Put": 37079360.59,
    "CEX_Total": 14848219.428,
    "CEX_Ratio": -0.599556
}