{
    "timestamp": "2025-09-03 09:36:11",
    "cum_gam": 7009.220162981561,
    "cum_vec": 7473.962623405881,
    "DEX_Call": 4942.429,
    "DEX_Put": -2889.218,
    "DEX_Total": 2053.211,
    "DEX_Ratio": 1.710646,
    "GEX_Call": 13581960.295,
    "GEX_Put": -11167928.649,
    "GEX_Total": 2414031.646,
    "GEX_Ratio": 1.216158,
    "VEX_Call": 36647.107,
    "VEX_Put": 16599453.679,
    "VEX_Total": 16636100.786,
    "VEX_Ratio": 0.002208,
    "CEX_Call": -15365683.684,
    "CEX_Put": 21393197.623,
    "CEX_Total": 6027513.939,
    "CEX_Ratio": -0.718251
}