{
    "timestamp": "2025-10-16 12:48:50",
    "cum_gam": 6601.622947636282,
    "cum_vec": 6601.622947636282,
    "DEX_Call": 3285.038,
    "DEX_Put": -2104.203,
    "DEX_Total": 1180.835,
    "DEX_Ratio": 1.561179,
    "GEX_Call": 6450099.413,
    "GEX_Put": -9950843.925,
    "GEX_Total": -3500744.512,
    "GEX_Ratio": 0.648196,
    "VEX_Call": -1850020.023,
    "VEX_Put": 8022771.141,
    "VEX_Total": 6172751.118,
    "VEX_Ratio": -0.230596,
    "CEX_Call": -12816359.302,
    "CEX_Put": 41630427.806,
    "CEX_Total": 28814068.504,
    "CEX_Ratio": -0.30786
}