{
    "timestamp": "2025-10-28 10:02:05",
    "cum_gam": null,
    "cum_vec": 8558.215010141988,
    "DEX_Call": 1965.509,
    "DEX_Put": -275.201,
    "DEX_Total": 1690.308,
    "DEX_Ratio": 7.142085,
    "GEX_Call": 13928694.32,
    "GEX_Put": -3211939.629,
    "GEX_Total": 10716754.691,
    "GEX_Ratio": 4.336537,
    "VEX_Call": 116115.773,
    "VEX_Put": 2911749.184,
    "VEX_Total": 3027864.957,
    "VEX_Ratio": 0.039878,
    "CEX_Call": -9918120.669,
    "CEX_Put": 33494066.536,
    "CEX_Total": 23575945.867,
    "CEX_Ratio": -0.296116
}