{
    "timestamp": "2025-09-11 07:40:09",
    "cum_gam": 7008.964752547032,
    "cum_vec": 7498.990398438657,
    "DEX_Call": 5987.336,
    "DEX_Put": -1254.427,
    "DEX_Total": 4732.909,
    "DEX_Ratio": 4.772965,
    "GEX_Call": 14860106.145,
    "GEX_Put": -7368117.249,
    "GEX_Total": 7491988.896,
    "GEX_Ratio": 2.016812,
    "VEX_Call": 4421244.509,
    "VEX_Put": 14647708.205,
    "VEX_Total": 19068952.714,
    "VEX_Ratio": 0.301839,
    "CEX_Call": 2315827.775,
    "CEX_Put": 25255862.385,
    "CEX_Total": 27571690.16,
    "CEX_Ratio": 0.091695
}