{
    "timestamp": "2025-11-17 11:34:38",
    "cum_gam": 6692.128734249879,
    "cum_vec": 7964.459655127024,
    "DEX_Call": 1190.976,
    "DEX_Put": -2292.94,
    "DEX_Total": -1101.964,
    "DEX_Ratio": 0.51941,
    "GEX_Call": 4337541.005,
    "GEX_Put": -7617719.527,
    "GEX_Total": -3280178.522,
    "GEX_Ratio": 0.569402,
    "VEX_Call": -2634972.97,
    "VEX_Put": 4817542.135,
    "VEX_Total": 2182569.165,
    "VEX_Ratio": -0.546954,
    "CEX_Call": -14424576.362,
    "CEX_Put": 19934183.998,
    "CEX_Total": 5509607.636,
    "CEX_Ratio": -0.72361
}