{
    "timestamp": "2025-08-07 10:46:16",
    "cum_gam": 7009.855704072908,
    "cum_vec": 7218.52168290768,
    "DEX_Call": 1690.092,
    "DEX_Put": -1430.967,
    "DEX_Total": 259.125,
    "DEX_Ratio": 1.181084,
    "GEX_Call": 7447546.32,
    "GEX_Put": -7089718.452,
    "GEX_Total": 357827.868,
    "GEX_Ratio": 1.050471,
    "VEX_Call": -2622140.628,
    "VEX_Put": 8000910.812,
    "VEX_Total": 5378770.184,
    "VEX_Ratio": -0.32773,
    "CEX_Call": -14252071.419,
    "CEX_Put": 15563183.308,
    "CEX_Total": 1311111.889,
    "CEX_Ratio": -0.915756
}