{
    "timestamp": "2025-10-24 12:14:07",
    "cum_gam": 8792.979127134724,
    "cum_vec": 8792.979127134724,
    "DEX_Call": 1128.446,
    "DEX_Put": -315.408,
    "DEX_Total": 813.038,
    "DEX_Ratio": 3.577734,
    "GEX_Call": 10459615.206,
    "GEX_Put": -2236360.375,
    "GEX_Total": 8223254.831,
    "GEX_Ratio": 4.677071,
    "VEX_Call": -279903.478,
    "VEX_Put": 3452393.354,
    "VEX_Total": 3172489.876,
    "VEX_Ratio": -0.081075,
    "CEX_Call": -27297076.656,
    "CEX_Put": 23783973.748,
    "CEX_Total": -3513102.908,
    "CEX_Ratio": -1.147709
}