{
    "timestamp": "2025-07-28 08:59:42",
    "cum_gam": null,
    "cum_vec": 6822.727745084302,
    "DEX_Call": 489.713,
    "DEX_Put": -124.161,
    "DEX_Total": 365.552,
    "DEX_Ratio": 3.944177,
    "GEX_Call": 4949237.004,
    "GEX_Put": -2127321.941,
    "GEX_Total": 2821915.063,
    "GEX_Ratio": 2.326511,
    "VEX_Call": -684362.139,
    "VEX_Put": 1073576.687,
    "VEX_Total": 389214.548,
    "VEX_Ratio": -0.63746,
    "CEX_Call": -9065611.12,
    "CEX_Put": 10822683.943,
    "CEX_Total": 1757072.823,
    "CEX_Ratio": -0.837649
}