{
    "timestamp": "2025-11-05 09:05:40",
    "cum_gam": 6185.051771196249,
    "cum_vec": 7764.194277108434,
    "DEX_Call": 2228.572,
    "DEX_Put": -1910.226,
    "DEX_Total": 318.346,
    "DEX_Ratio": 1.166654,
    "GEX_Call": 7437297.47,
    "GEX_Put": -7755155.525,
    "GEX_Total": -317858.055,
    "GEX_Ratio": 0.959013,
    "VEX_Call": -2878409.634,
    "VEX_Put": 8915886.24,
    "VEX_Total": 6037476.606,
    "VEX_Ratio": -0.322841,
    "CEX_Call": -11630245.608,
    "CEX_Put": 18273023.273,
    "CEX_Total": 6642777.665,
    "CEX_Ratio": -0.636471
}