{
    "timestamp": "2025-08-15 06:42:07",
    "cum_gam": null,
    "cum_vec": 7680.379430853719,
    "DEX_Call": 1321.865,
    "DEX_Put": -457.382,
    "DEX_Total": 864.483,
    "DEX_Ratio": 2.890068,
    "GEX_Call": 7237535.457,
    "GEX_Put": -3932025.366,
    "GEX_Total": 3305510.091,
    "GEX_Ratio": 1.840663,
    "VEX_Call": -607387.674,
    "VEX_Put": 4017773.296,
    "VEX_Total": 3410385.622,
    "VEX_Ratio": -0.151175,
    "CEX_Call": -6909558.118,
    "CEX_Put": 14925640.495,
    "CEX_Total": 8016082.377,
    "CEX_Ratio": -0.462932
}