{
    "timestamp": "2025-09-17 08:17:04",
    "cum_gam": 8596.208957310966,
    "cum_vec": 8596.208957310966,
    "DEX_Call": 11275.09,
    "DEX_Put": -1412.099,
    "DEX_Total": 9862.991,
    "DEX_Ratio": 7.984631,
    "GEX_Call": 12186543.868,
    "GEX_Put": -9206185.863,
    "GEX_Total": 2980358.005,
    "GEX_Ratio": 1.323734,
    "VEX_Call": 7160174.099,
    "VEX_Put": 12804244.118,
    "VEX_Total": 19964418.217,
    "VEX_Ratio": 0.559203,
    "CEX_Call": 9737515.88,
    "CEX_Put": 46177352.245,
    "CEX_Total": 55914868.125,
    "CEX_Ratio": 0.210872
}