{
    "timestamp": "2025-11-25 07:25:45",
    "cum_gam": null,
    "cum_vec": null,
    "DEX_Call": 11046.125,
    "DEX_Put": -3575.985,
    "DEX_Total": 7470.14,
    "DEX_Ratio": 3.088974,
    "GEX_Call": 6629650.91,
    "GEX_Put": -6222089.936,
    "GEX_Total": 407560.974,
    "GEX_Ratio": 1.065502,
    "VEX_Call": 3362527.648,
    "VEX_Put": 9126595.828,
    "VEX_Total": 12489123.476,
    "VEX_Ratio": 0.368432,
    "CEX_Call": 323370.683,
    "CEX_Put": 2026720.021,
    "CEX_Total": 2350090.704,
    "CEX_Ratio": 0.159554
}