{
    "timestamp": "2025-09-18 11:15:59",
    "cum_gam": 8596.777601690439,
    "cum_vec": 8596.777601690439,
    "DEX_Call": 11158.078,
    "DEX_Put": -886.998,
    "DEX_Total": 10271.08,
    "DEX_Ratio": 12.579598,
    "GEX_Call": 15021124.653,
    "GEX_Put": -8798339.511,
    "GEX_Total": 6222785.142,
    "GEX_Ratio": 1.707268,
    "VEX_Call": 5391942.997,
    "VEX_Put": 8609180.13,
    "VEX_Total": 14001123.127,
    "VEX_Ratio": 0.626302,
    "CEX_Call": 21647204.783,
    "CEX_Put": 41244637.424,
    "CEX_Total": 62891842.207,
    "CEX_Ratio": 0.524849
}