{
    "timestamp": "2025-07-22 07:29:30",
    "cum_gam": 6164.426002411831,
    "cum_vec": 6819.468409408092,
    "DEX_Call": 528.806,
    "DEX_Put": -474.615,
    "DEX_Total": 54.191,
    "DEX_Ratio": 1.114179,
    "GEX_Call": 3825260.073,
    "GEX_Put": -4307325.253,
    "GEX_Total": -482065.18,
    "GEX_Ratio": 0.888082,
    "VEX_Call": -1270080.022,
    "VEX_Put": 2171346.398,
    "VEX_Total": 901266.376,
    "VEX_Ratio": -0.584927,
    "CEX_Call": -8208013.397,
    "CEX_Put": 8571593.686,
    "CEX_Total": 363580.289,
    "CEX_Ratio": -0.957583
}