{
    "timestamp": "2025-10-02 08:51:55",
    "cum_gam": null,
    "cum_vec": 8845.10351468464,
    "DEX_Call": 2944.432,
    "DEX_Put": -1503.467,
    "DEX_Total": 1440.965,
    "DEX_Ratio": 1.958428,
    "GEX_Call": 11620818.117,
    "GEX_Put": -8047332.074,
    "GEX_Total": 3573486.043,
    "GEX_Ratio": 1.444058,
    "VEX_Call": -1287984.543,
    "VEX_Put": 12588004.656,
    "VEX_Total": 11300020.113,
    "VEX_Ratio": -0.102318,
    "CEX_Call": -16110393.227,
    "CEX_Put": 22726645.834,
    "CEX_Total": 6616252.607,
    "CEX_Ratio": -0.708877
}