{
    "timestamp": "2025-10-01 08:07:20",
    "cum_gam": null,
    "cum_vec": 8895.13566365192,
    "DEX_Call": 2840.171,
    "DEX_Put": -1557.536,
    "DEX_Total": 1282.635,
    "DEX_Ratio": 1.823503,
    "GEX_Call": 10803520.528,
    "GEX_Put": -8058913.308,
    "GEX_Total": 2744607.22,
    "GEX_Ratio": 1.340568,
    "VEX_Call": -1291013.415,
    "VEX_Put": 12574470.086,
    "VEX_Total": 11283456.671,
    "VEX_Ratio": -0.102669,
    "CEX_Call": -9359107.481,
    "CEX_Put": 22089825.792,
    "CEX_Total": 12730718.311,
    "CEX_Ratio": -0.423684
}