{
    "timestamp": "2025-09-30 12:38:41",
    "cum_gam": null,
    "cum_vec": 8029.43681080769,
    "DEX_Call": 629.285,
    "DEX_Put": -152.395,
    "DEX_Total": 476.89,
    "DEX_Ratio": 4.129302,
    "GEX_Call": 2984623.753,
    "GEX_Put": -1405705.057,
    "GEX_Total": 1578918.696,
    "GEX_Ratio": 2.123222,
    "VEX_Call": -117351.474,
    "VEX_Put": 340298.4,
    "VEX_Total": 222946.926,
    "VEX_Ratio": -0.344849,
    "CEX_Call": -12436332.677,
    "CEX_Put": 34491485.975,
    "CEX_Total": 22055153.298,
    "CEX_Ratio": -0.360562
}