{
    "timestamp": "2025-07-29 11:14:19",
    "cum_gam": null,
    "cum_vec": 6905.760100594636,
    "DEX_Call": 434.136,
    "DEX_Put": -207.793,
    "DEX_Total": 226.343,
    "DEX_Ratio": 2.089272,
    "GEX_Call": 3404477.361,
    "GEX_Put": -3371626.66,
    "GEX_Total": 32850.701,
    "GEX_Ratio": 1.009743,
    "VEX_Call": -588164.343,
    "VEX_Put": 919929.076,
    "VEX_Total": 331764.733,
    "VEX_Ratio": -0.639358,
    "CEX_Call": -12022435.577,
    "CEX_Put": 16421362.704,
    "CEX_Total": 4398927.127,
    "CEX_Ratio": -0.732122
}