{
    "timestamp": "2025-10-20 10:21:57",
    "cum_gam": null,
    "cum_vec": null,
    "DEX_Call": 1473.838,
    "DEX_Put": -537.965,
    "DEX_Total": 935.873,
    "DEX_Ratio": 2.739654,
    "GEX_Call": 7734018.8,
    "GEX_Put": -3341811.861,
    "GEX_Total": 4392206.939,
    "GEX_Ratio": 2.314319,
    "VEX_Call": -673495.822,
    "VEX_Put": 5254677.188,
    "VEX_Total": 4581181.366,
    "VEX_Ratio": -0.128171,
    "CEX_Call": -3285897.647,
    "CEX_Put": 16980851.776,
    "CEX_Total": 13694954.129,
    "CEX_Ratio": -0.193506
}