{
    "timestamp": "2025-07-24 11:39:21",
    "cum_gam": null,
    "cum_vec": 6821.461192692836,
    "DEX_Call": 1018.516,
    "DEX_Put": -129.526,
    "DEX_Total": 888.99,
    "DEX_Ratio": 7.86341,
    "GEX_Call": 7954750.956,
    "GEX_Put": -1845462.523,
    "GEX_Total": 6109288.433,
    "GEX_Ratio": 4.310438,
    "VEX_Call": -641715.826,
    "VEX_Put": 1697241.182,
    "VEX_Total": 1055525.356,
    "VEX_Ratio": -0.378093,
    "CEX_Call": -7773569.945,
    "CEX_Put": 15399061.885,
    "CEX_Total": 7625491.94,
    "CEX_Ratio": -0.504808
}