{
    "timestamp": "2025-11-04 11:28:02",
    "cum_gam": 6725.459524260018,
    "cum_vec": 7790.74582380642,
    "DEX_Call": 1968.419,
    "DEX_Put": -2205.957,
    "DEX_Total": -237.538,
    "DEX_Ratio": 0.89232,
    "GEX_Call": 5623119.243,
    "GEX_Put": -8079908.35,
    "GEX_Total": -2456789.107,
    "GEX_Ratio": 0.695938,
    "VEX_Call": -3135208.906,
    "VEX_Put": 8568182.057,
    "VEX_Total": 5432973.151,
    "VEX_Ratio": -0.365913,
    "CEX_Call": -11257625.683,
    "CEX_Put": 16037681.135,
    "CEX_Total": 4780055.452,
    "CEX_Ratio": -0.701948
}