{
    "timestamp": "2025-10-14 08:22:03",
    "cum_gam": 6579.447613239402,
    "cum_vec": 9128.537949181811,
    "DEX_Call": 3250.464,
    "DEX_Put": -2249.259,
    "DEX_Total": 1001.205,
    "DEX_Ratio": 1.445127,
    "GEX_Call": 6507000.07,
    "GEX_Put": -9471261.746,
    "GEX_Total": -2964261.676,
    "GEX_Ratio": 0.687026,
    "VEX_Call": -2241929.362,
    "VEX_Put": 8510103.496,
    "VEX_Total": 6268174.134,
    "VEX_Ratio": -0.263443,
    "CEX_Call": -10937441.626,
    "CEX_Put": 23952020.48,
    "CEX_Total": 13014578.854,
    "CEX_Ratio": -0.45664
}