{
    "timestamp": "2025-10-07 09:30:41",
    "cum_gam": 6001.825142297633,
    "cum_vec": 9074.06110727364,
    "DEX_Call": 2674.599,
    "DEX_Put": -1796.738,
    "DEX_Total": 877.861,
    "DEX_Ratio": 1.488586,
    "GEX_Call": 8761667.197,
    "GEX_Put": -9016940.166,
    "GEX_Total": -255272.969,
    "GEX_Ratio": 0.97169,
    "VEX_Call": -1811672.544,
    "VEX_Put": 11019441.789,
    "VEX_Total": 9207769.245,
    "VEX_Ratio": -0.164407,
    "CEX_Call": -14677499.017,
    "CEX_Put": 22663137.477,
    "CEX_Total": 7985638.46,
    "CEX_Ratio": -0.647638
}