{
    "timestamp": "2025-11-04 09:51:12",
    "cum_gam": 6675.909242810852,
    "cum_vec": 7789.932405545597,
    "DEX_Call": 2117.213,
    "DEX_Put": -2023.492,
    "DEX_Total": 93.721,
    "DEX_Ratio": 1.046316,
    "GEX_Call": 6362774.346,
    "GEX_Put": -7969222.733,
    "GEX_Total": -1606448.387,
    "GEX_Ratio": 0.798418,
    "VEX_Call": -2936450.206,
    "VEX_Put": 8696758.333,
    "VEX_Total": 5760308.127,
    "VEX_Ratio": -0.337649,
    "CEX_Call": -9801520.548,
    "CEX_Put": 14648841.776,
    "CEX_Total": 4847321.228,
    "CEX_Ratio": -0.669099
}