{
    "timestamp": "2025-11-07 10:45:11",
    "cum_gam": 6693.418058358664,
    "cum_vec": 7713.767344625846,
    "DEX_Call": 1352.901,
    "DEX_Put": -3496.675,
    "DEX_Total": -2143.774,
    "DEX_Ratio": 0.386911,
    "GEX_Call": 3804918.646,
    "GEX_Put": -9316936.195,
    "GEX_Total": -5512017.549,
    "GEX_Ratio": 0.408387,
    "VEX_Call": -3773937.258,
    "VEX_Put": 6544293.101,
    "VEX_Total": 2770355.843,
    "VEX_Ratio": -0.576676,
    "CEX_Call": -13075367.553,
    "CEX_Put": 7272895.531,
    "CEX_Total": -5802472.022,
    "CEX_Ratio": -1.797821
}