{
    "timestamp": "2025-11-20 08:08:06",
    "cum_gam": null,
    "cum_vec": null,
    "DEX_Call": 2109.1,
    "DEX_Put": -1436.748,
    "DEX_Total": 672.352,
    "DEX_Ratio": 1.467968,
    "GEX_Call": 8071602.316,
    "GEX_Put": -6145669.481,
    "GEX_Total": 1925932.835,
    "GEX_Ratio": 1.31338,
    "VEX_Call": -1365905.85,
    "VEX_Put": 4063091.36,
    "VEX_Total": 2697185.51,
    "VEX_Ratio": -0.336174,
    "CEX_Call": -6985769.868,
    "CEX_Put": 18679844.276,
    "CEX_Total": 11694074.408,
    "CEX_Ratio": -0.373974
}