{
    "timestamp": "2025-10-29 10:57:34",
    "cum_gam": null,
    "cum_vec": 8366.62452591656,
    "DEX_Call": 1176.173,
    "DEX_Put": -352.43,
    "DEX_Total": 823.743,
    "DEX_Ratio": 3.337324,
    "GEX_Call": 6705279.726,
    "GEX_Put": -3206854.908,
    "GEX_Total": 3498424.818,
    "GEX_Ratio": 2.090921,
    "VEX_Call": -793921.929,
    "VEX_Put": 2640729.17,
    "VEX_Total": 1846807.241,
    "VEX_Ratio": -0.300645,
    "CEX_Call": -29377820.733,
    "CEX_Put": 44490159.152,
    "CEX_Total": 15112338.419,
    "CEX_Ratio": -0.660322
}