{
    "timestamp": "2025-11-07 13:31:07",
    "cum_gam": 6701.562227763226,
    "cum_vec": 7784.345747737744,
    "DEX_Call": 1642.87,
    "DEX_Put": -2518.905,
    "DEX_Total": -876.035,
    "DEX_Ratio": 0.652216,
    "GEX_Call": 4947444.807,
    "GEX_Put": -8532354.861,
    "GEX_Total": -3584910.054,
    "GEX_Ratio": 0.579845,
    "VEX_Call": -3373977.367,
    "VEX_Put": 7414529.189,
    "VEX_Total": 4040551.822,
    "VEX_Ratio": -0.455049,
    "CEX_Call": -35343839.78,
    "CEX_Put": 77629706.317,
    "CEX_Total": 42285866.537,
    "CEX_Ratio": -0.455288
}