{
    "timestamp": "2025-07-18 12:01:00",
    "cum_gam": 8598.938321395508,
    "cum_vec": 8598.938321395508,
    "DEX_Call": 988.795,
    "DEX_Put": -346.358,
    "DEX_Total": 642.437,
    "DEX_Ratio": 2.854835,
    "GEX_Call": 7867771.072,
    "GEX_Put": -4462175.286,
    "GEX_Total": 3405595.786,
    "GEX_Ratio": 1.763214,
    "VEX_Call": -859852.34,
    "VEX_Put": 2178472.0,
    "VEX_Total": 1318619.66,
    "VEX_Ratio": -0.394704,
    "CEX_Call": -6102576.546,
    "CEX_Put": 12259452.305,
    "CEX_Total": 6156875.759,
    "CEX_Ratio": -0.497785
}