{
    "timestamp": "2025-10-13 09:33:16",
    "cum_gam": 6410.906552680056,
    "cum_vec": 6410.906552680056,
    "DEX_Call": 2839.534,
    "DEX_Put": -2160.645,
    "DEX_Total": 678.889,
    "DEX_Ratio": 1.314207,
    "GEX_Call": 7998135.108,
    "GEX_Put": -8915895.447,
    "GEX_Total": -917760.339,
    "GEX_Ratio": 0.897065,
    "VEX_Call": -2059613.139,
    "VEX_Put": 8917300.821,
    "VEX_Total": 6857687.682,
    "VEX_Ratio": -0.230968,
    "CEX_Call": -6847471.551,
    "CEX_Put": 21094897.236,
    "CEX_Total": 14247425.685,
    "CEX_Ratio": -0.324603
}