{
    "timestamp": "2025-07-03 09:32:13",
    "cum_gam": 7018.41393991395,
    "cum_vec": 7201.520105594645,
    "DEX_Call": 3286.593,
    "DEX_Put": -572.458,
    "DEX_Total": 2714.135,
    "DEX_Ratio": 5.741195,
    "GEX_Call": 10232323.609,
    "GEX_Put": -2724207.445,
    "GEX_Total": 7508116.164,
    "GEX_Ratio": 3.756074,
    "VEX_Call": 1593908.55,
    "VEX_Put": 7299454.188,
    "VEX_Total": 8893362.738,
    "VEX_Ratio": 0.21836,
    "CEX_Call": 2710066.825,
    "CEX_Put": 9235692.144,
    "CEX_Total": 11945758.969,
    "CEX_Ratio": 0.293434
}