{
    "timestamp": "2025-10-23 08:58:07",
    "cum_gam": 8763.157894736842,
    "cum_vec": 8763.157894736842,
    "DEX_Call": 1044.099,
    "DEX_Put": -593.265,
    "DEX_Total": 450.834,
    "DEX_Ratio": 1.75992,
    "GEX_Call": 5940889.031,
    "GEX_Put": -4321311.023,
    "GEX_Total": 1619578.008,
    "GEX_Ratio": 1.374789,
    "VEX_Call": -978135.172,
    "VEX_Put": 4291715.878,
    "VEX_Total": 3313580.706,
    "VEX_Ratio": -0.227912,
    "CEX_Call": -7478939.827,
    "CEX_Put": 18660156.075,
    "CEX_Total": 11181216.248,
    "CEX_Ratio": -0.400797
}