{
    "timestamp": "2025-10-21 10:25:56",
    "cum_gam": 8797.294685990339,
    "cum_vec": 8797.294685990339,
    "DEX_Call": 1237.85,
    "DEX_Put": -576.11,
    "DEX_Total": 661.74,
    "DEX_Ratio": 2.148635,
    "GEX_Call": 7000435.827,
    "GEX_Put": -4658491.858,
    "GEX_Total": 2341943.969,
    "GEX_Ratio": 1.502726,
    "VEX_Call": -933397.39,
    "VEX_Put": 4867456.975,
    "VEX_Total": 3934059.585,
    "VEX_Ratio": -0.191763,
    "CEX_Call": -8393761.595,
    "CEX_Put": 22777714.114,
    "CEX_Total": 14383952.519,
    "CEX_Ratio": -0.368508
}