{
    "timestamp": "2025-10-17 08:50:21",
    "cum_gam": 8676.136820925552,
    "cum_vec": 8676.136820925552,
    "DEX_Call": 976.003,
    "DEX_Put": -1392.233,
    "DEX_Total": -416.23,
    "DEX_Ratio": 0.701034,
    "GEX_Call": 3732874.638,
    "GEX_Put": -5330899.203,
    "GEX_Total": -1598024.565,
    "GEX_Ratio": 0.700234,
    "VEX_Call": -2234647.242,
    "VEX_Put": 6015222.869,
    "VEX_Total": 3780575.627,
    "VEX_Ratio": -0.371499,
    "CEX_Call": -11121510.32,
    "CEX_Put": 21891071.174,
    "CEX_Total": 10769560.854,
    "CEX_Ratio": -0.508039
}