{
    "timestamp": "2025-10-16 09:47:08",
    "cum_gam": 6555.985913144419,
    "cum_vec": 6555.985913144419,
    "DEX_Call": 3383.429,
    "DEX_Put": -2284.045,
    "DEX_Total": 1099.384,
    "DEX_Ratio": 1.481332,
    "GEX_Call": 6636055.123,
    "GEX_Put": -9301315.771,
    "GEX_Total": -2665260.648,
    "GEX_Ratio": 0.713453,
    "VEX_Call": -2536438.846,
    "VEX_Put": 8260995.513,
    "VEX_Total": 5724556.667,
    "VEX_Ratio": -0.307038,
    "CEX_Call": -16335108.897,
    "CEX_Put": 34002832.449,
    "CEX_Total": 17667723.552,
    "CEX_Ratio": -0.480404
}