{
    "timestamp": "2025-09-25 07:13:34",
    "cum_gam": 6601.140796180185,
    "cum_vec": 6966.754808952252,
    "DEX_Call": 925.509,
    "DEX_Put": -775.233,
    "DEX_Total": 150.276,
    "DEX_Ratio": 1.193846,
    "GEX_Call": 3765841.918,
    "GEX_Put": -6070238.988,
    "GEX_Total": -2304397.07,
    "GEX_Ratio": 0.620378,
    "VEX_Call": -299975.646,
    "VEX_Put": 2633197.971,
    "VEX_Total": 2333222.325,
    "VEX_Ratio": -0.113921,
    "CEX_Call": -6747184.87,
    "CEX_Put": 14425638.669,
    "CEX_Total": 7678453.799,
    "CEX_Ratio": -0.467722
}