{
    "timestamp": "2025-08-05 11:06:47",
    "cum_gam": 7009.876161160928,
    "cum_vec": 7320.352622890682,
    "DEX_Call": 2280.84,
    "DEX_Put": -1534.495,
    "DEX_Total": 746.345,
    "DEX_Ratio": 1.486378,
    "GEX_Call": 7417245.325,
    "GEX_Put": -7718998.241,
    "GEX_Total": -301752.916,
    "GEX_Ratio": 0.960908,
    "VEX_Call": -1810144.817,
    "VEX_Put": 8660044.208,
    "VEX_Total": 6849899.391,
    "VEX_Ratio": -0.209023,
    "CEX_Call": -16473388.346,
    "CEX_Put": 22366436.135,
    "CEX_Total": 5893047.789,
    "CEX_Ratio": -0.736523
}