{
    "timestamp": "2025-09-17 07:29:12",
    "cum_gam": 8595.750226548706,
    "cum_vec": 8595.750226548706,
    "DEX_Call": 11297.611,
    "DEX_Put": -1430.475,
    "DEX_Total": 9867.136,
    "DEX_Ratio": 7.897804,
    "GEX_Call": 12161783.796,
    "GEX_Put": -9339318.231,
    "GEX_Total": 2822465.565,
    "GEX_Ratio": 1.302213,
    "VEX_Call": 6923142.09,
    "VEX_Put": 12496748.501,
    "VEX_Total": 19419890.591,
    "VEX_Ratio": 0.553995,
    "CEX_Call": 10467031.404,
    "CEX_Put": 42453524.374,
    "CEX_Total": 52920555.778,
    "CEX_Ratio": 0.246553
}