{
    "timestamp": "2025-08-20 08:52:29",
    "cum_gam": 6392.141122664088,
    "cum_vec": 8243.930635838151,
    "DEX_Call": 546.022,
    "DEX_Put": -1058.758,
    "DEX_Total": -512.736,
    "DEX_Ratio": 0.515719,
    "GEX_Call": 2610489.042,
    "GEX_Put": -6492996.168,
    "GEX_Total": -3882507.126,
    "GEX_Ratio": 0.402047,
    "VEX_Call": -1235198.447,
    "VEX_Put": 2846581.625,
    "VEX_Total": 1611383.178,
    "VEX_Ratio": -0.433923,
    "CEX_Call": -7334135.445,
    "CEX_Put": 8920104.326,
    "CEX_Total": 1585968.881,
    "CEX_Ratio": -0.822203
}