{
    "timestamp": "2025-09-12 06:53:12",
    "cum_gam": 7007.6803230519845,
    "cum_vec": 7839.772270687342,
    "DEX_Call": 4670.698,
    "DEX_Put": -1262.242,
    "DEX_Total": 3408.456,
    "DEX_Ratio": 3.700319,
    "GEX_Call": 15053165.45,
    "GEX_Put": -8977755.933,
    "GEX_Total": 6075409.517,
    "GEX_Ratio": 1.676718,
    "VEX_Call": 2588598.686,
    "VEX_Put": 13249767.063,
    "VEX_Total": 15838365.749,
    "VEX_Ratio": 0.195369,
    "CEX_Call": -5258647.295,
    "CEX_Put": 24945266.598,
    "CEX_Total": 19686619.303,
    "CEX_Ratio": -0.210807
}