{
    "timestamp": "2025-07-18 09:40:44",
    "cum_gam": 8599.001069529986,
    "cum_vec": 8599.001069529986,
    "DEX_Call": 1016.547,
    "DEX_Put": -378.356,
    "DEX_Total": 638.191,
    "DEX_Ratio": 2.686747,
    "GEX_Call": 6606938.265,
    "GEX_Put": -4383272.174,
    "GEX_Total": 2223666.091,
    "GEX_Ratio": 1.507307,
    "VEX_Call": -1048374.545,
    "VEX_Put": 2389641.265,
    "VEX_Total": 1341266.72,
    "VEX_Ratio": -0.438716,
    "CEX_Call": -8182789.566,
    "CEX_Put": 11691089.064,
    "CEX_Total": 3508299.498,
    "CEX_Ratio": -0.699917
}