{
    "timestamp": "2025-10-16 11:35:48",
    "cum_gam": 6587.7403335761455,
    "cum_vec": 6587.7403335761455,
    "DEX_Call": 3141.49,
    "DEX_Put": -2581.164,
    "DEX_Total": 560.326,
    "DEX_Ratio": 1.217083,
    "GEX_Call": 5606929.577,
    "GEX_Put": -9700024.047,
    "GEX_Total": -4093094.47,
    "GEX_Ratio": 0.578033,
    "VEX_Call": -2518340.869,
    "VEX_Put": 7597349.405,
    "VEX_Total": 5079008.536,
    "VEX_Ratio": -0.331476,
    "CEX_Call": -16289041.754,
    "CEX_Put": 28241318.559,
    "CEX_Total": 11952276.805,
    "CEX_Ratio": -0.57678
}