{
    "timestamp": "2025-09-10 10:16:13",
    "cum_gam": 7008.629245556024,
    "cum_vec": 7538.129056778126,
    "DEX_Call": 5454.193,
    "DEX_Put": -1455.185,
    "DEX_Total": 3999.008,
    "DEX_Ratio": 3.74811,
    "GEX_Call": 15716082.958,
    "GEX_Put": -8820300.204,
    "GEX_Total": 6895782.754,
    "GEX_Ratio": 1.781808,
    "VEX_Call": 3108130.098,
    "VEX_Put": 14466091.005,
    "VEX_Total": 17574221.103,
    "VEX_Ratio": 0.214856,
    "CEX_Call": -4695061.177,
    "CEX_Put": 22202071.345,
    "CEX_Total": 17507010.168,
    "CEX_Ratio": -0.21147
}