{
    "timestamp": "2025-08-06 12:25:14",
    "cum_gam": 7009.857044065319,
    "cum_vec": 7316.664486022068,
    "DEX_Call": 1942.144,
    "DEX_Put": -1172.975,
    "DEX_Total": 769.169,
    "DEX_Ratio": 1.655742,
    "GEX_Call": 9991961.573,
    "GEX_Put": -5930230.654,
    "GEX_Total": 4061730.919,
    "GEX_Ratio": 1.68492,
    "VEX_Call": -1507011.142,
    "VEX_Put": 8173168.896,
    "VEX_Total": 6666157.754,
    "VEX_Ratio": -0.184385,
    "CEX_Call": -11233179.858,
    "CEX_Put": 17574362.847,
    "CEX_Total": 6341182.989,
    "CEX_Ratio": -0.63918
}