{
    "timestamp": "2025-10-07 08:11:01",
    "cum_gam": null,
    "cum_vec": 9074.890122169249,
    "DEX_Call": 4414.432,
    "DEX_Put": -1697.42,
    "DEX_Total": 2717.012,
    "DEX_Ratio": 2.600672,
    "GEX_Call": 8977818.643,
    "GEX_Put": -8666630.994,
    "GEX_Total": 311187.649,
    "GEX_Ratio": 1.035906,
    "VEX_Call": -983128.366,
    "VEX_Put": 11118919.908,
    "VEX_Total": 10135791.542,
    "VEX_Ratio": -0.088419,
    "CEX_Call": -11427058.674,
    "CEX_Put": 25779241.701,
    "CEX_Total": 14352183.027,
    "CEX_Ratio": -0.443266
}