{
    "timestamp": "2025-11-11 08:24:14",
    "cum_gam": null,
    "cum_vec": 7797.254330755029,
    "DEX_Call": 2044.844,
    "DEX_Put": -1519.713,
    "DEX_Total": 525.131,
    "DEX_Ratio": 1.345546,
    "GEX_Call": 8818157.926,
    "GEX_Put": -6992759.126,
    "GEX_Total": 1825398.8,
    "GEX_Ratio": 1.261041,
    "VEX_Call": -2832821.464,
    "VEX_Put": 7659076.647,
    "VEX_Total": 4826255.183,
    "VEX_Ratio": -0.369865,
    "CEX_Call": -12182007.245,
    "CEX_Put": 14780947.705,
    "CEX_Total": 2598940.46,
    "CEX_Ratio": -0.82417
}