{
    "timestamp": "2025-10-31 12:02:13",
    "cum_gam": null,
    "cum_vec": null,
    "DEX_Call": 803.564,
    "DEX_Put": -104.979,
    "DEX_Total": 698.585,
    "DEX_Ratio": 7.654521,
    "GEX_Call": 3333561.137,
    "GEX_Put": -2820414.678,
    "GEX_Total": 513146.459,
    "GEX_Ratio": 1.18194,
    "VEX_Call": 226266.581,
    "VEX_Put": 422299.978,
    "VEX_Total": 648566.559,
    "VEX_Ratio": 0.535796,
    "CEX_Call": 15829502.1,
    "CEX_Put": 30075255.017,
    "CEX_Total": 45904757.117,
    "CEX_Ratio": 0.52633
}