{
    "timestamp": "2025-06-26 08:45:15",
    "cum_gam": 6326.415798142815,
    "cum_vec": 6404.465258950781,
    "DEX_Call": 795.237,
    "DEX_Put": -161.546,
    "DEX_Total": 633.691,
    "DEX_Ratio": 4.922666,
    "GEX_Call": 5544295.457,
    "GEX_Put": -1583463.235,
    "GEX_Total": 3960832.222,
    "GEX_Ratio": 3.501373,
    "VEX_Call": 11591.133,
    "VEX_Put": 1695285.644,
    "VEX_Total": 1706876.777,
    "VEX_Ratio": 0.006837,
    "CEX_Call": -968960.351,
    "CEX_Put": 13608622.682,
    "CEX_Total": 12639662.331,
    "CEX_Ratio": -0.071202
}