{
    "timestamp": "2025-10-01 09:31:19",
    "cum_gam": null,
    "cum_vec": 8868.386909372579,
    "DEX_Call": 2986.201,
    "DEX_Put": -1467.534,
    "DEX_Total": 1518.667,
    "DEX_Ratio": 2.034843,
    "GEX_Call": 11832189.384,
    "GEX_Put": -7783311.086,
    "GEX_Total": 4048878.298,
    "GEX_Ratio": 1.5202,
    "VEX_Call": -841625.429,
    "VEX_Put": 12761558.592,
    "VEX_Total": 11919933.163,
    "VEX_Ratio": -0.06595,
    "CEX_Call": -9204845.155,
    "CEX_Put": 25281450.801,
    "CEX_Total": 16076605.646,
    "CEX_Ratio": -0.364095
}