{
    "timestamp": "2025-09-29 07:26:10",
    "cum_gam": null,
    "cum_vec": 6902.965583235741,
    "DEX_Call": 358.709,
    "DEX_Put": -218.653,
    "DEX_Total": 140.056,
    "DEX_Ratio": 1.64054,
    "GEX_Call": 4284792.462,
    "GEX_Put": -2200071.986,
    "GEX_Total": 2084720.476,
    "GEX_Ratio": 1.947569,
    "VEX_Call": -228485.289,
    "VEX_Put": 1294456.488,
    "VEX_Total": 1065971.199,
    "VEX_Ratio": -0.176511,
    "CEX_Call": -5300842.367,
    "CEX_Put": 15580748.539,
    "CEX_Total": 10279906.172,
    "CEX_Ratio": -0.340217
}