{
    "timestamp": "2025-11-03 08:46:14",
    "cum_gam": null,
    "cum_vec": 7810.713011015158,
    "DEX_Call": 2442.751,
    "DEX_Put": -1604.235,
    "DEX_Total": 838.516,
    "DEX_Ratio": 1.522689,
    "GEX_Call": 7726959.414,
    "GEX_Put": -6786348.948,
    "GEX_Total": 940610.466,
    "GEX_Ratio": 1.138603,
    "VEX_Call": -2357318.186,
    "VEX_Put": 9325001.099,
    "VEX_Total": 6967682.913,
    "VEX_Ratio": -0.252795,
    "CEX_Call": -12531054.846,
    "CEX_Put": 17476427.013,
    "CEX_Total": 4945372.167,
    "CEX_Ratio": -0.717026
}