{
    "timestamp": "2025-09-25 11:11:03",
    "cum_gam": 6595.534100008269,
    "cum_vec": 7005.525338770004,
    "DEX_Call": 1058.104,
    "DEX_Put": -858.198,
    "DEX_Total": 199.906,
    "DEX_Ratio": 1.232937,
    "GEX_Call": 3248544.577,
    "GEX_Put": -6764562.638,
    "GEX_Total": -3516018.061,
    "GEX_Ratio": 0.48023,
    "VEX_Call": -162300.573,
    "VEX_Put": 2259324.451,
    "VEX_Total": 2097023.878,
    "VEX_Ratio": -0.071836,
    "CEX_Call": -7588930.173,
    "CEX_Put": 19885487.696,
    "CEX_Total": 12296557.523,
    "CEX_Ratio": -0.381632
}