{
    "timestamp": "2025-09-30 11:19:20",
    "cum_gam": null,
    "cum_vec": 7260.777488283959,
    "DEX_Call": 147.675,
    "DEX_Put": -202.742,
    "DEX_Total": -55.067,
    "DEX_Ratio": 0.728389,
    "GEX_Call": 2633217.011,
    "GEX_Put": -2381020.129,
    "GEX_Total": 252196.882,
    "GEX_Ratio": 1.10592,
    "VEX_Call": -191405.562,
    "VEX_Put": 452241.784,
    "VEX_Total": 260836.222,
    "VEX_Ratio": -0.423237,
    "CEX_Call": -11192489.79,
    "CEX_Put": 25101052.493,
    "CEX_Total": 13908562.703,
    "CEX_Ratio": -0.445897
}