{
    "timestamp": "2026-07-21 08:48:23",
    "cum_gam": null,
    "cum_vec": null,
    "DEX_Call": 843.318,
    "DEX_Put": -986.12,
    "DEX_Total": -142.802,
    "DEX_Ratio": 0.855188,
    "GEX_Call": 7026908.243,
    "GEX_Put": -5887064.747,
    "GEX_Total": 1139843.496,
    "GEX_Ratio": 1.193618,
    "VEX_Call": -3015716.247,
    "VEX_Put": 4472233.939,
    "VEX_Total": 1456517.692,
    "VEX_Ratio": -0.67432,
    "CEX_Call": -9660113.514,
    "CEX_Put": 12712041.685,
    "CEX_Total": 3051928.171,
    "CEX_Ratio": -0.759918
}