{
    "timestamp": "2025-08-08 12:31:00",
    "cum_gam": 7009.802463859213,
    "cum_vec": 7449.9711230508055,
    "DEX_Call": 2206.079,
    "DEX_Put": -789.489,
    "DEX_Total": 1416.59,
    "DEX_Ratio": 2.794313,
    "GEX_Call": 12345372.589,
    "GEX_Put": -4700436.271,
    "GEX_Total": 7644936.318,
    "GEX_Ratio": 2.626431,
    "VEX_Call": -972899.232,
    "VEX_Put": 6770426.155,
    "VEX_Total": 5797526.923,
    "VEX_Ratio": -0.143698,
    "CEX_Call": 4205565.028,
    "CEX_Put": 25450648.05,
    "CEX_Total": 29656213.078,
    "CEX_Ratio": 0.165244
}