{
    "timestamp": "2025-09-03 11:15:08",
    "cum_gam": 7009.189202791429,
    "cum_vec": 7464.81488384422,
    "DEX_Call": 6877.512,
    "DEX_Put": -3045.526,
    "DEX_Total": 3831.986,
    "DEX_Ratio": 2.258235,
    "GEX_Call": 12493396.739,
    "GEX_Put": -11708001.672,
    "GEX_Total": 785395.067,
    "GEX_Ratio": 1.067082,
    "VEX_Call": 1599103.502,
    "VEX_Put": 16039763.764,
    "VEX_Total": 17638867.266,
    "VEX_Ratio": 0.099696,
    "CEX_Call": -13297813.984,
    "CEX_Put": 27844347.739,
    "CEX_Total": 14546533.755,
    "CEX_Ratio": -0.477577
}