{
    "timestamp": "2025-11-26 10:49:48",
    "cum_gam": null,
    "cum_vec": 8077.266638484504,
    "DEX_Call": 7835.898,
    "DEX_Put": -2596.628,
    "DEX_Total": 5239.27,
    "DEX_Ratio": 3.017721,
    "GEX_Call": 7379261.462,
    "GEX_Put": -6156927.416,
    "GEX_Total": 1222334.046,
    "GEX_Ratio": 1.19853,
    "VEX_Call": 4195192.964,
    "VEX_Put": 11606344.921,
    "VEX_Total": 15801537.885,
    "VEX_Ratio": 0.361457,
    "CEX_Call": 504989.988,
    "CEX_Put": 2840400.098,
    "CEX_Total": 3345390.086,
    "CEX_Ratio": 0.177788
}