{
    "timestamp": "2025-11-18 10:21:52",
    "cum_gam": 8597.921037573908,
    "cum_vec": 8601.02388277012,
    "DEX_Call": 1846.607,
    "DEX_Put": -3095.631,
    "DEX_Total": -1249.024,
    "DEX_Ratio": 0.59652,
    "GEX_Call": 3454245.694,
    "GEX_Put": -7819833.325,
    "GEX_Total": -4365587.631,
    "GEX_Ratio": 0.441729,
    "VEX_Call": -2654940.595,
    "VEX_Put": 3993386.621,
    "VEX_Total": 1338446.026,
    "VEX_Ratio": -0.664834,
    "CEX_Call": -12820215.766,
    "CEX_Put": 12982274.34,
    "CEX_Total": 162058.574,
    "CEX_Ratio": -0.987517
}