{
    "timestamp": "2025-09-12 09:59:14",
    "cum_gam": 7007.635857101398,
    "cum_vec": 7612.8614853529125,
    "DEX_Call": 4183.491,
    "DEX_Put": -1117.995,
    "DEX_Total": 3065.496,
    "DEX_Ratio": 3.741959,
    "GEX_Call": 15700701.472,
    "GEX_Put": -8547334.172,
    "GEX_Total": 7153367.3,
    "GEX_Ratio": 1.836912,
    "VEX_Call": 2235949.407,
    "VEX_Put": 12645096.138,
    "VEX_Total": 14881045.545,
    "VEX_Ratio": 0.176823,
    "CEX_Call": -5570318.073,
    "CEX_Put": 25856663.136,
    "CEX_Total": 20286345.063,
    "CEX_Ratio": -0.215431
}