{
    "timestamp": "2025-09-16 12:25:47",
    "cum_gam": null,
    "cum_vec": null,
    "DEX_Call": 10579.33,
    "DEX_Put": -697.203,
    "DEX_Total": 9882.127,
    "DEX_Ratio": 15.173959,
    "GEX_Call": 10992402.673,
    "GEX_Put": -7444816.366,
    "GEX_Total": 3547586.307,
    "GEX_Ratio": 1.476518,
    "VEX_Call": 6178911.449,
    "VEX_Put": 8953545.555,
    "VEX_Total": 15132457.004,
    "VEX_Ratio": 0.690108,
    "CEX_Call": 234781.229,
    "CEX_Put": 39620653.489,
    "CEX_Total": 39855434.718,
    "CEX_Ratio": 0.005926
}