{
    "timestamp": "2025-08-11 12:19:22",
    "cum_gam": 7009.593137556388,
    "cum_vec": 7547.535902636917,
    "DEX_Call": 1186.237,
    "DEX_Put": -587.477,
    "DEX_Total": 598.76,
    "DEX_Ratio": 2.019206,
    "GEX_Call": 6447302.861,
    "GEX_Put": -4870828.442,
    "GEX_Total": 1576474.419,
    "GEX_Ratio": 1.323656,
    "VEX_Call": -931269.839,
    "VEX_Put": 3535591.879,
    "VEX_Total": 2604322.04,
    "VEX_Ratio": -0.263399,
    "CEX_Call": -16928153.832,
    "CEX_Put": 19827887.107,
    "CEX_Total": 2899733.275,
    "CEX_Ratio": -0.853755
}