{
    "timestamp": "2025-09-05 09:00:35",
    "cum_gam": 8198.630762209037,
    "cum_vec": 8198.630762209037,
    "DEX_Call": 196.474,
    "DEX_Put": -340.099,
    "DEX_Total": -143.625,
    "DEX_Ratio": 0.577696,
    "GEX_Call": 3052232.882,
    "GEX_Put": -6857218.926,
    "GEX_Total": -3804986.044,
    "GEX_Ratio": 0.445112,
    "VEX_Call": -654309.565,
    "VEX_Put": 1293364.045,
    "VEX_Total": 639054.48,
    "VEX_Ratio": -0.505897,
    "CEX_Call": -21742499.924,
    "CEX_Put": 40964320.52,
    "CEX_Total": 19221820.596,
    "CEX_Ratio": -0.530767
}