{
    "timestamp": "2025-07-10 10:29:33",
    "cum_gam": null,
    "cum_vec": null,
    "DEX_Call": 217.899,
    "DEX_Put": -49.565,
    "DEX_Total": 168.334,
    "DEX_Ratio": 4.396227,
    "GEX_Call": 3229950.135,
    "GEX_Put": -1051709.786,
    "GEX_Total": 2178240.349,
    "GEX_Ratio": 3.071142,
    "VEX_Call": -171907.578,
    "VEX_Put": 520458.681,
    "VEX_Total": 348551.103,
    "VEX_Ratio": -0.3303,
    "CEX_Call": -7729719.125,
    "CEX_Put": 10432085.211,
    "CEX_Total": 2702366.086,
    "CEX_Ratio": -0.740956
}