{
    "timestamp": "2025-09-09 10:55:00",
    "cum_gam": 8194.167306216423,
    "cum_vec": 8194.167306216423,
    "DEX_Call": 348.383,
    "DEX_Put": -174.634,
    "DEX_Total": 173.749,
    "DEX_Ratio": 1.994932,
    "GEX_Call": 5067526.985,
    "GEX_Put": -2734098.386,
    "GEX_Total": 2333428.599,
    "GEX_Ratio": 1.853455,
    "VEX_Call": -570900.694,
    "VEX_Put": 1523124.761,
    "VEX_Total": 952224.067,
    "VEX_Ratio": -0.374822,
    "CEX_Call": -9742476.624,
    "CEX_Put": 14313761.843,
    "CEX_Total": 4571285.219,
    "CEX_Ratio": -0.680637
}