{
    "timestamp": "2025-08-08 10:12:41",
    "cum_gam": null,
    "cum_vec": 8200.0,
    "DEX_Call": 362.401,
    "DEX_Put": -35.899,
    "DEX_Total": 326.502,
    "DEX_Ratio": 10.095017,
    "GEX_Call": 3622515.638,
    "GEX_Put": -1011311.251,
    "GEX_Total": 2611204.387,
    "GEX_Ratio": 3.581999,
    "VEX_Call": 14193.209,
    "VEX_Put": 448016.676,
    "VEX_Total": 462209.885,
    "VEX_Ratio": 0.03168,
    "CEX_Call": 40244.637,
    "CEX_Put": 18975605.996,
    "CEX_Total": 19015850.633,
    "CEX_Ratio": 0.002121
}