{
    "timestamp": "2025-10-02 11:46:06",
    "cum_gam": null,
    "cum_vec": null,
    "DEX_Call": 560.307,
    "DEX_Put": -98.533,
    "DEX_Total": 461.774,
    "DEX_Ratio": 5.686491,
    "GEX_Call": 6392133.144,
    "GEX_Put": -2438654.25,
    "GEX_Total": 3953478.894,
    "GEX_Ratio": 2.621172,
    "VEX_Call": 11664.199,
    "VEX_Put": 1157525.219,
    "VEX_Total": 1169189.418,
    "VEX_Ratio": 0.010077,
    "CEX_Call": -11376269.745,
    "CEX_Put": 21920929.634,
    "CEX_Total": 10544659.889,
    "CEX_Ratio": -0.518968
}