{
    "timestamp": "2025-07-01 07:52:44",
    "cum_gam": 6174.219021568311,
    "cum_vec": 6174.219021568311,
    "DEX_Call": 590.022,
    "DEX_Put": -242.448,
    "DEX_Total": 347.574,
    "DEX_Ratio": 2.433602,
    "GEX_Call": 3598670.432,
    "GEX_Put": -5184915.196,
    "GEX_Total": -1586244.764,
    "GEX_Ratio": 0.694065,
    "VEX_Call": -371943.395,
    "VEX_Put": 1404546.901,
    "VEX_Total": 1032603.506,
    "VEX_Ratio": -0.264814,
    "CEX_Call": -8756313.301,
    "CEX_Put": 23002714.205,
    "CEX_Total": 14246400.904,
    "CEX_Ratio": -0.380664
}