{
    "timestamp": "2025-11-13 07:57:41",
    "cum_gam": 6734.916472822208,
    "cum_vec": 6734.916472822208,
    "DEX_Call": 215.628,
    "DEX_Put": -309.858,
    "DEX_Total": -94.23,
    "DEX_Ratio": 0.695893,
    "GEX_Call": 2163027.675,
    "GEX_Put": -2655143.5,
    "GEX_Total": -492115.825,
    "GEX_Ratio": 0.814656,
    "VEX_Call": -791421.865,
    "VEX_Put": 924766.385,
    "VEX_Total": 133344.52,
    "VEX_Ratio": -0.855807,
    "CEX_Call": -11479583.317,
    "CEX_Put": 11569293.342,
    "CEX_Total": 89710.025,
    "CEX_Ratio": -0.992246
}