{
    "timestamp": "2026-07-23 10:13:43",
    "cum_gam": 7495.768167623023,
    "cum_vec": 7495.768167623023,
    "DEX_Call": 85.464,
    "DEX_Put": -707.349,
    "DEX_Total": -621.885,
    "DEX_Ratio": 0.120823,
    "GEX_Call": 782497.968,
    "GEX_Put": -4066022.964,
    "GEX_Total": -3283524.996,
    "GEX_Ratio": 0.192448,
    "VEX_Call": -535476.83,
    "VEX_Put": 448876.467,
    "VEX_Total": -86600.363,
    "VEX_Ratio": -1.192927,
    "CEX_Call": -7494428.851,
    "CEX_Put": 913711.13,
    "CEX_Total": -6580717.721,
    "CEX_Ratio": -8.202186
}