{
    "timestamp": "2025-08-21 09:19:07",
    "cum_gam": 6372.506485824034,
    "cum_vec": 6372.506485824034,
    "DEX_Call": 195.249,
    "DEX_Put": -363.445,
    "DEX_Total": -168.196,
    "DEX_Ratio": 0.537217,
    "GEX_Call": 1492137.687,
    "GEX_Put": -2988281.874,
    "GEX_Total": -1496144.187,
    "GEX_Ratio": 0.49933,
    "VEX_Call": -487331.817,
    "VEX_Put": 837948.434,
    "VEX_Total": 350616.617,
    "VEX_Ratio": -0.581577,
    "CEX_Call": -8925053.833,
    "CEX_Put": 10146973.694,
    "CEX_Total": 1221919.861,
    "CEX_Ratio": -0.879578
}