{
    "timestamp": "2025-10-30 08:44:40",
    "cum_gam": null,
    "cum_vec": null,
    "DEX_Call": 980.675,
    "DEX_Put": -341.755,
    "DEX_Total": 638.92,
    "DEX_Ratio": 2.869526,
    "GEX_Call": 3255440.865,
    "GEX_Put": -3163028.642,
    "GEX_Total": 92412.223,
    "GEX_Ratio": 1.029216,
    "VEX_Call": -107741.41,
    "VEX_Put": 1369310.53,
    "VEX_Total": 1261569.12,
    "VEX_Ratio": -0.078683,
    "CEX_Call": -3677395.507,
    "CEX_Put": 13693875.651,
    "CEX_Total": 10016480.144,
    "CEX_Ratio": -0.268543
}