{
    "timestamp": "2025-09-09 06:50:51",
    "cum_gam": null,
    "cum_vec": null,
    "DEX_Call": 456.552,
    "DEX_Put": -233.093,
    "DEX_Total": 223.459,
    "DEX_Ratio": 1.958669,
    "GEX_Call": 4298858.128,
    "GEX_Put": -2941245.549,
    "GEX_Total": 1357612.579,
    "GEX_Ratio": 1.461577,
    "VEX_Call": -689479.239,
    "VEX_Put": 1750246.914,
    "VEX_Total": 1060767.675,
    "VEX_Ratio": -0.393933,
    "CEX_Call": -6655533.502,
    "CEX_Put": 12020050.101,
    "CEX_Total": 5364516.599,
    "CEX_Ratio": -0.553703
}