{
    "timestamp": "2025-07-24 10:52:39",
    "cum_gam": null,
    "cum_vec": 8200.0,
    "DEX_Call": 520.708,
    "DEX_Put": -39.736,
    "DEX_Total": 480.972,
    "DEX_Ratio": 13.104188,
    "GEX_Call": 5404637.789,
    "GEX_Put": -1173711.905,
    "GEX_Total": 4230925.884,
    "GEX_Ratio": 4.60474,
    "VEX_Call": -310329.166,
    "VEX_Put": 691620.794,
    "VEX_Total": 381291.628,
    "VEX_Ratio": -0.448698,
    "CEX_Call": -8008570.462,
    "CEX_Put": 13846682.631,
    "CEX_Total": 5838112.169,
    "CEX_Ratio": -0.578375
}