{
    "timestamp": "2025-09-11 08:18:56",
    "cum_gam": null,
    "cum_vec": null,
    "DEX_Call": 646.885,
    "DEX_Put": -52.457,
    "DEX_Total": 594.428,
    "DEX_Ratio": 12.331719,
    "GEX_Call": 4744781.001,
    "GEX_Put": -1072054.539,
    "GEX_Total": 3672726.462,
    "GEX_Ratio": 4.425877,
    "VEX_Call": 241497.91,
    "VEX_Put": 1193514.708,
    "VEX_Total": 1435012.618,
    "VEX_Ratio": 0.202342,
    "CEX_Call": 2175919.1,
    "CEX_Put": 16398576.502,
    "CEX_Total": 18574495.602,
    "CEX_Ratio": 0.13269
}