{
    "timestamp": "2025-07-30 08:47:34",
    "cum_gam": null,
    "cum_vec": 6924.097017573635,
    "DEX_Call": 630.64,
    "DEX_Put": -324.097,
    "DEX_Total": 306.543,
    "DEX_Ratio": 1.945837,
    "GEX_Call": 3855638.533,
    "GEX_Put": -3346425.044,
    "GEX_Total": 509213.489,
    "GEX_Ratio": 1.152166,
    "VEX_Call": -830707.623,
    "VEX_Put": 1686527.638,
    "VEX_Total": 855820.015,
    "VEX_Ratio": -0.492555,
    "CEX_Call": -9807051.776,
    "CEX_Put": 18932657.452,
    "CEX_Total": 9125605.676,
    "CEX_Ratio": -0.517997
}