{
    "timestamp": "2025-07-16 08:50:23",
    "cum_gam": 6201.551907638462,
    "cum_vec": 6201.551907638462,
    "DEX_Call": 2882.211,
    "DEX_Put": -691.236,
    "DEX_Total": 2190.975,
    "DEX_Ratio": 4.169648,
    "GEX_Call": 4344457.678,
    "GEX_Put": -5897606.49,
    "GEX_Total": -1553148.812,
    "GEX_Ratio": 0.736648,
    "VEX_Call": 995895.422,
    "VEX_Put": 3144367.316,
    "VEX_Total": 4140262.738,
    "VEX_Ratio": 0.316724,
    "CEX_Call": -1890334.736,
    "CEX_Put": 26669132.675,
    "CEX_Total": 24778797.939,
    "CEX_Ratio": -0.070881
}