{
    "timestamp": "2025-08-14 08:53:06",
    "cum_gam": 7009.583718950213,
    "cum_vec": 7009.583718950213,
    "DEX_Call": 925.242,
    "DEX_Put": -373.679,
    "DEX_Total": 551.563,
    "DEX_Ratio": 2.476034,
    "GEX_Call": 5970879.838,
    "GEX_Put": -4770745.27,
    "GEX_Total": 1200134.568,
    "GEX_Ratio": 1.251561,
    "VEX_Call": -763920.443,
    "VEX_Put": 2422937.764,
    "VEX_Total": 1659017.321,
    "VEX_Ratio": -0.315287,
    "CEX_Call": -11888362.459,
    "CEX_Put": 27078590.557,
    "CEX_Total": 15190228.098,
    "CEX_Ratio": -0.439032
}