{
    "timestamp": "2025-09-30 08:24:10",
    "cum_gam": 6559.1282670297305,
    "cum_vec": 6559.1282670297305,
    "DEX_Call": 1800.01,
    "DEX_Put": -501.428,
    "DEX_Total": 1298.582,
    "DEX_Ratio": 3.589768,
    "GEX_Call": 5034205.95,
    "GEX_Put": -5482440.311,
    "GEX_Total": -448234.361,
    "GEX_Ratio": 0.918242,
    "VEX_Call": -228207.072,
    "VEX_Put": 2008188.64,
    "VEX_Total": 1779981.568,
    "VEX_Ratio": -0.113638,
    "CEX_Call": 4314862.295,
    "CEX_Put": 23313109.879,
    "CEX_Total": 27627972.174,
    "CEX_Ratio": 0.185083
}