{
    "timestamp": "2025-10-27 08:21:58",
    "cum_gam": 8744.378698224851,
    "cum_vec": 8744.378698224851,
    "DEX_Call": 1617.683,
    "DEX_Put": -253.091,
    "DEX_Total": 1364.592,
    "DEX_Ratio": 6.391705,
    "GEX_Call": 8983404.557,
    "GEX_Put": -2082390.382,
    "GEX_Total": 6901014.175,
    "GEX_Ratio": 4.313987,
    "VEX_Call": 267062.058,
    "VEX_Put": 3036458.455,
    "VEX_Total": 3303520.513,
    "VEX_Ratio": 0.087952,
    "CEX_Call": -1419648.599,
    "CEX_Put": 17324207.357,
    "CEX_Total": 15904558.758,
    "CEX_Ratio": -0.081946
}