{
    "timestamp": "2025-11-24 07:43:04",
    "cum_gam": 6483.417326950601,
    "cum_vec": 7892.896174863388,
    "DEX_Call": 566.142,
    "DEX_Put": -654.074,
    "DEX_Total": -87.932,
    "DEX_Ratio": 0.865563,
    "GEX_Call": 2618681.02,
    "GEX_Put": -2976311.939,
    "GEX_Total": -357630.919,
    "GEX_Ratio": 0.879841,
    "VEX_Call": -1245984.542,
    "VEX_Put": 2099933.552,
    "VEX_Total": 853949.01,
    "VEX_Ratio": -0.593345,
    "CEX_Call": -9262483.801,
    "CEX_Put": 15179065.221,
    "CEX_Total": 5916581.42,
    "CEX_Ratio": -0.610214
}