{
    "timestamp": "2025-07-16 08:57:00",
    "cum_gam": 6195.058361376008,
    "cum_vec": 6195.058361376008,
    "DEX_Call": 2752.501,
    "DEX_Put": -396.716,
    "DEX_Total": 2355.785,
    "DEX_Ratio": 6.938215,
    "GEX_Call": 4476236.576,
    "GEX_Put": -5349659.722,
    "GEX_Total": -873423.146,
    "GEX_Ratio": 0.836733,
    "VEX_Call": 1888052.69,
    "VEX_Put": 3072963.198,
    "VEX_Total": 4961015.888,
    "VEX_Ratio": 0.614408,
    "CEX_Call": -399739.325,
    "CEX_Put": 26263973.371,
    "CEX_Total": 25864234.046,
    "CEX_Ratio": -0.01522
}