{
    "timestamp": "2025-10-30 07:28:11",
    "cum_gam": null,
    "cum_vec": 8410.921501706485,
    "DEX_Call": 946.548,
    "DEX_Put": -368.08,
    "DEX_Total": 578.468,
    "DEX_Ratio": 2.571582,
    "GEX_Call": 3381303.532,
    "GEX_Put": -3087116.429,
    "GEX_Total": 294187.103,
    "GEX_Ratio": 1.095295,
    "VEX_Call": -339443.539,
    "VEX_Put": 1465723.263,
    "VEX_Total": 1126279.724,
    "VEX_Ratio": -0.231588,
    "CEX_Call": -6714091.493,
    "CEX_Put": 13321617.016,
    "CEX_Total": 6607525.523,
    "CEX_Ratio": -0.504
}