{
    "timestamp": "2025-09-08 09:54:14",
    "cum_gam": 8198.738329548321,
    "cum_vec": 8198.738329548321,
    "DEX_Call": 450.081,
    "DEX_Put": -237.318,
    "DEX_Total": 212.763,
    "DEX_Ratio": 1.896531,
    "GEX_Call": 5200697.846,
    "GEX_Put": -3278270.788,
    "GEX_Total": 1922427.058,
    "GEX_Ratio": 1.586415,
    "VEX_Call": -642851.024,
    "VEX_Put": 1677054.78,
    "VEX_Total": 1034203.756,
    "VEX_Ratio": -0.383321,
    "CEX_Call": -7519182.185,
    "CEX_Put": 14864125.921,
    "CEX_Total": 7344943.736,
    "CEX_Ratio": -0.505861
}