{
    "timestamp": "2025-10-09 12:06:19",
    "cum_gam": 6724.095189868868,
    "cum_vec": 6724.095189868868,
    "DEX_Call": 222.734,
    "DEX_Put": -290.063,
    "DEX_Total": -67.329,
    "DEX_Ratio": 0.767881,
    "GEX_Call": 2924654.207,
    "GEX_Put": -8892607.216,
    "GEX_Total": -5967953.009,
    "GEX_Ratio": 0.328886,
    "VEX_Call": -479212.914,
    "VEX_Put": 1331668.803,
    "VEX_Total": 852455.889,
    "VEX_Ratio": -0.359859,
    "CEX_Call": -19955112.213,
    "CEX_Put": 37878246.155,
    "CEX_Total": 17923133.942,
    "CEX_Ratio": -0.526822
}