{
    "timestamp": "2025-07-16 09:21:11",
    "cum_gam": 6201.154746927345,
    "cum_vec": 6201.154746927345,
    "DEX_Call": 2520.563,
    "DEX_Put": -614.612,
    "DEX_Total": 1905.951,
    "DEX_Ratio": 4.101064,
    "GEX_Call": 4575533.107,
    "GEX_Put": -5668016.779,
    "GEX_Total": -1092483.672,
    "GEX_Ratio": 0.807255,
    "VEX_Call": 176466.041,
    "VEX_Put": 2412665.768,
    "VEX_Total": 2589131.809,
    "VEX_Ratio": 0.073142,
    "CEX_Call": -5998264.943,
    "CEX_Put": 19774340.677,
    "CEX_Total": 13776075.734,
    "CEX_Ratio": -0.303336
}