{
    "timestamp": "2025-09-16 09:37:28",
    "cum_gam": null,
    "cum_vec": null,
    "DEX_Call": 10431.635,
    "DEX_Put": -812.117,
    "DEX_Total": 9619.518,
    "DEX_Ratio": 12.84499,
    "GEX_Call": 10880565.22,
    "GEX_Put": -8266074.057,
    "GEX_Total": 2614491.163,
    "GEX_Ratio": 1.316292,
    "VEX_Call": 6828271.75,
    "VEX_Put": 9404830.364,
    "VEX_Total": 16233102.114,
    "VEX_Ratio": 0.726039,
    "CEX_Call": 4108500.005,
    "CEX_Put": 32097730.266,
    "CEX_Total": 36206230.271,
    "CEX_Ratio": 0.128
}