{
    "timestamp": "2025-09-25 10:29:47",
    "cum_gam": 6615.128998028557,
    "cum_vec": 8600.0,
    "DEX_Call": 225.792,
    "DEX_Put": -401.896,
    "DEX_Total": -176.104,
    "DEX_Ratio": 0.561817,
    "GEX_Call": 1539858.467,
    "GEX_Put": -4212065.292,
    "GEX_Total": -2672206.825,
    "GEX_Ratio": 0.365583,
    "VEX_Call": -377899.224,
    "VEX_Put": 772215.487,
    "VEX_Total": 394316.263,
    "VEX_Ratio": -0.48937,
    "CEX_Call": -7834086.59,
    "CEX_Put": 14618453.445,
    "CEX_Total": 6784366.855,
    "CEX_Ratio": -0.535904
}