{
    "timestamp": "2025-11-12 08:31:05",
    "cum_gam": null,
    "cum_vec": null,
    "DEX_Call": 533.844,
    "DEX_Put": -195.21,
    "DEX_Total": 338.634,
    "DEX_Ratio": 2.734716,
    "GEX_Call": 4894931.561,
    "GEX_Put": -2362805.255,
    "GEX_Total": 2532126.306,
    "GEX_Ratio": 2.071661,
    "VEX_Call": -919474.453,
    "VEX_Put": 1465699.762,
    "VEX_Total": 546225.309,
    "VEX_Ratio": -0.627328,
    "CEX_Call": -13840821.18,
    "CEX_Put": 17410883.846,
    "CEX_Total": 3570062.666,
    "CEX_Ratio": -0.794952
}