{
    "timestamp": "2025-06-30 10:41:55",
    "cum_gam": null,
    "cum_vec": 6706.947330593878,
    "DEX_Call": 685.16,
    "DEX_Put": -187.342,
    "DEX_Total": 497.818,
    "DEX_Ratio": 3.657269,
    "GEX_Call": 5807940.128,
    "GEX_Put": -2170718.68,
    "GEX_Total": 3637221.448,
    "GEX_Ratio": 2.675584,
    "VEX_Call": -442653.227,
    "VEX_Put": 1300369.444,
    "VEX_Total": 857716.217,
    "VEX_Ratio": -0.340406,
    "CEX_Call": -18627318.379,
    "CEX_Put": 26529965.262,
    "CEX_Total": 7902646.883,
    "CEX_Ratio": -0.702124
}