{
    "timestamp": "2025-10-01 06:47:51",
    "cum_gam": null,
    "cum_vec": null,
    "DEX_Call": 468.797,
    "DEX_Put": -333.773,
    "DEX_Total": 135.024,
    "DEX_Ratio": 1.404538,
    "GEX_Call": 4198180.989,
    "GEX_Put": -3815476.066,
    "GEX_Total": 382704.923,
    "GEX_Ratio": 1.100303,
    "VEX_Call": -607500.614,
    "VEX_Put": 1904207.876,
    "VEX_Total": 1296707.262,
    "VEX_Ratio": -0.319031,
    "CEX_Call": -9054429.052,
    "CEX_Put": 17534180.441,
    "CEX_Total": 8479751.389,
    "CEX_Ratio": -0.516387
}