{
    "timestamp": "2025-07-28 11:00:11",
    "cum_gam": null,
    "cum_vec": 6916.177519571779,
    "DEX_Call": 774.16,
    "DEX_Put": -242.42,
    "DEX_Total": 531.74,
    "DEX_Ratio": 3.193466,
    "GEX_Call": 5060980.786,
    "GEX_Put": -3329162.853,
    "GEX_Total": 1731817.933,
    "GEX_Ratio": 1.520196,
    "VEX_Call": -678612.237,
    "VEX_Put": 1611277.845,
    "VEX_Total": 932665.608,
    "VEX_Ratio": -0.421164,
    "CEX_Call": -8186046.555,
    "CEX_Put": 14627398.922,
    "CEX_Total": 6441352.367,
    "CEX_Ratio": -0.559638
}