{
    "timestamp": "2025-06-30 09:24:43",
    "cum_gam": null,
    "cum_vec": null,
    "DEX_Call": 1951.755,
    "DEX_Put": -134.465,
    "DEX_Total": 1817.29,
    "DEX_Ratio": 14.514967,
    "GEX_Call": 6129277.329,
    "GEX_Put": -2120431.292,
    "GEX_Total": 4008846.037,
    "GEX_Ratio": 2.89058,
    "VEX_Call": 88440.325,
    "VEX_Put": 1381675.497,
    "VEX_Total": 1470115.822,
    "VEX_Ratio": 0.064009,
    "CEX_Call": 3398991.069,
    "CEX_Put": 22062710.794,
    "CEX_Total": 25461701.863,
    "CEX_Ratio": 0.15406
}