{
    "timestamp": "2025-10-02 07:33:10",
    "cum_gam": null,
    "cum_vec": null,
    "DEX_Call": 601.752,
    "DEX_Put": -153.863,
    "DEX_Total": 447.889,
    "DEX_Ratio": 3.91096,
    "GEX_Call": 5474309.358,
    "GEX_Put": -2851613.807,
    "GEX_Total": 2622695.551,
    "GEX_Ratio": 1.919723,
    "VEX_Call": -290473.432,
    "VEX_Put": 1449529.134,
    "VEX_Total": 1159055.702,
    "VEX_Ratio": -0.200392,
    "CEX_Call": -9903683.826,
    "CEX_Put": 16295250.814,
    "CEX_Total": 6391566.988,
    "CEX_Ratio": -0.607765
}