{
    "timestamp": "2025-07-22 12:10:23",
    "cum_gam": null,
    "cum_vec": null,
    "DEX_Call": 381.855,
    "DEX_Put": -149.587,
    "DEX_Total": 232.268,
    "DEX_Ratio": 2.552729,
    "GEX_Call": 3690367.905,
    "GEX_Put": -3190156.976,
    "GEX_Total": 500210.929,
    "GEX_Ratio": 1.156798,
    "VEX_Call": -466978.341,
    "VEX_Put": 1013788.053,
    "VEX_Total": 546809.712,
    "VEX_Ratio": -0.460627,
    "CEX_Call": -8251440.427,
    "CEX_Put": 17149917.77,
    "CEX_Total": 8898477.343,
    "CEX_Ratio": -0.481136
}