{
    "timestamp": "2025-10-28 08:31:13",
    "cum_gam": null,
    "cum_vec": null,
    "DEX_Call": 1418.158,
    "DEX_Put": -358.184,
    "DEX_Total": 1059.974,
    "DEX_Ratio": 3.9593,
    "GEX_Call": 10064693.763,
    "GEX_Put": -4441864.489,
    "GEX_Total": 5622829.274,
    "GEX_Ratio": 2.265871,
    "VEX_Call": -693255.943,
    "VEX_Put": 3247779.923,
    "VEX_Total": 2554523.98,
    "VEX_Ratio": -0.213455,
    "CEX_Call": -21371730.485,
    "CEX_Put": 33736682.665,
    "CEX_Total": 12364952.18,
    "CEX_Ratio": -0.633486
}