{
    "timestamp": "2026-07-21 08:59:32",
    "cum_gam": 8003.629895483833,
    "cum_vec": 8003.629895483833,
    "DEX_Call": 398.767,
    "DEX_Put": -454.623,
    "DEX_Total": -55.856,
    "DEX_Ratio": 0.877138,
    "GEX_Call": 4374624.431,
    "GEX_Put": -3596755.708,
    "GEX_Total": 777868.723,
    "GEX_Ratio": 1.21627,
    "VEX_Call": -1058472.298,
    "VEX_Put": 1849905.31,
    "VEX_Total": 791433.012,
    "VEX_Ratio": -0.572176,
    "CEX_Call": -8471273.218,
    "CEX_Put": 12404792.489,
    "CEX_Total": 3933519.271,
    "CEX_Ratio": -0.682903
}