{
    "timestamp": "2025-10-23 12:04:52",
    "cum_gam": null,
    "cum_vec": null,
    "DEX_Call": 388.961,
    "DEX_Put": -98.065,
    "DEX_Total": 290.896,
    "DEX_Ratio": 3.966359,
    "GEX_Call": 4560385.238,
    "GEX_Put": -1697748.067,
    "GEX_Total": 2862637.171,
    "GEX_Ratio": 2.686138,
    "VEX_Call": -242814.131,
    "VEX_Put": 921718.323,
    "VEX_Total": 678904.192,
    "VEX_Ratio": -0.263436,
    "CEX_Call": -14542115.81,
    "CEX_Put": 18374621.228,
    "CEX_Total": 3832505.418,
    "CEX_Ratio": -0.791424
}