{
    "timestamp": "2025-08-21 09:26:50",
    "cum_gam": 6374.957930694785,
    "cum_vec": 6374.957930694785,
    "DEX_Call": 189.765,
    "DEX_Put": -371.693,
    "DEX_Total": -181.928,
    "DEX_Ratio": 0.510542,
    "GEX_Call": 1461561.843,
    "GEX_Put": -3011547.252,
    "GEX_Total": -1549985.409,
    "GEX_Ratio": 0.485319,
    "VEX_Call": -492104.381,
    "VEX_Put": 812893.199,
    "VEX_Total": 320788.818,
    "VEX_Ratio": -0.605374,
    "CEX_Call": -9035164.076,
    "CEX_Put": 9667135.621,
    "CEX_Total": 631971.545,
    "CEX_Ratio": -0.934627
}