{
    "timestamp": "2025-10-01 11:00:30",
    "cum_gam": null,
    "cum_vec": 8585.966791644349,
    "DEX_Call": 674.242,
    "DEX_Put": -170.092,
    "DEX_Total": 504.15,
    "DEX_Ratio": 3.963984,
    "GEX_Call": 6539460.267,
    "GEX_Put": -3114287.552,
    "GEX_Total": 3425172.715,
    "GEX_Ratio": 2.099825,
    "VEX_Call": 8643.708,
    "VEX_Put": 1735668.789,
    "VEX_Total": 1744312.497,
    "VEX_Ratio": 0.00498,
    "CEX_Call": -6207640.522,
    "CEX_Put": 21112540.519,
    "CEX_Total": 14904899.997,
    "CEX_Ratio": -0.294026
}