{
    "timestamp": "2025-11-10 10:25:21",
    "cum_gam": null,
    "cum_vec": null,
    "DEX_Call": 607.408,
    "DEX_Put": -336.924,
    "DEX_Total": 270.484,
    "DEX_Ratio": 1.802804,
    "GEX_Call": 4458682.36,
    "GEX_Put": -2631312.809,
    "GEX_Total": 1827369.551,
    "GEX_Ratio": 1.694471,
    "VEX_Call": -923602.616,
    "VEX_Put": 1724717.835,
    "VEX_Total": 801115.219,
    "VEX_Ratio": -0.535509,
    "CEX_Call": -6673530.298,
    "CEX_Put": 11210566.923,
    "CEX_Total": 4537036.625,
    "CEX_Ratio": -0.595289
}