{
    "timestamp": "2025-10-02 09:36:59",
    "cum_gam": null,
    "cum_vec": 8586.93304535637,
    "DEX_Call": 481.526,
    "DEX_Put": -160.094,
    "DEX_Total": 321.432,
    "DEX_Ratio": 3.00777,
    "GEX_Call": 5444840.739,
    "GEX_Put": -3189246.983,
    "GEX_Total": 2255593.756,
    "GEX_Ratio": 1.70725,
    "VEX_Call": -334117.397,
    "VEX_Put": 1347248.217,
    "VEX_Total": 1013130.82,
    "VEX_Ratio": -0.248,
    "CEX_Call": -14304300.111,
    "CEX_Put": 19271887.275,
    "CEX_Total": 4967587.164,
    "CEX_Ratio": -0.742237
}