{
    "timestamp": "2025-08-08 09:08:22",
    "cum_gam": null,
    "cum_vec": 8176.09710550887,
    "DEX_Call": 379.153,
    "DEX_Put": -45.578,
    "DEX_Total": 333.575,
    "DEX_Ratio": 8.318772,
    "GEX_Call": 3643383.843,
    "GEX_Put": -1031286.179,
    "GEX_Total": 2612097.664,
    "GEX_Ratio": 3.532854,
    "VEX_Call": -25731.791,
    "VEX_Put": 520581.095,
    "VEX_Total": 494849.304,
    "VEX_Ratio": -0.049429,
    "CEX_Call": -1437605.642,
    "CEX_Put": 17408263.864,
    "CEX_Total": 15970658.222,
    "CEX_Ratio": -0.082582
}