{
    "timestamp": "2025-08-04 11:44:01",
    "cum_gam": null,
    "cum_vec": null,
    "DEX_Call": 287.461,
    "DEX_Put": -362.861,
    "DEX_Total": -75.4,
    "DEX_Ratio": 0.792207,
    "GEX_Call": 2992459.487,
    "GEX_Put": -2686077.134,
    "GEX_Total": 306382.353,
    "GEX_Ratio": 1.114063,
    "VEX_Call": -578975.678,
    "VEX_Put": 1047186.127,
    "VEX_Total": 468210.449,
    "VEX_Ratio": -0.552887,
    "CEX_Call": -6482132.2,
    "CEX_Put": 9199082.185,
    "CEX_Total": 2716949.985,
    "CEX_Ratio": -0.70465
}