{
    "timestamp": "2025-09-09 06:54:14",
    "cum_gam": 8170.687418936446,
    "cum_vec": 8170.687418936446,
    "DEX_Call": 378.902,
    "DEX_Put": -240.682,
    "DEX_Total": 138.22,
    "DEX_Ratio": 1.574285,
    "GEX_Call": 4270893.639,
    "GEX_Put": -2973075.633,
    "GEX_Total": 1297818.006,
    "GEX_Ratio": 1.436524,
    "VEX_Call": -739401.312,
    "VEX_Put": 1755271.014,
    "VEX_Total": 1015869.702,
    "VEX_Ratio": -0.421246,
    "CEX_Call": -7318077.048,
    "CEX_Put": 12050553.838,
    "CEX_Total": 4732476.79,
    "CEX_Ratio": -0.607281
}