{
    "timestamp": "2025-11-05 10:29:31",
    "cum_gam": null,
    "cum_vec": null,
    "DEX_Call": 469.448,
    "DEX_Put": -323.191,
    "DEX_Total": 146.257,
    "DEX_Ratio": 1.45254,
    "GEX_Call": 3817632.12,
    "GEX_Put": -2952073.342,
    "GEX_Total": 865558.778,
    "GEX_Ratio": 1.293204,
    "VEX_Call": -573787.457,
    "VEX_Put": 1319155.939,
    "VEX_Total": 745368.482,
    "VEX_Ratio": -0.434966,
    "CEX_Call": -9294274.539,
    "CEX_Put": 15758857.359,
    "CEX_Total": 6464582.82,
    "CEX_Ratio": -0.589781
}