{
    "timestamp": "2025-11-03 12:17:10",
    "cum_gam": null,
    "cum_vec": null,
    "DEX_Call": 542.331,
    "DEX_Put": -369.885,
    "DEX_Total": 172.446,
    "DEX_Ratio": 1.466215,
    "GEX_Call": 4464716.144,
    "GEX_Put": -3780341.841,
    "GEX_Total": 684374.303,
    "GEX_Ratio": 1.181035,
    "VEX_Call": -690489.142,
    "VEX_Put": 1713817.804,
    "VEX_Total": 1023328.662,
    "VEX_Ratio": -0.402895,
    "CEX_Call": -14336296.448,
    "CEX_Put": 20071347.324,
    "CEX_Total": 5735050.876,
    "CEX_Ratio": -0.714267
}