{
    "timestamp": "2025-11-10 07:42:24",
    "cum_gam": null,
    "cum_vec": 8794.958229517808,
    "DEX_Call": 590.36,
    "DEX_Put": -320.129,
    "DEX_Total": 270.231,
    "DEX_Ratio": 1.844132,
    "GEX_Call": 4705797.689,
    "GEX_Put": -2355512.868,
    "GEX_Total": 2350284.821,
    "GEX_Ratio": 1.997781,
    "VEX_Call": -996442.835,
    "VEX_Put": 1886876.538,
    "VEX_Total": 890433.703,
    "VEX_Ratio": -0.528091,
    "CEX_Call": -8764627.008,
    "CEX_Put": 10838152.834,
    "CEX_Total": 2073525.826,
    "CEX_Ratio": -0.808683
}