{
    "timestamp": "2025-10-16 10:59:11",
    "cum_gam": 6583.479450703513,
    "cum_vec": 6583.479450703513,
    "DEX_Call": 2659.393,
    "DEX_Put": -925.695,
    "DEX_Total": 1733.698,
    "DEX_Ratio": 2.872861,
    "GEX_Call": 5264389.488,
    "GEX_Put": -6559789.7,
    "GEX_Total": -1295400.212,
    "GEX_Ratio": 0.802524,
    "VEX_Call": -319123.21,
    "VEX_Put": 3114417.102,
    "VEX_Total": 2795293.892,
    "VEX_Ratio": -0.102466,
    "CEX_Call": -12094915.315,
    "CEX_Put": 35580956.953,
    "CEX_Total": 23486041.638,
    "CEX_Ratio": -0.339927
}