{
    "timestamp": "2025-11-12 07:33:16",
    "cum_gam": null,
    "cum_vec": null,
    "DEX_Call": 674.572,
    "DEX_Put": -157.673,
    "DEX_Total": 516.899,
    "DEX_Ratio": 4.278297,
    "GEX_Call": 5140881.831,
    "GEX_Put": -2202666.984,
    "GEX_Total": 2938214.847,
    "GEX_Ratio": 2.333935,
    "VEX_Call": -732679.087,
    "VEX_Put": 1517466.386,
    "VEX_Total": 784787.299,
    "VEX_Ratio": -0.482831,
    "CEX_Call": -10463801.927,
    "CEX_Put": 16171243.213,
    "CEX_Total": 5707441.286,
    "CEX_Ratio": -0.647062
}