{
    "timestamp": "2025-10-30 12:27:15",
    "cum_gam": 6824.990017263852,
    "cum_vec": 8436.042402826855,
    "DEX_Call": 891.219,
    "DEX_Put": -306.044,
    "DEX_Total": 585.175,
    "DEX_Ratio": 2.912062,
    "GEX_Call": 2885791.033,
    "GEX_Put": -3330218.199,
    "GEX_Total": -444427.166,
    "GEX_Ratio": 0.866547,
    "VEX_Call": -36127.3,
    "VEX_Put": 975403.492,
    "VEX_Total": 939276.192,
    "VEX_Ratio": -0.037038,
    "CEX_Call": -2802535.436,
    "CEX_Put": 16262492.021,
    "CEX_Total": 13459956.585,
    "CEX_Ratio": -0.172331
}