{
    "timestamp": "2025-08-12 07:35:42",
    "cum_gam": 7009.607700382146,
    "cum_vec": 7675.355992100614,
    "DEX_Call": 1421.884,
    "DEX_Put": -441.154,
    "DEX_Total": 980.73,
    "DEX_Ratio": 3.223101,
    "GEX_Call": 7116915.151,
    "GEX_Put": -3690856.373,
    "GEX_Total": 3426058.778,
    "GEX_Ratio": 1.928256,
    "VEX_Call": -420174.66,
    "VEX_Put": 3406230.124,
    "VEX_Total": 2986055.464,
    "VEX_Ratio": -0.123355,
    "CEX_Call": -5400493.934,
    "CEX_Put": 17597353.496,
    "CEX_Total": 12196859.562,
    "CEX_Ratio": -0.306892
}