{
    "timestamp": "2025-08-20 09:58:31",
    "cum_gam": 6400.618885554443,
    "cum_vec": 8400.0,
    "DEX_Call": 210.9,
    "DEX_Put": -458.969,
    "DEX_Total": -248.069,
    "DEX_Ratio": 0.459508,
    "GEX_Call": 1291210.11,
    "GEX_Put": -4418343.702,
    "GEX_Total": -3127133.592,
    "GEX_Ratio": 0.292238,
    "VEX_Call": -511386.161,
    "VEX_Put": 1052313.059,
    "VEX_Total": 540926.898,
    "VEX_Ratio": -0.485964,
    "CEX_Call": -7251277.749,
    "CEX_Put": 12440303.552,
    "CEX_Total": 5189025.803,
    "CEX_Ratio": -0.582886
}