{
    "timestamp": "2025-10-10 07:13:05",
    "cum_gam": 8590.399191510864,
    "cum_vec": 8590.399191510864,
    "DEX_Call": 279.674,
    "DEX_Put": -92.642,
    "DEX_Total": 187.032,
    "DEX_Ratio": 3.018868,
    "GEX_Call": 3692224.713,
    "GEX_Put": -1909560.162,
    "GEX_Total": 1782664.551,
    "GEX_Ratio": 1.933547,
    "VEX_Call": -364592.483,
    "VEX_Put": 834838.676,
    "VEX_Total": 470246.193,
    "VEX_Ratio": -0.436722,
    "CEX_Call": -9037624.436,
    "CEX_Put": 19075165.172,
    "CEX_Total": 10037540.736,
    "CEX_Ratio": -0.47379
}