{
    "timestamp": "2025-09-29 10:15:08",
    "cum_gam": null,
    "cum_vec": 7165.056599229287,
    "DEX_Call": 1344.961,
    "DEX_Put": -520.985,
    "DEX_Total": 823.976,
    "DEX_Ratio": 2.581573,
    "GEX_Call": 5851088.536,
    "GEX_Put": -4972879.552,
    "GEX_Total": 878208.984,
    "GEX_Ratio": 1.1766,
    "VEX_Call": -384580.008,
    "VEX_Put": 2466550.574,
    "VEX_Total": 2081970.566,
    "VEX_Ratio": -0.155918,
    "CEX_Call": -7942534.106,
    "CEX_Put": 21111660.625,
    "CEX_Total": 13169126.519,
    "CEX_Ratio": -0.376216
}