{
    "timestamp": "2025-11-05 10:58:51",
    "cum_gam": null,
    "cum_vec": null,
    "DEX_Call": 481.84,
    "DEX_Put": -306.098,
    "DEX_Total": 175.742,
    "DEX_Ratio": 1.574136,
    "GEX_Call": 4026235.574,
    "GEX_Put": -2944606.11,
    "GEX_Total": 1081629.464,
    "GEX_Ratio": 1.367326,
    "VEX_Call": -572042.863,
    "VEX_Put": 1374424.066,
    "VEX_Total": 802381.203,
    "VEX_Ratio": -0.416206,
    "CEX_Call": -10087334.608,
    "CEX_Put": 18971586.331,
    "CEX_Total": 8884251.723,
    "CEX_Ratio": -0.531707
}