{
    "timestamp": "2025-07-31 08:40:08",
    "cum_gam": null,
    "cum_vec": 7024.823903855853,
    "DEX_Call": 906.651,
    "DEX_Put": -193.948,
    "DEX_Total": 712.703,
    "DEX_Ratio": 4.674712,
    "GEX_Call": 3941831.985,
    "GEX_Put": -2271805.91,
    "GEX_Total": 1670026.075,
    "GEX_Ratio": 1.735109,
    "VEX_Call": -364290.588,
    "VEX_Put": 1039754.957,
    "VEX_Total": 675464.369,
    "VEX_Ratio": -0.350362,
    "CEX_Call": -7392495.288,
    "CEX_Put": 15018798.699,
    "CEX_Total": 7626303.411,
    "CEX_Ratio": -0.492216
}