{
    "timestamp": "2025-08-20 09:16:13",
    "cum_gam": 8199.314628400085,
    "cum_vec": 8400.0,
    "DEX_Call": 211.095,
    "DEX_Put": -485.82,
    "DEX_Total": -274.725,
    "DEX_Ratio": 0.434513,
    "GEX_Call": 1344228.519,
    "GEX_Put": -4396273.173,
    "GEX_Total": -3052044.654,
    "GEX_Ratio": 0.305765,
    "VEX_Call": -533846.59,
    "VEX_Put": 1046581.558,
    "VEX_Total": 512734.968,
    "VEX_Ratio": -0.510086,
    "CEX_Call": -6914839.088,
    "CEX_Put": 10860386.196,
    "CEX_Total": 3945547.108,
    "CEX_Ratio": -0.636703
}