{
    "timestamp": "2025-09-30 10:04:11",
    "cum_gam": 6517.732737210669,
    "cum_vec": 6517.732737210669,
    "DEX_Call": 1823.112,
    "DEX_Put": -505.746,
    "DEX_Total": 1317.366,
    "DEX_Ratio": 3.604798,
    "GEX_Call": 5200827.832,
    "GEX_Put": -5411567.434,
    "GEX_Total": -210739.602,
    "GEX_Ratio": 0.961058,
    "VEX_Call": -247783.163,
    "VEX_Put": 1952952.187,
    "VEX_Total": 1705169.024,
    "VEX_Ratio": -0.126876,
    "CEX_Call": 5221452.669,
    "CEX_Put": 26914464.173,
    "CEX_Total": 32135916.842,
    "CEX_Ratio": 0.194002
}