{
    "timestamp": "2025-09-11 07:19:21",
    "cum_gam": null,
    "cum_vec": null,
    "DEX_Call": 551.433,
    "DEX_Put": -70.945,
    "DEX_Total": 480.488,
    "DEX_Ratio": 7.772683,
    "GEX_Call": 4304793.108,
    "GEX_Put": -1430655.576,
    "GEX_Total": 2874137.532,
    "GEX_Ratio": 3.008965,
    "VEX_Call": 29183.905,
    "VEX_Put": 1269903.569,
    "VEX_Total": 1299087.474,
    "VEX_Ratio": 0.022981,
    "CEX_Call": -880984.195,
    "CEX_Put": 16962118.897,
    "CEX_Total": 16081134.702,
    "CEX_Ratio": -0.051938
}