{
    "timestamp": "2026-07-21 11:19:32",
    "cum_gam": 8007.916497205952,
    "cum_vec": 8007.916497205952,
    "DEX_Call": 344.634,
    "DEX_Put": -416.599,
    "DEX_Total": -71.965,
    "DEX_Ratio": 0.827256,
    "GEX_Call": 4720965.004,
    "GEX_Put": -3500927.1,
    "GEX_Total": 1220037.904,
    "GEX_Ratio": 1.34849,
    "VEX_Call": -908271.494,
    "VEX_Put": 1641181.528,
    "VEX_Total": 732910.034,
    "VEX_Ratio": -0.553425,
    "CEX_Call": -8802097.717,
    "CEX_Put": 12201820.429,
    "CEX_Total": 3399722.712,
    "CEX_Ratio": -0.721376
}