{
    "timestamp": "2025-10-13 08:35:48",
    "cum_gam": 10398.72467053989,
    "cum_vec": 10398.72467053989,
    "DEX_Call": 2290.373,
    "DEX_Put": -1535.444,
    "DEX_Total": 754.929,
    "DEX_Ratio": 1.491668,
    "GEX_Call": 5936467.455,
    "GEX_Put": -6712955.015,
    "GEX_Total": -776487.56,
    "GEX_Ratio": 0.88433,
    "VEX_Call": -931508.096,
    "VEX_Put": 5397602.879,
    "VEX_Total": 4466094.783,
    "VEX_Ratio": -0.172578,
    "CEX_Call": -5888230.529,
    "CEX_Put": 19094635.381,
    "CEX_Total": 13206404.852,
    "CEX_Ratio": -0.308371
}