{
    "timestamp": "2025-10-08 11:30:51",
    "cum_gam": null,
    "cum_vec": null,
    "DEX_Call": 573.34,
    "DEX_Put": -161.516,
    "DEX_Total": 411.824,
    "DEX_Ratio": 3.549741,
    "GEX_Call": 7953469.933,
    "GEX_Put": -2628953.927,
    "GEX_Total": 5324516.006,
    "GEX_Ratio": 3.025336,
    "VEX_Call": -303179.814,
    "VEX_Put": 1660644.918,
    "VEX_Total": 1357465.104,
    "VEX_Ratio": -0.182568,
    "CEX_Call": -5483517.694,
    "CEX_Put": 23940554.982,
    "CEX_Total": 18457037.288,
    "CEX_Ratio": -0.229047
}