{
    "timestamp": "2025-11-07 08:01:36",
    "cum_gam": 6714.102727575385,
    "cum_vec": 6714.102727575385,
    "DEX_Call": 99.544,
    "DEX_Put": -431.783,
    "DEX_Total": -332.239,
    "DEX_Ratio": 0.230542,
    "GEX_Call": 621333.378,
    "GEX_Put": -2784332.187,
    "GEX_Total": -2162998.809,
    "GEX_Ratio": 0.223153,
    "VEX_Call": -342967.007,
    "VEX_Put": 661708.928,
    "VEX_Total": 318741.921,
    "VEX_Ratio": -0.518305,
    "CEX_Call": -9195343.274,
    "CEX_Put": 17118942.318,
    "CEX_Total": 7923599.044,
    "CEX_Ratio": -0.537144
}