{
    "timestamp": "2025-07-08 09:35:14",
    "cum_gam": null,
    "cum_vec": null,
    "DEX_Call": 336.176,
    "DEX_Put": -194.961,
    "DEX_Total": 141.215,
    "DEX_Ratio": 1.724324,
    "GEX_Call": 3658306.666,
    "GEX_Put": -2533433.201,
    "GEX_Total": 1124873.465,
    "GEX_Ratio": 1.444011,
    "VEX_Call": -640034.976,
    "VEX_Put": 1186179.549,
    "VEX_Total": 546144.573,
    "VEX_Ratio": -0.539577,
    "CEX_Call": -14868210.454,
    "CEX_Put": 15978083.57,
    "CEX_Total": 1109873.116,
    "CEX_Ratio": -0.930538
}