{
    "timestamp": "2026-07-23 10:21:21",
    "cum_gam": 7500.723692701537,
    "cum_vec": 7500.723692701537,
    "DEX_Call": 98.436,
    "DEX_Put": -692.119,
    "DEX_Total": -593.683,
    "DEX_Ratio": 0.142224,
    "GEX_Call": 767225.572,
    "GEX_Put": -4086252.605,
    "GEX_Total": -3319027.033,
    "GEX_Ratio": 0.187758,
    "VEX_Call": -517429.309,
    "VEX_Put": 418087.75,
    "VEX_Total": -99341.559,
    "VEX_Ratio": -1.237609,
    "CEX_Call": -7589903.313,
    "CEX_Put": 38171.467,
    "CEX_Total": -7551731.846,
    "CEX_Ratio": -198.837087
}