{
    "timestamp": "2025-09-17 09:48:06",
    "cum_gam": null,
    "cum_vec": null,
    "DEX_Call": 10084.134,
    "DEX_Put": -1081.814,
    "DEX_Total": 9002.32,
    "DEX_Ratio": 9.321504,
    "GEX_Call": 9488714.987,
    "GEX_Put": -7812192.653,
    "GEX_Total": 1676522.334,
    "GEX_Ratio": 1.214603,
    "VEX_Call": 6117100.914,
    "VEX_Put": 8789672.876,
    "VEX_Total": 14906773.79,
    "VEX_Ratio": 0.695942,
    "CEX_Call": 4168915.519,
    "CEX_Put": 47107628.061,
    "CEX_Total": 51276543.58,
    "CEX_Ratio": 0.088498
}