{
    "timestamp": "2025-08-13 10:20:20",
    "cum_gam": 7009.607329818828,
    "cum_vec": 7607.75049331287,
    "DEX_Call": 1537.661,
    "DEX_Put": -322.981,
    "DEX_Total": 1214.68,
    "DEX_Ratio": 4.76084,
    "GEX_Call": 8836540.15,
    "GEX_Put": -3393035.886,
    "GEX_Total": 5443504.264,
    "GEX_Ratio": 2.604317,
    "VEX_Call": -112911.829,
    "VEX_Put": 2561950.198,
    "VEX_Total": 2449038.369,
    "VEX_Ratio": -0.044073,
    "CEX_Call": -7277251.366,
    "CEX_Put": 18504122.488,
    "CEX_Total": 11226871.122,
    "CEX_Ratio": -0.393277
}