{
    "timestamp": "2025-07-28 08:59:42",
    "cum_gam": null,
    "cum_vec": 6912.11397791513,
    "DEX_Call": 695.852,
    "DEX_Put": -193.753,
    "DEX_Total": 502.099,
    "DEX_Ratio": 3.591439,
    "GEX_Call": 5750103.187,
    "GEX_Put": -2652254.847,
    "GEX_Total": 3097848.34,
    "GEX_Ratio": 2.168006,
    "VEX_Call": -772510.921,
    "VEX_Put": 1690239.242,
    "VEX_Total": 917728.321,
    "VEX_Ratio": -0.457042,
    "CEX_Call": -9340966.476,
    "CEX_Put": 11791741.375,
    "CEX_Total": 2450774.899,
    "CEX_Ratio": -0.792162
}