{
    "timestamp": "2026-07-23 12:34:35",
    "cum_gam": 7425.185575921739,
    "cum_vec": 7425.185575921739,
    "DEX_Call": 89.105,
    "DEX_Put": -325.649,
    "DEX_Total": -236.544,
    "DEX_Ratio": 0.273623,
    "GEX_Call": 603839.133,
    "GEX_Put": -3539193.68,
    "GEX_Total": -2935354.547,
    "GEX_Ratio": 0.170615,
    "VEX_Call": -394166.376,
    "VEX_Put": 739483.376,
    "VEX_Total": 345317.0,
    "VEX_Ratio": -0.533029,
    "CEX_Call": -10962007.572,
    "CEX_Put": 15320968.701,
    "CEX_Total": 4358961.129,
    "CEX_Ratio": -0.715491
}