{
    "timestamp": "2025-08-15 07:35:19",
    "cum_gam": null,
    "cum_vec": 7589.0166028097065,
    "DEX_Call": 251.761,
    "DEX_Put": -129.748,
    "DEX_Total": 122.013,
    "DEX_Ratio": 1.940384,
    "GEX_Call": 2647251.33,
    "GEX_Put": -1935734.865,
    "GEX_Total": 711516.465,
    "GEX_Ratio": 1.367569,
    "VEX_Call": -274026.867,
    "VEX_Put": 499443.738,
    "VEX_Total": 225416.871,
    "VEX_Ratio": -0.548664,
    "CEX_Call": -7434475.056,
    "CEX_Put": 12493991.474,
    "CEX_Total": 5059516.418,
    "CEX_Ratio": -0.595044
}