{
    "timestamp": "2025-11-26 12:39:42",
    "cum_gam": null,
    "cum_vec": null,
    "DEX_Call": 1133.969,
    "DEX_Put": -127.719,
    "DEX_Total": 1006.25,
    "DEX_Ratio": 8.878624,
    "GEX_Call": 9875515.546,
    "GEX_Put": -1283801.904,
    "GEX_Total": 8591713.642,
    "GEX_Ratio": 7.692398,
    "VEX_Call": 105254.61,
    "VEX_Put": 859468.231,
    "VEX_Total": 964722.841,
    "VEX_Ratio": 0.122465,
    "CEX_Call": -21580712.772,
    "CEX_Put": 17429320.849,
    "CEX_Total": -4151391.923,
    "CEX_Ratio": -1.238184
}