{
    "timestamp": "2025-07-29 09:35:15",
    "cum_gam": null,
    "cum_vec": 6922.3478468235135,
    "DEX_Call": 676.824,
    "DEX_Put": -300.482,
    "DEX_Total": 376.342,
    "DEX_Ratio": 2.252461,
    "GEX_Call": 4307214.448,
    "GEX_Put": -3869945.59,
    "GEX_Total": 437268.858,
    "GEX_Ratio": 1.112991,
    "VEX_Call": -793772.547,
    "VEX_Put": 1529967.736,
    "VEX_Total": 736195.189,
    "VEX_Ratio": -0.518817,
    "CEX_Call": -9765397.346,
    "CEX_Put": 13751058.016,
    "CEX_Total": 3985660.67,
    "CEX_Ratio": -0.710156
}