{
    "timestamp": "2025-06-30 08:26:24",
    "cum_gam": null,
    "cum_vec": null,
    "DEX_Call": 1901.076,
    "DEX_Put": -147.454,
    "DEX_Total": 1753.622,
    "DEX_Ratio": 12.892672,
    "GEX_Call": 6077409.473,
    "GEX_Put": -2344462.406,
    "GEX_Total": 3732947.067,
    "GEX_Ratio": 2.59224,
    "VEX_Call": 535983.669,
    "VEX_Put": 1536449.564,
    "VEX_Total": 2072433.233,
    "VEX_Ratio": 0.348846,
    "CEX_Call": 15951446.988,
    "CEX_Put": 22710709.834,
    "CEX_Total": 38662156.822,
    "CEX_Ratio": 0.702376
}