{
    "timestamp": "2025-11-24 09:53:08",
    "cum_gam": null,
    "cum_vec": 8485.067873303167,
    "DEX_Call": 632.025,
    "DEX_Put": -640.939,
    "DEX_Total": -8.914,
    "DEX_Ratio": 0.986092,
    "GEX_Call": 3692563.613,
    "GEX_Put": -2860356.708,
    "GEX_Total": 832206.905,
    "GEX_Ratio": 1.290945,
    "VEX_Call": -913597.842,
    "VEX_Put": 2018573.408,
    "VEX_Total": 1104975.566,
    "VEX_Ratio": -0.452596,
    "CEX_Call": -6556091.081,
    "CEX_Put": 17091103.59,
    "CEX_Total": 10535012.509,
    "CEX_Ratio": -0.383597
}