{
    "timestamp": "2025-11-03 12:09:43",
    "cum_gam": null,
    "cum_vec": null,
    "DEX_Call": 531.948,
    "DEX_Put": -373.743,
    "DEX_Total": 158.205,
    "DEX_Ratio": 1.423299,
    "GEX_Call": 4424538.513,
    "GEX_Put": -3790012.872,
    "GEX_Total": 634525.641,
    "GEX_Ratio": 1.16742,
    "VEX_Call": -717787.976,
    "VEX_Put": 1722756.335,
    "VEX_Total": 1004968.359,
    "VEX_Ratio": -0.416651,
    "CEX_Call": -15106667.846,
    "CEX_Put": 18503990.595,
    "CEX_Total": 3397322.749,
    "CEX_Ratio": -0.816401
}