{
    "timestamp": "2025-10-23 10:09:09",
    "cum_gam": null,
    "cum_vec": null,
    "DEX_Call": 376.647,
    "DEX_Put": -143.313,
    "DEX_Total": 233.334,
    "DEX_Ratio": 2.628143,
    "GEX_Call": 3354122.63,
    "GEX_Put": -2189583.909,
    "GEX_Total": 1164538.721,
    "GEX_Ratio": 1.531854,
    "VEX_Call": -262235.342,
    "VEX_Put": 1310970.903,
    "VEX_Total": 1048735.561,
    "VEX_Ratio": -0.200031,
    "CEX_Call": -6117838.943,
    "CEX_Put": 24612201.659,
    "CEX_Total": 18494362.716,
    "CEX_Ratio": -0.248569
}