{
    "timestamp": "2025-09-03 10:56:47",
    "cum_gam": 8129.032258064516,
    "cum_vec": 8129.032258064516,
    "DEX_Call": 237.351,
    "DEX_Put": -320.315,
    "DEX_Total": -82.964,
    "DEX_Ratio": 0.740992,
    "GEX_Call": 3414573.039,
    "GEX_Put": -3314066.536,
    "GEX_Total": 100506.503,
    "GEX_Ratio": 1.030327,
    "VEX_Call": -624739.342,
    "VEX_Put": 1122838.042,
    "VEX_Total": 498098.7,
    "VEX_Ratio": -0.556393,
    "CEX_Call": -14283547.446,
    "CEX_Put": 19536415.869,
    "CEX_Total": 5252868.423,
    "CEX_Ratio": -0.731124
}