{
    "timestamp": "2025-08-20 11:39:57",
    "cum_gam": 6403.681469094992,
    "cum_vec": 8400.0,
    "DEX_Call": 164.334,
    "DEX_Put": -528.131,
    "DEX_Total": -363.797,
    "DEX_Ratio": 0.311161,
    "GEX_Call": 1234679.838,
    "GEX_Put": -4680827.733,
    "GEX_Total": -3446147.895,
    "GEX_Ratio": 0.263774,
    "VEX_Call": -462795.074,
    "VEX_Put": 884625.645,
    "VEX_Total": 421830.571,
    "VEX_Ratio": -0.523154,
    "CEX_Call": -8811062.921,
    "CEX_Put": 9383376.755,
    "CEX_Total": 572313.834,
    "CEX_Ratio": -0.939008
}