{
    "timestamp": "2026-07-23 12:53:30",
    "cum_gam": 7422.552647153804,
    "cum_vec": 7422.552647153804,
    "DEX_Call": 86.038,
    "DEX_Put": -298.028,
    "DEX_Total": -211.99,
    "DEX_Ratio": 0.288691,
    "GEX_Call": 597737.006,
    "GEX_Put": -3432065.682,
    "GEX_Total": -2834328.676,
    "GEX_Ratio": 0.174162,
    "VEX_Call": -384770.175,
    "VEX_Put": 716276.198,
    "VEX_Total": 331506.023,
    "VEX_Ratio": -0.537181,
    "CEX_Call": -13083128.31,
    "CEX_Put": 17584627.167,
    "CEX_Total": 4501498.857,
    "CEX_Ratio": -0.744009
}