{
    "timestamp": "2025-06-26 11:20:58",
    "cum_gam": 7599.428688022853,
    "cum_vec": 7599.428688022853,
    "DEX_Call": 447.012,
    "DEX_Put": -25.767,
    "DEX_Total": 421.245,
    "DEX_Ratio": 17.348236,
    "GEX_Call": 4332950.71,
    "GEX_Put": -545124.258,
    "GEX_Total": 3787826.452,
    "GEX_Ratio": 7.948556,
    "VEX_Call": 133211.413,
    "VEX_Put": 588418.708,
    "VEX_Total": 721630.121,
    "VEX_Ratio": 0.226389,
    "CEX_Call": 2841748.218,
    "CEX_Put": 11603296.389,
    "CEX_Total": 14445044.607,
    "CEX_Ratio": 0.244909
}