{
    "timestamp": "2025-09-09 08:30:36",
    "cum_gam": 8194.53446191052,
    "cum_vec": 8194.53446191052,
    "DEX_Call": 371.768,
    "DEX_Put": -223.212,
    "DEX_Total": 148.556,
    "DEX_Ratio": 1.665538,
    "GEX_Call": 4482354.588,
    "GEX_Put": -3173849.418,
    "GEX_Total": 1308505.17,
    "GEX_Ratio": 1.412277,
    "VEX_Call": -650186.355,
    "VEX_Put": 1584214.588,
    "VEX_Total": 934028.233,
    "VEX_Ratio": -0.410416,
    "CEX_Call": -7037302.216,
    "CEX_Put": 11718794.287,
    "CEX_Total": 4681492.071,
    "CEX_Ratio": -0.600514
}