{
    "timestamp": "2025-09-19 10:06:36",
    "cum_gam": 9533.333333333334,
    "cum_vec": 9533.333333333334,
    "DEX_Call": 372.165,
    "DEX_Put": -125.354,
    "DEX_Total": 246.811,
    "DEX_Ratio": 2.968912,
    "GEX_Call": 4628912.334,
    "GEX_Put": -2664046.719,
    "GEX_Total": 1964865.615,
    "GEX_Ratio": 1.737549,
    "VEX_Call": -59584.033,
    "VEX_Put": 669382.959,
    "VEX_Total": 609798.926,
    "VEX_Ratio": -0.089013,
    "CEX_Call": -3103690.485,
    "CEX_Put": 26327692.433,
    "CEX_Total": 23224001.948,
    "CEX_Ratio": -0.117887
}