{
    "timestamp": "2025-10-23 11:12:07",
    "cum_gam": null,
    "cum_vec": null,
    "DEX_Call": 379.749,
    "DEX_Put": -108.178,
    "DEX_Total": 271.571,
    "DEX_Ratio": 3.510409,
    "GEX_Call": 4262331.339,
    "GEX_Put": -1801803.118,
    "GEX_Total": 2460528.221,
    "GEX_Ratio": 2.365592,
    "VEX_Call": -262418.929,
    "VEX_Put": 994370.366,
    "VEX_Total": 731951.437,
    "VEX_Ratio": -0.263905,
    "CEX_Call": -11257862.424,
    "CEX_Put": 17280131.629,
    "CEX_Total": 6022269.205,
    "CEX_Ratio": -0.651492
}