{
    "timestamp": "2025-07-24 12:00:30",
    "cum_gam": null,
    "cum_vec": 8171.428571428572,
    "DEX_Call": 523.3,
    "DEX_Put": -33.658,
    "DEX_Total": 489.642,
    "DEX_Ratio": 15.547567,
    "GEX_Call": 5338591.271,
    "GEX_Put": -1140476.697,
    "GEX_Total": 4198114.574,
    "GEX_Ratio": 4.681017,
    "VEX_Call": -167521.832,
    "VEX_Put": 579205.503,
    "VEX_Total": 411683.671,
    "VEX_Ratio": -0.289227,
    "CEX_Call": -1818519.278,
    "CEX_Put": 14165361.383,
    "CEX_Total": 12346842.105,
    "CEX_Ratio": -0.128378
}