{
    "timestamp": "2025-10-23 12:16:29",
    "cum_gam": null,
    "cum_vec": null,
    "DEX_Call": 354.987,
    "DEX_Put": -95.29,
    "DEX_Total": 259.697,
    "DEX_Ratio": 3.725333,
    "GEX_Call": 4536062.249,
    "GEX_Put": -1670376.145,
    "GEX_Total": 2865686.104,
    "GEX_Ratio": 2.715593,
    "VEX_Call": -245585.842,
    "VEX_Put": 887196.538,
    "VEX_Total": 641610.696,
    "VEX_Ratio": -0.276811,
    "CEX_Call": -16884289.579,
    "CEX_Put": 17412305.205,
    "CEX_Total": 528015.626,
    "CEX_Ratio": -0.969676
}