{
    "timestamp": "2026-07-20 09:48:23",
    "cum_gam": 8008.621889480305,
    "cum_vec": 8008.621889480305,
    "DEX_Call": 279.415,
    "DEX_Put": -640.658,
    "DEX_Total": -361.243,
    "DEX_Ratio": 0.436138,
    "GEX_Call": 3252826.017,
    "GEX_Put": -4545328.117,
    "GEX_Total": -1292502.1,
    "GEX_Ratio": 0.715642,
    "VEX_Call": -1276161.582,
    "VEX_Put": 1901497.208,
    "VEX_Total": 625335.626,
    "VEX_Ratio": -0.671135,
    "CEX_Call": -11632244.59,
    "CEX_Put": 9192259.431,
    "CEX_Total": -2439985.159,
    "CEX_Ratio": -1.265439
}