{
    "timestamp": "2025-10-22 07:14:49",
    "cum_gam": null,
    "cum_vec": null,
    "DEX_Call": 469.351,
    "DEX_Put": -281.957,
    "DEX_Total": 187.394,
    "DEX_Ratio": 1.664619,
    "GEX_Call": 3801908.207,
    "GEX_Put": -3638463.863,
    "GEX_Total": 163444.344,
    "GEX_Ratio": 1.044921,
    "VEX_Call": -620494.219,
    "VEX_Put": 1959196.247,
    "VEX_Total": 1338702.028,
    "VEX_Ratio": -0.316709,
    "CEX_Call": -9142252.803,
    "CEX_Put": 20848082.114,
    "CEX_Total": 11705829.311,
    "CEX_Ratio": -0.438518
}