{
    "timestamp": "2025-09-10 07:25:50",
    "cum_gam": 8193.111366245694,
    "cum_vec": 8193.111366245694,
    "DEX_Call": 714.19,
    "DEX_Put": -90.57,
    "DEX_Total": 623.62,
    "DEX_Ratio": 7.885503,
    "GEX_Call": 5728563.015,
    "GEX_Put": -1741718.392,
    "GEX_Total": 3986844.623,
    "GEX_Ratio": 3.289029,
    "VEX_Call": -22273.801,
    "VEX_Put": 1482607.235,
    "VEX_Total": 1460333.434,
    "VEX_Ratio": -0.015023,
    "CEX_Call": -742213.779,
    "CEX_Put": 14644720.557,
    "CEX_Total": 13902506.778,
    "CEX_Ratio": -0.050681
}