{
    "timestamp": "2025-10-17 09:38:06",
    "cum_gam": 6568.980783547627,
    "cum_vec": 6568.980783547627,
    "DEX_Call": 215.248,
    "DEX_Put": -239.527,
    "DEX_Total": -24.279,
    "DEX_Ratio": 0.898638,
    "GEX_Call": 1522598.664,
    "GEX_Put": -1812852.879,
    "GEX_Total": -290254.215,
    "GEX_Ratio": 0.839891,
    "VEX_Call": -215222.95,
    "VEX_Put": 653221.191,
    "VEX_Total": 437998.241,
    "VEX_Ratio": -0.329479,
    "CEX_Call": -7952559.681,
    "CEX_Put": 23131609.394,
    "CEX_Total": 15179049.713,
    "CEX_Ratio": -0.343796
}