{
    "timestamp": "2025-09-23 09:27:22",
    "cum_gam": 8189.858793324775,
    "cum_vec": 8189.858793324775,
    "DEX_Call": 475.933,
    "DEX_Put": -216.067,
    "DEX_Total": 259.866,
    "DEX_Ratio": 2.20271,
    "GEX_Call": 4711858.415,
    "GEX_Put": -3351654.22,
    "GEX_Total": 1360204.195,
    "GEX_Ratio": 1.405831,
    "VEX_Call": -745258.581,
    "VEX_Put": 1634835.281,
    "VEX_Total": 889576.7,
    "VEX_Ratio": -0.455862,
    "CEX_Call": -15622166.743,
    "CEX_Put": 12890937.944,
    "CEX_Total": -2731228.799,
    "CEX_Ratio": -1.211872
}