{
    "timestamp": "2025-10-09 08:41:12",
    "cum_gam": 6720.243271657258,
    "cum_vec": 6720.243271657258,
    "DEX_Call": 262.743,
    "DEX_Put": -332.561,
    "DEX_Total": -69.818,
    "DEX_Ratio": 0.79006,
    "GEX_Call": 3342600.993,
    "GEX_Put": -6063689.668,
    "GEX_Total": -2721088.675,
    "GEX_Ratio": 0.551249,
    "VEX_Call": -772859.333,
    "VEX_Put": 1663069.645,
    "VEX_Total": 890210.312,
    "VEX_Ratio": -0.464719,
    "CEX_Call": -15531389.308,
    "CEX_Put": 23412626.24,
    "CEX_Total": 7881236.932,
    "CEX_Ratio": -0.663377
}