{
    "timestamp": "2025-07-29 09:34:04",
    "cum_gam": null,
    "cum_vec": 6914.329528900446,
    "DEX_Call": 524.266,
    "DEX_Put": -304.399,
    "DEX_Total": 219.867,
    "DEX_Ratio": 1.722299,
    "GEX_Call": 4291544.86,
    "GEX_Put": -3845108.994,
    "GEX_Total": 446435.866,
    "GEX_Ratio": 1.116105,
    "VEX_Call": -894491.9,
    "VEX_Put": 1521371.107,
    "VEX_Total": 626879.207,
    "VEX_Ratio": -0.587951,
    "CEX_Call": -11802178.562,
    "CEX_Put": 13242790.968,
    "CEX_Total": 1440612.406,
    "CEX_Ratio": -0.891215
}