{
    "timestamp": "2025-09-17 07:11:04",
    "cum_gam": null,
    "cum_vec": null,
    "DEX_Call": 10124.94,
    "DEX_Put": -960.773,
    "DEX_Total": 9164.167,
    "DEX_Ratio": 10.538327,
    "GEX_Call": 9627554.62,
    "GEX_Put": -7455766.609,
    "GEX_Total": 2171788.011,
    "GEX_Ratio": 1.29129,
    "VEX_Call": 7109752.383,
    "VEX_Put": 8854129.826,
    "VEX_Total": 15963882.209,
    "VEX_Ratio": 0.802987,
    "CEX_Call": 13147367.719,
    "CEX_Put": 40103362.886,
    "CEX_Total": 53250730.605,
    "CEX_Ratio": 0.327837
}