{
    "timestamp": "2026-07-20 12:23:20",
    "cum_gam": 8006.22122053481,
    "cum_vec": 8006.22122053481,
    "DEX_Call": 190.715,
    "DEX_Put": -860.11,
    "DEX_Total": -669.395,
    "DEX_Ratio": 0.221733,
    "GEX_Call": 1843416.15,
    "GEX_Put": -4889128.493,
    "GEX_Total": -3045712.343,
    "GEX_Ratio": 0.377044,
    "VEX_Call": -1049959.441,
    "VEX_Put": 1414888.657,
    "VEX_Total": 364929.216,
    "VEX_Ratio": -0.742079,
    "CEX_Call": -12522048.301,
    "CEX_Put": 6377505.268,
    "CEX_Total": -6144543.033,
    "CEX_Ratio": -1.963471
}