{
    "timestamp": "2025-10-29 10:30:04",
    "cum_gam": null,
    "cum_vec": 8389.3536121673,
    "DEX_Call": 1235.881,
    "DEX_Put": -362.896,
    "DEX_Total": 872.985,
    "DEX_Ratio": 3.405607,
    "GEX_Call": 6526845.821,
    "GEX_Put": -3264131.128,
    "GEX_Total": 3262714.693,
    "GEX_Ratio": 1.999566,
    "VEX_Call": -724578.57,
    "VEX_Put": 2632336.969,
    "VEX_Total": 1907758.399,
    "VEX_Ratio": -0.275261,
    "CEX_Call": -24870438.681,
    "CEX_Put": 39155076.182,
    "CEX_Total": 14284637.501,
    "CEX_Ratio": -0.635178
}