{
    "timestamp": "2025-09-17 08:31:54",
    "cum_gam": null,
    "cum_vec": null,
    "DEX_Call": 10177.331,
    "DEX_Put": -1008.568,
    "DEX_Total": 9168.763,
    "DEX_Ratio": 10.090872,
    "GEX_Call": 9564179.085,
    "GEX_Put": -7563647.135,
    "GEX_Total": 2000531.95,
    "GEX_Ratio": 1.264493,
    "VEX_Call": 6484505.282,
    "VEX_Put": 8976986.611,
    "VEX_Total": 15461491.893,
    "VEX_Ratio": 0.722348,
    "CEX_Call": 8207093.097,
    "CEX_Put": 44043132.055,
    "CEX_Total": 52250225.152,
    "CEX_Ratio": 0.186342
}