{
    "timestamp": "2025-11-18 07:49:28",
    "cum_gam": 7000.607038656223,
    "cum_vec": 7965.716461756066,
    "DEX_Call": 908.324,
    "DEX_Put": -2253.265,
    "DEX_Total": -1344.941,
    "DEX_Ratio": 0.403115,
    "GEX_Call": 2876038.406,
    "GEX_Put": -6122648.763,
    "GEX_Total": -3246610.357,
    "GEX_Ratio": 0.469738,
    "VEX_Call": -1988809.563,
    "VEX_Put": 2915727.273,
    "VEX_Total": 926917.71,
    "VEX_Ratio": -0.682097,
    "CEX_Call": -12197129.223,
    "CEX_Put": 12194721.575,
    "CEX_Total": -2407.648,
    "CEX_Ratio": -1.000197
}