{
    "timestamp": "2025-10-01 11:28:38",
    "cum_gam": null,
    "cum_vec": 8553.177966101695,
    "DEX_Call": 842.654,
    "DEX_Put": -134.105,
    "DEX_Total": 708.549,
    "DEX_Ratio": 6.283539,
    "GEX_Call": 6768856.777,
    "GEX_Put": -2402317.809,
    "GEX_Total": 4366538.968,
    "GEX_Ratio": 2.817636,
    "VEX_Call": 265015.729,
    "VEX_Put": 1691134.385,
    "VEX_Total": 1956150.114,
    "VEX_Ratio": 0.156709,
    "CEX_Call": 1929153.553,
    "CEX_Put": 21074440.483,
    "CEX_Total": 23003594.036,
    "CEX_Ratio": 0.09154
}