{
    "timestamp": "2025-08-04 11:29:39",
    "cum_gam": null,
    "cum_vec": null,
    "DEX_Call": 406.692,
    "DEX_Put": -295.833,
    "DEX_Total": 110.859,
    "DEX_Ratio": 1.374735,
    "GEX_Call": 3263258.06,
    "GEX_Put": -2558144.694,
    "GEX_Total": 705113.366,
    "GEX_Ratio": 1.275635,
    "VEX_Call": -484594.237,
    "VEX_Put": 1150890.572,
    "VEX_Total": 666296.335,
    "VEX_Ratio": -0.42106,
    "CEX_Call": -71143.564,
    "CEX_Put": 13854586.48,
    "CEX_Total": 13783442.916,
    "CEX_Ratio": -0.005135
}