{
    "timestamp": "2025-08-14 06:47:41",
    "cum_gam": 7009.703860376677,
    "cum_vec": 7533.352974992814,
    "DEX_Call": 962.37,
    "DEX_Put": -432.839,
    "DEX_Total": 529.531,
    "DEX_Ratio": 2.22339,
    "GEX_Call": 5787501.598,
    "GEX_Put": -4701311.293,
    "GEX_Total": 1086190.305,
    "GEX_Ratio": 1.23104,
    "VEX_Call": -789640.621,
    "VEX_Put": 2465042.449,
    "VEX_Total": 1675401.828,
    "VEX_Ratio": -0.320336,
    "CEX_Call": -10698785.644,
    "CEX_Put": 22069465.281,
    "CEX_Total": 11370679.637,
    "CEX_Ratio": -0.484778
}