{
    "timestamp": "2025-09-19 08:29:04",
    "cum_gam": null,
    "cum_vec": 9440.0,
    "DEX_Call": 262.314,
    "DEX_Put": -177.408,
    "DEX_Total": 84.906,
    "DEX_Ratio": 1.478592,
    "GEX_Call": 3285475.856,
    "GEX_Put": -2481993.842,
    "GEX_Total": 803482.014,
    "GEX_Ratio": 1.323724,
    "VEX_Call": -281350.108,
    "VEX_Put": 543217.112,
    "VEX_Total": 261867.004,
    "VEX_Ratio": -0.517933,
    "CEX_Call": -8614629.33,
    "CEX_Put": 15253998.654,
    "CEX_Total": 6639369.324,
    "CEX_Ratio": -0.564746
}