{
    "timestamp": "2025-07-22 07:41:43",
    "cum_gam": 6223.674685807786,
    "cum_vec": 7313.773483628556,
    "DEX_Call": 234.423,
    "DEX_Put": -269.059,
    "DEX_Total": -34.636,
    "DEX_Ratio": 0.87127,
    "GEX_Call": 2840315.93,
    "GEX_Put": -3339236.387,
    "GEX_Total": -498920.457,
    "GEX_Ratio": 0.850588,
    "VEX_Call": -730573.494,
    "VEX_Put": 1104420.301,
    "VEX_Total": 373846.807,
    "VEX_Ratio": -0.6615,
    "CEX_Call": -8111830.184,
    "CEX_Put": 8470480.082,
    "CEX_Total": 358649.898,
    "CEX_Ratio": -0.957659
}