{
    "timestamp": "2025-11-14 13:23:13",
    "cum_gam": 6837.974541451693,
    "cum_vec": 6837.974541451693,
    "DEX_Call": 40.668,
    "DEX_Put": -287.776,
    "DEX_Total": -247.108,
    "DEX_Ratio": 0.141318,
    "GEX_Call": 1164857.667,
    "GEX_Put": -2439755.175,
    "GEX_Total": -1274897.508,
    "GEX_Ratio": 0.477449,
    "VEX_Call": -216827.367,
    "VEX_Put": 52617.147,
    "VEX_Total": -164210.22,
    "VEX_Ratio": -4.12085,
    "CEX_Call": -40548147.879,
    "CEX_Put": 9414457.579,
    "CEX_Total": -31133690.3,
    "CEX_Ratio": -4.307008
}