{
    "timestamp": "2025-11-06 11:10:18",
    "cum_gam": 6753.090663090769,
    "cum_vec": 6753.090663090769,
    "DEX_Call": 164.546,
    "DEX_Put": -470.095,
    "DEX_Total": -305.549,
    "DEX_Ratio": 0.350027,
    "GEX_Call": 860391.49,
    "GEX_Put": -3400013.0,
    "GEX_Total": -2539621.51,
    "GEX_Ratio": 0.253055,
    "VEX_Call": -487075.865,
    "VEX_Put": 781033.389,
    "VEX_Total": 293957.524,
    "VEX_Ratio": -0.62363,
    "CEX_Call": -9842674.357,
    "CEX_Put": 13726389.781,
    "CEX_Total": 3883715.424,
    "CEX_Ratio": -0.717062
}