{
    "timestamp": "2025-07-21 10:01:33",
    "cum_gam": null,
    "cum_vec": 7328.478673459195,
    "DEX_Call": 536.201,
    "DEX_Put": -88.211,
    "DEX_Total": 447.99,
    "DEX_Ratio": 6.078618,
    "GEX_Call": 5177463.891,
    "GEX_Put": -1400351.259,
    "GEX_Total": 3777112.632,
    "GEX_Ratio": 3.697261,
    "VEX_Call": -405071.335,
    "VEX_Put": 1204135.88,
    "VEX_Total": 799064.545,
    "VEX_Ratio": -0.3364,
    "CEX_Call": -3546597.951,
    "CEX_Put": 12693919.865,
    "CEX_Total": 9147321.914,
    "CEX_Ratio": -0.279393
}