{
    "timestamp": "2025-11-05 10:43:26",
    "cum_gam": null,
    "cum_vec": null,
    "DEX_Call": 501.203,
    "DEX_Put": -313.072,
    "DEX_Total": 188.131,
    "DEX_Ratio": 1.600919,
    "GEX_Call": 4126221.867,
    "GEX_Put": -2909409.395,
    "GEX_Total": 1216812.472,
    "GEX_Ratio": 1.418233,
    "VEX_Call": -580486.98,
    "VEX_Put": 1352198.873,
    "VEX_Total": 771711.893,
    "VEX_Ratio": -0.429291,
    "CEX_Call": -9910115.9,
    "CEX_Put": 16976476.813,
    "CEX_Total": 7066360.913,
    "CEX_Ratio": -0.583756
}