{
    "timestamp": "2025-11-25 13:35:22",
    "cum_gam": null,
    "cum_vec": 8485.0,
    "DEX_Call": 796.817,
    "DEX_Put": -268.914,
    "DEX_Total": 527.903,
    "DEX_Ratio": 2.963092,
    "GEX_Call": 5620685.974,
    "GEX_Put": -2165499.288,
    "GEX_Total": 3455186.686,
    "GEX_Ratio": 2.595561,
    "VEX_Call": -476517.677,
    "VEX_Put": 1375071.9,
    "VEX_Total": 898554.223,
    "VEX_Ratio": -0.34654,
    "CEX_Call": -38325206.256,
    "CEX_Put": 16024798.327,
    "CEX_Total": -22300407.929,
    "CEX_Ratio": -2.391619
}