{
    "timestamp": "2025-08-12 09:41:01",
    "cum_gam": 7009.797474440845,
    "cum_vec": 7474.164913965851,
    "DEX_Call": 1309.754,
    "DEX_Put": -319.52,
    "DEX_Total": 990.234,
    "DEX_Ratio": 4.09913,
    "GEX_Call": 8246955.144,
    "GEX_Put": -2661420.522,
    "GEX_Total": 5585534.622,
    "GEX_Ratio": 3.098704,
    "VEX_Call": -281726.627,
    "VEX_Put": 3007308.556,
    "VEX_Total": 2725581.929,
    "VEX_Ratio": -0.093681,
    "CEX_Call": -5217671.064,
    "CEX_Put": 16773722.499,
    "CEX_Total": 11556051.435,
    "CEX_Ratio": -0.311062
}