{
    "timestamp": "2025-09-12 08:51:52",
    "cum_gam": 8191.807379612258,
    "cum_vec": 8191.807379612258,
    "DEX_Call": 194.526,
    "DEX_Put": -66.344,
    "DEX_Total": 128.182,
    "DEX_Ratio": 2.932081,
    "GEX_Call": 3781298.161,
    "GEX_Put": -2010481.643,
    "GEX_Total": 1770816.518,
    "GEX_Ratio": 1.880792,
    "VEX_Call": -235101.849,
    "VEX_Put": 484786.082,
    "VEX_Total": 249684.233,
    "VEX_Ratio": -0.48496,
    "CEX_Call": -7890581.24,
    "CEX_Put": 14738436.436,
    "CEX_Total": 6847855.196,
    "CEX_Ratio": -0.535374
}