{
    "timestamp": "2025-10-14 12:59:51",
    "cum_gam": 6583.9489504094,
    "cum_vec": 9173.499736618178,
    "DEX_Call": 2683.246,
    "DEX_Put": -1126.192,
    "DEX_Total": 1557.054,
    "DEX_Ratio": 2.382583,
    "GEX_Call": 5671827.627,
    "GEX_Put": -7179921.885,
    "GEX_Total": -1508094.258,
    "GEX_Ratio": 0.789957,
    "VEX_Call": -568702.91,
    "VEX_Put": 4423167.006,
    "VEX_Total": 3854464.096,
    "VEX_Ratio": -0.128574,
    "CEX_Call": -18358487.489,
    "CEX_Put": 19446866.444,
    "CEX_Total": 1088378.955,
    "CEX_Ratio": -0.944033
}