{
    "timestamp": "2025-09-29 09:32:12",
    "cum_gam": 7000.416538543416,
    "cum_vec": 7027.690751329721,
    "DEX_Call": 749.73,
    "DEX_Put": -498.08,
    "DEX_Total": 251.65,
    "DEX_Ratio": 1.50524,
    "GEX_Call": 6343826.044,
    "GEX_Put": -4564788.616,
    "GEX_Total": 1779037.428,
    "GEX_Ratio": 1.389731,
    "VEX_Call": -627458.472,
    "VEX_Put": 2511310.775,
    "VEX_Total": 1883852.303,
    "VEX_Ratio": -0.249853,
    "CEX_Call": -10376233.092,
    "CEX_Put": 18530479.969,
    "CEX_Total": 8154246.877,
    "CEX_Ratio": -0.559955
}