{
    "timestamp": "2025-07-18 09:54:39",
    "cum_gam": null,
    "cum_vec": 8141.039431224913,
    "DEX_Call": 93.612,
    "DEX_Put": -111.836,
    "DEX_Total": -18.224,
    "DEX_Ratio": 0.837047,
    "GEX_Call": 3954720.714,
    "GEX_Put": -2326822.641,
    "GEX_Total": 1627898.073,
    "GEX_Ratio": 1.699623,
    "VEX_Call": -358279.993,
    "VEX_Put": 283386.754,
    "VEX_Total": -74893.239,
    "VEX_Ratio": -1.264279,
    "CEX_Call": -15048495.049,
    "CEX_Put": 11050666.124,
    "CEX_Total": -3997828.925,
    "CEX_Ratio": -1.361773
}