{
    "timestamp": "2025-09-11 07:25:12",
    "cum_gam": null,
    "cum_vec": null,
    "DEX_Call": 552.877,
    "DEX_Put": -67.643,
    "DEX_Total": 485.234,
    "DEX_Ratio": 8.173455,
    "GEX_Call": 4307476.551,
    "GEX_Put": -1397233.553,
    "GEX_Total": 2910242.998,
    "GEX_Ratio": 3.082861,
    "VEX_Call": 68303.242,
    "VEX_Put": 1240719.634,
    "VEX_Total": 1309022.876,
    "VEX_Ratio": 0.055051,
    "CEX_Call": -214408.453,
    "CEX_Put": 16611870.131,
    "CEX_Total": 16397461.678,
    "CEX_Ratio": -0.012907
}