{
    "timestamp": "2026-07-23 09:30:49",
    "cum_gam": 7477.69436525844,
    "cum_vec": 7477.69436525844,
    "DEX_Call": 108.394,
    "DEX_Put": -608.843,
    "DEX_Total": -500.449,
    "DEX_Ratio": 0.178033,
    "GEX_Call": 871985.46,
    "GEX_Put": -3901936.389,
    "GEX_Total": -3029950.929,
    "GEX_Ratio": 0.223475,
    "VEX_Call": -569302.031,
    "VEX_Put": 641636.559,
    "VEX_Total": 72334.528,
    "VEX_Ratio": -0.887266,
    "CEX_Call": -7890835.293,
    "CEX_Put": 5227904.763,
    "CEX_Total": -2662930.53,
    "CEX_Ratio": -1.509369
}