{
    "timestamp": "2025-07-14 08:49:54",
    "cum_gam": null,
    "cum_vec": 8078.492672714585,
    "DEX_Call": 717.302,
    "DEX_Put": -437.758,
    "DEX_Total": 279.544,
    "DEX_Ratio": 1.638581,
    "GEX_Call": 5052413.931,
    "GEX_Put": -3745578.981,
    "GEX_Total": 1306834.95,
    "GEX_Ratio": 1.348901,
    "VEX_Call": -704881.769,
    "VEX_Put": 2385623.587,
    "VEX_Total": 1680741.818,
    "VEX_Ratio": -0.295471,
    "CEX_Call": -6968282.58,
    "CEX_Put": 11200500.978,
    "CEX_Total": 4232218.398,
    "CEX_Ratio": -0.62214
}