{
    "timestamp": "2026-07-21 10:13:39",
    "cum_gam": 8008.212692971041,
    "cum_vec": 8008.212692971041,
    "DEX_Call": 386.359,
    "DEX_Put": -402.062,
    "DEX_Total": -15.703,
    "DEX_Ratio": 0.960944,
    "GEX_Call": 4917412.264,
    "GEX_Put": -3426340.847,
    "GEX_Total": 1491071.417,
    "GEX_Ratio": 1.435179,
    "VEX_Call": -929007.798,
    "VEX_Put": 1782448.495,
    "VEX_Total": 853440.697,
    "VEX_Ratio": -0.521198,
    "CEX_Call": -7354982.998,
    "CEX_Put": 12872087.732,
    "CEX_Total": 5517104.734,
    "CEX_Ratio": -0.57139
}