{
    "timestamp": "2025-09-30 11:15:42",
    "cum_gam": null,
    "cum_vec": null,
    "DEX_Call": 1889.907,
    "DEX_Put": -372.228,
    "DEX_Total": 1517.679,
    "DEX_Ratio": 5.077283,
    "GEX_Call": 5615893.564,
    "GEX_Put": -4970988.586,
    "GEX_Total": 644904.978,
    "GEX_Ratio": 1.129734,
    "VEX_Call": -87876.749,
    "VEX_Put": 1930460.862,
    "VEX_Total": 1842584.113,
    "VEX_Ratio": -0.045521,
    "CEX_Call": 12358808.733,
    "CEX_Put": 31931256.337,
    "CEX_Total": 44290065.07,
    "CEX_Ratio": 0.387044
}