{
    "timestamp": "2026-07-20 08:33:38",
    "cum_gam": 9938.461538461539,
    "cum_vec": 9938.461538461539,
    "DEX_Call": 277.526,
    "DEX_Put": -646.424,
    "DEX_Total": -368.898,
    "DEX_Ratio": 0.429325,
    "GEX_Call": 3256726.156,
    "GEX_Put": -4512433.218,
    "GEX_Total": -1255707.062,
    "GEX_Ratio": 0.721723,
    "VEX_Call": -1360176.879,
    "VEX_Put": 1991445.093,
    "VEX_Total": 631268.214,
    "VEX_Ratio": -0.68301,
    "CEX_Call": -11111574.933,
    "CEX_Put": 8818032.6,
    "CEX_Total": -2293542.333,
    "CEX_Ratio": -1.260097
}