{
    "timestamp": "2025-09-05 07:51:07",
    "cum_gam": 8198.69337979094,
    "cum_vec": 8198.69337979094,
    "DEX_Call": 199.098,
    "DEX_Put": -477.11,
    "DEX_Total": -278.012,
    "DEX_Ratio": 0.4173,
    "GEX_Call": 2860686.376,
    "GEX_Put": -6112904.688,
    "GEX_Total": -3252218.312,
    "GEX_Ratio": 0.467975,
    "VEX_Call": -1029533.665,
    "VEX_Put": 891532.332,
    "VEX_Total": -138001.333,
    "VEX_Ratio": -1.154791,
    "CEX_Call": -27904245.941,
    "CEX_Put": 22821938.109,
    "CEX_Total": -5082307.832,
    "CEX_Ratio": -1.222694
}