{
    "timestamp": "2025-09-03 09:47:17",
    "cum_gam": null,
    "cum_vec": 7120.049278019711,
    "DEX_Call": 333.093,
    "DEX_Put": -258.125,
    "DEX_Total": 74.968,
    "DEX_Ratio": 1.290433,
    "GEX_Call": 4268506.956,
    "GEX_Put": -2988798.648,
    "GEX_Total": 1279708.308,
    "GEX_Ratio": 1.428168,
    "VEX_Call": -604343.974,
    "VEX_Put": 1273225.661,
    "VEX_Total": 668881.687,
    "VEX_Ratio": -0.474656,
    "CEX_Call": -11220679.682,
    "CEX_Put": 18638889.58,
    "CEX_Total": 7418209.898,
    "CEX_Ratio": -0.602004
}