{
    "timestamp": "2025-10-01 07:09:07",
    "cum_gam": null,
    "cum_vec": null,
    "DEX_Call": 529.365,
    "DEX_Put": -350.713,
    "DEX_Total": 178.652,
    "DEX_Ratio": 1.509397,
    "GEX_Call": 4039300.305,
    "GEX_Put": -3993779.274,
    "GEX_Total": 45521.031,
    "GEX_Ratio": 1.011398,
    "VEX_Call": -552285.092,
    "VEX_Put": 1760460.275,
    "VEX_Total": 1208175.183,
    "VEX_Ratio": -0.313716,
    "CEX_Call": -7679515.864,
    "CEX_Put": 15841218.932,
    "CEX_Total": 8161703.068,
    "CEX_Ratio": -0.484781
}