{
    "timestamp": "2025-10-01 09:49:48",
    "cum_gam": null,
    "cum_vec": null,
    "DEX_Call": 541.201,
    "DEX_Put": -226.216,
    "DEX_Total": 314.985,
    "DEX_Ratio": 2.392408,
    "GEX_Call": 5618365.214,
    "GEX_Put": -3538277.677,
    "GEX_Total": 2080087.537,
    "GEX_Ratio": 1.587881,
    "VEX_Call": -282268.063,
    "VEX_Put": 1834385.471,
    "VEX_Total": 1552117.408,
    "VEX_Ratio": -0.153876,
    "CEX_Call": -10007421.249,
    "CEX_Put": 20809357.855,
    "CEX_Total": 10801936.606,
    "CEX_Ratio": -0.48091
}