{
    "timestamp": "2025-09-30 09:02:11",
    "cum_gam": 6504.4925145242305,
    "cum_vec": 7419.384118913932,
    "DEX_Call": 775.011,
    "DEX_Put": -563.639,
    "DEX_Total": 211.372,
    "DEX_Ratio": 1.375013,
    "GEX_Call": 5056448.826,
    "GEX_Put": -5330721.042,
    "GEX_Total": -274272.216,
    "GEX_Ratio": 0.948549,
    "VEX_Call": -535094.913,
    "VEX_Put": 1975722.135,
    "VEX_Total": 1440627.222,
    "VEX_Ratio": -0.270835,
    "CEX_Call": -5350585.54,
    "CEX_Put": 23124469.074,
    "CEX_Total": 17773883.534,
    "CEX_Ratio": -0.231382
}