{
    "timestamp": "2025-10-22 12:09:46",
    "cum_gam": 6702.556766911802,
    "cum_vec": 6702.556766911802,
    "DEX_Call": 290.09,
    "DEX_Put": -450.876,
    "DEX_Total": -160.786,
    "DEX_Ratio": 0.643392,
    "GEX_Call": 2435865.534,
    "GEX_Put": -4566090.49,
    "GEX_Total": -2130224.956,
    "GEX_Ratio": 0.533469,
    "VEX_Call": -577095.834,
    "VEX_Put": 1093965.287,
    "VEX_Total": 516869.453,
    "VEX_Ratio": -0.527527,
    "CEX_Call": -15332284.068,
    "CEX_Put": 12653967.38,
    "CEX_Total": -2678316.688,
    "CEX_Ratio": -1.211658
}