{
    "timestamp": "2025-07-28 10:20:15",
    "cum_gam": null,
    "cum_vec": 6911.703079864926,
    "DEX_Call": 621.26,
    "DEX_Put": -228.256,
    "DEX_Total": 393.004,
    "DEX_Ratio": 2.721769,
    "GEX_Call": 5177587.526,
    "GEX_Put": -3075203.642,
    "GEX_Total": 2102383.884,
    "GEX_Ratio": 1.683657,
    "VEX_Call": -773400.419,
    "VEX_Put": 1618299.479,
    "VEX_Total": 844899.06,
    "VEX_Ratio": -0.477909,
    "CEX_Call": -10865899.959,
    "CEX_Put": 12622088.54,
    "CEX_Total": 1756188.581,
    "CEX_Ratio": -0.860864
}