{
    "timestamp": "2025-10-23 08:53:30",
    "cum_gam": null,
    "cum_vec": 7941.838649155722,
    "DEX_Call": 358.361,
    "DEX_Put": -176.883,
    "DEX_Total": 181.478,
    "DEX_Ratio": 2.025978,
    "GEX_Call": 3126778.733,
    "GEX_Put": -2301433.684,
    "GEX_Total": 825345.049,
    "GEX_Ratio": 1.358622,
    "VEX_Call": -349599.78,
    "VEX_Put": 1137443.171,
    "VEX_Total": 787843.391,
    "VEX_Ratio": -0.307356,
    "CEX_Call": -6611906.187,
    "CEX_Put": 16107849.308,
    "CEX_Total": 9495943.121,
    "CEX_Ratio": -0.410477
}