{
    "timestamp": "2025-07-28 09:57:14",
    "cum_gam": null,
    "cum_vec": 6916.003756918753,
    "DEX_Call": 803.867,
    "DEX_Put": -212.278,
    "DEX_Total": 591.589,
    "DEX_Ratio": 3.78686,
    "GEX_Call": 5504818.789,
    "GEX_Put": -2936647.156,
    "GEX_Total": 2568171.633,
    "GEX_Ratio": 1.874525,
    "VEX_Call": -687163.939,
    "VEX_Put": 1637615.778,
    "VEX_Total": 950451.839,
    "VEX_Ratio": -0.419612,
    "CEX_Call": -8570084.669,
    "CEX_Put": 12474649.239,
    "CEX_Total": 3904564.57,
    "CEX_Ratio": -0.687
}