{
    "timestamp": "2025-09-16 08:42:33",
    "cum_gam": null,
    "cum_vec": null,
    "DEX_Call": 10574.92,
    "DEX_Put": -828.592,
    "DEX_Total": 9746.328,
    "DEX_Ratio": 12.762518,
    "GEX_Call": 10904258.783,
    "GEX_Put": -8350422.458,
    "GEX_Total": 2553836.325,
    "GEX_Ratio": 1.305833,
    "VEX_Call": 6360494.532,
    "VEX_Put": 9456914.849,
    "VEX_Total": 15817409.381,
    "VEX_Ratio": 0.672576,
    "CEX_Call": 6446718.907,
    "CEX_Put": 30858644.958,
    "CEX_Total": 37305363.865,
    "CEX_Ratio": 0.208911
}