{
    "timestamp": "2025-07-28 11:35:44",
    "cum_gam": null,
    "cum_vec": 6918.887401352875,
    "DEX_Call": 764.76,
    "DEX_Put": -230.912,
    "DEX_Total": 533.848,
    "DEX_Ratio": 3.311911,
    "GEX_Call": 4966077.597,
    "GEX_Put": -3340339.908,
    "GEX_Total": 1625737.689,
    "GEX_Ratio": 1.486698,
    "VEX_Call": -638467.935,
    "VEX_Put": 1530727.216,
    "VEX_Total": 892259.281,
    "VEX_Ratio": -0.417101,
    "CEX_Call": -6657652.286,
    "CEX_Put": 14302838.183,
    "CEX_Total": 7645185.897,
    "CEX_Ratio": -0.465478
}