{
    "timestamp": "2025-09-11 09:07:26",
    "cum_gam": null,
    "cum_vec": null,
    "DEX_Call": 654.44,
    "DEX_Put": -49.142,
    "DEX_Total": 605.298,
    "DEX_Ratio": 13.317325,
    "GEX_Call": 4901771.28,
    "GEX_Put": -1040974.068,
    "GEX_Total": 3860797.212,
    "GEX_Ratio": 4.708831,
    "VEX_Call": 275706.21,
    "VEX_Put": 1159786.441,
    "VEX_Total": 1435492.651,
    "VEX_Ratio": 0.237722,
    "CEX_Call": 3239358.701,
    "CEX_Put": 17913789.049,
    "CEX_Total": 21153147.75,
    "CEX_Ratio": 0.18083
}