{
    "timestamp": "2025-11-26 11:40:13",
    "cum_gam": null,
    "cum_vec": 7880.739632321505,
    "DEX_Call": 1241.402,
    "DEX_Put": -130.728,
    "DEX_Total": 1110.674,
    "DEX_Ratio": 9.496068,
    "GEX_Call": 8922647.286,
    "GEX_Put": -1462662.452,
    "GEX_Total": 7459984.834,
    "GEX_Ratio": 6.100278,
    "VEX_Call": 176683.998,
    "VEX_Put": 1135406.379,
    "VEX_Total": 1312090.377,
    "VEX_Ratio": 0.155613,
    "CEX_Call": -8193742.665,
    "CEX_Put": 19808459.619,
    "CEX_Total": 11614716.954,
    "CEX_Ratio": -0.413649
}