{
    "timestamp": "2025-11-26 10:52:28",
    "cum_gam": null,
    "cum_vec": null,
    "DEX_Call": 1353.069,
    "DEX_Put": -92.13,
    "DEX_Total": 1260.939,
    "DEX_Ratio": 14.686519,
    "GEX_Call": 9225265.898,
    "GEX_Put": -1357755.646,
    "GEX_Total": 7867510.252,
    "GEX_Ratio": 6.794496,
    "VEX_Call": 594193.576,
    "VEX_Put": 1152119.222,
    "VEX_Total": 1746312.798,
    "VEX_Ratio": 0.51574,
    "CEX_Call": 6609988.56,
    "CEX_Put": 16544682.112,
    "CEX_Total": 23154670.672,
    "CEX_Ratio": 0.399523
}