{
    "timestamp": "2025-08-11 10:39:05",
    "cum_gam": 7009.521691724521,
    "cum_vec": 7830.724355858046,
    "DEX_Call": 1407.262,
    "DEX_Put": -528.371,
    "DEX_Total": 878.891,
    "DEX_Ratio": 2.663397,
    "GEX_Call": 7457790.829,
    "GEX_Put": -4452801.581,
    "GEX_Total": 3004989.248,
    "GEX_Ratio": 1.674854,
    "VEX_Call": -1010510.822,
    "VEX_Put": 3642323.13,
    "VEX_Total": 2631812.308,
    "VEX_Ratio": -0.277436,
    "CEX_Call": -15891846.878,
    "CEX_Put": 17502609.927,
    "CEX_Total": 1610763.049,
    "CEX_Ratio": -0.90797
}