{
    "timestamp": "2025-09-04 07:26:10",
    "cum_gam": null,
    "cum_vec": 8052.952380952381,
    "DEX_Call": 379.927,
    "DEX_Put": -163.688,
    "DEX_Total": 216.239,
    "DEX_Ratio": 2.321044,
    "GEX_Call": 4906750.632,
    "GEX_Put": -2513440.181,
    "GEX_Total": 2393310.451,
    "GEX_Ratio": 1.952205,
    "VEX_Call": -565847.167,
    "VEX_Put": 1199890.227,
    "VEX_Total": 634043.06,
    "VEX_Ratio": -0.471582,
    "CEX_Call": -10680982.209,
    "CEX_Put": 16402746.089,
    "CEX_Total": 5721763.88,
    "CEX_Ratio": -0.65117
}