{
    "timestamp": "2025-10-01 09:35:36",
    "cum_gam": 8356.221408966148,
    "cum_vec": 8503.62750406064,
    "DEX_Call": 579.452,
    "DEX_Put": -216.981,
    "DEX_Total": 362.471,
    "DEX_Ratio": 2.67052,
    "GEX_Call": 5857275.14,
    "GEX_Put": -3467860.336,
    "GEX_Total": 2389414.804,
    "GEX_Ratio": 1.689017,
    "VEX_Call": -203568.731,
    "VEX_Put": 1893326.758,
    "VEX_Total": 1689758.027,
    "VEX_Ratio": -0.107519,
    "CEX_Call": -8281903.055,
    "CEX_Put": 21179928.703,
    "CEX_Total": 12898025.648,
    "CEX_Ratio": -0.391026
}