{
    "timestamp": "2025-09-18 06:38:53",
    "cum_gam": null,
    "cum_vec": null,
    "DEX_Call": 10680.768,
    "DEX_Put": -573.173,
    "DEX_Total": 10107.595,
    "DEX_Ratio": 18.634458,
    "GEX_Call": 11810205.173,
    "GEX_Put": -7187972.169,
    "GEX_Total": 4622233.004,
    "GEX_Ratio": 1.643051,
    "VEX_Call": 7320487.334,
    "VEX_Put": 5417056.023,
    "VEX_Total": 12737543.357,
    "VEX_Ratio": 1.351377,
    "CEX_Call": 36231210.163,
    "CEX_Put": 34315772.918,
    "CEX_Total": 70546983.081,
    "CEX_Ratio": 1.055818
}