{
    "timestamp": "2025-10-08 11:42:30",
    "cum_gam": null,
    "cum_vec": null,
    "DEX_Call": 551.893,
    "DEX_Put": -168.741,
    "DEX_Total": 383.152,
    "DEX_Ratio": 3.270651,
    "GEX_Call": 7840427.55,
    "GEX_Put": -2788354.258,
    "GEX_Total": 5052073.292,
    "GEX_Ratio": 2.811848,
    "VEX_Call": -316799.316,
    "VEX_Put": 1648790.288,
    "VEX_Total": 1331990.972,
    "VEX_Ratio": -0.19214,
    "CEX_Call": -6212017.849,
    "CEX_Put": 25352531.853,
    "CEX_Total": 19140514.004,
    "CEX_Ratio": -0.245026
}