{
    "timestamp": "2025-10-29 06:36:34",
    "cum_gam": null,
    "cum_vec": 8356.413449564134,
    "DEX_Call": 1233.598,
    "DEX_Put": -329.33,
    "DEX_Total": 904.268,
    "DEX_Ratio": 3.745781,
    "GEX_Call": 6768259.704,
    "GEX_Put": -2975147.294,
    "GEX_Total": 3793112.41,
    "GEX_Ratio": 2.274933,
    "VEX_Call": -492122.585,
    "VEX_Put": 2755812.564,
    "VEX_Total": 2263689.979,
    "VEX_Ratio": -0.178576,
    "CEX_Call": -9598513.271,
    "CEX_Put": 23836230.108,
    "CEX_Total": 14237716.837,
    "CEX_Ratio": -0.402686
}