{
    "timestamp": "2025-11-24 13:35:32",
    "cum_gam": null,
    "cum_vec": 8054.599602911979,
    "DEX_Call": 760.9,
    "DEX_Put": -468.343,
    "DEX_Total": 292.557,
    "DEX_Ratio": 1.624664,
    "GEX_Call": 4482836.45,
    "GEX_Put": -2401067.459,
    "GEX_Total": 2081768.991,
    "GEX_Ratio": 1.867018,
    "VEX_Call": -571095.093,
    "VEX_Put": 1661234.486,
    "VEX_Total": 1090139.393,
    "VEX_Ratio": -0.343778,
    "CEX_Call": 11324954.641,
    "CEX_Put": 28293958.278,
    "CEX_Total": 39618912.919,
    "CEX_Ratio": 0.400261
}