{
    "timestamp": "2025-08-19 11:02:25",
    "cum_gam": 6421.781733651918,
    "cum_vec": 6421.781733651918,
    "DEX_Call": 244.435,
    "DEX_Put": -440.832,
    "DEX_Total": -196.397,
    "DEX_Ratio": 0.554486,
    "GEX_Call": 1832138.043,
    "GEX_Put": -4226078.216,
    "GEX_Total": -2393940.173,
    "GEX_Ratio": 0.433532,
    "VEX_Call": -582803.097,
    "VEX_Put": 1183836.847,
    "VEX_Total": 601033.75,
    "VEX_Ratio": -0.4923,
    "CEX_Call": -8169641.607,
    "CEX_Put": 6242676.051,
    "CEX_Total": -1926965.556,
    "CEX_Ratio": -1.308676
}