{
    "timestamp": "2025-07-24 09:09:27",
    "cum_gam": null,
    "cum_vec": 8200.0,
    "DEX_Call": 338.256,
    "DEX_Put": -54.013,
    "DEX_Total": 284.243,
    "DEX_Ratio": 6.262492,
    "GEX_Call": 4844896.383,
    "GEX_Put": -1344833.271,
    "GEX_Total": 3500063.112,
    "GEX_Ratio": 3.6026,
    "VEX_Call": -462182.554,
    "VEX_Put": 807075.642,
    "VEX_Total": 344893.088,
    "VEX_Ratio": -0.572663,
    "CEX_Call": -8933873.3,
    "CEX_Put": 13454707.667,
    "CEX_Total": 4520834.367,
    "CEX_Ratio": -0.663996
}