{
    "timestamp": "2025-09-30 07:48:54",
    "cum_gam": null,
    "cum_vec": null,
    "DEX_Call": 1784.648,
    "DEX_Put": -429.713,
    "DEX_Total": 1354.935,
    "DEX_Ratio": 4.153116,
    "GEX_Call": 5435369.933,
    "GEX_Put": -5310376.182,
    "GEX_Total": 124993.751,
    "GEX_Ratio": 1.023538,
    "VEX_Call": 522610.317,
    "VEX_Put": 2032197.259,
    "VEX_Total": 2554807.576,
    "VEX_Ratio": 0.257165,
    "CEX_Call": 21788339.777,
    "CEX_Put": 21657982.864,
    "CEX_Total": 43446322.641,
    "CEX_Ratio": 1.006019
}