{
    "timestamp": "2025-10-15 10:04:22",
    "cum_gam": 7002.938346104359,
    "cum_vec": 7002.938346104359,
    "DEX_Call": 2429.466,
    "DEX_Put": -1458.605,
    "DEX_Total": 970.861,
    "DEX_Ratio": 1.665609,
    "GEX_Call": 5703590.485,
    "GEX_Put": -6303633.267,
    "GEX_Total": -600042.782,
    "GEX_Ratio": 0.90481,
    "VEX_Call": -1068386.161,
    "VEX_Put": 3925300.339,
    "VEX_Total": 2856914.178,
    "VEX_Ratio": -0.272179,
    "CEX_Call": -14490045.081,
    "CEX_Put": 24098048.419,
    "CEX_Total": 9608003.338,
    "CEX_Ratio": -0.601295
}