{
    "timestamp": "2025-09-29 10:12:51",
    "cum_gam": null,
    "cum_vec": 7029.043062200957,
    "DEX_Call": 737.58,
    "DEX_Put": -537.473,
    "DEX_Total": 200.107,
    "DEX_Ratio": 1.372311,
    "GEX_Call": 5765539.82,
    "GEX_Put": -4961082.734,
    "GEX_Total": 804457.086,
    "GEX_Ratio": 1.162154,
    "VEX_Call": -668149.379,
    "VEX_Put": 2447674.668,
    "VEX_Total": 1779525.289,
    "VEX_Ratio": -0.272973,
    "CEX_Call": -10797271.977,
    "CEX_Put": 20316199.546,
    "CEX_Total": 9518927.569,
    "CEX_Ratio": -0.531461
}