{
    "timestamp": "2025-09-09 07:53:22",
    "cum_gam": 8194.802784222738,
    "cum_vec": 8194.802784222738,
    "DEX_Call": 351.035,
    "DEX_Put": -264.736,
    "DEX_Total": 86.299,
    "DEX_Ratio": 1.325981,
    "GEX_Call": 3990486.847,
    "GEX_Put": -3348164.1,
    "GEX_Total": 642322.747,
    "GEX_Ratio": 1.191843,
    "VEX_Call": -781903.905,
    "VEX_Put": 1592104.9,
    "VEX_Total": 810200.995,
    "VEX_Ratio": -0.491113,
    "CEX_Call": -8403869.437,
    "CEX_Put": 10815952.363,
    "CEX_Total": 2412082.926,
    "CEX_Ratio": -0.776988
}