{
    "timestamp": "2025-07-11 08:27:12",
    "cum_gam": 7532.951289398281,
    "cum_vec": 7532.951289398281,
    "DEX_Call": 71.132,
    "DEX_Put": -129.778,
    "DEX_Total": -58.646,
    "DEX_Ratio": 0.548105,
    "GEX_Call": 1408895.789,
    "GEX_Put": -1901277.365,
    "GEX_Total": -492381.576,
    "GEX_Ratio": 0.741026,
    "VEX_Call": -213995.22,
    "VEX_Put": 287578.315,
    "VEX_Total": 73583.095,
    "VEX_Ratio": -0.744128,
    "CEX_Call": -6716431.247,
    "CEX_Put": 8433105.851,
    "CEX_Total": 1716674.604,
    "CEX_Ratio": -0.796436
}