{
    "timestamp": "2025-10-15 10:18:16",
    "cum_gam": 10398.683440608544,
    "cum_vec": 10398.683440608544,
    "DEX_Call": 2749.385,
    "DEX_Put": -1194.395,
    "DEX_Total": 1554.99,
    "DEX_Ratio": 2.301906,
    "GEX_Call": 4932813.148,
    "GEX_Put": -6297298.031,
    "GEX_Total": -1364484.883,
    "GEX_Ratio": 0.783322,
    "VEX_Call": -545373.257,
    "VEX_Put": 4220366.729,
    "VEX_Total": 3674993.472,
    "VEX_Ratio": -0.129224,
    "CEX_Call": -13801595.821,
    "CEX_Put": 28570628.763,
    "CEX_Total": 14769032.942,
    "CEX_Ratio": -0.483069
}