{
    "timestamp": "2025-08-18 09:40:29",
    "cum_gam": 8199.089356858281,
    "cum_vec": 8400.0,
    "DEX_Call": 397.476,
    "DEX_Put": -244.606,
    "DEX_Total": 152.87,
    "DEX_Ratio": 1.624964,
    "GEX_Call": 3575417.39,
    "GEX_Put": -3221213.239,
    "GEX_Total": 354204.151,
    "GEX_Ratio": 1.10996,
    "VEX_Call": -503650.663,
    "VEX_Put": 1578392.566,
    "VEX_Total": 1074741.903,
    "VEX_Ratio": -0.319091,
    "CEX_Call": -6012773.702,
    "CEX_Put": 11661517.971,
    "CEX_Total": 5648744.269,
    "CEX_Ratio": -0.515608
}