{
    "timestamp": "2025-11-18 12:46:48",
    "cum_gam": 7001.082568451178,
    "cum_vec": 7780.103988709797,
    "DEX_Call": 1621.696,
    "DEX_Put": -2008.919,
    "DEX_Total": -387.223,
    "DEX_Ratio": 0.807248,
    "GEX_Call": 3268312.731,
    "GEX_Put": -6576352.028,
    "GEX_Total": -3308039.297,
    "GEX_Ratio": 0.49698,
    "VEX_Call": -1558879.411,
    "VEX_Put": 2927288.762,
    "VEX_Total": 1368409.351,
    "VEX_Ratio": -0.532534,
    "CEX_Call": -20288499.297,
    "CEX_Put": 27864020.572,
    "CEX_Total": 7575521.275,
    "CEX_Ratio": -0.728125
}