{
    "timestamp": "2025-09-09 10:43:40",
    "cum_gam": null,
    "cum_vec": null,
    "DEX_Call": 452.661,
    "DEX_Put": -180.561,
    "DEX_Total": 272.1,
    "DEX_Ratio": 2.50697,
    "GEX_Call": 5168866.62,
    "GEX_Put": -2841159.135,
    "GEX_Total": 2327707.485,
    "GEX_Ratio": 1.819281,
    "VEX_Call": -514015.827,
    "VEX_Put": 1532182.231,
    "VEX_Total": 1018166.404,
    "VEX_Ratio": -0.33548,
    "CEX_Call": -6981387.715,
    "CEX_Put": 15143167.232,
    "CEX_Total": 8161779.517,
    "CEX_Ratio": -0.461026
}