{
    "timestamp": "2025-08-07 09:28:32",
    "cum_gam": null,
    "cum_vec": 8200.0,
    "DEX_Call": 262.445,
    "DEX_Put": -164.604,
    "DEX_Total": 97.841,
    "DEX_Ratio": 1.594402,
    "GEX_Call": 2967421.891,
    "GEX_Put": -2153417.54,
    "GEX_Total": 814004.351,
    "GEX_Ratio": 1.378006,
    "VEX_Call": -533023.727,
    "VEX_Put": 753345.707,
    "VEX_Total": 220321.98,
    "VEX_Ratio": -0.707542,
    "CEX_Call": -10952684.423,
    "CEX_Put": 10640286.26,
    "CEX_Total": -312398.163,
    "CEX_Ratio": -1.02936
}