{
    "timestamp": "2025-10-01 10:18:24",
    "cum_gam": null,
    "cum_vec": 8571.152815013405,
    "DEX_Call": 743.231,
    "DEX_Put": -174.315,
    "DEX_Total": 568.916,
    "DEX_Ratio": 4.263724,
    "GEX_Call": 6307327.585,
    "GEX_Put": -3055879.83,
    "GEX_Total": 3251447.755,
    "GEX_Ratio": 2.063997,
    "VEX_Call": -489.409,
    "VEX_Put": 1739299.114,
    "VEX_Total": 1738809.705,
    "VEX_Ratio": -0.000281,
    "CEX_Call": -4769628.47,
    "CEX_Put": 19127124.31,
    "CEX_Total": 14357495.84,
    "CEX_Ratio": -0.249365
}