{
    "timestamp": "2025-07-24 09:43:38",
    "cum_gam": null,
    "cum_vec": 8200.0,
    "DEX_Call": 510.038,
    "DEX_Put": -51.831,
    "DEX_Total": 458.207,
    "DEX_Ratio": 9.840404,
    "GEX_Call": 4901794.662,
    "GEX_Put": -1394272.541,
    "GEX_Total": 3507522.121,
    "GEX_Ratio": 3.515665,
    "VEX_Call": -275370.977,
    "VEX_Put": 795563.125,
    "VEX_Total": 520192.148,
    "VEX_Ratio": -0.346133,
    "CEX_Call": -4943185.522,
    "CEX_Put": 13608332.008,
    "CEX_Total": 8665146.486,
    "CEX_Ratio": -0.363247
}