{
    "timestamp": "2025-11-17 08:59:41",
    "cum_gam": 6678.958408552413,
    "cum_vec": 8796.170752324599,
    "DEX_Call": 1253.442,
    "DEX_Put": -1597.058,
    "DEX_Total": -343.616,
    "DEX_Ratio": 0.784844,
    "GEX_Call": 3857256.224,
    "GEX_Put": -5812470.627,
    "GEX_Total": -1955214.403,
    "GEX_Ratio": 0.663617,
    "VEX_Call": -1601927.07,
    "VEX_Put": 3576613.466,
    "VEX_Total": 1974686.396,
    "VEX_Ratio": -0.447889,
    "CEX_Call": -10118950.784,
    "CEX_Put": 16813776.439,
    "CEX_Total": 6694825.655,
    "CEX_Ratio": -0.601825
}