{
    "timestamp": "2025-07-23 07:40:00",
    "cum_gam": null,
    "cum_vec": 8200.0,
    "DEX_Call": 408.946,
    "DEX_Put": -119.696,
    "DEX_Total": 289.25,
    "DEX_Ratio": 3.416539,
    "GEX_Call": 4143767.395,
    "GEX_Put": -2391445.283,
    "GEX_Total": 1752322.112,
    "GEX_Ratio": 1.732746,
    "VEX_Call": -544928.852,
    "VEX_Put": 1160566.712,
    "VEX_Total": 615637.86,
    "VEX_Ratio": -0.469537,
    "CEX_Call": -7644602.72,
    "CEX_Put": 13076489.499,
    "CEX_Total": 5431886.779,
    "CEX_Ratio": -0.584607
}