{
    "timestamp": "2025-09-19 07:32:07",
    "cum_gam": 8060.7916028865075,
    "cum_vec": 9153.91304347826,
    "DEX_Call": 203.088,
    "DEX_Put": -144.009,
    "DEX_Total": 59.079,
    "DEX_Ratio": 1.410245,
    "GEX_Call": 3626481.655,
    "GEX_Put": -2356142.88,
    "GEX_Total": 1270338.775,
    "GEX_Ratio": 1.53916,
    "VEX_Call": -267662.516,
    "VEX_Put": 676613.007,
    "VEX_Total": 408950.491,
    "VEX_Ratio": -0.395592,
    "CEX_Call": -7172126.641,
    "CEX_Put": 16329940.782,
    "CEX_Total": 9157814.141,
    "CEX_Ratio": -0.439201
}