{
    "timestamp": "2025-09-03 07:28:02",
    "cum_gam": null,
    "cum_vec": 7117.73180642778,
    "DEX_Call": 369.685,
    "DEX_Put": -260.625,
    "DEX_Total": 109.06,
    "DEX_Ratio": 1.418456,
    "GEX_Call": 4824141.088,
    "GEX_Put": -2728590.974,
    "GEX_Total": 2095550.114,
    "GEX_Ratio": 1.767997,
    "VEX_Call": -550204.363,
    "VEX_Put": 1358951.755,
    "VEX_Total": 808747.392,
    "VEX_Ratio": -0.404874,
    "CEX_Call": -7322960.63,
    "CEX_Put": 13089864.52,
    "CEX_Total": 5766903.89,
    "CEX_Ratio": -0.559437
}