{
    "timestamp": "2025-06-25 12:24:35",
    "cum_gam": null,
    "cum_vec": null,
    "DEX_Call": 361.023,
    "DEX_Put": -79.383,
    "DEX_Total": 281.64,
    "DEX_Ratio": 4.547863,
    "GEX_Call": 4178918.947,
    "GEX_Put": -1753055.924,
    "GEX_Total": 2425863.023,
    "GEX_Ratio": 2.383791,
    "VEX_Call": -290013.989,
    "VEX_Put": 922241.79,
    "VEX_Total": 632227.801,
    "VEX_Ratio": -0.314466,
    "CEX_Call": -15062487.188,
    "CEX_Put": 21553243.424,
    "CEX_Total": 6490756.236,
    "CEX_Ratio": -0.69885
}