{
    "timestamp": "2025-09-11 12:34:31",
    "cum_gam": null,
    "cum_vec": null,
    "DEX_Call": 694.904,
    "DEX_Put": -26.457,
    "DEX_Total": 668.447,
    "DEX_Ratio": 26.265412,
    "GEX_Call": 5500475.625,
    "GEX_Put": -587723.636,
    "GEX_Total": 4912751.989,
    "GEX_Ratio": 9.358949,
    "VEX_Call": 363640.944,
    "VEX_Put": 729736.818,
    "VEX_Total": 1093377.762,
    "VEX_Ratio": 0.498318,
    "CEX_Call": 13529578.593,
    "CEX_Put": 14586626.194,
    "CEX_Total": 28116204.787,
    "CEX_Ratio": 0.927533
}