{
    "timestamp": "2025-10-15 11:37:20",
    "cum_gam": null,
    "cum_vec": null,
    "DEX_Call": 2634.657,
    "DEX_Put": -1250.899,
    "DEX_Total": 1383.758,
    "DEX_Ratio": 2.106211,
    "GEX_Call": 6795449.683,
    "GEX_Put": -6058955.415,
    "GEX_Total": 736494.268,
    "GEX_Ratio": 1.121555,
    "VEX_Call": -706837.232,
    "VEX_Put": 3768326.65,
    "VEX_Total": 3061489.418,
    "VEX_Ratio": -0.187573,
    "CEX_Call": -16474174.594,
    "CEX_Put": 25728213.058,
    "CEX_Total": 9254038.464,
    "CEX_Ratio": -0.640316
}