{
    "timestamp": "2025-09-08 11:47:48",
    "cum_gam": 8198.651564185544,
    "cum_vec": 8198.651564185544,
    "DEX_Call": 470.014,
    "DEX_Put": -224.639,
    "DEX_Total": 245.375,
    "DEX_Ratio": 2.092308,
    "GEX_Call": 5582954.8,
    "GEX_Put": -3268057.71,
    "GEX_Total": 2314897.09,
    "GEX_Ratio": 1.70834,
    "VEX_Call": -585016.567,
    "VEX_Put": 1516131.082,
    "VEX_Total": 931114.515,
    "VEX_Ratio": -0.385861,
    "CEX_Call": -9349251.611,
    "CEX_Put": 14559699.199,
    "CEX_Total": 5210447.588,
    "CEX_Ratio": -0.642132
}