{
    "timestamp": "2025-11-05 12:13:26",
    "cum_gam": null,
    "cum_vec": null,
    "DEX_Call": 473.476,
    "DEX_Put": -282.264,
    "DEX_Total": 191.212,
    "DEX_Ratio": 1.677423,
    "GEX_Call": 4116045.167,
    "GEX_Put": -2852228.096,
    "GEX_Total": 1263817.071,
    "GEX_Ratio": 1.443098,
    "VEX_Call": -505326.259,
    "VEX_Put": 1267199.626,
    "VEX_Total": 761873.367,
    "VEX_Ratio": -0.398774,
    "CEX_Call": -10792212.551,
    "CEX_Put": 22672412.781,
    "CEX_Total": 11880200.23,
    "CEX_Ratio": -0.476006
}