{
    "timestamp": "2025-07-29 12:01:43",
    "cum_gam": 6202.385785627093,
    "cum_vec": 6917.27701971372,
    "DEX_Call": 573.243,
    "DEX_Put": -320.482,
    "DEX_Total": 252.761,
    "DEX_Ratio": 1.78869,
    "GEX_Call": 4109231.459,
    "GEX_Put": -4297648.171,
    "GEX_Total": -188416.712,
    "GEX_Ratio": 0.956158,
    "VEX_Call": -803897.573,
    "VEX_Put": 1508213.444,
    "VEX_Total": 704315.871,
    "VEX_Ratio": -0.533013,
    "CEX_Call": -15963895.968,
    "CEX_Put": 17122688.761,
    "CEX_Total": 1158792.793,
    "CEX_Ratio": -0.932324
}