{
    "timestamp": "2025-07-09 08:02:30",
    "cum_gam": null,
    "cum_vec": null,
    "DEX_Call": 398.537,
    "DEX_Put": -137.238,
    "DEX_Total": 261.299,
    "DEX_Ratio": 2.903984,
    "GEX_Call": 2498051.383,
    "GEX_Put": -2099391.233,
    "GEX_Total": 398660.15,
    "GEX_Ratio": 1.189893,
    "VEX_Call": -238066.378,
    "VEX_Put": 947753.586,
    "VEX_Total": 709687.208,
    "VEX_Ratio": -0.25119,
    "CEX_Call": -5289143.219,
    "CEX_Put": 11832836.08,
    "CEX_Total": 6543692.861,
    "CEX_Ratio": -0.446989
}