{
    "timestamp": "2025-10-01 12:46:05",
    "cum_gam": null,
    "cum_vec": null,
    "DEX_Call": 832.011,
    "DEX_Put": -123.877,
    "DEX_Total": 708.134,
    "DEX_Ratio": 6.716428,
    "GEX_Call": 6882786.156,
    "GEX_Put": -2127112.299,
    "GEX_Total": 4755673.857,
    "GEX_Ratio": 3.235742,
    "VEX_Call": 406462.16,
    "VEX_Put": 1568617.47,
    "VEX_Total": 1975079.63,
    "VEX_Ratio": 0.259121,
    "CEX_Call": 15966997.126,
    "CEX_Put": 23693147.72,
    "CEX_Total": 39660144.846,
    "CEX_Ratio": 0.673908
}