{
    "timestamp": "2026-07-21 09:31:45",
    "cum_gam": 8008.551034785609,
    "cum_vec": 8008.551034785609,
    "DEX_Call": 370.411,
    "DEX_Put": -404.459,
    "DEX_Total": -34.048,
    "DEX_Ratio": 0.915818,
    "GEX_Call": 4873615.243,
    "GEX_Put": -3432687.295,
    "GEX_Total": 1440927.948,
    "GEX_Ratio": 1.419767,
    "VEX_Call": -1001475.801,
    "VEX_Put": 1803074.332,
    "VEX_Total": 801598.531,
    "VEX_Ratio": -0.555427,
    "CEX_Call": -8831444.526,
    "CEX_Put": 11879509.674,
    "CEX_Total": 3048065.148,
    "CEX_Ratio": -0.743418
}