{
    "timestamp": "2025-07-23 10:27:20",
    "cum_gam": null,
    "cum_vec": 8200.0,
    "DEX_Call": 364.033,
    "DEX_Put": -76.309,
    "DEX_Total": 287.724,
    "DEX_Ratio": 4.770512,
    "GEX_Call": 5396805.75,
    "GEX_Put": -1452415.433,
    "GEX_Total": 3944390.317,
    "GEX_Ratio": 3.715745,
    "VEX_Call": -448949.185,
    "VEX_Put": 962779.799,
    "VEX_Total": 513830.614,
    "VEX_Ratio": -0.466305,
    "CEX_Call": -8155594.233,
    "CEX_Put": 13860747.293,
    "CEX_Total": 5705153.06,
    "CEX_Ratio": -0.588395
}