{
    "timestamp": "2025-08-21 08:54:17",
    "cum_gam": 6369.16800101999,
    "cum_vec": 6369.16800101999,
    "DEX_Call": 172.078,
    "DEX_Put": -355.004,
    "DEX_Total": -182.926,
    "DEX_Ratio": 0.484721,
    "GEX_Call": 1571587.505,
    "GEX_Put": -2949055.916,
    "GEX_Total": -1377468.411,
    "GEX_Ratio": 0.532912,
    "VEX_Call": -504782.19,
    "VEX_Put": 856001.966,
    "VEX_Total": 351219.776,
    "VEX_Ratio": -0.589697,
    "CEX_Call": -8699698.871,
    "CEX_Put": 10092010.148,
    "CEX_Total": 1392311.277,
    "CEX_Ratio": -0.862038
}