{
    "timestamp": "2025-10-02 08:59:00",
    "cum_gam": null,
    "cum_vec": 8518.790496760259,
    "DEX_Call": 506.374,
    "DEX_Put": -161.946,
    "DEX_Total": 344.428,
    "DEX_Ratio": 3.126808,
    "GEX_Call": 5445148.19,
    "GEX_Put": -3119917.63,
    "GEX_Total": 2325230.56,
    "GEX_Ratio": 1.745286,
    "VEX_Call": -394367.718,
    "VEX_Put": 1346078.326,
    "VEX_Total": 951710.608,
    "VEX_Ratio": -0.292975,
    "CEX_Call": -14515800.495,
    "CEX_Put": 17745719.788,
    "CEX_Total": 3229919.293,
    "CEX_Ratio": -0.817989
}