{
    "timestamp": "2025-11-25 07:59:09",
    "cum_gam": null,
    "cum_vec": 8268.131499496812,
    "DEX_Call": 581.755,
    "DEX_Put": -561.23,
    "DEX_Total": 20.525,
    "DEX_Ratio": 1.036571,
    "GEX_Call": 3176171.534,
    "GEX_Put": -3003841.909,
    "GEX_Total": 172329.625,
    "GEX_Ratio": 1.05737,
    "VEX_Call": -1087521.458,
    "VEX_Put": 1859536.852,
    "VEX_Total": 772015.394,
    "VEX_Ratio": -0.584835,
    "CEX_Call": -9107243.489,
    "CEX_Put": 11717635.475,
    "CEX_Total": 2610391.986,
    "CEX_Ratio": -0.777225
}