{
    "timestamp": "2025-11-04 07:33:31",
    "cum_gam": 6782.2185571570435,
    "cum_vec": 6782.2185571570435,
    "DEX_Call": 304.207,
    "DEX_Put": -666.942,
    "DEX_Total": -362.735,
    "DEX_Ratio": 0.456122,
    "GEX_Call": 1817451.91,
    "GEX_Put": -3850800.691,
    "GEX_Total": -2033348.781,
    "GEX_Ratio": 0.471967,
    "VEX_Call": -1070614.49,
    "VEX_Put": 1610213.663,
    "VEX_Total": 539599.173,
    "VEX_Ratio": -0.66489,
    "CEX_Call": -8631214.856,
    "CEX_Put": 11735490.957,
    "CEX_Total": 3104276.101,
    "CEX_Ratio": -0.73548
}