{
    "timestamp": "2025-09-24 08:53:06",
    "cum_gam": 6633.833781365501,
    "cum_vec": 6633.833781365501,
    "DEX_Call": 361.693,
    "DEX_Put": -359.06,
    "DEX_Total": 2.633,
    "DEX_Ratio": 1.007333,
    "GEX_Call": 2487459.777,
    "GEX_Put": -4704718.534,
    "GEX_Total": -2217258.757,
    "GEX_Ratio": 0.528716,
    "VEX_Call": -512879.595,
    "VEX_Put": 1390090.965,
    "VEX_Total": 877211.37,
    "VEX_Ratio": -0.368954,
    "CEX_Call": -7418314.748,
    "CEX_Put": 15449210.297,
    "CEX_Total": 8030895.549,
    "CEX_Ratio": -0.480174
}