{
    "timestamp": "2025-10-10 09:56:04",
    "cum_gam": 6652.90099286856,
    "cum_vec": 6652.90099286856,
    "DEX_Call": 71.197,
    "DEX_Put": -272.86,
    "DEX_Total": -201.663,
    "DEX_Ratio": 0.260929,
    "GEX_Call": 552044.206,
    "GEX_Put": -3077382.576,
    "GEX_Total": -2525338.37,
    "GEX_Ratio": 0.179388,
    "VEX_Call": -214488.933,
    "VEX_Put": 645886.366,
    "VEX_Total": 431397.433,
    "VEX_Ratio": -0.332085,
    "CEX_Call": -8348069.855,
    "CEX_Put": 24397938.263,
    "CEX_Total": 16049868.408,
    "CEX_Ratio": -0.342163
}