{
    "timestamp": "2025-09-02 12:31:09",
    "cum_gam": 8199.618866126728,
    "cum_vec": 8400.0,
    "DEX_Call": 129.294,
    "DEX_Put": -577.114,
    "DEX_Total": -447.82,
    "DEX_Ratio": 0.224035,
    "GEX_Call": 1519457.01,
    "GEX_Put": -4720113.45,
    "GEX_Total": -3200656.44,
    "GEX_Ratio": 0.321911,
    "VEX_Call": -555492.813,
    "VEX_Put": 913242.729,
    "VEX_Total": 357749.916,
    "VEX_Ratio": -0.608264,
    "CEX_Call": -9371015.98,
    "CEX_Put": 2408032.106,
    "CEX_Total": -6962983.874,
    "CEX_Ratio": -3.891566
}