{
    "timestamp": "2025-09-02 10:36:49",
    "cum_gam": 8199.605619916194,
    "cum_vec": 8400.0,
    "DEX_Call": 148.524,
    "DEX_Put": -628.159,
    "DEX_Total": -479.635,
    "DEX_Ratio": 0.236443,
    "GEX_Call": 1316743.015,
    "GEX_Put": -4259931.83,
    "GEX_Total": -2943188.815,
    "GEX_Ratio": 0.3091,
    "VEX_Call": -638278.71,
    "VEX_Put": 976303.938,
    "VEX_Total": 338025.228,
    "VEX_Ratio": -0.65377,
    "CEX_Call": -7238379.28,
    "CEX_Put": 5362411.124,
    "CEX_Total": -1875968.156,
    "CEX_Ratio": -1.349837
}