{
    "timestamp": "2025-08-14 10:17:55",
    "cum_gam": 7009.648465552211,
    "cum_vec": 7580.199048274119,
    "DEX_Call": 592.785,
    "DEX_Put": -315.018,
    "DEX_Total": 277.767,
    "DEX_Ratio": 1.88175,
    "GEX_Call": 6521450.922,
    "GEX_Put": -4149488.956,
    "GEX_Total": 2371961.966,
    "GEX_Ratio": 1.571627,
    "VEX_Call": -781130.511,
    "VEX_Put": 2206224.518,
    "VEX_Total": 1425094.007,
    "VEX_Ratio": -0.354058,
    "CEX_Call": -14976886.515,
    "CEX_Put": 29132627.596,
    "CEX_Total": 14155741.081,
    "CEX_Ratio": -0.514093
}