{
    "timestamp": "2025-10-22 10:08:02",
    "cum_gam": 6699.594731997868,
    "cum_vec": 6699.594731997868,
    "DEX_Call": 292.259,
    "DEX_Put": -509.936,
    "DEX_Total": -217.677,
    "DEX_Ratio": 0.573129,
    "GEX_Call": 2234610.065,
    "GEX_Put": -4324116.266,
    "GEX_Total": -2089506.201,
    "GEX_Ratio": 0.516778,
    "VEX_Call": -664613.798,
    "VEX_Put": 1451170.947,
    "VEX_Total": 786557.149,
    "VEX_Ratio": -0.457984,
    "CEX_Call": -9901717.601,
    "CEX_Put": 18067441.53,
    "CEX_Total": 8165723.929,
    "CEX_Ratio": -0.548042
}