{
    "timestamp": "2025-10-15 12:06:03",
    "cum_gam": null,
    "cum_vec": null,
    "DEX_Call": 3147.609,
    "DEX_Put": -902.473,
    "DEX_Total": 2245.136,
    "DEX_Ratio": 3.48776,
    "GEX_Call": 7113391.384,
    "GEX_Put": -5841888.373,
    "GEX_Total": 1271503.011,
    "GEX_Ratio": 1.217653,
    "VEX_Call": -266294.021,
    "VEX_Put": 3739219.443,
    "VEX_Total": 3472925.422,
    "VEX_Ratio": -0.071216,
    "CEX_Call": -12517041.294,
    "CEX_Put": 25985068.887,
    "CEX_Total": 13468027.593,
    "CEX_Ratio": -0.481701
}