{
    "timestamp": "2025-10-21 09:27:57",
    "cum_gam": null,
    "cum_vec": null,
    "DEX_Call": 646.898,
    "DEX_Put": -220.81,
    "DEX_Total": 426.088,
    "DEX_Ratio": 2.929659,
    "GEX_Call": 5503675.465,
    "GEX_Put": -2840673.982,
    "GEX_Total": 2663001.483,
    "GEX_Ratio": 1.937454,
    "VEX_Call": -448215.888,
    "VEX_Put": 1994603.462,
    "VEX_Total": 1546387.574,
    "VEX_Ratio": -0.224714,
    "CEX_Call": -6965435.226,
    "CEX_Put": 17281426.338,
    "CEX_Total": 10315991.112,
    "CEX_Ratio": -0.403059
}