{
    "timestamp": "2025-11-06 09:48:16",
    "cum_gam": 6753.557191399615,
    "cum_vec": 6753.557191399615,
    "DEX_Call": 169.744,
    "DEX_Put": -504.532,
    "DEX_Total": -334.788,
    "DEX_Ratio": 0.336439,
    "GEX_Call": 922438.467,
    "GEX_Put": -3329206.565,
    "GEX_Total": -2406768.098,
    "GEX_Ratio": 0.277075,
    "VEX_Call": -577080.999,
    "VEX_Put": 800829.766,
    "VEX_Total": 223748.767,
    "VEX_Ratio": -0.720604,
    "CEX_Call": -10281399.527,
    "CEX_Put": 10986840.777,
    "CEX_Total": 705441.25,
    "CEX_Ratio": -0.935792
}