{
    "timestamp": "2025-08-08 09:50:47",
    "cum_gam": null,
    "cum_vec": 8200.0,
    "DEX_Call": 386.171,
    "DEX_Put": -36.015,
    "DEX_Total": 350.156,
    "DEX_Ratio": 10.722505,
    "GEX_Call": 3850195.777,
    "GEX_Put": -1009282.968,
    "GEX_Total": 2840912.809,
    "GEX_Ratio": 3.814783,
    "VEX_Call": 11305.542,
    "VEX_Put": 507127.092,
    "VEX_Total": 518432.634,
    "VEX_Ratio": 0.022293,
    "CEX_Call": -160999.218,
    "CEX_Put": 19600657.612,
    "CEX_Total": 19439658.394,
    "CEX_Ratio": -0.008214
}