{
    "timestamp": "2025-07-24 11:44:06",
    "cum_gam": null,
    "cum_vec": 8200.0,
    "DEX_Call": 536.371,
    "DEX_Put": -33.446,
    "DEX_Total": 502.925,
    "DEX_Ratio": 16.036925,
    "GEX_Call": 5517850.851,
    "GEX_Put": -1116680.172,
    "GEX_Total": 4401170.679,
    "GEX_Ratio": 4.941299,
    "VEX_Call": -161511.257,
    "VEX_Put": 613084.066,
    "VEX_Total": 451572.809,
    "VEX_Ratio": -0.263441,
    "CEX_Call": -2199181.394,
    "CEX_Put": 14367307.318,
    "CEX_Total": 12168125.924,
    "CEX_Ratio": -0.153068
}