{
    "timestamp": "2025-07-08 09:23:38",
    "cum_gam": null,
    "cum_vec": null,
    "DEX_Call": 470.726,
    "DEX_Put": -168.338,
    "DEX_Total": 302.388,
    "DEX_Ratio": 2.796315,
    "GEX_Call": 3386743.543,
    "GEX_Put": -2688148.524,
    "GEX_Total": 698595.019,
    "GEX_Ratio": 1.25988,
    "VEX_Call": -444879.675,
    "VEX_Put": 1227496.444,
    "VEX_Total": 782616.769,
    "VEX_Ratio": -0.362428,
    "CEX_Call": -11445849.092,
    "CEX_Put": 16942035.82,
    "CEX_Total": 5496186.728,
    "CEX_Ratio": -0.675589
}