{
    "timestamp": "2025-08-06 10:46:11",
    "cum_gam": null,
    "cum_vec": null,
    "DEX_Call": 381.689,
    "DEX_Put": -142.565,
    "DEX_Total": 239.124,
    "DEX_Ratio": 2.677298,
    "GEX_Call": 4162525.171,
    "GEX_Put": -1959716.572,
    "GEX_Total": 2202808.599,
    "GEX_Ratio": 2.124044,
    "VEX_Call": -332753.539,
    "VEX_Put": 854650.017,
    "VEX_Total": 521896.478,
    "VEX_Ratio": -0.389345,
    "CEX_Call": -4968103.116,
    "CEX_Put": 11728583.605,
    "CEX_Total": 6760480.489,
    "CEX_Ratio": -0.423589
}