{
    "timestamp": "2025-09-23 08:31:16",
    "cum_gam": null,
    "cum_vec": 7499.096218020022,
    "DEX_Call": 541.415,
    "DEX_Put": -179.412,
    "DEX_Total": 362.003,
    "DEX_Ratio": 3.017719,
    "GEX_Call": 5367959.014,
    "GEX_Put": -3126372.85,
    "GEX_Total": 2241586.164,
    "GEX_Ratio": 1.716993,
    "VEX_Call": -656014.68,
    "VEX_Put": 1629193.991,
    "VEX_Total": 973179.311,
    "VEX_Ratio": -0.402662,
    "CEX_Call": -12342022.192,
    "CEX_Put": 12057472.868,
    "CEX_Total": -284549.324,
    "CEX_Ratio": -1.023599
}