{
    "timestamp": "2025-06-27 11:22:06",
    "cum_gam": 7588.409371146732,
    "cum_vec": 7588.409371146732,
    "DEX_Call": 146.593,
    "DEX_Put": -33.868,
    "DEX_Total": 112.725,
    "DEX_Ratio": 4.328363,
    "GEX_Call": 3439247.895,
    "GEX_Put": -1046555.891,
    "GEX_Total": 2392692.004,
    "GEX_Ratio": 3.286253,
    "VEX_Call": -173314.297,
    "VEX_Put": 412329.604,
    "VEX_Total": 239015.307,
    "VEX_Ratio": -0.42033,
    "CEX_Call": -11262176.254,
    "CEX_Put": 25351958.637,
    "CEX_Total": 14089782.383,
    "CEX_Ratio": -0.444233
}