{
    "timestamp": "2025-09-15 12:54:59",
    "cum_gam": 7006.7992482464615,
    "cum_vec": 7518.9927394885135,
    "DEX_Call": 7762.581,
    "DEX_Put": -883.806,
    "DEX_Total": 6878.775,
    "DEX_Ratio": 8.783128,
    "GEX_Call": 13379599.599,
    "GEX_Put": -5966182.335,
    "GEX_Total": 7413417.264,
    "GEX_Ratio": 2.242573,
    "VEX_Call": 5344295.856,
    "VEX_Put": 9492209.252,
    "VEX_Total": 14836505.108,
    "VEX_Ratio": 0.563019,
    "CEX_Call": 600158.111,
    "CEX_Put": 35751068.135,
    "CEX_Total": 36351226.246,
    "CEX_Ratio": 0.016787
}