{
    "timestamp": "2025-07-17 12:40:49",
    "cum_gam": null,
    "cum_vec": null,
    "DEX_Call": 3380.536,
    "DEX_Put": -167.564,
    "DEX_Total": 3212.972,
    "DEX_Ratio": 20.174596,
    "GEX_Call": 8854433.55,
    "GEX_Put": -3536591.681,
    "GEX_Total": 5317841.869,
    "GEX_Ratio": 2.503663,
    "VEX_Call": 1363193.807,
    "VEX_Put": 1638461.479,
    "VEX_Total": 3001655.286,
    "VEX_Ratio": 0.831996,
    "CEX_Call": 9006931.644,
    "CEX_Put": 20990114.917,
    "CEX_Total": 29997046.561,
    "CEX_Ratio": 0.429103
}