{
    "timestamp": "2025-07-29 10:03:43",
    "cum_gam": null,
    "cum_vec": 6916.214092109191,
    "DEX_Call": 584.456,
    "DEX_Put": -264.754,
    "DEX_Total": 319.702,
    "DEX_Ratio": 2.207544,
    "GEX_Call": 4948892.012,
    "GEX_Put": -3616033.51,
    "GEX_Total": 1332858.502,
    "GEX_Ratio": 1.368597,
    "VEX_Call": -895081.359,
    "VEX_Put": 1602822.608,
    "VEX_Total": 707741.249,
    "VEX_Ratio": -0.558441,
    "CEX_Call": -13759031.374,
    "CEX_Put": 15872715.473,
    "CEX_Total": 2113684.099,
    "CEX_Ratio": -0.866835
}