{
    "timestamp": "2025-10-09 07:44:27",
    "cum_gam": 6719.441771901768,
    "cum_vec": 6719.441771901768,
    "DEX_Call": 305.137,
    "DEX_Put": -327.538,
    "DEX_Total": -22.401,
    "DEX_Ratio": 0.931608,
    "GEX_Call": 3392824.667,
    "GEX_Put": -5901869.048,
    "GEX_Total": -2509044.381,
    "GEX_Ratio": 0.574873,
    "VEX_Call": -799917.353,
    "VEX_Put": 1740777.676,
    "VEX_Total": 940860.323,
    "VEX_Ratio": -0.459517,
    "CEX_Call": -14469892.476,
    "CEX_Put": 21843265.189,
    "CEX_Total": 7373372.713,
    "CEX_Ratio": -0.662442
}