{
    "timestamp": "2026-07-22 09:12:17",
    "cum_gam": 8007.738279880546,
    "cum_vec": 8007.738279880546,
    "DEX_Call": 362.159,
    "DEX_Put": -312.88,
    "DEX_Total": 49.279,
    "DEX_Ratio": 1.157501,
    "GEX_Call": 4754809.847,
    "GEX_Put": -3374412.883,
    "GEX_Total": 1380396.964,
    "GEX_Ratio": 1.409078,
    "VEX_Call": -853928.106,
    "VEX_Put": 1662411.243,
    "VEX_Total": 808483.137,
    "VEX_Ratio": -0.513668,
    "CEX_Call": -11233536.785,
    "CEX_Put": 13571096.317,
    "CEX_Total": 2337559.532,
    "CEX_Ratio": -0.827755
}