{
    "timestamp": "2025-07-29 10:27:59",
    "cum_gam": null,
    "cum_vec": 6917.403313288527,
    "DEX_Call": 626.086,
    "DEX_Put": -273.381,
    "DEX_Total": 352.705,
    "DEX_Ratio": 2.290159,
    "GEX_Call": 4896527.316,
    "GEX_Put": -3811440.252,
    "GEX_Total": 1085087.064,
    "GEX_Ratio": 1.284692,
    "VEX_Call": -885757.514,
    "VEX_Put": 1609327.439,
    "VEX_Total": 723569.925,
    "VEX_Ratio": -0.55039,
    "CEX_Call": -14625693.593,
    "CEX_Put": 17220293.694,
    "CEX_Total": 2594600.101,
    "CEX_Ratio": -0.849329
}