{
    "timestamp": "2025-10-20 10:35:11",
    "cum_gam": null,
    "cum_vec": null,
    "DEX_Call": 745.329,
    "DEX_Put": -218.183,
    "DEX_Total": 527.146,
    "DEX_Ratio": 3.416073,
    "GEX_Call": 5791545.73,
    "GEX_Put": -2057638.042,
    "GEX_Total": 3733907.688,
    "GEX_Ratio": 2.814657,
    "VEX_Call": -450971.871,
    "VEX_Put": 2167593.843,
    "VEX_Total": 1716621.972,
    "VEX_Ratio": -0.208052,
    "CEX_Call": -6686967.758,
    "CEX_Put": 15621363.245,
    "CEX_Total": 8934395.487,
    "CEX_Ratio": -0.428066
}