{
    "timestamp": "2025-09-10 08:03:46",
    "cum_gam": null,
    "cum_vec": null,
    "DEX_Call": 642.997,
    "DEX_Put": -111.765,
    "DEX_Total": 531.232,
    "DEX_Ratio": 5.753116,
    "GEX_Call": 5493130.168,
    "GEX_Put": -2101621.477,
    "GEX_Total": 3391508.691,
    "GEX_Ratio": 2.613758,
    "VEX_Call": -186918.311,
    "VEX_Put": 1487795.299,
    "VEX_Total": 1300876.988,
    "VEX_Ratio": -0.125634,
    "CEX_Call": -2787368.305,
    "CEX_Put": 15188304.424,
    "CEX_Total": 12400936.119,
    "CEX_Ratio": -0.183521
}