{
    "timestamp": "2025-11-03 08:02:22",
    "cum_gam": 6452.4117922785035,
    "cum_vec": 6452.4117922785035,
    "DEX_Call": 586.999,
    "DEX_Put": -476.609,
    "DEX_Total": 110.39,
    "DEX_Ratio": 1.231615,
    "GEX_Call": 3561398.082,
    "GEX_Put": -3618850.616,
    "GEX_Total": -57452.534,
    "GEX_Ratio": 0.984124,
    "VEX_Call": -991292.167,
    "VEX_Put": 2238604.987,
    "VEX_Total": 1247312.82,
    "VEX_Ratio": -0.442817,
    "CEX_Call": -8931540.55,
    "CEX_Put": 16649406.188,
    "CEX_Total": 7717865.638,
    "CEX_Ratio": -0.536448
}