{
    "timestamp": "2025-09-22 09:53:59",
    "cum_gam": null,
    "cum_vec": 7647.647120749552,
    "DEX_Call": 507.502,
    "DEX_Put": -126.242,
    "DEX_Total": 381.26,
    "DEX_Ratio": 4.020073,
    "GEX_Call": 5172799.275,
    "GEX_Put": -1977916.356,
    "GEX_Total": 3194882.919,
    "GEX_Ratio": 2.615277,
    "VEX_Call": -311157.029,
    "VEX_Put": 1748590.892,
    "VEX_Total": 1437433.863,
    "VEX_Ratio": -0.177947,
    "CEX_Call": -6869366.131,
    "CEX_Put": 16202797.151,
    "CEX_Total": 9333431.02,
    "CEX_Ratio": -0.423962
}