{
    "timestamp": "2025-10-13 12:22:19",
    "cum_gam": 11987.843889955215,
    "cum_vec": 11987.843889955215,
    "DEX_Call": 2098.819,
    "DEX_Put": -1455.501,
    "DEX_Total": 643.318,
    "DEX_Ratio": 1.441991,
    "GEX_Call": 6344004.319,
    "GEX_Put": -7238607.176,
    "GEX_Total": -894602.857,
    "GEX_Ratio": 0.876412,
    "VEX_Call": -902630.783,
    "VEX_Put": 4614215.028,
    "VEX_Total": 3711584.245,
    "VEX_Ratio": -0.19562,
    "CEX_Call": -11246649.442,
    "CEX_Put": 10133605.827,
    "CEX_Total": -1113043.615,
    "CEX_Ratio": -1.109837
}