{
    "timestamp": "2025-10-30 06:32:09",
    "cum_gam": null,
    "cum_vec": null,
    "DEX_Call": 953.571,
    "DEX_Put": -344.468,
    "DEX_Total": 609.103,
    "DEX_Ratio": 2.768243,
    "GEX_Call": 3171849.851,
    "GEX_Put": -3153611.962,
    "GEX_Total": 18237.889,
    "GEX_Ratio": 1.005783,
    "VEX_Call": -112370.985,
    "VEX_Put": 1664179.433,
    "VEX_Total": 1551808.448,
    "VEX_Ratio": -0.067523,
    "CEX_Call": -4019855.087,
    "CEX_Put": 15305732.6,
    "CEX_Total": 11285877.513,
    "CEX_Ratio": -0.262637
}