{
    "timestamp": "2025-08-22 08:21:19",
    "cum_gam": null,
    "cum_vec": 7392.491415490271,
    "DEX_Call": 434.416,
    "DEX_Put": -40.437,
    "DEX_Total": 393.979,
    "DEX_Ratio": 10.743032,
    "GEX_Call": 3817390.349,
    "GEX_Put": -828814.236,
    "GEX_Total": 2988576.113,
    "GEX_Ratio": 4.605846,
    "VEX_Call": 32433.646,
    "VEX_Put": 512575.562,
    "VEX_Total": 545009.208,
    "VEX_Ratio": 0.063276,
    "CEX_Call": 339815.522,
    "CEX_Put": 14665559.927,
    "CEX_Total": 15005375.449,
    "CEX_Ratio": 0.023171
}