{
    "timestamp": "2025-10-02 08:55:29",
    "cum_gam": null,
    "cum_vec": null,
    "DEX_Call": 549.102,
    "DEX_Put": -171.303,
    "DEX_Total": 377.799,
    "DEX_Ratio": 3.205443,
    "GEX_Call": 5250720.983,
    "GEX_Put": -3248827.125,
    "GEX_Total": 2001893.858,
    "GEX_Ratio": 1.61619,
    "VEX_Call": -353786.048,
    "VEX_Put": 1367771.748,
    "VEX_Total": 1013985.7,
    "VEX_Ratio": -0.258659,
    "CEX_Call": -12814607.523,
    "CEX_Put": 17959891.562,
    "CEX_Total": 5145284.039,
    "CEX_Ratio": -0.713513
}