{
    "timestamp": "2025-07-10 10:44:12",
    "cum_gam": null,
    "cum_vec": null,
    "DEX_Call": 342.206,
    "DEX_Put": -46.923,
    "DEX_Total": 295.283,
    "DEX_Ratio": 7.292927,
    "GEX_Call": 3447687.529,
    "GEX_Put": -995795.135,
    "GEX_Total": 2451892.394,
    "GEX_Ratio": 3.462246,
    "VEX_Call": -120530.748,
    "VEX_Put": 518418.878,
    "VEX_Total": 397888.13,
    "VEX_Ratio": -0.232497,
    "CEX_Call": -7506883.411,
    "CEX_Put": 10861788.923,
    "CEX_Total": 3354905.512,
    "CEX_Ratio": -0.691128
}