{
    "timestamp": "2025-09-02 11:13:10",
    "cum_gam": 6427.894469165496,
    "cum_vec": 8400.0,
    "DEX_Call": 125.222,
    "DEX_Put": -641.12,
    "DEX_Total": -515.898,
    "DEX_Ratio": 0.195318,
    "GEX_Call": 1297664.136,
    "GEX_Put": -4365163.085,
    "GEX_Total": -3067498.949,
    "GEX_Ratio": 0.297277,
    "VEX_Call": -625321.769,
    "VEX_Put": 921931.06,
    "VEX_Total": 296609.291,
    "VEX_Ratio": -0.678274,
    "CEX_Call": -7854276.979,
    "CEX_Put": 3696612.1,
    "CEX_Total": -4157664.879,
    "CEX_Ratio": -2.124723
}