{
    "timestamp": "2026-07-23 12:40:25",
    "cum_gam": 7425.518899834443,
    "cum_vec": 7425.518899834443,
    "DEX_Call": 88.495,
    "DEX_Put": -317.702,
    "DEX_Total": -229.207,
    "DEX_Ratio": 0.278547,
    "GEX_Call": 605099.839,
    "GEX_Put": -3538029.645,
    "GEX_Total": -2932929.806,
    "GEX_Ratio": 0.171027,
    "VEX_Call": -391912.573,
    "VEX_Put": 733942.219,
    "VEX_Total": 342029.646,
    "VEX_Ratio": -0.533983,
    "CEX_Call": -11459767.57,
    "CEX_Put": 16100627.898,
    "CEX_Total": 4640860.328,
    "CEX_Ratio": -0.711759
}