{
    "timestamp": "2025-06-30 11:10:40",
    "cum_gam": null,
    "cum_vec": 6609.289651252667,
    "DEX_Call": 586.308,
    "DEX_Put": -185.635,
    "DEX_Total": 400.673,
    "DEX_Ratio": 3.158391,
    "GEX_Call": 5612280.352,
    "GEX_Put": -2125961.98,
    "GEX_Total": 3486318.372,
    "GEX_Ratio": 2.639878,
    "VEX_Call": -509200.991,
    "VEX_Put": 1232608.932,
    "VEX_Total": 723407.941,
    "VEX_Ratio": -0.413108,
    "CEX_Call": -24938072.772,
    "CEX_Put": 27137971.3,
    "CEX_Total": 2199898.528,
    "CEX_Ratio": -0.918937
}