{
    "timestamp": "2025-10-08 09:05:44",
    "cum_gam": null,
    "cum_vec": null,
    "DEX_Call": 546.938,
    "DEX_Put": -176.687,
    "DEX_Total": 370.251,
    "DEX_Ratio": 3.095519,
    "GEX_Call": 7201809.597,
    "GEX_Put": -2860612.512,
    "GEX_Total": 4341197.085,
    "GEX_Ratio": 2.517576,
    "VEX_Call": -416352.287,
    "VEX_Put": 1878210.546,
    "VEX_Total": 1461858.259,
    "VEX_Ratio": -0.221675,
    "CEX_Call": -6851671.794,
    "CEX_Put": 21934461.147,
    "CEX_Total": 15082789.353,
    "CEX_Ratio": -0.31237
}