{
    "timestamp": "2025-10-06 07:32:04",
    "cum_gam": null,
    "cum_vec": null,
    "DEX_Call": 559.841,
    "DEX_Put": -273.718,
    "DEX_Total": 286.123,
    "DEX_Ratio": 2.04532,
    "GEX_Call": 4892708.726,
    "GEX_Put": -3488921.724,
    "GEX_Total": 1403787.002,
    "GEX_Ratio": 1.402356,
    "VEX_Call": -693487.338,
    "VEX_Put": 2259980.753,
    "VEX_Total": 1566493.415,
    "VEX_Ratio": -0.306855,
    "CEX_Call": -7715992.285,
    "CEX_Put": 14403170.068,
    "CEX_Total": 6687177.783,
    "CEX_Ratio": -0.535715
}