{
    "timestamp": "2025-09-11 12:54:52",
    "cum_gam": null,
    "cum_vec": null,
    "DEX_Call": 644.108,
    "DEX_Put": -25.984,
    "DEX_Total": 618.124,
    "DEX_Ratio": 24.788639,
    "GEX_Call": 5215834.317,
    "GEX_Put": -573505.792,
    "GEX_Total": 4642328.525,
    "GEX_Ratio": 9.09465,
    "VEX_Call": 197016.002,
    "VEX_Put": 715506.641,
    "VEX_Total": 912522.643,
    "VEX_Ratio": 0.275352,
    "CEX_Call": 144566.355,
    "CEX_Put": 16981877.369,
    "CEX_Total": 17126443.724,
    "CEX_Ratio": 0.008513
}