{
    "timestamp": "2026-07-20 12:16:17",
    "cum_gam": 9940.0,
    "cum_vec": 9940.0,
    "DEX_Call": 189.967,
    "DEX_Put": -770.087,
    "DEX_Total": -580.12,
    "DEX_Ratio": 0.246683,
    "GEX_Call": 1806736.5,
    "GEX_Put": -4714846.226,
    "GEX_Total": -2908109.726,
    "GEX_Ratio": 0.383202,
    "VEX_Call": -1058085.568,
    "VEX_Put": 1477726.028,
    "VEX_Total": 419640.46,
    "VEX_Ratio": -0.716023,
    "CEX_Call": -11027621.81,
    "CEX_Put": 12333743.832,
    "CEX_Total": 1306122.022,
    "CEX_Ratio": -0.894102
}