{
    "timestamp": "2025-11-18 09:25:32",
    "cum_gam": 8403.513089488419,
    "cum_vec": 8738.186395591867,
    "DEX_Call": 1588.082,
    "DEX_Put": -2374.177,
    "DEX_Total": -786.095,
    "DEX_Ratio": 0.668898,
    "GEX_Call": 2694504.259,
    "GEX_Put": -6295268.809,
    "GEX_Total": -3600764.55,
    "GEX_Ratio": 0.428021,
    "VEX_Call": -1636118.084,
    "VEX_Put": 2663498.495,
    "VEX_Total": 1027380.411,
    "VEX_Ratio": -0.614274,
    "CEX_Call": -11639977.42,
    "CEX_Put": 8042566.57,
    "CEX_Total": -3597410.85,
    "CEX_Ratio": -1.447296
}