{
    "timestamp": "2025-11-18 08:00:03",
    "cum_gam": 6660.220346958342,
    "cum_vec": 6660.220346958342,
    "DEX_Call": 2019.56,
    "DEX_Put": -2075.977,
    "DEX_Total": -56.417,
    "DEX_Ratio": 0.972824,
    "GEX_Call": 2545336.253,
    "GEX_Put": -6008754.19,
    "GEX_Total": -3463417.937,
    "GEX_Ratio": 0.423605,
    "VEX_Call": -1606242.066,
    "VEX_Put": 2957616.843,
    "VEX_Total": 1351374.777,
    "VEX_Ratio": -0.543087,
    "CEX_Call": -10760270.278,
    "CEX_Put": 10315452.125,
    "CEX_Total": -444818.153,
    "CEX_Ratio": -1.043122
}