{
    "timestamp": "2025-10-01 12:54:07",
    "cum_gam": null,
    "cum_vec": null,
    "DEX_Call": 841.853,
    "DEX_Put": -120.11,
    "DEX_Total": 721.743,
    "DEX_Ratio": 7.009017,
    "GEX_Call": 7001134.867,
    "GEX_Put": -1953041.876,
    "GEX_Total": 5048092.991,
    "GEX_Ratio": 3.584734,
    "VEX_Call": 435698.328,
    "VEX_Put": 1545335.155,
    "VEX_Total": 1981033.483,
    "VEX_Ratio": 0.281944,
    "CEX_Call": 19559876.178,
    "CEX_Put": 23121563.122,
    "CEX_Total": 42681439.3,
    "CEX_Ratio": 0.845958
}