{
    "timestamp": "2025-07-10 11:56:09",
    "cum_gam": null,
    "cum_vec": null,
    "DEX_Call": 450.513,
    "DEX_Put": -36.114,
    "DEX_Total": 414.399,
    "DEX_Ratio": 12.474747,
    "GEX_Call": 3588982.938,
    "GEX_Put": -959127.001,
    "GEX_Total": 2629855.937,
    "GEX_Ratio": 3.741927,
    "VEX_Call": 91441.553,
    "VEX_Put": 471264.818,
    "VEX_Total": 562706.371,
    "VEX_Ratio": 0.194034,
    "CEX_Call": -1153761.494,
    "CEX_Put": 12689547.938,
    "CEX_Total": 11535786.444,
    "CEX_Ratio": -0.090922
}