{
    "timestamp": "2025-10-14 09:34:02",
    "cum_gam": 7003.523015707227,
    "cum_vec": 9096.189685025973,
    "DEX_Call": 2275.908,
    "DEX_Put": -1440.46,
    "DEX_Total": 835.448,
    "DEX_Ratio": 1.579987,
    "GEX_Call": 6677743.395,
    "GEX_Put": -6698917.32,
    "GEX_Total": -21173.925,
    "GEX_Ratio": 0.996839,
    "VEX_Call": -943648.03,
    "VEX_Put": 4709886.872,
    "VEX_Total": 3766238.842,
    "VEX_Ratio": -0.200355,
    "CEX_Call": -13436075.13,
    "CEX_Put": 24412582.621,
    "CEX_Total": 10976507.491,
    "CEX_Ratio": -0.550375
}