{
    "timestamp": "2025-11-13 11:02:23",
    "cum_gam": 6780.712514734073,
    "cum_vec": 6780.712514734073,
    "DEX_Call": 185.532,
    "DEX_Put": -419.18,
    "DEX_Total": -233.648,
    "DEX_Ratio": 0.442607,
    "GEX_Call": 1245412.882,
    "GEX_Put": -2895329.053,
    "GEX_Total": -1649916.171,
    "GEX_Ratio": 0.430146,
    "VEX_Call": -613374.767,
    "VEX_Put": 750673.67,
    "VEX_Total": 137298.903,
    "VEX_Ratio": -0.817099,
    "CEX_Call": -11734300.489,
    "CEX_Put": 14871247.371,
    "CEX_Total": 3136946.882,
    "CEX_Ratio": -0.78906
}