{
    "timestamp": "2025-07-07 12:22:36",
    "cum_gam": 6229.863561764655,
    "cum_vec": 6229.863561764655,
    "DEX_Call": 306.575,
    "DEX_Put": -326.759,
    "DEX_Total": -20.184,
    "DEX_Ratio": 0.93823,
    "GEX_Call": 2012127.717,
    "GEX_Put": -3523320.913,
    "GEX_Total": -1511193.196,
    "GEX_Ratio": 0.571088,
    "VEX_Call": -304086.454,
    "VEX_Put": 914094.838,
    "VEX_Total": 610008.384,
    "VEX_Ratio": -0.332664,
    "CEX_Call": -8668782.25,
    "CEX_Put": 56732.141,
    "CEX_Total": -8612050.109,
    "CEX_Ratio": -152.801958
}