{
    "timestamp": "2025-08-12 11:01:17",
    "cum_gam": 7009.6229591924575,
    "cum_vec": 7511.592377213669,
    "DEX_Call": 1756.142,
    "DEX_Put": -305.367,
    "DEX_Total": 1450.775,
    "DEX_Ratio": 5.750923,
    "GEX_Call": 9014162.802,
    "GEX_Put": -2492366.279,
    "GEX_Total": 6521796.523,
    "GEX_Ratio": 3.616709,
    "VEX_Call": 245146.768,
    "VEX_Put": 3076639.83,
    "VEX_Total": 3321786.598,
    "VEX_Ratio": 0.07968,
    "CEX_Call": 423662.374,
    "CEX_Put": 18498915.508,
    "CEX_Total": 18922577.882,
    "CEX_Ratio": 0.022902
}