{
    "timestamp": "2025-08-07 12:06:54",
    "cum_gam": 6301.807123809126,
    "cum_vec": 8200.0,
    "DEX_Call": 179.469,
    "DEX_Put": -217.34,
    "DEX_Total": -37.871,
    "DEX_Ratio": 0.825752,
    "GEX_Call": 2003741.061,
    "GEX_Put": -2637515.559,
    "GEX_Total": -633774.498,
    "GEX_Ratio": 0.759708,
    "VEX_Call": -425996.018,
    "VEX_Put": 585898.883,
    "VEX_Total": 159902.865,
    "VEX_Ratio": -0.727081,
    "CEX_Call": -12685068.538,
    "CEX_Put": 9408351.375,
    "CEX_Total": -3276717.163,
    "CEX_Ratio": -1.348278
}