{
    "timestamp": "2025-08-14 06:56:24",
    "cum_gam": 7009.879825685837,
    "cum_vec": 7495.8414365357185,
    "DEX_Call": 762.583,
    "DEX_Put": -429.966,
    "DEX_Total": 332.617,
    "DEX_Ratio": 1.773589,
    "GEX_Call": 5686805.061,
    "GEX_Put": -4636586.967,
    "GEX_Total": 1050218.094,
    "GEX_Ratio": 1.226507,
    "VEX_Call": -891425.795,
    "VEX_Put": 2435341.566,
    "VEX_Total": 1543915.771,
    "VEX_Ratio": -0.366037,
    "CEX_Call": -11637068.146,
    "CEX_Put": 22009762.692,
    "CEX_Total": 10372694.546,
    "CEX_Ratio": -0.528723
}