{
    "timestamp": "2025-10-20 10:04:31",
    "cum_gam": null,
    "cum_vec": null,
    "DEX_Call": 755.627,
    "DEX_Put": -211.196,
    "DEX_Total": 544.431,
    "DEX_Ratio": 3.577847,
    "GEX_Call": 5592572.582,
    "GEX_Put": -2147379.071,
    "GEX_Total": 3445193.511,
    "GEX_Ratio": 2.604371,
    "VEX_Call": -378333.099,
    "VEX_Put": 2247060.843,
    "VEX_Total": 1868727.744,
    "VEX_Ratio": -0.168368,
    "CEX_Call": -2356196.7,
    "CEX_Put": 17029671.154,
    "CEX_Total": 14673474.454,
    "CEX_Ratio": -0.138358
}