{
    "timestamp": "2025-08-04 08:04:59",
    "cum_gam": 8124.7148288973385,
    "cum_vec": 8124.7148288973385,
    "DEX_Call": 323.197,
    "DEX_Put": -403.735,
    "DEX_Total": -80.538,
    "DEX_Ratio": 0.800518,
    "GEX_Call": 2885803.671,
    "GEX_Put": -2705285.2,
    "GEX_Total": 180518.471,
    "GEX_Ratio": 1.066728,
    "VEX_Call": -604228.965,
    "VEX_Put": 1266597.657,
    "VEX_Total": 662368.692,
    "VEX_Ratio": -0.477049,
    "CEX_Call": -2664165.213,
    "CEX_Put": 9640801.28,
    "CEX_Total": 6976636.067,
    "CEX_Ratio": -0.276343
}