{
    "timestamp": "2025-07-28 11:59:42",
    "cum_gam": null,
    "cum_vec": 6918.856830110303,
    "DEX_Call": 751.041,
    "DEX_Put": -235.806,
    "DEX_Total": 515.235,
    "DEX_Ratio": 3.184995,
    "GEX_Call": 5063760.179,
    "GEX_Put": -3343506.769,
    "GEX_Total": 1720253.41,
    "GEX_Ratio": 1.514506,
    "VEX_Call": -644186.208,
    "VEX_Put": 1494538.491,
    "VEX_Total": 850352.283,
    "VEX_Ratio": -0.431027,
    "CEX_Call": -8766038.94,
    "CEX_Put": 14295278.435,
    "CEX_Total": 5529239.495,
    "CEX_Ratio": -0.613212
}