{
    "timestamp": "2025-09-23 12:47:11",
    "cum_gam": 6652.677274936042,
    "cum_vec": 7484.845966526226,
    "DEX_Call": 342.785,
    "DEX_Put": -313.68,
    "DEX_Total": 29.105,
    "DEX_Ratio": 1.092786,
    "GEX_Call": 3040056.376,
    "GEX_Put": -4285747.622,
    "GEX_Total": -1245691.246,
    "GEX_Ratio": 0.709341,
    "VEX_Call": -533881.438,
    "VEX_Put": 1298053.992,
    "VEX_Total": 764172.554,
    "VEX_Ratio": -0.411294,
    "CEX_Call": -18311937.608,
    "CEX_Put": 6600910.117,
    "CEX_Total": -11711027.491,
    "CEX_Ratio": -2.774153
}