{
    "timestamp": "2025-09-05 11:43:28",
    "cum_gam": 8191.9137466307275,
    "cum_vec": 8191.9137466307275,
    "DEX_Call": 144.181,
    "DEX_Put": -210.734,
    "DEX_Total": -66.553,
    "DEX_Ratio": 0.684185,
    "GEX_Call": 3119421.632,
    "GEX_Put": -7861610.684,
    "GEX_Total": -4742189.052,
    "GEX_Ratio": 0.396792,
    "VEX_Call": -342414.753,
    "VEX_Put": 1241068.078,
    "VEX_Total": 898653.325,
    "VEX_Ratio": -0.275903,
    "CEX_Call": -23518556.343,
    "CEX_Put": 82247634.89,
    "CEX_Total": 58729078.547,
    "CEX_Ratio": -0.285948
}