{
    "timestamp": "2025-09-15 08:17:08",
    "cum_gam": 7007.8431514698905,
    "cum_vec": 7314.239958556812,
    "DEX_Call": 7604.005,
    "DEX_Put": -835.675,
    "DEX_Total": 6768.33,
    "DEX_Ratio": 9.099237,
    "GEX_Call": 12336346.392,
    "GEX_Put": -5871071.494,
    "GEX_Total": 6465274.898,
    "GEX_Ratio": 2.101209,
    "VEX_Call": 4968510.77,
    "VEX_Put": 9291365.516,
    "VEX_Total": 14259876.286,
    "VEX_Ratio": 0.534745,
    "CEX_Call": 5612929.926,
    "CEX_Put": 28944984.428,
    "CEX_Total": 34557914.354,
    "CEX_Ratio": 0.193917
}