{
    "timestamp": "2025-09-16 09:48:35",
    "cum_gam": 10199.636990319741,
    "cum_vec": 10199.636990319741,
    "DEX_Call": 9871.095,
    "DEX_Put": -851.7,
    "DEX_Total": 9019.395,
    "DEX_Ratio": 11.589873,
    "GEX_Call": 11067448.141,
    "GEX_Put": -8032030.416,
    "GEX_Total": 3035417.725,
    "GEX_Ratio": 1.377914,
    "VEX_Call": 6311384.951,
    "VEX_Put": 9271793.613,
    "VEX_Total": 15583178.564,
    "VEX_Ratio": 0.680708,
    "CEX_Call": 6863924.248,
    "CEX_Put": 32916115.814,
    "CEX_Total": 39780040.062,
    "CEX_Ratio": 0.208528
}