{
    "timestamp": "2025-11-18 09:29:00",
    "cum_gam": 6668.465775332903,
    "cum_vec": 9378.272360550842,
    "DEX_Call": 1548.058,
    "DEX_Put": -2217.267,
    "DEX_Total": -669.209,
    "DEX_Ratio": 0.698183,
    "GEX_Call": 2826910.691,
    "GEX_Put": -6236881.504,
    "GEX_Total": -3409970.813,
    "GEX_Ratio": 0.453257,
    "VEX_Call": -1597976.573,
    "VEX_Put": 2908805.764,
    "VEX_Total": 1310829.191,
    "VEX_Ratio": -0.549358,
    "CEX_Call": -11759041.114,
    "CEX_Put": 11843079.046,
    "CEX_Total": 84037.932,
    "CEX_Ratio": -0.992904
}