{
    "timestamp": "2025-08-14 07:52:34",
    "cum_gam": 7009.655298494272,
    "cum_vec": 9146.170365068003,
    "DEX_Call": 894.386,
    "DEX_Put": -313.788,
    "DEX_Total": 580.598,
    "DEX_Ratio": 2.850287,
    "GEX_Call": 7104658.591,
    "GEX_Put": -3875643.38,
    "GEX_Total": 3229015.211,
    "GEX_Ratio": 1.833156,
    "VEX_Call": -861721.409,
    "VEX_Put": 2533509.486,
    "VEX_Total": 1671788.077,
    "VEX_Ratio": -0.34013,
    "CEX_Call": -13997249.341,
    "CEX_Put": 26309751.682,
    "CEX_Total": 12312502.341,
    "CEX_Ratio": -0.532018
}