{
    "timestamp": "2025-09-17 12:50:02",
    "cum_gam": null,
    "cum_vec": null,
    "DEX_Call": 10197.394,
    "DEX_Put": -831.809,
    "DEX_Total": 9365.585,
    "DEX_Ratio": 12.259298,
    "GEX_Call": 10466005.476,
    "GEX_Put": -8595929.299,
    "GEX_Total": 1870076.177,
    "GEX_Ratio": 1.217554,
    "VEX_Call": 6634714.143,
    "VEX_Put": 8042921.431,
    "VEX_Total": 14677635.574,
    "VEX_Ratio": 0.824913,
    "CEX_Call": 9933313.135,
    "CEX_Put": 45913247.808,
    "CEX_Total": 55846560.943,
    "CEX_Ratio": 0.21635
}