{
    "timestamp": "2025-07-07 11:44:51",
    "cum_gam": 6100.466922765492,
    "cum_vec": 6100.466922765492,
    "DEX_Call": 534.755,
    "DEX_Put": -216.047,
    "DEX_Total": 318.708,
    "DEX_Ratio": 2.475179,
    "GEX_Call": 2159009.613,
    "GEX_Put": -2358670.678,
    "GEX_Total": -199661.065,
    "GEX_Ratio": 0.91535,
    "VEX_Call": -65877.802,
    "VEX_Put": 1182428.496,
    "VEX_Total": 1116550.694,
    "VEX_Ratio": -0.055714,
    "CEX_Call": 6139809.327,
    "CEX_Put": 16237490.418,
    "CEX_Total": 22377299.745,
    "CEX_Ratio": 0.378126
}