{
    "timestamp": "2025-09-24 08:33:00",
    "cum_gam": 6625.509466829069,
    "cum_vec": 6625.509466829069,
    "DEX_Call": 319.134,
    "DEX_Put": -325.424,
    "DEX_Total": -6.29,
    "DEX_Ratio": 0.980671,
    "GEX_Call": 3133944.721,
    "GEX_Put": -4452001.721,
    "GEX_Total": -1318057.0,
    "GEX_Ratio": 0.703941,
    "VEX_Call": -562271.235,
    "VEX_Put": 1399597.618,
    "VEX_Total": 837326.383,
    "VEX_Ratio": -0.401738,
    "CEX_Call": -8761606.399,
    "CEX_Put": 14622928.796,
    "CEX_Total": 5861322.397,
    "CEX_Ratio": -0.599169
}