{
    "timestamp": "2025-07-29 11:08:22",
    "cum_gam": null,
    "cum_vec": 6914.056457270312,
    "DEX_Call": 511.547,
    "DEX_Put": -297.908,
    "DEX_Total": 213.639,
    "DEX_Ratio": 1.717131,
    "GEX_Call": 4454650.152,
    "GEX_Put": -4007794.63,
    "GEX_Total": 446855.522,
    "GEX_Ratio": 1.111497,
    "VEX_Call": -889055.542,
    "VEX_Put": 1551555.012,
    "VEX_Total": 662499.47,
    "VEX_Ratio": -0.573009,
    "CEX_Call": -15299151.159,
    "CEX_Put": 16260997.723,
    "CEX_Total": 961846.564,
    "CEX_Ratio": -0.940849
}