{
    "timestamp": "2025-08-25 12:45:49",
    "cum_gam": null,
    "cum_vec": 8376.770538243625,
    "DEX_Call": 686.758,
    "DEX_Put": -274.559,
    "DEX_Total": 412.199,
    "DEX_Ratio": 2.501313,
    "GEX_Call": 4129942.451,
    "GEX_Put": -3787155.453,
    "GEX_Total": 342786.998,
    "GEX_Ratio": 1.090513,
    "VEX_Call": -635975.276,
    "VEX_Put": 1756976.41,
    "VEX_Total": 1121001.134,
    "VEX_Ratio": -0.361971,
    "CEX_Call": -15693291.25,
    "CEX_Put": 17291354.109,
    "CEX_Total": 1598062.859,
    "CEX_Ratio": -0.90758
}