{
    "timestamp": "2026-07-22 09:03:10",
    "cum_gam": 8008.690147854201,
    "cum_vec": 8008.690147854201,
    "DEX_Call": 332.409,
    "DEX_Put": -313.577,
    "DEX_Total": 18.832,
    "DEX_Ratio": 1.060055,
    "GEX_Call": 4679712.479,
    "GEX_Put": -3400060.822,
    "GEX_Total": 1279651.657,
    "GEX_Ratio": 1.376361,
    "VEX_Call": -858505.195,
    "VEX_Put": 1638258.081,
    "VEX_Total": 779752.886,
    "VEX_Ratio": -0.524035,
    "CEX_Call": -11218170.325,
    "CEX_Put": 12940286.281,
    "CEX_Total": 1722115.956,
    "CEX_Ratio": -0.866918
}