{
    "timestamp": "2025-07-01 10:25:51",
    "cum_gam": null,
    "cum_vec": null,
    "DEX_Call": 434.103,
    "DEX_Put": -126.221,
    "DEX_Total": 307.882,
    "DEX_Ratio": 3.43923,
    "GEX_Call": 4413424.526,
    "GEX_Put": -3056777.542,
    "GEX_Total": 1356646.984,
    "GEX_Ratio": 1.443816,
    "VEX_Call": -581373.761,
    "VEX_Put": 1251677.879,
    "VEX_Total": 670304.118,
    "VEX_Ratio": -0.464476,
    "CEX_Call": -23364610.547,
    "CEX_Put": 32079390.594,
    "CEX_Total": 8714780.047,
    "CEX_Ratio": -0.728337
}