{
    "timestamp": "2025-07-22 09:18:19",
    "cum_gam": 6244.871208718854,
    "cum_vec": 6244.871208718854,
    "DEX_Call": 336.704,
    "DEX_Put": -195.976,
    "DEX_Total": 140.728,
    "DEX_Ratio": 1.718088,
    "GEX_Call": 2904533.224,
    "GEX_Put": -3415843.203,
    "GEX_Total": -511309.979,
    "GEX_Ratio": 0.850312,
    "VEX_Call": -559433.246,
    "VEX_Put": 1123496.251,
    "VEX_Total": 564063.005,
    "VEX_Ratio": -0.49794,
    "CEX_Call": -6253014.28,
    "CEX_Put": 11920437.973,
    "CEX_Total": 5667423.693,
    "CEX_Ratio": -0.524562
}