{
    "timestamp": "2026-07-22 08:46:43",
    "cum_gam": 8008.747443628561,
    "cum_vec": 8008.747443628561,
    "DEX_Call": 325.81,
    "DEX_Put": -327.422,
    "DEX_Total": -1.612,
    "DEX_Ratio": 0.995077,
    "GEX_Call": 4530456.459,
    "GEX_Put": -3511826.757,
    "GEX_Total": 1018629.702,
    "GEX_Ratio": 1.290057,
    "VEX_Call": -873487.718,
    "VEX_Put": 1671032.156,
    "VEX_Total": 797544.438,
    "VEX_Ratio": -0.522723,
    "CEX_Call": -10915023.222,
    "CEX_Put": 13400147.97,
    "CEX_Total": 2485124.748,
    "CEX_Ratio": -0.814545
}