{
    "timestamp": "2025-10-28 07:14:16",
    "cum_gam": null,
    "cum_vec": 8496.707818930041,
    "DEX_Call": 1384.135,
    "DEX_Put": -354.052,
    "DEX_Total": 1030.083,
    "DEX_Ratio": 3.909412,
    "GEX_Call": 10411106.553,
    "GEX_Put": -4197837.714,
    "GEX_Total": 6213268.839,
    "GEX_Ratio": 2.480112,
    "VEX_Call": -753231.303,
    "VEX_Put": 3306911.36,
    "VEX_Total": 2553680.057,
    "VEX_Ratio": -0.227775,
    "CEX_Call": -18975792.342,
    "CEX_Put": 29629368.452,
    "CEX_Total": 10653576.11,
    "CEX_Ratio": -0.640439
}