{
    "timestamp": "2025-11-06 08:32:08",
    "cum_gam": 6764.786272831984,
    "cum_vec": 6764.786272831984,
    "DEX_Call": 229.296,
    "DEX_Put": -439.401,
    "DEX_Total": -210.105,
    "DEX_Ratio": 0.521838,
    "GEX_Call": 1555912.985,
    "GEX_Put": -3241931.169,
    "GEX_Total": -1686018.184,
    "GEX_Ratio": 0.479934,
    "VEX_Call": -677141.678,
    "VEX_Put": 924246.104,
    "VEX_Total": 247104.426,
    "VEX_Ratio": -0.732642,
    "CEX_Call": -11433870.057,
    "CEX_Put": 10518474.055,
    "CEX_Total": -915396.002,
    "CEX_Ratio": -1.087027
}