{
    "timestamp": "2025-09-12 08:07:19",
    "cum_gam": 8194.209256415881,
    "cum_vec": 8194.209256415881,
    "DEX_Call": 133.214,
    "DEX_Put": -54.231,
    "DEX_Total": 78.983,
    "DEX_Ratio": 2.456418,
    "GEX_Call": 4138387.538,
    "GEX_Put": -1767124.6,
    "GEX_Total": 2371262.938,
    "GEX_Ratio": 2.341876,
    "VEX_Call": -349730.008,
    "VEX_Put": 552611.935,
    "VEX_Total": 202881.927,
    "VEX_Ratio": -0.632867,
    "CEX_Call": -10184682.401,
    "CEX_Put": 14795320.526,
    "CEX_Total": 4610638.125,
    "CEX_Ratio": -0.688372
}