{
    "timestamp": "2025-10-13 11:41:22",
    "cum_gam": 11985.44061302682,
    "cum_vec": 11985.44061302682,
    "DEX_Call": 2175.559,
    "DEX_Put": -1417.845,
    "DEX_Total": 757.714,
    "DEX_Ratio": 1.534412,
    "GEX_Call": 6568282.48,
    "GEX_Put": -7105296.754,
    "GEX_Total": -537014.274,
    "GEX_Ratio": 0.924421,
    "VEX_Call": -956414.503,
    "VEX_Put": 4822267.252,
    "VEX_Total": 3865852.749,
    "VEX_Ratio": -0.198333,
    "CEX_Call": -8766574.55,
    "CEX_Put": 17844369.537,
    "CEX_Total": 9077794.987,
    "CEX_Ratio": -0.49128
}