{
    "timestamp": "2025-08-27 11:15:43",
    "cum_gam": null,
    "cum_vec": 7752.052188094591,
    "DEX_Call": 852.577,
    "DEX_Put": -160.181,
    "DEX_Total": 692.396,
    "DEX_Ratio": 5.322585,
    "GEX_Call": 6252987.712,
    "GEX_Put": -2083674.957,
    "GEX_Total": 4169312.755,
    "GEX_Ratio": 3.000942,
    "VEX_Call": -372318.055,
    "VEX_Put": 1573533.396,
    "VEX_Total": 1201215.341,
    "VEX_Ratio": -0.236613,
    "CEX_Call": -15736818.86,
    "CEX_Put": 16432669.636,
    "CEX_Total": 695850.776,
    "CEX_Ratio": -0.957654
}