{
    "timestamp": "2025-07-30 10:56:29",
    "cum_gam": null,
    "cum_vec": 6963.286061453444,
    "DEX_Call": 705.026,
    "DEX_Put": -280.178,
    "DEX_Total": 424.848,
    "DEX_Ratio": 2.51635,
    "GEX_Call": 4184266.442,
    "GEX_Put": -3058949.268,
    "GEX_Total": 1125317.174,
    "GEX_Ratio": 1.367877,
    "VEX_Call": -736132.257,
    "VEX_Put": 1736227.022,
    "VEX_Total": 1000094.765,
    "VEX_Ratio": -0.423984,
    "CEX_Call": -11713278.706,
    "CEX_Put": 29177197.102,
    "CEX_Total": 17463918.396,
    "CEX_Ratio": -0.401453
}