{
    "timestamp": "2025-10-30 09:23:53",
    "cum_gam": null,
    "cum_vec": null,
    "DEX_Call": 1048.71,
    "DEX_Put": -300.938,
    "DEX_Total": 747.772,
    "DEX_Ratio": 3.484804,
    "GEX_Call": 3578697.866,
    "GEX_Put": -3138352.243,
    "GEX_Total": 440345.623,
    "GEX_Ratio": 1.140311,
    "VEX_Call": -111312.342,
    "VEX_Put": 1365564.734,
    "VEX_Total": 1254252.392,
    "VEX_Ratio": -0.081514,
    "CEX_Call": -4813009.649,
    "CEX_Put": 14131237.564,
    "CEX_Total": 9318227.915,
    "CEX_Ratio": -0.340594
}