{
    "timestamp": "2025-09-11 06:39:22",
    "cum_gam": null,
    "cum_vec": null,
    "DEX_Call": 378.623,
    "DEX_Put": -94.135,
    "DEX_Total": 284.488,
    "DEX_Ratio": 4.022128,
    "GEX_Call": 3738101.742,
    "GEX_Put": -1794513.185,
    "GEX_Total": 1943588.557,
    "GEX_Ratio": 2.083073,
    "VEX_Call": -216118.853,
    "VEX_Put": 1172579.208,
    "VEX_Total": 956460.355,
    "VEX_Ratio": -0.184311,
    "CEX_Call": -4236764.648,
    "CEX_Put": 14129809.619,
    "CEX_Total": 9893044.971,
    "CEX_Ratio": -0.299846
}