{
    "timestamp": "2025-09-29 10:26:22",
    "cum_gam": null,
    "cum_vec": 7314.57281260292,
    "DEX_Call": 1364.406,
    "DEX_Put": -526.606,
    "DEX_Total": 837.8,
    "DEX_Ratio": 2.590943,
    "GEX_Call": 5858267.684,
    "GEX_Put": -5068346.694,
    "GEX_Total": 789920.99,
    "GEX_Ratio": 1.155854,
    "VEX_Call": -331639.02,
    "VEX_Put": 2470541.608,
    "VEX_Total": 2138902.588,
    "VEX_Ratio": -0.134237,
    "CEX_Call": -7732431.14,
    "CEX_Put": 21728872.535,
    "CEX_Total": 13996441.395,
    "CEX_Ratio": -0.35586
}