{
    "timestamp": "2025-10-09 06:53:14",
    "cum_gam": null,
    "cum_vec": null,
    "DEX_Call": 399.611,
    "DEX_Put": -227.497,
    "DEX_Total": 172.114,
    "DEX_Ratio": 1.756555,
    "GEX_Call": 5340159.171,
    "GEX_Put": -4281509.325,
    "GEX_Total": 1058649.846,
    "GEX_Ratio": 1.247261,
    "VEX_Call": -980817.478,
    "VEX_Put": 1883185.739,
    "VEX_Total": 902368.261,
    "VEX_Ratio": -0.520829,
    "CEX_Call": -17919043.852,
    "CEX_Put": 24041525.78,
    "CEX_Total": 6122481.928,
    "CEX_Ratio": -0.745337
}