{
    "timestamp": "2025-09-24 10:06:25",
    "cum_gam": 8197.846153846154,
    "cum_vec": 8197.846153846154,
    "DEX_Call": 342.876,
    "DEX_Put": -407.848,
    "DEX_Total": -64.972,
    "DEX_Ratio": 0.840696,
    "GEX_Call": 2479541.119,
    "GEX_Put": -5013816.738,
    "GEX_Total": -2534275.619,
    "GEX_Ratio": 0.494542,
    "VEX_Call": -530057.522,
    "VEX_Put": 1243604.922,
    "VEX_Total": 713547.4,
    "VEX_Ratio": -0.426227,
    "CEX_Call": -9879475.605,
    "CEX_Put": 15683247.532,
    "CEX_Total": 5803771.927,
    "CEX_Ratio": -0.629938
}