{
    "timestamp": "2025-08-08 09:03:33",
    "cum_gam": null,
    "cum_vec": 8181.682242990654,
    "DEX_Call": 374.654,
    "DEX_Put": -40.105,
    "DEX_Total": 334.549,
    "DEX_Ratio": 9.341828,
    "GEX_Call": 3607575.705,
    "GEX_Put": -1032849.603,
    "GEX_Total": 2574726.102,
    "GEX_Ratio": 3.492837,
    "VEX_Call": -4471.527,
    "VEX_Put": 528208.646,
    "VEX_Total": 523737.119,
    "VEX_Ratio": -0.008465,
    "CEX_Call": -712226.55,
    "CEX_Put": 17398363.362,
    "CEX_Total": 16686136.812,
    "CEX_Ratio": -0.040936
}