{
    "timestamp": "2026-07-22 10:55:31",
    "cum_gam": 8008.60900166923,
    "cum_vec": 8008.60900166923,
    "DEX_Call": 335.652,
    "DEX_Put": -322.928,
    "DEX_Total": 12.724,
    "DEX_Ratio": 1.039402,
    "GEX_Call": 4231476.865,
    "GEX_Put": -3893012.723,
    "GEX_Total": 338464.142,
    "GEX_Ratio": 1.086941,
    "VEX_Call": -788625.117,
    "VEX_Put": 1527784.456,
    "VEX_Total": 739159.339,
    "VEX_Ratio": -0.516189,
    "CEX_Call": -13612288.452,
    "CEX_Put": 16510624.236,
    "CEX_Total": 2898335.784,
    "CEX_Ratio": -0.824456
}