{
    "timestamp": "2025-10-27 12:35:34",
    "cum_gam": 8774.468085106382,
    "cum_vec": 8774.468085106382,
    "DEX_Call": 1270.771,
    "DEX_Put": -205.39,
    "DEX_Total": 1065.381,
    "DEX_Ratio": 6.187112,
    "GEX_Call": 10013837.7,
    "GEX_Put": -1575760.612,
    "GEX_Total": 8438077.088,
    "GEX_Ratio": 6.354923,
    "VEX_Call": -40773.858,
    "VEX_Put": 2452985.572,
    "VEX_Total": 2412211.714,
    "VEX_Ratio": -0.016622,
    "CEX_Call": -34249939.038,
    "CEX_Put": 17847249.344,
    "CEX_Total": -16402689.694,
    "CEX_Ratio": -1.91906
}