{
    "timestamp": "2025-11-19 10:09:44",
    "cum_gam": 10398.01918910554,
    "cum_vec": 10398.01918910554,
    "DEX_Call": 2083.502,
    "DEX_Put": -1875.833,
    "DEX_Total": 207.669,
    "DEX_Ratio": 1.110708,
    "GEX_Call": 3372488.382,
    "GEX_Put": -5356971.855,
    "GEX_Total": -1984483.473,
    "GEX_Ratio": 0.629551,
    "VEX_Call": -1395817.603,
    "VEX_Put": 2584795.409,
    "VEX_Total": 1188977.806,
    "VEX_Ratio": -0.540011,
    "CEX_Call": -14679230.207,
    "CEX_Put": 16469692.691,
    "CEX_Total": 1790462.484,
    "CEX_Ratio": -0.891287
}