{
    "timestamp": "2025-11-24 11:09:24",
    "cum_gam": null,
    "cum_vec": 7929.607250755287,
    "DEX_Call": 556.507,
    "DEX_Put": -591.551,
    "DEX_Total": -35.044,
    "DEX_Ratio": 0.940759,
    "GEX_Call": 4131233.981,
    "GEX_Put": -2761898.242,
    "GEX_Total": 1369335.739,
    "GEX_Ratio": 1.495795,
    "VEX_Call": -816812.657,
    "VEX_Put": 1973973.259,
    "VEX_Total": 1157160.602,
    "VEX_Ratio": -0.413791,
    "CEX_Call": -7613878.184,
    "CEX_Put": 15727300.788,
    "CEX_Total": 8113422.604,
    "CEX_Ratio": -0.484119
}