{
    "timestamp": "2025-09-10 09:27:03",
    "cum_gam": null,
    "cum_vec": null,
    "DEX_Call": 551.002,
    "DEX_Put": -118.425,
    "DEX_Total": 432.577,
    "DEX_Ratio": 4.652751,
    "GEX_Call": 5424119.186,
    "GEX_Put": -2252386.775,
    "GEX_Total": 3171732.411,
    "GEX_Ratio": 2.408165,
    "VEX_Call": -280477.888,
    "VEX_Put": 1387802.88,
    "VEX_Total": 1107324.992,
    "VEX_Ratio": -0.202102,
    "CEX_Call": -4754824.765,
    "CEX_Put": 15077235.809,
    "CEX_Total": 10322411.044,
    "CEX_Ratio": -0.315364
}