{
    "timestamp": "2025-11-12 12:15:48",
    "cum_gam": null,
    "cum_vec": null,
    "DEX_Call": 441.068,
    "DEX_Put": -178.499,
    "DEX_Total": 262.569,
    "DEX_Ratio": 2.470983,
    "GEX_Call": 4782809.558,
    "GEX_Put": -2524687.094,
    "GEX_Total": 2258122.464,
    "GEX_Ratio": 1.894417,
    "VEX_Call": -732432.274,
    "VEX_Put": 1184666.997,
    "VEX_Total": 452234.723,
    "VEX_Ratio": -0.61826,
    "CEX_Call": -21163452.794,
    "CEX_Put": 27425592.14,
    "CEX_Total": 6262139.346,
    "CEX_Ratio": -0.771668
}