{
    "timestamp": "2025-07-01 12:28:49",
    "cum_gam": null,
    "cum_vec": null,
    "DEX_Call": 658.383,
    "DEX_Put": -82.934,
    "DEX_Total": 575.449,
    "DEX_Ratio": 7.938638,
    "GEX_Call": 4221167.991,
    "GEX_Put": -2225303.028,
    "GEX_Total": 1995864.963,
    "GEX_Ratio": 1.896896,
    "VEX_Call": -17379.644,
    "VEX_Put": 913488.957,
    "VEX_Total": 896109.313,
    "VEX_Ratio": -0.019026,
    "CEX_Call": -5869859.571,
    "CEX_Put": 36480804.331,
    "CEX_Total": 30610944.76,
    "CEX_Ratio": -0.160903
}