{
    "timestamp": "2025-07-28 11:54:23",
    "cum_gam": null,
    "cum_vec": 6916.3561521680285,
    "DEX_Call": 588.628,
    "DEX_Put": -227.324,
    "DEX_Total": 361.304,
    "DEX_Ratio": 2.589379,
    "GEX_Call": 5083507.863,
    "GEX_Put": -3276143.037,
    "GEX_Total": 1807364.826,
    "GEX_Ratio": 1.551675,
    "VEX_Call": -728862.406,
    "VEX_Put": 1485744.723,
    "VEX_Total": 756882.317,
    "VEX_Ratio": -0.49057,
    "CEX_Call": -12865438.979,
    "CEX_Put": 13258513.566,
    "CEX_Total": 393074.587,
    "CEX_Ratio": -0.970353
}