{
    "timestamp": "2025-10-16 08:11:32",
    "cum_gam": null,
    "cum_vec": null,
    "DEX_Call": 3075.831,
    "DEX_Put": -607.815,
    "DEX_Total": 2468.016,
    "DEX_Ratio": 5.060472,
    "GEX_Call": 7949510.612,
    "GEX_Put": -5732626.319,
    "GEX_Total": 2216884.293,
    "GEX_Ratio": 1.386714,
    "VEX_Call": 337730.974,
    "VEX_Put": 3508745.934,
    "VEX_Total": 3846476.908,
    "VEX_Ratio": 0.096254,
    "CEX_Call": -4599963.268,
    "CEX_Put": 30935282.286,
    "CEX_Total": 26335319.018,
    "CEX_Ratio": -0.148696
}