{
    "timestamp": "2025-08-15 08:54:09",
    "cum_gam": null,
    "cum_vec": 7589.383447294688,
    "DEX_Call": 175.152,
    "DEX_Put": -123.658,
    "DEX_Total": 51.494,
    "DEX_Ratio": 1.416423,
    "GEX_Call": 2613993.212,
    "GEX_Put": -1984005.304,
    "GEX_Total": 629987.908,
    "GEX_Ratio": 1.317533,
    "VEX_Call": -278576.618,
    "VEX_Put": 403335.55,
    "VEX_Total": 124758.932,
    "VEX_Ratio": -0.690682,
    "CEX_Call": -9300959.83,
    "CEX_Put": 12565160.771,
    "CEX_Total": 3264200.941,
    "CEX_Ratio": -0.740218
}