{
    "timestamp": "2025-07-31 10:54:09",
    "cum_gam": 6118.682253758088,
    "cum_vec": 6118.682253758088,
    "DEX_Call": 758.893,
    "DEX_Put": -230.315,
    "DEX_Total": 528.578,
    "DEX_Ratio": 3.295022,
    "GEX_Call": 2817913.202,
    "GEX_Put": -2830697.655,
    "GEX_Total": -12784.453,
    "GEX_Ratio": 0.995484,
    "VEX_Call": -281752.69,
    "VEX_Put": 1109186.284,
    "VEX_Total": 827433.594,
    "VEX_Ratio": -0.254017,
    "CEX_Call": -2652215.598,
    "CEX_Put": 27439884.474,
    "CEX_Total": 24787668.876,
    "CEX_Ratio": -0.096655
}