{
    "timestamp": "2025-09-30 11:03:54",
    "cum_gam": 6519.368798761338,
    "cum_vec": 6519.368798761338,
    "DEX_Call": 1794.455,
    "DEX_Put": -440.974,
    "DEX_Total": 1353.481,
    "DEX_Ratio": 4.069299,
    "GEX_Call": 5422764.219,
    "GEX_Put": -5514060.929,
    "GEX_Total": -91296.71,
    "GEX_Ratio": 0.983443,
    "VEX_Call": 42047.823,
    "VEX_Put": 1843855.671,
    "VEX_Total": 1885903.494,
    "VEX_Ratio": 0.022804,
    "CEX_Call": 22046304.054,
    "CEX_Put": 29731160.386,
    "CEX_Total": 51777464.44,
    "CEX_Ratio": 0.741522
}