{
    "timestamp": "2025-11-12 12:41:59",
    "cum_gam": null,
    "cum_vec": null,
    "DEX_Call": 410.956,
    "DEX_Put": -178.938,
    "DEX_Total": 232.018,
    "DEX_Ratio": 2.296639,
    "GEX_Call": 4798650.735,
    "GEX_Put": -2588266.541,
    "GEX_Total": 2210384.194,
    "GEX_Ratio": 1.854002,
    "VEX_Call": -727380.962,
    "VEX_Put": 1147027.913,
    "VEX_Total": 419646.951,
    "VEX_Ratio": -0.634144,
    "CEX_Call": -25769895.549,
    "CEX_Put": 29899314.224,
    "CEX_Total": 4129418.675,
    "CEX_Ratio": -0.861889
}