{
    "timestamp": "2025-08-21 09:43:10",
    "cum_gam": 6369.841304637997,
    "cum_vec": 6369.841304637997,
    "DEX_Call": 209.986,
    "DEX_Put": -344.532,
    "DEX_Total": -134.546,
    "DEX_Ratio": 0.609482,
    "GEX_Call": 1455698.715,
    "GEX_Put": -2962754.276,
    "GEX_Total": -1507055.561,
    "GEX_Ratio": 0.491333,
    "VEX_Call": -456275.356,
    "VEX_Put": 891489.456,
    "VEX_Total": 435214.1,
    "VEX_Ratio": -0.511812,
    "CEX_Call": -8665556.505,
    "CEX_Put": 12890328.751,
    "CEX_Total": 4224772.246,
    "CEX_Ratio": -0.672253
}