{
    "timestamp": "2025-10-06 08:35:17",
    "cum_gam": null,
    "cum_vec": null,
    "DEX_Call": 549.066,
    "DEX_Put": -232.698,
    "DEX_Total": 316.368,
    "DEX_Ratio": 2.359565,
    "GEX_Call": 5238196.707,
    "GEX_Put": -3166284.113,
    "GEX_Total": 2071912.594,
    "GEX_Ratio": 1.654367,
    "VEX_Call": -564828.912,
    "VEX_Put": 2159562.729,
    "VEX_Total": 1594733.817,
    "VEX_Ratio": -0.261548,
    "CEX_Call": -6638256.031,
    "CEX_Put": 13777842.328,
    "CEX_Total": 7139586.297,
    "CEX_Ratio": -0.481807
}