{
    "timestamp": "2025-07-22 11:30:30",
    "cum_gam": 6217.612027754898,
    "cum_vec": 7730.978260869565,
    "DEX_Call": 273.998,
    "DEX_Put": -216.257,
    "DEX_Total": 57.741,
    "DEX_Ratio": 1.267002,
    "GEX_Call": 3227622.547,
    "GEX_Put": -3537881.291,
    "GEX_Total": -310258.744,
    "GEX_Ratio": 0.912304,
    "VEX_Call": -569720.069,
    "VEX_Put": 935602.246,
    "VEX_Total": 365882.177,
    "VEX_Ratio": -0.608934,
    "CEX_Call": -10544895.924,
    "CEX_Put": 10249876.387,
    "CEX_Total": -295019.537,
    "CEX_Ratio": -1.028783
}