{
    "timestamp": "2025-10-13 11:05:52",
    "cum_gam": 7004.3218634736195,
    "cum_vec": 7004.3218634736195,
    "DEX_Call": 2364.724,
    "DEX_Put": -1426.057,
    "DEX_Total": 938.667,
    "DEX_Ratio": 1.658225,
    "GEX_Call": 6475220.095,
    "GEX_Put": -7002322.541,
    "GEX_Total": -527102.446,
    "GEX_Ratio": 0.924725,
    "VEX_Call": -995123.32,
    "VEX_Put": 4841196.577,
    "VEX_Total": 3846073.257,
    "VEX_Ratio": -0.205553,
    "CEX_Call": -8022813.316,
    "CEX_Put": 16037881.697,
    "CEX_Total": 8015068.381,
    "CEX_Ratio": -0.500241
}