{
    "timestamp": "2025-08-26 11:38:17",
    "cum_gam": null,
    "cum_vec": 7597.975065512586,
    "DEX_Call": 736.479,
    "DEX_Put": -300.927,
    "DEX_Total": 435.552,
    "DEX_Ratio": 2.447368,
    "GEX_Call": 4795374.97,
    "GEX_Put": -4536797.085,
    "GEX_Total": 258577.885,
    "GEX_Ratio": 1.056996,
    "VEX_Call": -573457.137,
    "VEX_Put": 1697531.394,
    "VEX_Total": 1124074.257,
    "VEX_Ratio": -0.337818,
    "CEX_Call": -11966783.994,
    "CEX_Put": 17858595.336,
    "CEX_Total": 5891811.342,
    "CEX_Ratio": -0.670085
}