{
    "timestamp": "2025-10-13 12:13:24",
    "cum_gam": 11965.073529411764,
    "cum_vec": 11965.073529411764,
    "DEX_Call": 2230.029,
    "DEX_Put": -1500.643,
    "DEX_Total": 729.386,
    "DEX_Ratio": 1.486049,
    "GEX_Call": 6168090.905,
    "GEX_Put": -7263185.843,
    "GEX_Total": -1095094.938,
    "GEX_Ratio": 0.849227,
    "VEX_Call": -1009710.642,
    "VEX_Put": 4565789.319,
    "VEX_Total": 3556078.677,
    "VEX_Ratio": -0.221147,
    "CEX_Call": -12433113.732,
    "CEX_Put": 8889153.182,
    "CEX_Total": -3543960.55,
    "CEX_Ratio": -1.398684
}