{
    "timestamp": "2025-07-23 09:32:03",
    "cum_gam": null,
    "cum_vec": 8200.0,
    "DEX_Call": 344.343,
    "DEX_Put": -88.466,
    "DEX_Total": 255.877,
    "DEX_Ratio": 3.892377,
    "GEX_Call": 5087627.044,
    "GEX_Put": -1677197.484,
    "GEX_Total": 3410429.56,
    "GEX_Ratio": 3.03341,
    "VEX_Call": -482185.97,
    "VEX_Put": 1033085.372,
    "VEX_Total": 550899.402,
    "VEX_Ratio": -0.466744,
    "CEX_Call": -7559616.276,
    "CEX_Put": 13749384.316,
    "CEX_Total": 6189768.04,
    "CEX_Ratio": -0.549815
}