{
    "timestamp": "2025-10-23 10:33:29",
    "cum_gam": null,
    "cum_vec": null,
    "DEX_Call": 417.575,
    "DEX_Put": -131.602,
    "DEX_Total": 285.973,
    "DEX_Ratio": 3.173014,
    "GEX_Call": 3756075.98,
    "GEX_Put": -2046907.995,
    "GEX_Total": 1709167.985,
    "GEX_Ratio": 1.835,
    "VEX_Call": -208158.87,
    "VEX_Put": 1068084.785,
    "VEX_Total": 859925.915,
    "VEX_Ratio": -0.19489,
    "CEX_Call": -6036339.307,
    "CEX_Put": 18274317.022,
    "CEX_Total": 12237977.715,
    "CEX_Ratio": -0.330318
}