{
    "timestamp": "2025-10-08 08:11:16",
    "cum_gam": null,
    "cum_vec": 7586.089213612767,
    "DEX_Call": 554.555,
    "DEX_Put": -183.874,
    "DEX_Total": 370.681,
    "DEX_Ratio": 3.015951,
    "GEX_Call": 6334369.541,
    "GEX_Put": -3199618.855,
    "GEX_Total": 3134750.686,
    "GEX_Ratio": 1.979726,
    "VEX_Call": -517579.411,
    "VEX_Put": 1963388.222,
    "VEX_Total": 1445808.811,
    "VEX_Ratio": -0.263615,
    "CEX_Call": -7791944.693,
    "CEX_Put": 22219445.225,
    "CEX_Total": 14427500.532,
    "CEX_Ratio": -0.350681
}