{
    "timestamp": "2025-09-19 12:06:05",
    "cum_gam": 9493.877551020409,
    "cum_vec": 9493.877551020409,
    "DEX_Call": 629.551,
    "DEX_Put": -32.257,
    "DEX_Total": 597.294,
    "DEX_Ratio": 19.516725,
    "GEX_Call": 5026334.781,
    "GEX_Put": -2238978.559,
    "GEX_Total": 2787356.222,
    "GEX_Ratio": 2.244923,
    "VEX_Call": 249281.46,
    "VEX_Put": 534563.483,
    "VEX_Total": 783844.943,
    "VEX_Ratio": 0.466327,
    "CEX_Call": 18339017.158,
    "CEX_Put": 40660560.014,
    "CEX_Total": 58999577.172,
    "CEX_Ratio": 0.451027
}