{
    "timestamp": "2025-11-14 10:00:49",
    "cum_gam": 6718.387245434116,
    "cum_vec": 6718.387245434116,
    "DEX_Call": 134.762,
    "DEX_Put": -260.183,
    "DEX_Total": -125.421,
    "DEX_Ratio": 0.517951,
    "GEX_Call": 1572237.374,
    "GEX_Put": -2076509.007,
    "GEX_Total": -504271.633,
    "GEX_Ratio": 0.757154,
    "VEX_Call": -343034.881,
    "VEX_Put": 612961.53,
    "VEX_Total": 269926.649,
    "VEX_Ratio": -0.559635,
    "CEX_Call": -13413194.597,
    "CEX_Put": 23204467.846,
    "CEX_Total": 9791273.249,
    "CEX_Ratio": -0.578044
}