{
    "timestamp": "2025-11-19 10:25:51",
    "cum_gam": 8452.037011804636,
    "cum_vec": 8770.672116898066,
    "DEX_Call": 849.841,
    "DEX_Put": -2019.463,
    "DEX_Total": -1169.622,
    "DEX_Ratio": 0.420825,
    "GEX_Call": 3324833.389,
    "GEX_Put": -5549168.837,
    "GEX_Total": -2224335.448,
    "GEX_Ratio": 0.599159,
    "VEX_Call": -1811648.274,
    "VEX_Put": 2087499.746,
    "VEX_Total": 275851.472,
    "VEX_Ratio": -0.867856,
    "CEX_Call": -17042027.209,
    "CEX_Put": 10030698.225,
    "CEX_Total": -7011328.984,
    "CEX_Ratio": -1.698987
}