{
    "timestamp": "2025-08-06 09:24:22",
    "cum_gam": null,
    "cum_vec": null,
    "DEX_Call": 319.142,
    "DEX_Put": -179.12,
    "DEX_Total": 140.022,
    "DEX_Ratio": 1.781722,
    "GEX_Call": 3822034.21,
    "GEX_Put": -2033802.885,
    "GEX_Total": 1788231.325,
    "GEX_Ratio": 1.879255,
    "VEX_Call": -466554.068,
    "VEX_Put": 956562.552,
    "VEX_Total": 490008.484,
    "VEX_Ratio": -0.48774,
    "CEX_Call": -7449294.101,
    "CEX_Put": 12324537.047,
    "CEX_Total": 4875242.946,
    "CEX_Ratio": -0.604428
}