{
    "timestamp": "2025-09-08 09:06:53",
    "cum_gam": null,
    "cum_vec": null,
    "DEX_Call": 447.744,
    "DEX_Put": -215.976,
    "DEX_Total": 231.768,
    "DEX_Ratio": 2.073119,
    "GEX_Call": 5417123.786,
    "GEX_Put": -3048608.98,
    "GEX_Total": 2368514.806,
    "GEX_Ratio": 1.776917,
    "VEX_Call": -587820.418,
    "VEX_Put": 1780076.582,
    "VEX_Total": 1192256.164,
    "VEX_Ratio": -0.330222,
    "CEX_Call": -6295325.253,
    "CEX_Put": 15160589.592,
    "CEX_Total": 8865264.339,
    "CEX_Ratio": -0.415243
}