{
    "timestamp": "2025-11-10 10:41:48",
    "cum_gam": null,
    "cum_vec": null,
    "DEX_Call": 599.382,
    "DEX_Put": -326.436,
    "DEX_Total": 272.946,
    "DEX_Ratio": 1.836139,
    "GEX_Call": 4737327.308,
    "GEX_Put": -2556373.316,
    "GEX_Total": 2180953.992,
    "GEX_Ratio": 1.853144,
    "VEX_Call": -874562.865,
    "VEX_Put": 1671732.086,
    "VEX_Total": 797169.221,
    "VEX_Ratio": -0.523148,
    "CEX_Call": -8031415.938,
    "CEX_Put": 10532264.977,
    "CEX_Total": 2500849.039,
    "CEX_Ratio": -0.762554
}