{
    "timestamp": "2026-07-20 11:14:53",
    "cum_gam": 9977.358490566037,
    "cum_vec": 9977.358490566037,
    "DEX_Call": 234.109,
    "DEX_Put": -678.507,
    "DEX_Total": -444.398,
    "DEX_Ratio": 0.345035,
    "GEX_Call": 2790788.431,
    "GEX_Put": -4745355.525,
    "GEX_Total": -1954567.094,
    "GEX_Ratio": 0.588109,
    "VEX_Call": -1191455.178,
    "VEX_Put": 1674921.689,
    "VEX_Total": 483466.511,
    "VEX_Ratio": -0.71135,
    "CEX_Call": -13866704.766,
    "CEX_Put": 7275540.232,
    "CEX_Total": -6591164.534,
    "CEX_Ratio": -1.905935
}