{
    "timestamp": "2025-11-20 10:57:33",
    "cum_gam": 6601.671236446964,
    "cum_vec": 6601.671236446964,
    "DEX_Call": 1878.24,
    "DEX_Put": -1763.595,
    "DEX_Total": 114.645,
    "DEX_Ratio": 1.065006,
    "GEX_Call": 2676154.325,
    "GEX_Put": -4840009.937,
    "GEX_Total": -2163855.612,
    "GEX_Ratio": 0.552923,
    "VEX_Call": -1249475.519,
    "VEX_Put": 2416901.32,
    "VEX_Total": 1167425.801,
    "VEX_Ratio": -0.516974,
    "CEX_Call": -21712419.675,
    "CEX_Put": 27055063.955,
    "CEX_Total": 5342644.28,
    "CEX_Ratio": -0.802527
}