{
    "timestamp": "2025-08-19 07:25:20",
    "cum_gam": null,
    "cum_vec": null,
    "DEX_Call": 401.706,
    "DEX_Put": -208.08,
    "DEX_Total": 193.626,
    "DEX_Ratio": 1.930536,
    "GEX_Call": 4005893.441,
    "GEX_Put": -3277680.246,
    "GEX_Total": 728213.195,
    "GEX_Ratio": 1.222173,
    "VEX_Call": -588448.772,
    "VEX_Put": 1499846.393,
    "VEX_Total": 911397.621,
    "VEX_Ratio": -0.392339,
    "CEX_Call": -7048402.7,
    "CEX_Put": 10877597.924,
    "CEX_Total": 3829195.224,
    "CEX_Ratio": -0.647974
}