{
    "timestamp": "2025-07-01 12:44:45",
    "cum_gam": null,
    "cum_vec": null,
    "DEX_Call": 636.202,
    "DEX_Put": -82.152,
    "DEX_Total": 554.05,
    "DEX_Ratio": 7.744206,
    "GEX_Call": 4008515.876,
    "GEX_Put": -2297599.216,
    "GEX_Total": 1710916.66,
    "GEX_Ratio": 1.744654,
    "VEX_Call": -26104.804,
    "VEX_Put": 885751.007,
    "VEX_Total": 859646.203,
    "VEX_Ratio": -0.029472,
    "CEX_Call": -3674240.547,
    "CEX_Put": 39799143.604,
    "CEX_Total": 36124903.057,
    "CEX_Ratio": -0.09232
}