{
    "timestamp": "2025-10-30 11:51:13",
    "cum_gam": 6831.534577781391,
    "cum_vec": 6831.534577781391,
    "DEX_Call": 674.72,
    "DEX_Put": -454.16,
    "DEX_Total": 220.56,
    "DEX_Ratio": 1.485644,
    "GEX_Call": 2989811.362,
    "GEX_Put": -3559246.732,
    "GEX_Total": -569435.37,
    "GEX_Ratio": 0.840012,
    "VEX_Call": -323241.769,
    "VEX_Put": 828038.903,
    "VEX_Total": 504797.134,
    "VEX_Ratio": -0.39037,
    "CEX_Call": -11824123.569,
    "CEX_Put": 6468181.634,
    "CEX_Total": -5355941.935,
    "CEX_Ratio": -1.828044
}