{
    "timestamp": "2025-07-09 10:03:05",
    "cum_gam": null,
    "cum_vec": null,
    "DEX_Call": 286.632,
    "DEX_Put": -132.863,
    "DEX_Total": 153.769,
    "DEX_Ratio": 2.15735,
    "GEX_Call": 2711215.269,
    "GEX_Put": -1914071.334,
    "GEX_Total": 797143.935,
    "GEX_Ratio": 1.416465,
    "VEX_Call": -355122.045,
    "VEX_Put": 803820.728,
    "VEX_Total": 448698.683,
    "VEX_Ratio": -0.441793,
    "CEX_Call": -8491641.87,
    "CEX_Put": 12373149.553,
    "CEX_Total": 3881507.683,
    "CEX_Ratio": -0.686296
}