{
    "timestamp": "2025-10-22 07:35:53",
    "cum_gam": 6652.300284313701,
    "cum_vec": 6652.300284313701,
    "DEX_Call": 400.124,
    "DEX_Put": -351.685,
    "DEX_Total": 48.439,
    "DEX_Ratio": 1.137734,
    "GEX_Call": 3145442.32,
    "GEX_Put": -3959672.031,
    "GEX_Total": -814229.711,
    "GEX_Ratio": 0.794369,
    "VEX_Call": -711517.964,
    "VEX_Put": 1836881.489,
    "VEX_Total": 1125363.525,
    "VEX_Ratio": -0.387351,
    "CEX_Call": -9994905.82,
    "CEX_Put": 19214330.044,
    "CEX_Total": 9219424.224,
    "CEX_Ratio": -0.52018
}