{
    "timestamp": "2025-11-06 11:53:35",
    "cum_gam": 6761.075576678676,
    "cum_vec": 6761.075576678676,
    "DEX_Call": 190.408,
    "DEX_Put": -355.889,
    "DEX_Total": -165.481,
    "DEX_Ratio": 0.535021,
    "GEX_Call": 1122828.842,
    "GEX_Put": -3474915.776,
    "GEX_Total": -2352086.934,
    "GEX_Ratio": 0.323124,
    "VEX_Call": -494058.186,
    "VEX_Put": 819364.922,
    "VEX_Total": 325306.736,
    "VEX_Ratio": -0.602977,
    "CEX_Call": -13510559.213,
    "CEX_Put": 16438601.369,
    "CEX_Total": 2928042.156,
    "CEX_Ratio": -0.82188
}