{
    "timestamp": "2025-11-03 09:59:50",
    "cum_gam": null,
    "cum_vec": null,
    "DEX_Call": 544.693,
    "DEX_Put": -386.865,
    "DEX_Total": 157.828,
    "DEX_Ratio": 1.407967,
    "GEX_Call": 4185676.731,
    "GEX_Put": -3555027.014,
    "GEX_Total": 630649.717,
    "GEX_Ratio": 1.177397,
    "VEX_Call": -804035.75,
    "VEX_Put": 1911023.786,
    "VEX_Total": 1106988.036,
    "VEX_Ratio": -0.420736,
    "CEX_Call": -9663041.254,
    "CEX_Put": 14438674.513,
    "CEX_Total": 4775633.259,
    "CEX_Ratio": -0.669247
}