{
    "timestamp": "2025-08-20 10:12:38",
    "cum_gam": 8199.167317200105,
    "cum_vec": 8400.0,
    "DEX_Call": 168.332,
    "DEX_Put": -494.253,
    "DEX_Total": -325.921,
    "DEX_Ratio": 0.340579,
    "GEX_Call": 1460750.596,
    "GEX_Put": -4514960.023,
    "GEX_Total": -3054209.427,
    "GEX_Ratio": 0.323536,
    "VEX_Call": -549657.402,
    "VEX_Put": 984708.164,
    "VEX_Total": 435050.762,
    "VEX_Ratio": -0.558193,
    "CEX_Call": -8565853.289,
    "CEX_Put": 9410955.902,
    "CEX_Total": 845102.613,
    "CEX_Ratio": -0.9102
}