{
    "timestamp": "2025-08-19 07:16:48",
    "cum_gam": null,
    "cum_vec": null,
    "DEX_Call": 303.432,
    "DEX_Put": -216.917,
    "DEX_Total": 86.515,
    "DEX_Ratio": 1.398839,
    "GEX_Call": 3924671.91,
    "GEX_Put": -3309197.231,
    "GEX_Total": 615474.679,
    "GEX_Ratio": 1.185989,
    "VEX_Call": -646369.843,
    "VEX_Put": 1504002.42,
    "VEX_Total": 857632.577,
    "VEX_Ratio": -0.429766,
    "CEX_Call": -7800411.537,
    "CEX_Put": 10649216.491,
    "CEX_Total": 2848804.954,
    "CEX_Ratio": -0.732487
}