{
    "timestamp": "2025-11-26 08:27:07",
    "cum_gam": null,
    "cum_vec": 8282.47108947048,
    "DEX_Call": 1016.528,
    "DEX_Put": -157.497,
    "DEX_Total": 859.031,
    "DEX_Ratio": 6.454269,
    "GEX_Call": 6519977.067,
    "GEX_Put": -2008855.571,
    "GEX_Total": 4511121.496,
    "GEX_Ratio": 3.245618,
    "VEX_Call": -396250.154,
    "VEX_Put": 1464190.999,
    "VEX_Total": 1067940.845,
    "VEX_Ratio": -0.270627,
    "CEX_Call": -12825871.618,
    "CEX_Put": 15680463.554,
    "CEX_Total": 2854591.936,
    "CEX_Ratio": -0.817952
}