{
    "timestamp": "2025-08-05 11:06:47",
    "cum_gam": 6281.6176194985765,
    "cum_vec": 6281.6176194985765,
    "DEX_Call": 247.058,
    "DEX_Put": -311.325,
    "DEX_Total": -64.267,
    "DEX_Ratio": 0.793569,
    "GEX_Call": 3009193.301,
    "GEX_Put": -3631634.956,
    "GEX_Total": -622441.655,
    "GEX_Ratio": 0.828606,
    "VEX_Call": -764438.831,
    "VEX_Put": 1117157.594,
    "VEX_Total": 352718.763,
    "VEX_Ratio": -0.684271,
    "CEX_Call": -15102247.277,
    "CEX_Put": 18502970.5,
    "CEX_Total": 3400723.223,
    "CEX_Ratio": -0.816207
}