{
    "timestamp": "2025-09-17 12:45:26",
    "cum_gam": null,
    "cum_vec": null,
    "DEX_Call": 10002.364,
    "DEX_Put": -806.921,
    "DEX_Total": 9195.443,
    "DEX_Ratio": 12.395717,
    "GEX_Call": 10204983.174,
    "GEX_Put": -8096409.62,
    "GEX_Total": 2108573.554,
    "GEX_Ratio": 1.260433,
    "VEX_Call": 6022635.894,
    "VEX_Put": 8180099.483,
    "VEX_Total": 14202735.377,
    "VEX_Ratio": 0.736255,
    "CEX_Call": 5676690.23,
    "CEX_Put": 48273485.294,
    "CEX_Total": 53950175.524,
    "CEX_Ratio": 0.117594
}