{
    "timestamp": "2025-10-06 10:21:54",
    "cum_gam": null,
    "cum_vec": null,
    "DEX_Call": 665.24,
    "DEX_Put": -205.1,
    "DEX_Total": 460.14,
    "DEX_Ratio": 3.243491,
    "GEX_Call": 5606806.001,
    "GEX_Put": -3066809.34,
    "GEX_Total": 2539996.661,
    "GEX_Ratio": 1.828221,
    "VEX_Call": -394679.602,
    "VEX_Put": 2160464.505,
    "VEX_Total": 1765784.903,
    "VEX_Ratio": -0.182683,
    "CEX_Call": -3907170.717,
    "CEX_Put": 18610181.371,
    "CEX_Total": 14703010.654,
    "CEX_Ratio": -0.209948
}