{
    "timestamp": "2025-09-25 12:05:36",
    "cum_gam": 6633.898406063382,
    "cum_vec": 8600.0,
    "DEX_Call": 200.496,
    "DEX_Put": -390.391,
    "DEX_Total": -189.895,
    "DEX_Ratio": 0.513577,
    "GEX_Call": 1602563.192,
    "GEX_Put": -4362709.31,
    "GEX_Total": -2760146.118,
    "GEX_Ratio": 0.367332,
    "VEX_Call": -317992.695,
    "VEX_Put": 572978.449,
    "VEX_Total": 254985.754,
    "VEX_Ratio": -0.554982,
    "CEX_Call": -11386518.562,
    "CEX_Put": 9274966.699,
    "CEX_Total": -2111551.863,
    "CEX_Ratio": -1.227661
}