{
    "timestamp": "2025-10-29 11:59:56",
    "cum_gam": null,
    "cum_vec": 8439.072847682119,
    "DEX_Call": 1400.598,
    "DEX_Put": -409.175,
    "DEX_Total": 991.423,
    "DEX_Ratio": 3.42298,
    "GEX_Call": 6249309.771,
    "GEX_Put": -4082598.409,
    "GEX_Total": 2166711.362,
    "GEX_Ratio": 1.530719,
    "VEX_Call": -482813.89,
    "VEX_Put": 2376822.223,
    "VEX_Total": 1894008.333,
    "VEX_Ratio": -0.203134,
    "CEX_Call": -33255076.461,
    "CEX_Put": 47047758.521,
    "CEX_Total": 13792682.06,
    "CEX_Ratio": -0.706837
}