{
    "timestamp": "2025-10-21 12:12:21",
    "cum_gam": null,
    "cum_vec": null,
    "DEX_Call": 474.176,
    "DEX_Put": -218.071,
    "DEX_Total": 256.105,
    "DEX_Ratio": 2.174411,
    "GEX_Call": 5362417.625,
    "GEX_Put": -3193796.246,
    "GEX_Total": 2168621.379,
    "GEX_Ratio": 1.679011,
    "VEX_Call": -464129.511,
    "VEX_Put": 1671746.427,
    "VEX_Total": 1207616.916,
    "VEX_Ratio": -0.277632,
    "CEX_Call": -16127849.075,
    "CEX_Put": 19014646.711,
    "CEX_Total": 2886797.636,
    "CEX_Ratio": -0.84818
}