{
    "timestamp": "2025-09-02 12:55:20",
    "cum_gam": 8199.555061179088,
    "cum_vec": 8400.0,
    "DEX_Call": 125.643,
    "DEX_Put": -516.002,
    "DEX_Total": -390.359,
    "DEX_Ratio": 0.243493,
    "GEX_Call": 1318646.489,
    "GEX_Put": -4148702.634,
    "GEX_Total": -2830056.145,
    "GEX_Ratio": 0.317846,
    "VEX_Call": -573499.569,
    "VEX_Put": 983871.084,
    "VEX_Total": 410371.515,
    "VEX_Ratio": -0.582901,
    "CEX_Call": -12986957.775,
    "CEX_Put": 3844500.851,
    "CEX_Total": -9142456.924,
    "CEX_Ratio": -3.378061
}