{
    "timestamp": "2025-11-17 10:47:20",
    "cum_gam": 6691.585826188199,
    "cum_vec": 8082.250707052276,
    "DEX_Call": 1149.349,
    "DEX_Put": -1504.809,
    "DEX_Total": -355.46,
    "DEX_Ratio": 0.763784,
    "GEX_Call": 3778863.595,
    "GEX_Put": -5892098.784,
    "GEX_Total": -2113235.189,
    "GEX_Ratio": 0.641344,
    "VEX_Call": -1440534.729,
    "VEX_Put": 3781441.552,
    "VEX_Total": 2340906.823,
    "VEX_Ratio": -0.380949,
    "CEX_Call": -10686360.125,
    "CEX_Put": 24860310.215,
    "CEX_Total": 14173950.09,
    "CEX_Ratio": -0.429856
}