{
    "timestamp": "2025-08-15 07:28:47",
    "cum_gam": null,
    "cum_vec": 7576.23482598541,
    "DEX_Call": 158.149,
    "DEX_Put": -120.855,
    "DEX_Total": 37.294,
    "DEX_Ratio": 1.308585,
    "GEX_Call": 2660939.201,
    "GEX_Put": -1853614.714,
    "GEX_Total": 807324.487,
    "GEX_Ratio": 1.435541,
    "VEX_Call": -355810.797,
    "VEX_Put": 515957.765,
    "VEX_Total": 160146.968,
    "VEX_Ratio": -0.689612,
    "CEX_Call": -9381178.62,
    "CEX_Put": 12711192.872,
    "CEX_Total": 3330014.252,
    "CEX_Ratio": -0.738025
}