{
    "timestamp": "2025-08-21 12:31:51",
    "cum_gam": 6382.4516886229885,
    "cum_vec": 6382.4516886229885,
    "DEX_Call": 174.31,
    "DEX_Put": -333.432,
    "DEX_Total": -159.122,
    "DEX_Ratio": 0.522775,
    "GEX_Call": 1375948.5,
    "GEX_Put": -3029711.173,
    "GEX_Total": -1653762.673,
    "GEX_Ratio": 0.454152,
    "VEX_Call": -360058.379,
    "VEX_Put": 666954.529,
    "VEX_Total": 306896.15,
    "VEX_Ratio": -0.539854,
    "CEX_Call": -12807620.569,
    "CEX_Put": 9256916.172,
    "CEX_Total": -3550704.397,
    "CEX_Ratio": -1.383573
}