{
    "timestamp": "2025-10-27 12:54:13",
    "cum_gam": null,
    "cum_vec": null,
    "DEX_Call": 1940.696,
    "DEX_Put": -189.44,
    "DEX_Total": 1751.256,
    "DEX_Ratio": 10.244383,
    "GEX_Call": 14643551.925,
    "GEX_Put": -1400605.729,
    "GEX_Total": 13242946.196,
    "GEX_Ratio": 10.455156,
    "VEX_Call": 764681.766,
    "VEX_Put": 2338027.832,
    "VEX_Total": 3102709.598,
    "VEX_Ratio": 0.327063,
    "CEX_Call": 28328795.005,
    "CEX_Put": 18810727.372,
    "CEX_Total": 47139522.377,
    "CEX_Ratio": 1.505991
}