{
    "timestamp": "2025-08-27 07:45:42",
    "cum_gam": null,
    "cum_vec": 7727.076411960133,
    "DEX_Call": 847.674,
    "DEX_Put": -195.152,
    "DEX_Total": 652.522,
    "DEX_Ratio": 4.34366,
    "GEX_Call": 5562155.369,
    "GEX_Put": -2691686.648,
    "GEX_Total": 2870468.721,
    "GEX_Ratio": 2.06642,
    "VEX_Call": -483363.606,
    "VEX_Put": 1660498.845,
    "VEX_Total": 1177135.239,
    "VEX_Ratio": -0.291095,
    "CEX_Call": -8018975.098,
    "CEX_Put": 13328252.451,
    "CEX_Total": 5309277.353,
    "CEX_Ratio": -0.601652
}