{
    "timestamp": "2025-10-20 11:11:46",
    "cum_gam": null,
    "cum_vec": null,
    "DEX_Call": 799.743,
    "DEX_Put": -201.51,
    "DEX_Total": 598.233,
    "DEX_Ratio": 3.968751,
    "GEX_Call": 6330789.192,
    "GEX_Put": -1988346.034,
    "GEX_Total": 4342443.158,
    "GEX_Ratio": 3.183947,
    "VEX_Call": -344465.079,
    "VEX_Put": 2138492.861,
    "VEX_Total": 1794027.782,
    "VEX_Ratio": -0.161078,
    "CEX_Call": -4212557.121,
    "CEX_Put": 16672085.893,
    "CEX_Total": 12459528.772,
    "CEX_Ratio": -0.252671
}