{
    "timestamp": "2025-09-16 10:44:14",
    "cum_gam": null,
    "cum_vec": null,
    "DEX_Call": 10650.478,
    "DEX_Put": -719.274,
    "DEX_Total": 9931.204,
    "DEX_Ratio": 14.807261,
    "GEX_Call": 11206150.83,
    "GEX_Put": -7846840.017,
    "GEX_Total": 3359310.813,
    "GEX_Ratio": 1.42811,
    "VEX_Call": 6936868.44,
    "VEX_Put": 9053827.775,
    "VEX_Total": 15990696.215,
    "VEX_Ratio": 0.766181,
    "CEX_Call": 11009703.25,
    "CEX_Put": 34045513.441,
    "CEX_Total": 45055216.691,
    "CEX_Ratio": 0.323382
}