{
    "timestamp": "2025-07-28 12:45:08",
    "cum_gam": null,
    "cum_vec": 6918.48297750257,
    "DEX_Call": 652.883,
    "DEX_Put": -224.945,
    "DEX_Total": 427.938,
    "DEX_Ratio": 2.902412,
    "GEX_Call": 4966306.702,
    "GEX_Put": -3286456.142,
    "GEX_Total": 1679850.56,
    "GEX_Ratio": 1.511143,
    "VEX_Call": -659784.855,
    "VEX_Put": 1449205.95,
    "VEX_Total": 789421.095,
    "VEX_Ratio": -0.455273,
    "CEX_Call": -15715828.076,
    "CEX_Put": 12986534.697,
    "CEX_Total": -2729293.379,
    "CEX_Ratio": -1.210163
}