{
    "timestamp": "2025-11-06 09:43:40",
    "cum_gam": 6753.482749369688,
    "cum_vec": 6753.482749369688,
    "DEX_Call": 174.198,
    "DEX_Put": -472.934,
    "DEX_Total": -298.736,
    "DEX_Ratio": 0.368335,
    "GEX_Call": 964495.701,
    "GEX_Put": -3311342.459,
    "GEX_Total": -2346846.758,
    "GEX_Ratio": 0.29127,
    "VEX_Call": -583930.695,
    "VEX_Put": 836896.675,
    "VEX_Total": 252965.98,
    "VEX_Ratio": -0.697733,
    "CEX_Call": -10383295.021,
    "CEX_Put": 11464223.251,
    "CEX_Total": 1080928.23,
    "CEX_Ratio": -0.905713
}