{
    "timestamp": "2026-07-20 10:53:46",
    "cum_gam": 9978.378378378378,
    "cum_vec": 9978.378378378378,
    "DEX_Call": 222.169,
    "DEX_Put": -699.496,
    "DEX_Total": -477.327,
    "DEX_Ratio": 0.317613,
    "GEX_Call": 2672674.126,
    "GEX_Put": -4754373.588,
    "GEX_Total": -2081699.462,
    "GEX_Ratio": 0.562151,
    "VEX_Call": -1191240.556,
    "VEX_Put": 1681533.722,
    "VEX_Total": 490293.166,
    "VEX_Ratio": -0.708425,
    "CEX_Call": -12648395.254,
    "CEX_Put": 6269408.525,
    "CEX_Total": -6378986.729,
    "CEX_Ratio": -2.017478
}