{
    "timestamp": "2025-08-22 07:46:25",
    "cum_gam": null,
    "cum_vec": 7363.331796526817,
    "DEX_Call": 425.086,
    "DEX_Put": -48.929,
    "DEX_Total": 376.157,
    "DEX_Ratio": 8.687813,
    "GEX_Call": 3748750.146,
    "GEX_Put": -882812.399,
    "GEX_Total": 2865937.747,
    "GEX_Ratio": 4.246372,
    "VEX_Call": -43198.824,
    "VEX_Put": 610020.523,
    "VEX_Total": 566821.699,
    "VEX_Ratio": -0.070815,
    "CEX_Call": -1721289.03,
    "CEX_Put": 15898991.567,
    "CEX_Total": 14177702.537,
    "CEX_Ratio": -0.108264
}