{
    "timestamp": "2025-11-21 09:20:42",
    "cum_gam": 10731.707317073171,
    "cum_vec": 11200.0,
    "DEX_Call": 65.765,
    "DEX_Put": -607.37,
    "DEX_Total": -541.605,
    "DEX_Ratio": 0.108278,
    "GEX_Call": 557686.674,
    "GEX_Put": -2084732.685,
    "GEX_Total": -1527046.011,
    "GEX_Ratio": 0.26751,
    "VEX_Call": -341785.951,
    "VEX_Put": 411359.891,
    "VEX_Total": 69573.94,
    "VEX_Ratio": -0.830868,
    "CEX_Call": -11819234.856,
    "CEX_Put": 13794624.632,
    "CEX_Total": 1975389.776,
    "CEX_Ratio": -0.8568
}