{
    "timestamp": "2025-08-18 11:11:21",
    "cum_gam": 8199.495665878645,
    "cum_vec": 8400.0,
    "DEX_Call": 368.772,
    "DEX_Put": -237.904,
    "DEX_Total": 130.868,
    "DEX_Ratio": 1.550087,
    "GEX_Call": 3999029.267,
    "GEX_Put": -3181630.507,
    "GEX_Total": 817398.76,
    "GEX_Ratio": 1.256912,
    "VEX_Call": -530800.885,
    "VEX_Put": 1454964.97,
    "VEX_Total": 924164.085,
    "VEX_Ratio": -0.36482,
    "CEX_Call": -9465281.039,
    "CEX_Put": 11495119.165,
    "CEX_Total": 2029838.126,
    "CEX_Ratio": -0.823417
}