{
    "timestamp": "2025-11-10 08:43:23",
    "cum_gam": null,
    "cum_vec": null,
    "DEX_Call": 603.642,
    "DEX_Put": -343.011,
    "DEX_Total": 260.631,
    "DEX_Ratio": 1.759833,
    "GEX_Call": 4533920.991,
    "GEX_Put": -2527702.688,
    "GEX_Total": 2006218.303,
    "GEX_Ratio": 1.793692,
    "VEX_Call": -906480.911,
    "VEX_Put": 1860195.676,
    "VEX_Total": 953714.765,
    "VEX_Ratio": -0.487304,
    "CEX_Call": -6033136.79,
    "CEX_Put": 11021328.257,
    "CEX_Total": 4988191.467,
    "CEX_Ratio": -0.547406
}