{
    "timestamp": "2025-08-05 09:46:35",
    "cum_gam": 6296.965678821603,
    "cum_vec": 6296.965678821603,
    "DEX_Call": 207.032,
    "DEX_Put": -427.624,
    "DEX_Total": -220.592,
    "DEX_Ratio": 0.484145,
    "GEX_Call": 2214206.3,
    "GEX_Put": -4262775.349,
    "GEX_Total": -2048569.049,
    "GEX_Ratio": 0.519428,
    "VEX_Call": -820514.096,
    "VEX_Put": 1029912.209,
    "VEX_Total": 209398.113,
    "VEX_Ratio": -0.796684,
    "CEX_Call": -11318293.072,
    "CEX_Put": 10004962.239,
    "CEX_Total": -1313330.833,
    "CEX_Ratio": -1.131268
}