{
    "timestamp": "2025-10-30 08:42:15",
    "cum_gam": null,
    "cum_vec": null,
    "DEX_Call": 984.124,
    "DEX_Put": -363.998,
    "DEX_Total": 620.126,
    "DEX_Ratio": 2.703652,
    "GEX_Call": 3196971.59,
    "GEX_Put": -3190524.347,
    "GEX_Total": 6447.243,
    "GEX_Ratio": 1.002021,
    "VEX_Call": -211344.943,
    "VEX_Put": 1347130.34,
    "VEX_Total": 1135785.397,
    "VEX_Ratio": -0.156885,
    "CEX_Call": -4843912.254,
    "CEX_Put": 12932794.235,
    "CEX_Total": 8088881.981,
    "CEX_Ratio": -0.374545
}