{
    "timestamp": "2025-08-12 08:52:21",
    "cum_gam": 7004.95936651563,
    "cum_vec": 7526.038458087862,
    "DEX_Call": 1537.808,
    "DEX_Put": -337.213,
    "DEX_Total": 1200.595,
    "DEX_Ratio": 4.560346,
    "GEX_Call": 8142383.516,
    "GEX_Put": -2886715.202,
    "GEX_Total": 5255668.314,
    "GEX_Ratio": 2.82064,
    "VEX_Call": -109278.57,
    "VEX_Put": 3082284.71,
    "VEX_Total": 2973006.14,
    "VEX_Ratio": -0.035454,
    "CEX_Call": -2533705.917,
    "CEX_Put": 18049019.92,
    "CEX_Total": 15515314.003,
    "CEX_Ratio": -0.140379
}