{
    "timestamp": "2025-09-25 07:21:00",
    "cum_gam": 6619.129932737422,
    "cum_vec": 8090.598290598291,
    "DEX_Call": 188.679,
    "DEX_Put": -420.741,
    "DEX_Total": -232.062,
    "DEX_Ratio": 0.448445,
    "GEX_Call": 1776100.429,
    "GEX_Put": -3968017.503,
    "GEX_Total": -2191917.074,
    "GEX_Ratio": 0.447604,
    "VEX_Call": -488575.799,
    "VEX_Put": 883860.488,
    "VEX_Total": 395284.689,
    "VEX_Ratio": -0.552775,
    "CEX_Call": -7221847.257,
    "CEX_Put": 10629131.738,
    "CEX_Total": 3407284.481,
    "CEX_Ratio": -0.679439
}