{
    "timestamp": "2025-07-01 12:47:39",
    "cum_gam": null,
    "cum_vec": null,
    "DEX_Call": 641.08,
    "DEX_Put": -71.279,
    "DEX_Total": 569.801,
    "DEX_Ratio": 8.993953,
    "GEX_Call": 4091464.077,
    "GEX_Put": -1982497.281,
    "GEX_Total": 2108966.796,
    "GEX_Ratio": 2.063793,
    "VEX_Call": 114814.185,
    "VEX_Put": 833182.347,
    "VEX_Total": 947996.532,
    "VEX_Ratio": 0.137802,
    "CEX_Call": 6486048.462,
    "CEX_Put": 34901506.241,
    "CEX_Total": 41387554.703,
    "CEX_Ratio": 0.185839
}