{
    "timestamp": "2025-10-09 12:11:16",
    "cum_gam": 6723.979193759618,
    "cum_vec": 6723.979193759618,
    "DEX_Call": 226.143,
    "DEX_Put": -263.947,
    "DEX_Total": -37.804,
    "DEX_Ratio": 0.856774,
    "GEX_Call": 3044881.832,
    "GEX_Put": -8277410.132,
    "GEX_Total": -5232528.3,
    "GEX_Ratio": 0.367854,
    "VEX_Call": -467667.715,
    "VEX_Put": 1359507.399,
    "VEX_Total": 891839.684,
    "VEX_Ratio": -0.343998,
    "CEX_Call": -20467335.191,
    "CEX_Put": 41792674.88,
    "CEX_Total": 21325339.689,
    "CEX_Ratio": -0.489735
}