{
    "timestamp": "2025-10-15 12:37:41",
    "cum_gam": 7004.514479382515,
    "cum_vec": 7004.514479382515,
    "DEX_Call": 1567.328,
    "DEX_Put": -1251.118,
    "DEX_Total": 316.21,
    "DEX_Ratio": 1.252742,
    "GEX_Call": 6496363.033,
    "GEX_Put": -6169748.318,
    "GEX_Total": 326614.715,
    "GEX_Ratio": 1.052938,
    "VEX_Call": -955599.096,
    "VEX_Put": 3419949.622,
    "VEX_Total": 2464350.526,
    "VEX_Ratio": -0.279419,
    "CEX_Call": -18126232.465,
    "CEX_Put": 23484015.052,
    "CEX_Total": 5357782.587,
    "CEX_Ratio": -0.771854
}