{
    "timestamp": "2025-09-02 09:45:07",
    "cum_gam": 6427.399729677953,
    "cum_vec": 8400.0,
    "DEX_Call": 105.698,
    "DEX_Put": -754.936,
    "DEX_Total": -649.238,
    "DEX_Ratio": 0.140009,
    "GEX_Call": 991349.98,
    "GEX_Put": -4106772.034,
    "GEX_Total": -3115422.054,
    "GEX_Ratio": 0.241394,
    "VEX_Call": -647659.679,
    "VEX_Put": 730649.168,
    "VEX_Total": 82989.489,
    "VEX_Ratio": -0.886417,
    "CEX_Call": -6723235.592,
    "CEX_Put": 1573795.012,
    "CEX_Total": -5149440.58,
    "CEX_Ratio": -4.271989
}