{
    "timestamp": "2025-10-09 10:36:34",
    "cum_gam": 6722.897970435402,
    "cum_vec": 6722.897970435402,
    "DEX_Call": 260.999,
    "DEX_Put": -380.428,
    "DEX_Total": -119.429,
    "DEX_Ratio": 0.686067,
    "GEX_Call": 2678088.278,
    "GEX_Put": -7638818.432,
    "GEX_Total": -4960730.154,
    "GEX_Ratio": 0.350589,
    "VEX_Call": -602593.69,
    "VEX_Put": 1359053.022,
    "VEX_Total": 756459.332,
    "VEX_Ratio": -0.443392,
    "CEX_Call": -14701932.878,
    "CEX_Put": 20331889.855,
    "CEX_Total": 5629956.977,
    "CEX_Ratio": -0.723097
}