{
    "timestamp": "2025-08-13 11:02:39",
    "cum_gam": 7009.72097017543,
    "cum_vec": 7526.441400217354,
    "DEX_Call": 1267.86,
    "DEX_Put": -299.559,
    "DEX_Total": 968.301,
    "DEX_Ratio": 4.232422,
    "GEX_Call": 9210143.613,
    "GEX_Put": -3088000.999,
    "GEX_Total": 6122142.614,
    "GEX_Ratio": 2.982558,
    "VEX_Call": -227137.19,
    "VEX_Put": 2466407.643,
    "VEX_Total": 2239270.453,
    "VEX_Ratio": -0.092092,
    "CEX_Call": -9745941.59,
    "CEX_Put": 19185762.944,
    "CEX_Total": 9439821.354,
    "CEX_Ratio": -0.507978
}