{
    "timestamp": "2025-09-09 10:44:36",
    "cum_gam": null,
    "cum_vec": null,
    "DEX_Call": 422.518,
    "DEX_Put": -179.692,
    "DEX_Total": 242.826,
    "DEX_Ratio": 2.351346,
    "GEX_Call": 5121574.336,
    "GEX_Put": -2834051.468,
    "GEX_Total": 2287522.868,
    "GEX_Ratio": 1.807156,
    "VEX_Call": -524566.407,
    "VEX_Put": 1518090.915,
    "VEX_Total": 993524.508,
    "VEX_Ratio": -0.345543,
    "CEX_Call": -7322192.558,
    "CEX_Put": 14519167.66,
    "CEX_Total": 7196975.102,
    "CEX_Ratio": -0.504312
}