{
    "timestamp": "2025-10-21 08:06:19",
    "cum_gam": null,
    "cum_vec": 8195.389239356608,
    "DEX_Call": 665.293,
    "DEX_Put": -214.166,
    "DEX_Total": 451.127,
    "DEX_Ratio": 3.106436,
    "GEX_Call": 5215245.559,
    "GEX_Put": -2801394.677,
    "GEX_Total": 2413850.882,
    "GEX_Ratio": 1.86166,
    "VEX_Call": -532395.516,
    "VEX_Put": 2065205.407,
    "VEX_Total": 1532809.891,
    "VEX_Ratio": -0.257793,
    "CEX_Call": -7221771.319,
    "CEX_Put": 15910453.454,
    "CEX_Total": 8688682.135,
    "CEX_Ratio": -0.453901
}