{
    "timestamp": "2025-10-07 08:46:23",
    "cum_gam": 6678.670514448753,
    "cum_vec": 6678.670514448753,
    "DEX_Call": 380.805,
    "DEX_Put": -406.651,
    "DEX_Total": -25.846,
    "DEX_Ratio": 0.936442,
    "GEX_Call": 3059540.432,
    "GEX_Put": -4478257.32,
    "GEX_Total": -1418716.888,
    "GEX_Ratio": 0.683199,
    "VEX_Call": -878690.205,
    "VEX_Put": 2045704.618,
    "VEX_Total": 1167014.413,
    "VEX_Ratio": -0.429529,
    "CEX_Call": -11526151.187,
    "CEX_Put": 18213168.025,
    "CEX_Total": 6687016.838,
    "CEX_Ratio": -0.632847
}