{
    "timestamp": "2025-10-31 11:08:36",
    "cum_gam": null,
    "cum_vec": null,
    "DEX_Call": 769.831,
    "DEX_Put": -173.721,
    "DEX_Total": 596.11,
    "DEX_Ratio": 4.431422,
    "GEX_Call": 2830239.038,
    "GEX_Put": -2757863.498,
    "GEX_Total": 72375.54,
    "GEX_Ratio": 1.026243,
    "VEX_Call": 60075.638,
    "VEX_Put": 501604.812,
    "VEX_Total": 561680.45,
    "VEX_Ratio": 0.119767,
    "CEX_Call": 2648970.776,
    "CEX_Put": 25378566.181,
    "CEX_Total": 28027536.957,
    "CEX_Ratio": 0.104378
}