{
    "timestamp": "2025-10-27 07:18:59",
    "cum_gam": null,
    "cum_vec": null,
    "DEX_Call": 1549.594,
    "DEX_Put": -260.591,
    "DEX_Total": 1289.003,
    "DEX_Ratio": 5.94646,
    "GEX_Call": 8701332.771,
    "GEX_Put": -2170116.293,
    "GEX_Total": 6531216.478,
    "GEX_Ratio": 4.009616,
    "VEX_Call": 47321.446,
    "VEX_Put": 3086341.947,
    "VEX_Total": 3133663.393,
    "VEX_Ratio": 0.015333,
    "CEX_Call": -4455713.092,
    "CEX_Put": 17241529.515,
    "CEX_Total": 12785816.423,
    "CEX_Ratio": -0.258429
}