{
    "timestamp": "2025-10-14 10:50:08",
    "cum_gam": null,
    "cum_vec": 9192.835526506618,
    "DEX_Call": 3113.591,
    "DEX_Put": -997.665,
    "DEX_Total": 2115.926,
    "DEX_Ratio": 3.120878,
    "GEX_Call": 7841851.256,
    "GEX_Put": -6375979.589,
    "GEX_Total": 1465871.667,
    "GEX_Ratio": 1.229905,
    "VEX_Call": -650181.393,
    "VEX_Put": 4734290.665,
    "VEX_Total": 4084109.272,
    "VEX_Ratio": -0.137334,
    "CEX_Call": -12166426.195,
    "CEX_Put": 24395435.933,
    "CEX_Total": 12229009.738,
    "CEX_Ratio": -0.498717
}