{
    "timestamp": "2025-06-27 10:45:27",
    "cum_gam": null,
    "cum_vec": null,
    "DEX_Call": 46.556,
    "DEX_Put": -14.483,
    "DEX_Total": 32.073,
    "DEX_Ratio": 3.214527,
    "GEX_Call": 3060478.903,
    "GEX_Put": -465914.63,
    "GEX_Total": 2594564.273,
    "GEX_Ratio": 6.568755,
    "VEX_Call": -228796.75,
    "VEX_Put": 354942.376,
    "VEX_Total": 126145.626,
    "VEX_Ratio": -0.644603,
    "CEX_Call": -12126223.122,
    "CEX_Put": 17997444.271,
    "CEX_Total": 5871221.149,
    "CEX_Ratio": -0.673775
}