{
    "timestamp": "2025-08-07 07:51:54",
    "cum_gam": null,
    "cum_vec": 8200.0,
    "DEX_Call": 297.962,
    "DEX_Put": -147.771,
    "DEX_Total": 150.191,
    "DEX_Ratio": 2.016377,
    "GEX_Call": 3250001.844,
    "GEX_Put": -1852422.327,
    "GEX_Total": 1397579.517,
    "GEX_Ratio": 1.754461,
    "VEX_Call": -526499.926,
    "VEX_Put": 859956.769,
    "VEX_Total": 333456.843,
    "VEX_Ratio": -0.61224,
    "CEX_Call": -8697300.897,
    "CEX_Put": 11134745.924,
    "CEX_Total": 2437445.027,
    "CEX_Ratio": -0.781096
}