{
    "timestamp": "2025-09-11 06:36:38",
    "cum_gam": 8180.466148723641,
    "cum_vec": 8180.466148723641,
    "DEX_Call": 380.703,
    "DEX_Put": -88.35,
    "DEX_Total": 292.353,
    "DEX_Ratio": 4.309032,
    "GEX_Call": 3834809.962,
    "GEX_Put": -1693807.473,
    "GEX_Total": 2141002.489,
    "GEX_Ratio": 2.264018,
    "VEX_Call": -198697.939,
    "VEX_Put": 1157550.083,
    "VEX_Total": 958852.144,
    "VEX_Ratio": -0.171654,
    "CEX_Call": -3965332.707,
    "CEX_Put": 13931105.497,
    "CEX_Total": 9965772.79,
    "CEX_Ratio": -0.284639
}