{
    "timestamp": "2025-07-09 09:17:11",
    "cum_gam": null,
    "cum_vec": null,
    "DEX_Call": 372.916,
    "DEX_Put": -119.224,
    "DEX_Total": 253.692,
    "DEX_Ratio": 3.12786,
    "GEX_Call": 2784160.565,
    "GEX_Put": -1864660.029,
    "GEX_Total": 919500.536,
    "GEX_Ratio": 1.49312,
    "VEX_Call": -282358.498,
    "VEX_Put": 827348.683,
    "VEX_Total": 544990.185,
    "VEX_Ratio": -0.341281,
    "CEX_Call": -6532688.74,
    "CEX_Put": 11578539.877,
    "CEX_Total": 5045851.137,
    "CEX_Ratio": -0.564207
}