{
    "timestamp": "2025-08-06 09:38:54",
    "cum_gam": null,
    "cum_vec": null,
    "DEX_Call": 319.724,
    "DEX_Put": -172.739,
    "DEX_Total": 146.985,
    "DEX_Ratio": 1.850908,
    "GEX_Call": 3950459.145,
    "GEX_Put": -1994171.611,
    "GEX_Total": 1956287.534,
    "GEX_Ratio": 1.981003,
    "VEX_Call": -447468.619,
    "VEX_Put": 940971.948,
    "VEX_Total": 493503.329,
    "VEX_Ratio": -0.475539,
    "CEX_Call": -7520573.721,
    "CEX_Put": 11949583.121,
    "CEX_Total": 4429009.4,
    "CEX_Ratio": -0.629359
}