{
    "timestamp": "2025-09-19 10:56:34",
    "cum_gam": null,
    "cum_vec": 9192.40379810095,
    "DEX_Call": 606.252,
    "DEX_Put": -50.42,
    "DEX_Total": 555.832,
    "DEX_Ratio": 12.024038,
    "GEX_Call": 5072001.109,
    "GEX_Put": -2625099.58,
    "GEX_Total": 2446901.529,
    "GEX_Ratio": 1.932118,
    "VEX_Call": 140597.38,
    "VEX_Put": 530864.282,
    "VEX_Total": 671461.662,
    "VEX_Ratio": 0.264846,
    "CEX_Call": 6232820.436,
    "CEX_Put": 26115374.566,
    "CEX_Total": 32348195.002,
    "CEX_Ratio": 0.238665
}