{
    "timestamp": "2025-11-26 12:33:56",
    "cum_gam": null,
    "cum_vec": 7886.714935174272,
    "DEX_Call": 1378.718,
    "DEX_Put": -79.347,
    "DEX_Total": 1299.371,
    "DEX_Ratio": 17.375805,
    "GEX_Call": 10507212.27,
    "GEX_Put": -1196765.273,
    "GEX_Total": 9310446.997,
    "GEX_Ratio": 8.779677,
    "VEX_Call": 539195.772,
    "VEX_Put": 863803.794,
    "VEX_Total": 1402999.566,
    "VEX_Ratio": 0.624211,
    "CEX_Call": 7851520.671,
    "CEX_Put": 16659518.473,
    "CEX_Total": 24511039.144,
    "CEX_Ratio": 0.471293
}