{
    "timestamp": "2025-09-08 08:13:43",
    "cum_gam": 8199.00139804274,
    "cum_vec": 8199.00139804274,
    "DEX_Call": 516.413,
    "DEX_Put": -196.483,
    "DEX_Total": 319.93,
    "DEX_Ratio": 2.628283,
    "GEX_Call": 5714527.509,
    "GEX_Put": -2803551.546,
    "GEX_Total": 2910975.963,
    "GEX_Ratio": 2.038317,
    "VEX_Call": -496277.469,
    "VEX_Put": 1834387.445,
    "VEX_Total": 1338109.976,
    "VEX_Ratio": -0.270541,
    "CEX_Call": -4398314.047,
    "CEX_Put": 14451770.234,
    "CEX_Total": 10053456.187,
    "CEX_Ratio": -0.304344
}