{
    "timestamp": "2025-11-07 09:30:03",
    "cum_gam": 6703.629417374038,
    "cum_vec": 6703.629417374038,
    "DEX_Call": 100.964,
    "DEX_Put": -363.331,
    "DEX_Total": -262.367,
    "DEX_Ratio": 0.277884,
    "GEX_Call": 433047.111,
    "GEX_Put": -3019182.43,
    "GEX_Total": -2586135.319,
    "GEX_Ratio": 0.143432,
    "VEX_Call": -220900.242,
    "VEX_Put": 466449.435,
    "VEX_Total": 245549.193,
    "VEX_Ratio": -0.473578,
    "CEX_Call": -7767726.123,
    "CEX_Put": 15787700.549,
    "CEX_Total": 8019974.426,
    "CEX_Ratio": -0.492011
}