{
    "timestamp": "2025-10-14 11:20:27",
    "cum_gam": 10991.403162055336,
    "cum_vec": 10991.403162055336,
    "DEX_Call": 2356.879,
    "DEX_Put": -1303.679,
    "DEX_Total": 1053.2,
    "DEX_Ratio": 1.807868,
    "GEX_Call": 7696858.01,
    "GEX_Put": -6500177.643,
    "GEX_Total": 1196680.367,
    "GEX_Ratio": 1.1841,
    "VEX_Call": -984741.481,
    "VEX_Put": 4462116.464,
    "VEX_Total": 3477374.983,
    "VEX_Ratio": -0.220689,
    "CEX_Call": -15606488.79,
    "CEX_Put": 21648272.433,
    "CEX_Total": 6041783.643,
    "CEX_Ratio": -0.720912
}