{
    "timestamp": "2025-09-08 12:28:29",
    "cum_gam": null,
    "cum_vec": null,
    "DEX_Call": 387.781,
    "DEX_Put": -243.101,
    "DEX_Total": 144.68,
    "DEX_Ratio": 1.595144,
    "GEX_Call": 4886837.211,
    "GEX_Put": -3265127.823,
    "GEX_Total": 1621709.388,
    "GEX_Ratio": 1.496676,
    "VEX_Call": -593017.651,
    "VEX_Put": 1557550.154,
    "VEX_Total": 964532.503,
    "VEX_Ratio": -0.380737,
    "CEX_Call": -8527113.774,
    "CEX_Put": 21930056.798,
    "CEX_Total": 13402943.024,
    "CEX_Ratio": -0.388832
}