{
    "timestamp": "2025-08-11 10:15:37",
    "cum_gam": 7009.473421779005,
    "cum_vec": 8362.418955558176,
    "DEX_Call": 1759.853,
    "DEX_Put": -523.577,
    "DEX_Total": 1236.276,
    "DEX_Ratio": 3.361211,
    "GEX_Call": 7488329.121,
    "GEX_Put": -4385338.038,
    "GEX_Total": 3102991.083,
    "GEX_Ratio": 1.707583,
    "VEX_Call": -794270.378,
    "VEX_Put": 3674814.023,
    "VEX_Total": 2880543.645,
    "VEX_Ratio": -0.216139,
    "CEX_Call": -12287774.347,
    "CEX_Put": 17694307.41,
    "CEX_Total": 5406533.063,
    "CEX_Ratio": -0.694448
}