{
    "timestamp": "2025-10-07 12:22:05",
    "cum_gam": 6706.6153073600435,
    "cum_vec": 6706.6153073600435,
    "DEX_Call": 359.861,
    "DEX_Put": -373.565,
    "DEX_Total": -13.704,
    "DEX_Ratio": 0.963316,
    "GEX_Call": 2911174.891,
    "GEX_Put": -4832137.394,
    "GEX_Total": -1920962.503,
    "GEX_Ratio": 0.602461,
    "VEX_Call": -646130.976,
    "VEX_Put": 1685777.346,
    "VEX_Total": 1039646.37,
    "VEX_Ratio": -0.383284,
    "CEX_Call": -15238111.158,
    "CEX_Put": 19145074.737,
    "CEX_Total": 3906963.579,
    "CEX_Ratio": -0.795929
}