{
    "timestamp": "2025-09-17 10:17:00",
    "cum_gam": 8469.328257517347,
    "cum_vec": 8469.328257517347,
    "DEX_Call": 9662.253,
    "DEX_Put": -1074.052,
    "DEX_Total": 8588.201,
    "DEX_Ratio": 8.996076,
    "GEX_Call": 9516844.232,
    "GEX_Put": -7602285.754,
    "GEX_Total": 1914558.478,
    "GEX_Ratio": 1.25184,
    "VEX_Call": 5874553.576,
    "VEX_Put": 8366211.232,
    "VEX_Total": 14240764.808,
    "VEX_Ratio": 0.702176,
    "CEX_Call": 1809263.858,
    "CEX_Put": 47256241.317,
    "CEX_Total": 49065505.175,
    "CEX_Ratio": 0.038286
}