{
    "timestamp": "2025-08-13 11:49:29",
    "cum_gam": 7009.789468822365,
    "cum_vec": 7530.107649047064,
    "DEX_Call": 1001.494,
    "DEX_Put": -281.772,
    "DEX_Total": 719.722,
    "DEX_Ratio": 3.554271,
    "GEX_Call": 9127301.071,
    "GEX_Put": -2786785.03,
    "GEX_Total": 6340516.041,
    "GEX_Ratio": 3.275208,
    "VEX_Call": -364259.242,
    "VEX_Put": 2336244.588,
    "VEX_Total": 1971985.346,
    "VEX_Ratio": -0.155917,
    "CEX_Call": -17344002.083,
    "CEX_Put": 19108297.949,
    "CEX_Total": 1764295.866,
    "CEX_Ratio": -0.907669
}