{
    "timestamp": "2025-10-15 10:31:56",
    "cum_gam": 6551.433069692387,
    "cum_vec": 6551.433069692387,
    "DEX_Call": 2802.682,
    "DEX_Put": -1159.423,
    "DEX_Total": 1643.259,
    "DEX_Ratio": 2.417308,
    "GEX_Call": 5142012.065,
    "GEX_Put": -6281017.392,
    "GEX_Total": -1139005.327,
    "GEX_Ratio": 0.818659,
    "VEX_Call": -695893.749,
    "VEX_Put": 3936639.297,
    "VEX_Total": 3240745.548,
    "VEX_Ratio": -0.176774,
    "CEX_Call": -15397687.543,
    "CEX_Put": 25104649.721,
    "CEX_Total": 9706962.178,
    "CEX_Ratio": -0.61334
}