{
    "timestamp": "2025-08-04 12:40:05",
    "cum_gam": null,
    "cum_vec": null,
    "DEX_Call": 427.771,
    "DEX_Put": -260.699,
    "DEX_Total": 167.072,
    "DEX_Ratio": 1.640862,
    "GEX_Call": 3398676.395,
    "GEX_Put": -2300674.764,
    "GEX_Total": 1098001.631,
    "GEX_Ratio": 1.477252,
    "VEX_Call": -414848.193,
    "VEX_Put": 1109646.732,
    "VEX_Total": 694798.539,
    "VEX_Ratio": -0.373856,
    "CEX_Call": 5942576.102,
    "CEX_Put": 15899760.492,
    "CEX_Total": 21842336.594,
    "CEX_Ratio": 0.373753
}