{
    "timestamp": "2025-10-09 10:56:10",
    "cum_gam": 6722.8930193290535,
    "cum_vec": 6722.8930193290535,
    "DEX_Call": 281.741,
    "DEX_Put": -292.1,
    "DEX_Total": -10.359,
    "DEX_Ratio": 0.964536,
    "GEX_Call": 3052351.714,
    "GEX_Put": -7573067.883,
    "GEX_Total": -4520716.169,
    "GEX_Ratio": 0.403054,
    "VEX_Call": -588035.689,
    "VEX_Put": 1490502.312,
    "VEX_Total": 902466.623,
    "VEX_Ratio": -0.394522,
    "CEX_Call": -16459507.874,
    "CEX_Put": 29363142.894,
    "CEX_Total": 12903635.02,
    "CEX_Ratio": -0.56055
}