{
    "timestamp": "2025-11-20 11:29:54",
    "cum_gam": 6603.854877314348,
    "cum_vec": 6603.854877314348,
    "DEX_Call": 1995.092,
    "DEX_Put": -1196.246,
    "DEX_Total": 798.846,
    "DEX_Ratio": 1.667794,
    "GEX_Call": 3019702.546,
    "GEX_Put": -4849340.72,
    "GEX_Total": -1829638.174,
    "GEX_Ratio": 0.622704,
    "VEX_Call": -847250.771,
    "VEX_Put": 2166272.022,
    "VEX_Total": 1319021.251,
    "VEX_Ratio": -0.39111,
    "CEX_Call": -17470838.673,
    "CEX_Put": 28725742.217,
    "CEX_Total": 11254903.544,
    "CEX_Ratio": -0.608195
}