{
    "timestamp": "2025-10-20 10:21:57",
    "cum_gam": null,
    "cum_vec": null,
    "DEX_Call": 785.698,
    "DEX_Put": -208.368,
    "DEX_Total": 577.33,
    "DEX_Ratio": 3.770723,
    "GEX_Call": 5908985.555,
    "GEX_Put": -2011430.869,
    "GEX_Total": 3897554.686,
    "GEX_Ratio": 2.937703,
    "VEX_Call": -348979.529,
    "VEX_Put": 2166855.936,
    "VEX_Total": 1817876.407,
    "VEX_Ratio": -0.161053,
    "CEX_Call": -2762868.391,
    "CEX_Put": 15130364.979,
    "CEX_Total": 12367496.588,
    "CEX_Ratio": -0.182604
}