{
    "timestamp": "2025-10-03 12:51:48",
    "cum_gam": null,
    "cum_vec": null,
    "DEX_Call": 435.283,
    "DEX_Put": -22.521,
    "DEX_Total": 412.762,
    "DEX_Ratio": 19.327872,
    "GEX_Call": 4397699.586,
    "GEX_Put": -1886486.768,
    "GEX_Total": 2511212.818,
    "GEX_Ratio": 2.331158,
    "VEX_Call": 191281.04,
    "VEX_Put": 341641.194,
    "VEX_Total": 532922.234,
    "VEX_Ratio": 0.559889,
    "CEX_Call": 21779044.006,
    "CEX_Put": 39831220.484,
    "CEX_Total": 61610264.49,
    "CEX_Ratio": 0.546783
}