{
    "timestamp": "2025-09-12 08:43:33",
    "cum_gam": 8183.3650793650795,
    "cum_vec": 8183.3650793650795,
    "DEX_Call": 295.363,
    "DEX_Put": -68.279,
    "DEX_Total": 227.084,
    "DEX_Ratio": 4.325825,
    "GEX_Call": 3882734.98,
    "GEX_Put": -2035265.866,
    "GEX_Total": 1847469.114,
    "GEX_Ratio": 1.907729,
    "VEX_Call": -173924.661,
    "VEX_Put": 508039.156,
    "VEX_Total": 334114.495,
    "VEX_Ratio": -0.342345,
    "CEX_Call": -5871725.34,
    "CEX_Put": 15061754.54,
    "CEX_Total": 9190029.2,
    "CEX_Ratio": -0.389843
}