{
    "timestamp": "2025-10-09 06:43:38",
    "cum_gam": null,
    "cum_vec": null,
    "DEX_Call": 445.995,
    "DEX_Put": -179.193,
    "DEX_Total": 266.802,
    "DEX_Ratio": 2.488909,
    "GEX_Call": 6001149.285,
    "GEX_Put": -3963053.667,
    "GEX_Total": 2038095.618,
    "GEX_Ratio": 1.514274,
    "VEX_Call": -994119.02,
    "VEX_Put": 1939093.195,
    "VEX_Total": 944974.175,
    "VEX_Ratio": -0.512672,
    "CEX_Call": -18371680.642,
    "CEX_Put": 24384925.288,
    "CEX_Total": 6013244.646,
    "CEX_Ratio": -0.753403
}