{
    "timestamp": "2025-11-06 08:30:50",
    "cum_gam": 6766.327461544656,
    "cum_vec": 6766.327461544656,
    "DEX_Call": 240.71,
    "DEX_Put": -440.93,
    "DEX_Total": -200.22,
    "DEX_Ratio": 0.545914,
    "GEX_Call": 1618915.501,
    "GEX_Put": -3250490.871,
    "GEX_Total": -1631575.37,
    "GEX_Ratio": 0.498053,
    "VEX_Call": -676886.09,
    "VEX_Put": 935509.484,
    "VEX_Total": 258623.394,
    "VEX_Ratio": -0.723548,
    "CEX_Call": -11419907.633,
    "CEX_Put": 10930883.722,
    "CEX_Total": -489023.911,
    "CEX_Ratio": -1.044738
}