{
    "timestamp": "2025-10-29 06:30:32",
    "cum_gam": null,
    "cum_vec": null,
    "DEX_Call": 1491.529,
    "DEX_Put": -425.284,
    "DEX_Total": 1066.245,
    "DEX_Ratio": 3.507136,
    "GEX_Call": 6032150.721,
    "GEX_Put": -3761299.697,
    "GEX_Total": 2270851.024,
    "GEX_Ratio": 1.603741,
    "VEX_Call": -313708.705,
    "VEX_Put": 3032760.746,
    "VEX_Total": 2719052.041,
    "VEX_Ratio": -0.10344,
    "CEX_Call": -10333654.104,
    "CEX_Put": 26061825.68,
    "CEX_Total": 15728171.576,
    "CEX_Ratio": -0.396505
}