{
    "timestamp": "2025-07-01 12:55:38",
    "cum_gam": null,
    "cum_vec": null,
    "DEX_Call": 625.12,
    "DEX_Put": -73.423,
    "DEX_Total": 551.697,
    "DEX_Ratio": 8.513953,
    "GEX_Call": 4206054.798,
    "GEX_Put": -1989219.176,
    "GEX_Total": 2216835.622,
    "GEX_Ratio": 2.114425,
    "VEX_Call": 96357.334,
    "VEX_Put": 753041.144,
    "VEX_Total": 849398.478,
    "VEX_Ratio": 0.127958,
    "CEX_Call": 8339424.491,
    "CEX_Put": 30702335.885,
    "CEX_Total": 39041760.376,
    "CEX_Ratio": 0.271622
}