{
    "timestamp": "2025-11-20 12:37:02",
    "cum_gam": 6604.972059593121,
    "cum_vec": 6604.972059593121,
    "DEX_Call": 1845.088,
    "DEX_Put": -1303.511,
    "DEX_Total": 541.577,
    "DEX_Ratio": 1.415476,
    "GEX_Call": 2413656.547,
    "GEX_Put": -4992023.775,
    "GEX_Total": -2578367.228,
    "GEX_Ratio": 0.483503,
    "VEX_Call": -738153.696,
    "VEX_Put": 1933717.632,
    "VEX_Total": 1195563.936,
    "VEX_Ratio": -0.381728,
    "CEX_Call": -18825907.594,
    "CEX_Put": 24235569.452,
    "CEX_Total": 5409661.858,
    "CEX_Ratio": -0.776788
}