{
    "timestamp": "2025-10-20 07:59:59",
    "cum_gam": null,
    "cum_vec": null,
    "DEX_Call": 707.4,
    "DEX_Put": -240.897,
    "DEX_Total": 466.503,
    "DEX_Ratio": 2.936525,
    "GEX_Call": 5448188.368,
    "GEX_Put": -2203560.036,
    "GEX_Total": 3244628.332,
    "GEX_Ratio": 2.472448,
    "VEX_Call": -537886.051,
    "VEX_Put": 2346832.323,
    "VEX_Total": 1808946.272,
    "VEX_Ratio": -0.229197,
    "CEX_Call": -5419791.582,
    "CEX_Put": 16341660.62,
    "CEX_Total": 10921869.038,
    "CEX_Ratio": -0.331655
}