{
    "timestamp": "2025-11-19 13:01:23",
    "cum_gam": 8458.839457243559,
    "cum_vec": 8715.980986723487,
    "DEX_Call": 1897.617,
    "DEX_Put": -1516.72,
    "DEX_Total": 380.897,
    "DEX_Ratio": 1.251132,
    "GEX_Call": 3386247.249,
    "GEX_Put": -5430888.639,
    "GEX_Total": -2044641.39,
    "GEX_Ratio": 0.623516,
    "VEX_Call": -1214905.425,
    "VEX_Put": 2279241.489,
    "VEX_Total": 1064336.064,
    "VEX_Ratio": -0.533031,
    "CEX_Call": -24747331.968,
    "CEX_Put": 22086845.292,
    "CEX_Total": -2660486.676,
    "CEX_Ratio": -1.120456
}