{
    "timestamp": "2025-08-28 12:28:45",
    "cum_gam": null,
    "cum_vec": null,
    "DEX_Call": 899.673,
    "DEX_Put": -63.508,
    "DEX_Total": 836.165,
    "DEX_Ratio": 14.166294,
    "GEX_Call": 5533172.353,
    "GEX_Put": -1833117.508,
    "GEX_Total": 3700054.845,
    "GEX_Ratio": 3.018449,
    "VEX_Call": 311712.499,
    "VEX_Put": 1013564.694,
    "VEX_Total": 1325277.193,
    "VEX_Ratio": 0.307541,
    "CEX_Call": 4073287.737,
    "CEX_Put": 20631615.042,
    "CEX_Total": 24704902.779,
    "CEX_Ratio": 0.197429
}