{
    "timestamp": "2025-08-18 11:53:44",
    "cum_gam": 8198.979917118266,
    "cum_vec": 8400.0,
    "DEX_Call": 401.045,
    "DEX_Put": -199.74,
    "DEX_Total": 201.305,
    "DEX_Ratio": 2.007835,
    "GEX_Call": 4228327.831,
    "GEX_Put": -3010361.805,
    "GEX_Total": 1217966.026,
    "GEX_Ratio": 1.404591,
    "VEX_Call": -409388.859,
    "VEX_Put": 1441021.663,
    "VEX_Total": 1031632.804,
    "VEX_Ratio": -0.284096,
    "CEX_Call": -5155154.646,
    "CEX_Put": 13350525.527,
    "CEX_Total": 8195370.881,
    "CEX_Ratio": -0.386139
}