{
    "timestamp": "2025-09-08 11:58:56",
    "cum_gam": 8198.817127986751,
    "cum_vec": 8198.817127986751,
    "DEX_Call": 440.607,
    "DEX_Put": -227.596,
    "DEX_Total": 213.011,
    "DEX_Ratio": 1.935917,
    "GEX_Call": 5475197.887,
    "GEX_Put": -3280176.544,
    "GEX_Total": 2195021.343,
    "GEX_Ratio": 1.669178,
    "VEX_Call": -600366.922,
    "VEX_Put": 1514412.017,
    "VEX_Total": 914045.095,
    "VEX_Ratio": -0.396436,
    "CEX_Call": -10602184.583,
    "CEX_Put": 15113390.454,
    "CEX_Total": 4511205.871,
    "CEX_Ratio": -0.701509
}