{
    "timestamp": "2025-10-14 10:45:08",
    "cum_gam": 7002.737383507379,
    "cum_vec": 9107.655855200417,
    "DEX_Call": 2379.24,
    "DEX_Put": -1312.235,
    "DEX_Total": 1067.005,
    "DEX_Ratio": 1.81312,
    "GEX_Call": 7699047.127,
    "GEX_Put": -6477786.789,
    "GEX_Total": 1221260.338,
    "GEX_Ratio": 1.18853,
    "VEX_Call": -859732.346,
    "VEX_Put": 4618356.947,
    "VEX_Total": 3758624.601,
    "VEX_Ratio": -0.186155,
    "CEX_Call": -13783745.513,
    "CEX_Put": 23532029.138,
    "CEX_Total": 9748283.625,
    "CEX_Ratio": -0.585744
}