{
    "timestamp": "2025-08-21 09:06:05",
    "cum_gam": 6370.718109670185,
    "cum_vec": 6370.718109670185,
    "DEX_Call": 203.564,
    "DEX_Put": -366.261,
    "DEX_Total": -162.697,
    "DEX_Ratio": 0.555789,
    "GEX_Call": 1400743.671,
    "GEX_Put": -2996288.697,
    "GEX_Total": -1595545.026,
    "GEX_Ratio": 0.467493,
    "VEX_Call": -444524.031,
    "VEX_Put": 865120.572,
    "VEX_Total": 420596.541,
    "VEX_Ratio": -0.513829,
    "CEX_Call": -8047770.767,
    "CEX_Put": 10799866.035,
    "CEX_Total": 2752095.268,
    "CEX_Ratio": -0.745173
}