{
    "timestamp": "2025-11-11 13:26:33",
    "cum_gam": null,
    "cum_vec": null,
    "DEX_Call": 700.855,
    "DEX_Put": -162.668,
    "DEX_Total": 538.187,
    "DEX_Ratio": 4.3085,
    "GEX_Call": 5843874.032,
    "GEX_Put": -2110250.669,
    "GEX_Total": 3733623.363,
    "GEX_Ratio": 2.76928,
    "VEX_Call": -448777.122,
    "VEX_Put": 1353680.02,
    "VEX_Total": 904902.898,
    "VEX_Ratio": -0.331524,
    "CEX_Call": -6347187.128,
    "CEX_Put": 29529650.21,
    "CEX_Total": 23182463.082,
    "CEX_Ratio": -0.214943
}