{
    "timestamp": "2025-09-17 06:40:45",
    "cum_gam": null,
    "cum_vec": null,
    "DEX_Call": 10291.774,
    "DEX_Put": -878.288,
    "DEX_Total": 9413.486,
    "DEX_Ratio": 11.717995,
    "GEX_Call": 9587262.556,
    "GEX_Put": -7135600.743,
    "GEX_Total": 2451661.813,
    "GEX_Ratio": 1.343582,
    "VEX_Call": 7083840.794,
    "VEX_Put": 8574255.489,
    "VEX_Total": 15658096.283,
    "VEX_Ratio": 0.826176,
    "CEX_Call": 14389115.774,
    "CEX_Put": 37485523.992,
    "CEX_Total": 51874639.766,
    "CEX_Ratio": 0.383858
}