{
    "timestamp": "2025-10-01 07:06:59",
    "cum_gam": null,
    "cum_vec": null,
    "DEX_Call": 477.71,
    "DEX_Put": -347.15,
    "DEX_Total": 130.56,
    "DEX_Ratio": 1.376091,
    "GEX_Call": 4068130.279,
    "GEX_Put": -3960706.931,
    "GEX_Total": 107423.348,
    "GEX_Ratio": 1.027122,
    "VEX_Call": -592386.546,
    "VEX_Put": 1783964.922,
    "VEX_Total": 1191578.376,
    "VEX_Ratio": -0.332062,
    "CEX_Call": -8755982.981,
    "CEX_Put": 16080949.291,
    "CEX_Total": 7324966.31,
    "CEX_Ratio": -0.544494
}