{
    "timestamp": "2025-08-12 06:37:38",
    "cum_gam": 7009.8191061504385,
    "cum_vec": 7510.293441265753,
    "DEX_Call": 1187.05,
    "DEX_Put": -410.365,
    "DEX_Total": 776.685,
    "DEX_Ratio": 2.892669,
    "GEX_Call": 7207080.95,
    "GEX_Put": -3383519.337,
    "GEX_Total": 3823561.613,
    "GEX_Ratio": 2.130055,
    "VEX_Call": -598901.959,
    "VEX_Put": 3177551.296,
    "VEX_Total": 2578649.337,
    "VEX_Ratio": -0.188479,
    "CEX_Call": -6081130.827,
    "CEX_Put": 15866048.48,
    "CEX_Total": 9784917.653,
    "CEX_Ratio": -0.383279
}