{
    "timestamp": "2025-10-17 08:15:11",
    "cum_gam": 10378.16593886463,
    "cum_vec": 10378.16593886463,
    "DEX_Call": 143.335,
    "DEX_Put": -326.684,
    "DEX_Total": -183.349,
    "DEX_Ratio": 0.438757,
    "GEX_Call": 1057452.303,
    "GEX_Put": -1861487.913,
    "GEX_Total": -804035.61,
    "GEX_Ratio": 0.568068,
    "VEX_Call": -335896.614,
    "VEX_Put": 632432.542,
    "VEX_Total": 296535.928,
    "VEX_Ratio": -0.531118,
    "CEX_Call": -9484625.843,
    "CEX_Put": 17255999.912,
    "CEX_Total": 7771374.069,
    "CEX_Ratio": -0.549642
}