{
    "timestamp": "2025-07-22 12:11:50",
    "cum_gam": null,
    "cum_vec": null,
    "DEX_Call": 384.229,
    "DEX_Put": -145.464,
    "DEX_Total": 238.765,
    "DEX_Ratio": 2.641403,
    "GEX_Call": 3751414.399,
    "GEX_Put": -3162800.253,
    "GEX_Total": 588614.146,
    "GEX_Ratio": 1.186105,
    "VEX_Call": -472279.024,
    "VEX_Put": 1007376.876,
    "VEX_Total": 535097.852,
    "VEX_Ratio": -0.468821,
    "CEX_Call": -8714871.137,
    "CEX_Put": 16710702.479,
    "CEX_Total": 7995831.342,
    "CEX_Ratio": -0.521514
}