{
    "timestamp": "2025-09-11 11:54:59",
    "cum_gam": null,
    "cum_vec": null,
    "DEX_Call": 656.907,
    "DEX_Put": -29.72,
    "DEX_Total": 627.187,
    "DEX_Ratio": 22.103197,
    "GEX_Call": 5418135.955,
    "GEX_Put": -739737.594,
    "GEX_Total": 4678398.361,
    "GEX_Ratio": 7.324403,
    "VEX_Call": 317884.435,
    "VEX_Put": 780375.638,
    "VEX_Total": 1098260.073,
    "VEX_Ratio": 0.407348,
    "CEX_Call": 9162886.231,
    "CEX_Put": 15544886.019,
    "CEX_Total": 24707772.25,
    "CEX_Ratio": 0.589447
}