{
    "timestamp": "2025-10-07 10:10:40",
    "cum_gam": 8485.714285714286,
    "cum_vec": 8485.714285714286,
    "DEX_Call": 395.54,
    "DEX_Put": -341.026,
    "DEX_Total": 54.514,
    "DEX_Ratio": 1.159853,
    "GEX_Call": 3246601.416,
    "GEX_Put": -4382312.232,
    "GEX_Total": -1135710.816,
    "GEX_Ratio": 0.740842,
    "VEX_Call": -768947.529,
    "VEX_Put": 1888834.354,
    "VEX_Total": 1119886.825,
    "VEX_Ratio": -0.407102,
    "CEX_Call": -11294488.702,
    "CEX_Put": 18451747.562,
    "CEX_Total": 7157258.86,
    "CEX_Ratio": -0.612109
}