{
    "timestamp": "2026-07-22 10:05:43",
    "cum_gam": 8008.779066848758,
    "cum_vec": 8008.779066848758,
    "DEX_Call": 326.893,
    "DEX_Put": -309.845,
    "DEX_Total": 17.048,
    "DEX_Ratio": 1.055021,
    "GEX_Call": 4807565.902,
    "GEX_Put": -3433722.937,
    "GEX_Total": 1373842.965,
    "GEX_Ratio": 1.400103,
    "VEX_Call": -843196.889,
    "VEX_Put": 1609512.401,
    "VEX_Total": 766315.512,
    "VEX_Ratio": -0.523883,
    "CEX_Call": -13627134.43,
    "CEX_Put": 14888166.241,
    "CEX_Total": 1261031.811,
    "CEX_Ratio": -0.9153
}