{
    "timestamp": "2025-09-29 11:38:11",
    "cum_gam": null,
    "cum_vec": 7103.056091895842,
    "DEX_Call": 808.956,
    "DEX_Put": -467.528,
    "DEX_Total": 341.428,
    "DEX_Ratio": 1.730284,
    "GEX_Call": 6536735.32,
    "GEX_Put": -4457229.381,
    "GEX_Total": 2079505.939,
    "GEX_Ratio": 1.466547,
    "VEX_Call": -469385.08,
    "VEX_Put": 2347601.533,
    "VEX_Total": 1878216.453,
    "VEX_Ratio": -0.199942,
    "CEX_Call": -10923098.516,
    "CEX_Put": 21776805.0,
    "CEX_Total": 10853706.484,
    "CEX_Ratio": -0.501593
}