{
    "timestamp": "2025-10-07 12:59:06",
    "cum_gam": 6712.466597556502,
    "cum_vec": 6712.466597556502,
    "DEX_Call": 374.947,
    "DEX_Put": -261.813,
    "DEX_Total": 113.134,
    "DEX_Ratio": 1.432118,
    "GEX_Call": 3109080.381,
    "GEX_Put": -4669723.759,
    "GEX_Total": -1560643.378,
    "GEX_Ratio": 0.665795,
    "VEX_Call": -565116.213,
    "VEX_Put": 1568675.161,
    "VEX_Total": 1003558.948,
    "VEX_Ratio": -0.360251,
    "CEX_Call": -15887974.636,
    "CEX_Put": 21876789.95,
    "CEX_Total": 5988815.314,
    "CEX_Ratio": -0.726248
}