{
    "timestamp": "2025-07-01 08:04:11",
    "cum_gam": 6172.624751675135,
    "cum_vec": 6172.624751675135,
    "DEX_Call": 608.859,
    "DEX_Put": -217.712,
    "DEX_Total": 391.147,
    "DEX_Ratio": 2.796626,
    "GEX_Call": 3791787.363,
    "GEX_Put": -4805349.947,
    "GEX_Total": -1013562.584,
    "GEX_Ratio": 0.789076,
    "VEX_Call": -405037.757,
    "VEX_Put": 1443167.846,
    "VEX_Total": 1038130.089,
    "VEX_Ratio": -0.280659,
    "CEX_Call": -10275112.891,
    "CEX_Put": 25081566.357,
    "CEX_Total": 14806453.466,
    "CEX_Ratio": -0.409668
}