{
    "timestamp": "2025-11-17 11:35:56",
    "cum_gam": 7001.771732118359,
    "cum_vec": 8182.705682345062,
    "DEX_Call": 955.916,
    "DEX_Put": -1762.078,
    "DEX_Total": -806.162,
    "DEX_Ratio": 0.542494,
    "GEX_Call": 3388583.597,
    "GEX_Put": -6326107.034,
    "GEX_Total": -2937523.437,
    "GEX_Ratio": 0.535651,
    "VEX_Call": -1619705.246,
    "VEX_Put": 3287156.318,
    "VEX_Total": 1667451.072,
    "VEX_Ratio": -0.492738,
    "CEX_Call": -13826425.474,
    "CEX_Put": 16793458.246,
    "CEX_Total": 2967032.772,
    "CEX_Ratio": -0.823322
}