{
    "timestamp": "2025-09-17 08:33:59",
    "cum_gam": null,
    "cum_vec": null,
    "DEX_Call": 10129.632,
    "DEX_Put": -1002.68,
    "DEX_Total": 9126.952,
    "DEX_Ratio": 10.102557,
    "GEX_Call": 9569921.732,
    "GEX_Put": -7549908.302,
    "GEX_Total": 2020013.43,
    "GEX_Ratio": 1.267555,
    "VEX_Call": 6454817.583,
    "VEX_Put": 8963291.143,
    "VEX_Total": 15418108.726,
    "VEX_Ratio": 0.720139,
    "CEX_Call": 8149331.835,
    "CEX_Put": 44175463.223,
    "CEX_Total": 52324795.058,
    "CEX_Ratio": 0.184476
}