{
    "timestamp": "2025-07-22 11:29:02",
    "cum_gam": 6202.820392281417,
    "cum_vec": 6202.820392281417,
    "DEX_Call": 313.259,
    "DEX_Put": -216.361,
    "DEX_Total": 96.898,
    "DEX_Ratio": 1.447853,
    "GEX_Call": 3257326.415,
    "GEX_Put": -3500169.427,
    "GEX_Total": -242843.012,
    "GEX_Ratio": 0.93062,
    "VEX_Call": -546594.237,
    "VEX_Put": 958673.931,
    "VEX_Total": 412079.694,
    "VEX_Ratio": -0.570157,
    "CEX_Call": -9622906.754,
    "CEX_Put": 11599578.016,
    "CEX_Total": 1976671.262,
    "CEX_Ratio": -0.829591
}