{
    "timestamp": "2025-08-11 12:01:04",
    "cum_gam": 7009.601984807531,
    "cum_vec": 7501.396909378327,
    "DEX_Call": 1277.766,
    "DEX_Put": -555.003,
    "DEX_Total": 722.763,
    "DEX_Ratio": 2.302269,
    "GEX_Call": 6923619.998,
    "GEX_Put": -4673898.638,
    "GEX_Total": 2249721.36,
    "GEX_Ratio": 1.481337,
    "VEX_Call": -894183.658,
    "VEX_Put": 3504913.154,
    "VEX_Total": 2610729.496,
    "VEX_Ratio": -0.255123,
    "CEX_Call": -16098203.257,
    "CEX_Put": 19602204.517,
    "CEX_Total": 3504001.26,
    "CEX_Ratio": -0.821245
}