{
    "timestamp": "2025-10-16 12:52:53",
    "cum_gam": 6629.117262169258,
    "cum_vec": 6629.117262169258,
    "DEX_Call": 2670.473,
    "DEX_Put": -1052.558,
    "DEX_Total": 1617.915,
    "DEX_Ratio": 2.537127,
    "GEX_Call": 4678483.972,
    "GEX_Put": -7479064.095,
    "GEX_Total": -2800580.123,
    "GEX_Ratio": 0.625544,
    "VEX_Call": -585035.837,
    "VEX_Put": 2434199.206,
    "VEX_Total": 1849163.369,
    "VEX_Ratio": -0.24034,
    "CEX_Call": -17807600.361,
    "CEX_Put": 17472380.865,
    "CEX_Total": -335219.496,
    "CEX_Ratio": -1.019186
}