{
    "timestamp": "2025-09-04 09:44:55",
    "cum_gam": null,
    "cum_vec": null,
    "DEX_Call": 448.822,
    "DEX_Put": -122.842,
    "DEX_Total": 325.98,
    "DEX_Ratio": 3.653653,
    "GEX_Call": 6520337.927,
    "GEX_Put": -2151345.498,
    "GEX_Total": 4368992.429,
    "GEX_Ratio": 3.030819,
    "VEX_Call": -349108.789,
    "VEX_Put": 1213799.773,
    "VEX_Total": 864690.984,
    "VEX_Ratio": -0.287616,
    "CEX_Call": -8733337.28,
    "CEX_Put": 22134688.621,
    "CEX_Total": 13401351.341,
    "CEX_Ratio": -0.394554
}