{
    "timestamp": "2025-11-19 09:02:03",
    "cum_gam": 10690.90909090909,
    "cum_vec": 10690.90909090909,
    "DEX_Call": 1748.153,
    "DEX_Put": -1867.198,
    "DEX_Total": -119.045,
    "DEX_Ratio": 0.936244,
    "GEX_Call": 3673047.811,
    "GEX_Put": -5316293.631,
    "GEX_Total": -1643245.82,
    "GEX_Ratio": 0.690904,
    "VEX_Call": -1428645.179,
    "VEX_Put": 2825349.627,
    "VEX_Total": 1396704.448,
    "VEX_Ratio": -0.505653,
    "CEX_Call": -11575426.355,
    "CEX_Put": 17629468.827,
    "CEX_Total": 6054042.472,
    "CEX_Ratio": -0.656595
}