{
    "timestamp": "2025-10-28 10:17:10",
    "cum_gam": null,
    "cum_vec": null,
    "DEX_Call": 1525.7,
    "DEX_Put": -269.57,
    "DEX_Total": 1256.13,
    "DEX_Ratio": 5.659754,
    "GEX_Call": 14313434.221,
    "GEX_Put": -3069903.323,
    "GEX_Total": 11243530.898,
    "GEX_Ratio": 4.662503,
    "VEX_Call": -230118.773,
    "VEX_Put": 2827721.966,
    "VEX_Total": 2597603.193,
    "VEX_Ratio": -0.08138,
    "CEX_Call": -19482243.389,
    "CEX_Put": 32311952.588,
    "CEX_Total": 12829709.199,
    "CEX_Ratio": -0.602942
}