{
    "timestamp": "2025-08-04 09:30:46",
    "cum_gam": null,
    "cum_vec": null,
    "DEX_Call": 338.489,
    "DEX_Put": -383.766,
    "DEX_Total": -45.277,
    "DEX_Ratio": 0.882019,
    "GEX_Call": 3018901.662,
    "GEX_Put": -2747018.838,
    "GEX_Total": 271882.824,
    "GEX_Ratio": 1.098974,
    "VEX_Call": -558328.506,
    "VEX_Put": 1266258.394,
    "VEX_Total": 707929.888,
    "VEX_Ratio": -0.440928,
    "CEX_Call": -2471305.905,
    "CEX_Put": 11825477.34,
    "CEX_Total": 9354171.435,
    "CEX_Ratio": -0.208981
}