{
    "timestamp": "2025-09-08 10:59:26",
    "cum_gam": null,
    "cum_vec": null,
    "DEX_Call": 424.921,
    "DEX_Put": -272.023,
    "DEX_Total": 152.898,
    "DEX_Ratio": 1.562077,
    "GEX_Call": 4762998.302,
    "GEX_Put": -3506780.632,
    "GEX_Total": 1256217.67,
    "GEX_Ratio": 1.358225,
    "VEX_Call": -701248.551,
    "VEX_Put": 1657122.769,
    "VEX_Total": 955874.218,
    "VEX_Ratio": -0.423172,
    "CEX_Call": -9710367.499,
    "CEX_Put": 17086691.497,
    "CEX_Total": 7376323.998,
    "CEX_Ratio": -0.5683
}