{
    "timestamp": "2025-10-08 11:24:40",
    "cum_gam": null,
    "cum_vec": 7621.223209618401,
    "DEX_Call": 550.469,
    "DEX_Put": -156.949,
    "DEX_Total": 393.52,
    "DEX_Ratio": 3.507311,
    "GEX_Call": 7929782.041,
    "GEX_Put": -2519547.283,
    "GEX_Total": 5410234.758,
    "GEX_Ratio": 3.147304,
    "VEX_Call": -334848.348,
    "VEX_Put": 1660508.646,
    "VEX_Total": 1325660.298,
    "VEX_Ratio": -0.201654,
    "CEX_Call": -7672256.271,
    "CEX_Put": 23349906.648,
    "CEX_Total": 15677650.377,
    "CEX_Ratio": -0.328578
}