{
    "timestamp": "2025-10-02 11:13:38",
    "cum_gam": null,
    "cum_vec": 8529.536987759446,
    "DEX_Call": 645.935,
    "DEX_Put": -99.656,
    "DEX_Total": 546.279,
    "DEX_Ratio": 6.481647,
    "GEX_Call": 6465334.372,
    "GEX_Put": -2515931.237,
    "GEX_Total": 3949403.135,
    "GEX_Ratio": 2.569758,
    "VEX_Call": 55794.409,
    "VEX_Put": 1209007.518,
    "VEX_Total": 1264801.927,
    "VEX_Ratio": 0.046149,
    "CEX_Call": -7392717.873,
    "CEX_Put": 20579477.583,
    "CEX_Total": 13186759.71,
    "CEX_Ratio": -0.359228
}