{
    "timestamp": "2025-09-18 10:24:00",
    "cum_gam": null,
    "cum_vec": null,
    "DEX_Call": 10658.089,
    "DEX_Put": -462.854,
    "DEX_Total": 10195.235,
    "DEX_Ratio": 23.026892,
    "GEX_Call": 11535527.214,
    "GEX_Put": -6539254.256,
    "GEX_Total": 4996272.958,
    "GEX_Ratio": 1.764043,
    "VEX_Call": 4785867.918,
    "VEX_Put": 5180334.888,
    "VEX_Total": 9966202.806,
    "VEX_Ratio": 0.923853,
    "CEX_Call": 23717551.532,
    "CEX_Put": 38737106.051,
    "CEX_Total": 62454657.583,
    "CEX_Ratio": 0.61227
}