{
    "timestamp": "2025-09-26 06:37:34",
    "cum_gam": null,
    "cum_vec": 7315.739921337266,
    "DEX_Call": 165.479,
    "DEX_Put": -161.621,
    "DEX_Total": 3.858,
    "DEX_Ratio": 1.023871,
    "GEX_Call": 2562093.389,
    "GEX_Put": -1927867.579,
    "GEX_Total": 634225.81,
    "GEX_Ratio": 1.328978,
    "VEX_Call": -366461.552,
    "VEX_Put": 588884.388,
    "VEX_Total": 222422.836,
    "VEX_Ratio": -0.622298,
    "CEX_Call": -8385040.73,
    "CEX_Put": 12529965.853,
    "CEX_Total": 4144925.123,
    "CEX_Ratio": -0.669199
}