{
    "timestamp": "2025-11-03 09:58:44",
    "cum_gam": null,
    "cum_vec": null,
    "DEX_Call": 627.505,
    "DEX_Put": -401.114,
    "DEX_Total": 226.391,
    "DEX_Ratio": 1.564406,
    "GEX_Call": 4110517.774,
    "GEX_Put": -3552447.046,
    "GEX_Total": 558070.728,
    "GEX_Ratio": 1.157095,
    "VEX_Call": -773874.917,
    "VEX_Put": 1950045.147,
    "VEX_Total": 1176170.23,
    "VEX_Ratio": -0.39685,
    "CEX_Call": -8483484.629,
    "CEX_Put": 16014870.547,
    "CEX_Total": 7531385.918,
    "CEX_Ratio": -0.529725
}