{
    "timestamp": "2025-10-09 09:49:24",
    "cum_gam": 6720.747222524443,
    "cum_vec": 6720.747222524443,
    "DEX_Call": 280.093,
    "DEX_Put": -277.085,
    "DEX_Total": 3.008,
    "DEX_Ratio": 1.010856,
    "GEX_Call": 3481844.979,
    "GEX_Put": -6132590.698,
    "GEX_Total": -2650745.719,
    "GEX_Ratio": 0.567761,
    "VEX_Call": -683851.16,
    "VEX_Put": 1681687.926,
    "VEX_Total": 997836.766,
    "VEX_Ratio": -0.406646,
    "CEX_Call": -16723050.336,
    "CEX_Put": 28991081.958,
    "CEX_Total": 12268031.622,
    "CEX_Ratio": -0.576834
}