{
    "timestamp": "2025-08-07 07:29:17",
    "cum_gam": null,
    "cum_vec": 8200.0,
    "DEX_Call": 353.794,
    "DEX_Put": -145.809,
    "DEX_Total": 207.985,
    "DEX_Ratio": 2.426421,
    "GEX_Call": 3136454.789,
    "GEX_Put": -1891947.056,
    "GEX_Total": 1244507.733,
    "GEX_Ratio": 1.657792,
    "VEX_Call": -500774.978,
    "VEX_Put": 872094.194,
    "VEX_Total": 371319.216,
    "VEX_Ratio": -0.574221,
    "CEX_Call": -8039113.075,
    "CEX_Put": 10886890.304,
    "CEX_Total": 2847777.229,
    "CEX_Ratio": -0.738421
}