{
    "timestamp": "2025-07-07 08:23:52",
    "cum_gam": 6116.391723533693,
    "cum_vec": 6116.391723533693,
    "DEX_Call": 609.609,
    "DEX_Put": -263.227,
    "DEX_Total": 346.382,
    "DEX_Ratio": 2.315906,
    "GEX_Call": 2517355.819,
    "GEX_Put": -2776108.424,
    "GEX_Total": -258752.605,
    "GEX_Ratio": 0.906793,
    "VEX_Call": -184111.855,
    "VEX_Put": 1274726.08,
    "VEX_Total": 1090614.225,
    "VEX_Ratio": -0.144432,
    "CEX_Call": -2052369.214,
    "CEX_Put": 10093890.238,
    "CEX_Total": 8041521.024,
    "CEX_Ratio": -0.203328
}