{
    "timestamp": "2025-09-25 09:07:13",
    "cum_gam": 6621.408509185282,
    "cum_vec": 8197.457627118643,
    "DEX_Call": 259.956,
    "DEX_Put": -361.622,
    "DEX_Total": -101.666,
    "DEX_Ratio": 0.718861,
    "GEX_Call": 1950649.35,
    "GEX_Put": -4030694.13,
    "GEX_Total": -2080044.78,
    "GEX_Ratio": 0.483949,
    "VEX_Call": -419898.545,
    "VEX_Put": 917574.634,
    "VEX_Total": 497676.089,
    "VEX_Ratio": -0.457618,
    "CEX_Call": -7673781.375,
    "CEX_Put": 14016806.985,
    "CEX_Total": 6343025.61,
    "CEX_Ratio": -0.54747
}