{
    "timestamp": "2025-10-14 06:28:05",
    "cum_gam": 7004.6451031840315,
    "cum_vec": 9105.909094898327,
    "DEX_Call": 1052.698,
    "DEX_Put": -1519.03,
    "DEX_Total": -466.332,
    "DEX_Ratio": 0.693007,
    "GEX_Call": 6124541.956,
    "GEX_Put": -6600904.987,
    "GEX_Total": -476363.031,
    "GEX_Ratio": 0.927834,
    "VEX_Call": -1994640.378,
    "VEX_Put": 4852835.417,
    "VEX_Total": 2858195.039,
    "VEX_Ratio": -0.411026,
    "CEX_Call": -14212697.595,
    "CEX_Put": 22589150.467,
    "CEX_Total": 8376452.872,
    "CEX_Ratio": -0.629182
}