{
    "timestamp": "2025-08-26 10:23:45",
    "cum_gam": 6339.194424429396,
    "cum_vec": 8385.375118708453,
    "DEX_Call": 739.485,
    "DEX_Put": -330.797,
    "DEX_Total": 408.688,
    "DEX_Ratio": 2.235465,
    "GEX_Call": 4393802.601,
    "GEX_Put": -4765049.465,
    "GEX_Total": -371246.864,
    "GEX_Ratio": 0.92209,
    "VEX_Call": -591072.082,
    "VEX_Put": 1704146.027,
    "VEX_Total": 1113073.945,
    "VEX_Ratio": -0.346844,
    "CEX_Call": -9085140.686,
    "CEX_Put": 13619693.848,
    "CEX_Total": 4534553.162,
    "CEX_Ratio": -0.667059
}