{
    "timestamp": "2025-09-03 11:47:11",
    "cum_gam": null,
    "cum_vec": 7122.141688099135,
    "DEX_Call": 258.325,
    "DEX_Put": -311.454,
    "DEX_Total": -53.129,
    "DEX_Ratio": 0.829416,
    "GEX_Call": 3445696.098,
    "GEX_Put": -3151563.446,
    "GEX_Total": 294132.652,
    "GEX_Ratio": 1.093329,
    "VEX_Call": -534200.556,
    "VEX_Put": 1050976.739,
    "VEX_Total": 516776.183,
    "VEX_Ratio": -0.50829,
    "CEX_Call": -13836094.599,
    "CEX_Put": 20728444.293,
    "CEX_Total": 6892349.694,
    "CEX_Ratio": -0.667493
}