{
    "timestamp": "2025-09-22 08:47:04",
    "cum_gam": null,
    "cum_vec": 7686.681912229119,
    "DEX_Call": 442.732,
    "DEX_Put": -163.641,
    "DEX_Total": 279.091,
    "DEX_Ratio": 2.705508,
    "GEX_Call": 4688604.098,
    "GEX_Put": -2483315.949,
    "GEX_Total": 2205288.149,
    "GEX_Ratio": 1.888042,
    "VEX_Call": -432666.938,
    "VEX_Put": 1808986.555,
    "VEX_Total": 1376319.617,
    "VEX_Ratio": -0.239176,
    "CEX_Call": -6675210.692,
    "CEX_Put": 14973123.919,
    "CEX_Total": 8297913.227,
    "CEX_Ratio": -0.445813
}