{
    "timestamp": "2025-08-21 08:26:28",
    "cum_gam": 6354.428613151626,
    "cum_vec": 6354.428613151626,
    "DEX_Call": 232.977,
    "DEX_Put": -318.619,
    "DEX_Total": -85.642,
    "DEX_Ratio": 0.731209,
    "GEX_Call": 1822033.583,
    "GEX_Put": -2816869.733,
    "GEX_Total": -994836.15,
    "GEX_Ratio": 0.646829,
    "VEX_Call": -494069.48,
    "VEX_Put": 947977.675,
    "VEX_Total": 453908.195,
    "VEX_Ratio": -0.521183,
    "CEX_Call": -8501060.316,
    "CEX_Put": 11242921.478,
    "CEX_Total": 2741861.162,
    "CEX_Ratio": -0.756126
}