{
    "timestamp": "2025-11-04 11:01:24",
    "cum_gam": 6791.822599353355,
    "cum_vec": 6791.822599353355,
    "DEX_Call": 294.135,
    "DEX_Put": -540.556,
    "DEX_Total": -246.421,
    "DEX_Ratio": 0.544134,
    "GEX_Call": 1777912.213,
    "GEX_Put": -3929290.96,
    "GEX_Total": -2151378.747,
    "GEX_Ratio": 0.452477,
    "VEX_Call": -822728.063,
    "VEX_Put": 1397394.3,
    "VEX_Total": 574666.237,
    "VEX_Ratio": -0.588759,
    "CEX_Call": -8298488.599,
    "CEX_Put": 14358069.999,
    "CEX_Total": 6059581.4,
    "CEX_Ratio": -0.577967
}