{
    "timestamp": "2025-08-01 12:49:07",
    "cum_gam": 8196.353436185133,
    "cum_vec": 8196.353436185133,
    "DEX_Call": 33.515,
    "DEX_Put": -663.936,
    "DEX_Total": -630.421,
    "DEX_Ratio": 0.050479,
    "GEX_Call": 587382.807,
    "GEX_Put": -2928850.827,
    "GEX_Total": -2341468.02,
    "GEX_Ratio": 0.200551,
    "VEX_Call": -98114.847,
    "VEX_Put": -110113.067,
    "VEX_Total": -208227.914,
    "VEX_Ratio": -0.891037,
    "CEX_Call": -12101231.803,
    "CEX_Put": -13935624.175,
    "CEX_Total": -26036855.978,
    "CEX_Ratio": -0.868367
}