{
    "timestamp": "2025-08-19 07:47:33",
    "cum_gam": 6394.726313417841,
    "cum_vec": 6394.726313417841,
    "DEX_Call": 343.232,
    "DEX_Put": -296.42,
    "DEX_Total": 46.812,
    "DEX_Ratio": 1.157925,
    "GEX_Call": 2995944.031,
    "GEX_Put": -3860452.002,
    "GEX_Total": -864507.971,
    "GEX_Ratio": 0.77606,
    "VEX_Call": -694828.787,
    "VEX_Put": 1440863.426,
    "VEX_Total": 746034.639,
    "VEX_Ratio": -0.482231,
    "CEX_Call": -8845418.53,
    "CEX_Put": 8989156.955,
    "CEX_Total": 143738.425,
    "CEX_Ratio": -0.98401
}