{
    "timestamp": "2025-10-16 06:54:18",
    "cum_gam": 7004.181394644385,
    "cum_vec": 7004.181394644385,
    "DEX_Call": 1726.841,
    "DEX_Put": -1122.946,
    "DEX_Total": 603.895,
    "DEX_Ratio": 1.537777,
    "GEX_Call": 7125604.53,
    "GEX_Put": -5810116.542,
    "GEX_Total": 1315487.988,
    "GEX_Ratio": 1.226413,
    "VEX_Call": -936644.19,
    "VEX_Put": 3259740.984,
    "VEX_Total": 2323096.794,
    "VEX_Ratio": -0.287337,
    "CEX_Call": -11719045.388,
    "CEX_Put": 26391025.186,
    "CEX_Total": 14671979.798,
    "CEX_Ratio": -0.444054
}