{
    "timestamp": "2025-09-24 07:19:42",
    "cum_gam": 6579.746181828031,
    "cum_vec": 7493.787241500176,
    "DEX_Call": 424.679,
    "DEX_Put": -292.22,
    "DEX_Total": 132.459,
    "DEX_Ratio": 1.453285,
    "GEX_Call": 3587761.078,
    "GEX_Put": -4078584.415,
    "GEX_Total": -490823.337,
    "GEX_Ratio": 0.879658,
    "VEX_Call": -561710.262,
    "VEX_Put": 1545389.865,
    "VEX_Total": 983679.603,
    "VEX_Ratio": -0.363475,
    "CEX_Call": -8393423.195,
    "CEX_Put": 15192071.494,
    "CEX_Total": 6798648.299,
    "CEX_Ratio": -0.552487
}