{
    "timestamp": "2025-10-02 11:55:02",
    "cum_gam": null,
    "cum_vec": 8544.391281233386,
    "DEX_Call": 572.652,
    "DEX_Put": -96.717,
    "DEX_Total": 475.935,
    "DEX_Ratio": 5.920903,
    "GEX_Call": 6406773.267,
    "GEX_Put": -2432586.649,
    "GEX_Total": 3974186.618,
    "GEX_Ratio": 2.633729,
    "VEX_Call": 79387.829,
    "VEX_Put": 1144601.091,
    "VEX_Total": 1223988.92,
    "VEX_Ratio": 0.069359,
    "CEX_Call": -7759115.888,
    "CEX_Put": 22340677.503,
    "CEX_Total": 14581561.615,
    "CEX_Ratio": -0.347309
}