{
    "timestamp": "2025-09-19 07:17:10",
    "cum_gam": null,
    "cum_vec": null,
    "DEX_Call": 566.911,
    "DEX_Put": -89.516,
    "DEX_Total": 477.395,
    "DEX_Ratio": 6.333069,
    "GEX_Call": 3788281.87,
    "GEX_Put": -2231564.605,
    "GEX_Total": 1556717.265,
    "GEX_Ratio": 1.69759,
    "VEX_Call": 16736.136,
    "VEX_Put": 764005.187,
    "VEX_Total": 780741.323,
    "VEX_Ratio": 0.021906,
    "CEX_Call": -193451.617,
    "CEX_Put": 17836250.07,
    "CEX_Total": 17642798.453,
    "CEX_Ratio": -0.010846
}