{
    "timestamp": "2025-11-06 11:04:06",
    "cum_gam": 6800.2503933667,
    "cum_vec": 6800.2503933667,
    "DEX_Call": 110.558,
    "DEX_Put": -666.571,
    "DEX_Total": -556.013,
    "DEX_Ratio": 0.165861,
    "GEX_Call": 1038857.321,
    "GEX_Put": -3729523.497,
    "GEX_Total": -2690666.176,
    "GEX_Ratio": 0.27855,
    "VEX_Call": -576074.057,
    "VEX_Put": 470302.079,
    "VEX_Total": -105771.978,
    "VEX_Ratio": -1.224902,
    "CEX_Call": -12285061.089,
    "CEX_Put": 1699821.566,
    "CEX_Total": -10585239.523,
    "CEX_Ratio": -7.227265
}