{
    "timestamp": "2025-07-15 11:00:31",
    "cum_gam": null,
    "cum_vec": 8537.567145499452,
    "DEX_Call": 2576.74,
    "DEX_Put": -421.138,
    "DEX_Total": 2155.602,
    "DEX_Ratio": 6.118517,
    "GEX_Call": 5813290.739,
    "GEX_Put": -4009270.03,
    "GEX_Total": 1804020.709,
    "GEX_Ratio": 1.449962,
    "VEX_Call": 322173.647,
    "VEX_Put": 2435198.831,
    "VEX_Total": 2757372.478,
    "VEX_Ratio": 0.132299,
    "CEX_Call": -5191463.985,
    "CEX_Put": 15928378.14,
    "CEX_Total": 10736914.155,
    "CEX_Ratio": -0.325925
}