{
    "timestamp": "2025-09-29 09:38:58",
    "cum_gam": null,
    "cum_vec": 6976.681331929163,
    "DEX_Call": 705.206,
    "DEX_Put": -501.701,
    "DEX_Total": 203.505,
    "DEX_Ratio": 1.40563,
    "GEX_Call": 6291028.879,
    "GEX_Put": -4620036.534,
    "GEX_Total": 1670992.345,
    "GEX_Ratio": 1.361684,
    "VEX_Call": -643340.976,
    "VEX_Put": 2506518.515,
    "VEX_Total": 1863177.539,
    "VEX_Ratio": -0.256667,
    "CEX_Call": -10973608.768,
    "CEX_Put": 18983857.742,
    "CEX_Total": 8010248.974,
    "CEX_Ratio": -0.578049
}