{
    "timestamp": "2025-07-15 10:44:10",
    "cum_gam": null,
    "cum_vec": 8594.373782896568,
    "DEX_Call": 797.811,
    "DEX_Put": -401.387,
    "DEX_Total": 396.424,
    "DEX_Ratio": 1.987635,
    "GEX_Call": 5168066.183,
    "GEX_Put": -4045193.301,
    "GEX_Total": 1122872.882,
    "GEX_Ratio": 1.277582,
    "VEX_Call": -660858.699,
    "VEX_Put": 2532242.987,
    "VEX_Total": 1871384.288,
    "VEX_Ratio": -0.260978,
    "CEX_Call": -10920427.69,
    "CEX_Put": 16029445.553,
    "CEX_Total": 5109017.863,
    "CEX_Ratio": -0.681273
}