{
    "timestamp": "2025-10-22 08:54:16",
    "cum_gam": 7004.166093362353,
    "cum_vec": 7004.166093362353,
    "DEX_Call": 313.506,
    "DEX_Put": -338.202,
    "DEX_Total": -24.696,
    "DEX_Ratio": 0.926979,
    "GEX_Call": 3281720.133,
    "GEX_Put": -3951026.602,
    "GEX_Total": -669306.469,
    "GEX_Ratio": 0.830599,
    "VEX_Call": -667811.11,
    "VEX_Put": 1576366.96,
    "VEX_Total": 908555.85,
    "VEX_Ratio": -0.423639,
    "CEX_Call": -11164097.075,
    "CEX_Put": 17282730.551,
    "CEX_Total": 6118633.476,
    "CEX_Ratio": -0.645968
}