{
    "timestamp": "2025-10-13 11:24:28",
    "cum_gam": 11989.19840818647,
    "cum_vec": 11989.19840818647,
    "DEX_Call": 2144.994,
    "DEX_Put": -1374.481,
    "DEX_Total": 770.513,
    "DEX_Ratio": 1.560585,
    "GEX_Call": 6652202.301,
    "GEX_Put": -7034696.63,
    "GEX_Total": -382494.329,
    "GEX_Ratio": 0.945627,
    "VEX_Call": -1048908.669,
    "VEX_Put": 4718024.383,
    "VEX_Total": 3669115.714,
    "VEX_Ratio": -0.222319,
    "CEX_Call": -8959826.248,
    "CEX_Put": 16143426.872,
    "CEX_Total": 7183600.624,
    "CEX_Ratio": -0.555014
}