{
    "timestamp": "2025-10-02 10:24:47",
    "cum_gam": null,
    "cum_vec": 8552.017213555675,
    "DEX_Call": 572.955,
    "DEX_Put": -143.043,
    "DEX_Total": 429.912,
    "DEX_Ratio": 4.005474,
    "GEX_Call": 5761377.985,
    "GEX_Put": -3108548.849,
    "GEX_Total": 2652829.136,
    "GEX_Ratio": 1.853398,
    "VEX_Call": -165036.934,
    "VEX_Put": 1313234.283,
    "VEX_Total": 1148197.349,
    "VEX_Ratio": -0.125672,
    "CEX_Call": -11705986.004,
    "CEX_Put": 21105178.773,
    "CEX_Total": 9399192.769,
    "CEX_Ratio": -0.55465
}