{
    "timestamp": "2025-07-21 08:35:38",
    "cum_gam": null,
    "cum_vec": 7312.483809903358,
    "DEX_Call": 671.867,
    "DEX_Put": -86.934,
    "DEX_Total": 584.933,
    "DEX_Ratio": 7.728472,
    "GEX_Call": 5170225.075,
    "GEX_Put": -1403344.164,
    "GEX_Total": 3766880.911,
    "GEX_Ratio": 3.684217,
    "VEX_Call": -299311.413,
    "VEX_Put": 1241739.009,
    "VEX_Total": 942427.596,
    "VEX_Ratio": -0.241042,
    "CEX_Call": -682068.137,
    "CEX_Put": 10912421.537,
    "CEX_Total": 10230353.4,
    "CEX_Ratio": -0.062504
}