{
    "timestamp": "2025-07-17 09:56:26",
    "cum_gam": null,
    "cum_vec": null,
    "DEX_Call": 3316.972,
    "DEX_Put": -244.495,
    "DEX_Total": 3072.477,
    "DEX_Ratio": 13.566625,
    "GEX_Call": 7558095.173,
    "GEX_Put": -3980395.109,
    "GEX_Total": 3577700.064,
    "GEX_Ratio": 1.89883,
    "VEX_Call": 662139.897,
    "VEX_Put": 1534837.98,
    "VEX_Total": 2196977.877,
    "VEX_Ratio": 0.431407,
    "CEX_Call": -261121.486,
    "CEX_Put": 17467215.827,
    "CEX_Total": 17206094.341,
    "CEX_Ratio": -0.014949
}