{
    "timestamp": "2025-08-04 07:11:11",
    "cum_gam": null,
    "cum_vec": null,
    "DEX_Call": 354.936,
    "DEX_Put": -441.637,
    "DEX_Total": -86.701,
    "DEX_Ratio": 0.803683,
    "GEX_Call": 2723814.594,
    "GEX_Put": -2688685.019,
    "GEX_Total": 35129.575,
    "GEX_Ratio": 1.013066,
    "VEX_Call": -633842.86,
    "VEX_Put": 1212862.274,
    "VEX_Total": 579019.414,
    "VEX_Ratio": -0.522601,
    "CEX_Call": -2547623.534,
    "CEX_Put": 9390562.069,
    "CEX_Total": 6842938.535,
    "CEX_Ratio": -0.271296
}