{
    "timestamp": "2025-10-23 07:31:36",
    "cum_gam": null,
    "cum_vec": null,
    "DEX_Call": 356.296,
    "DEX_Put": -203.072,
    "DEX_Total": 153.224,
    "DEX_Ratio": 1.75453,
    "GEX_Call": 2885879.684,
    "GEX_Put": -2365136.967,
    "GEX_Total": 520742.717,
    "GEX_Ratio": 1.220174,
    "VEX_Call": -455945.009,
    "VEX_Put": 1252635.065,
    "VEX_Total": 796690.056,
    "VEX_Ratio": -0.363989,
    "CEX_Call": -7640468.153,
    "CEX_Put": 15531160.564,
    "CEX_Total": 7890692.411,
    "CEX_Ratio": -0.491944
}