{
    "timestamp": "2025-10-21 11:33:39",
    "cum_gam": null,
    "cum_vec": null,
    "DEX_Call": 582.136,
    "DEX_Put": -208.892,
    "DEX_Total": 373.244,
    "DEX_Ratio": 2.78678,
    "GEX_Call": 5610018.062,
    "GEX_Put": -3003550.272,
    "GEX_Total": 2606467.79,
    "GEX_Ratio": 1.867796,
    "VEX_Call": -423969.795,
    "VEX_Put": 1726232.13,
    "VEX_Total": 1302262.335,
    "VEX_Ratio": -0.245604,
    "CEX_Call": -11344417.322,
    "CEX_Put": 18672003.771,
    "CEX_Total": 7327586.449,
    "CEX_Ratio": -0.607563
}