{
    "timestamp": "2025-07-24 07:55:17",
    "cum_gam": null,
    "cum_vec": 8173.2558139534885,
    "DEX_Call": 552.525,
    "DEX_Put": -45.493,
    "DEX_Total": 507.032,
    "DEX_Ratio": 12.145275,
    "GEX_Call": 5203836.089,
    "GEX_Put": -1175232.106,
    "GEX_Total": 4028603.983,
    "GEX_Ratio": 4.427922,
    "VEX_Call": -340025.654,
    "VEX_Put": 745980.444,
    "VEX_Total": 405954.79,
    "VEX_Ratio": -0.45581,
    "CEX_Call": -6266667.641,
    "CEX_Put": 10511892.714,
    "CEX_Total": 4245225.073,
    "CEX_Ratio": -0.59615
}