{
    "timestamp": "2025-08-20 10:37:36",
    "cum_gam": 8197.264957264957,
    "cum_vec": 8400.0,
    "DEX_Call": 176.997,
    "DEX_Put": -461.985,
    "DEX_Total": -284.988,
    "DEX_Ratio": 0.383123,
    "GEX_Call": 1600311.375,
    "GEX_Put": -4510175.659,
    "GEX_Total": -2909864.284,
    "GEX_Ratio": 0.354822,
    "VEX_Call": -556510.845,
    "VEX_Put": 1015989.331,
    "VEX_Total": 459478.486,
    "VEX_Ratio": -0.547753,
    "CEX_Call": -9598205.606,
    "CEX_Put": 11216841.692,
    "CEX_Total": 1618636.086,
    "CEX_Ratio": -0.855696
}