{
    "timestamp": "2025-09-11 09:25:21",
    "cum_gam": null,
    "cum_vec": null,
    "DEX_Call": 647.658,
    "DEX_Put": -51.256,
    "DEX_Total": 596.402,
    "DEX_Ratio": 12.63575,
    "GEX_Call": 4958357.821,
    "GEX_Put": -1056442.292,
    "GEX_Total": 3901915.529,
    "GEX_Ratio": 4.693449,
    "VEX_Call": 249945.577,
    "VEX_Put": 1201603.104,
    "VEX_Total": 1451548.681,
    "VEX_Ratio": 0.20801,
    "CEX_Call": 2777978.125,
    "CEX_Put": 19406250.396,
    "CEX_Total": 22184228.521,
    "CEX_Ratio": 0.143149
}