{
    "timestamp": "2025-11-26 07:26:03",
    "cum_gam": null,
    "cum_vec": null,
    "DEX_Call": 833.373,
    "DEX_Put": -255.62,
    "DEX_Total": 577.753,
    "DEX_Ratio": 3.260203,
    "GEX_Call": 5158285.48,
    "GEX_Put": -2601594.438,
    "GEX_Total": 2556691.042,
    "GEX_Ratio": 1.98274,
    "VEX_Call": -951467.469,
    "VEX_Put": 1806635.133,
    "VEX_Total": 855167.664,
    "VEX_Ratio": -0.526652,
    "CEX_Call": -16965688.334,
    "CEX_Put": 17630518.911,
    "CEX_Total": 664830.577,
    "CEX_Ratio": -0.962291
}