{
    "timestamp": "2025-09-11 10:58:40",
    "cum_gam": null,
    "cum_vec": null,
    "DEX_Call": 650.791,
    "DEX_Put": -32.873,
    "DEX_Total": 617.918,
    "DEX_Ratio": 19.797128,
    "GEX_Call": 5148027.175,
    "GEX_Put": -823229.594,
    "GEX_Total": 4324797.581,
    "GEX_Ratio": 6.253453,
    "VEX_Call": 276103.693,
    "VEX_Put": 828150.498,
    "VEX_Total": 1104254.191,
    "VEX_Ratio": 0.333398,
    "CEX_Call": 5341989.965,
    "CEX_Put": 15016470.525,
    "CEX_Total": 20358460.49,
    "CEX_Ratio": 0.355742
}