{
    "timestamp": "2025-09-03 12:30:46",
    "cum_gam": null,
    "cum_vec": 8111.2,
    "DEX_Call": 223.56,
    "DEX_Put": -309.797,
    "DEX_Total": -86.237,
    "DEX_Ratio": 0.721634,
    "GEX_Call": 3161443.706,
    "GEX_Put": -3074589.69,
    "GEX_Total": 86854.016,
    "GEX_Ratio": 1.028249,
    "VEX_Call": -501723.358,
    "VEX_Put": 941155.357,
    "VEX_Total": 439431.999,
    "VEX_Ratio": -0.533093,
    "CEX_Call": -15692183.816,
    "CEX_Put": 17960472.389,
    "CEX_Total": 2268288.573,
    "CEX_Ratio": -0.873707
}