{
    "timestamp": "2025-11-03 10:57:03",
    "cum_gam": null,
    "cum_vec": null,
    "DEX_Call": 630.485,
    "DEX_Put": -368.761,
    "DEX_Total": 261.724,
    "DEX_Ratio": 1.709739,
    "GEX_Call": 4400685.753,
    "GEX_Put": -3550228.282,
    "GEX_Total": 850457.471,
    "GEX_Ratio": 1.23955,
    "VEX_Call": -680299.241,
    "VEX_Put": 1840341.317,
    "VEX_Total": 1160042.076,
    "VEX_Ratio": -0.369659,
    "CEX_Call": -8373841.395,
    "CEX_Put": 17567888.187,
    "CEX_Total": 9194046.792,
    "CEX_Ratio": -0.476656
}