{
    "timestamp": "2025-08-26 07:01:08",
    "cum_gam": 6329.911218639442,
    "cum_vec": 8054.028436018957,
    "DEX_Call": 571.592,
    "DEX_Put": -384.003,
    "DEX_Total": 187.589,
    "DEX_Ratio": 1.488509,
    "GEX_Call": 3759074.327,
    "GEX_Put": -4194779.723,
    "GEX_Total": -435705.396,
    "GEX_Ratio": 0.896132,
    "VEX_Call": -809913.994,
    "VEX_Put": 1789253.789,
    "VEX_Total": 979339.795,
    "VEX_Ratio": -0.452655,
    "CEX_Call": -7930165.812,
    "CEX_Put": 10127720.802,
    "CEX_Total": 2197554.99,
    "CEX_Ratio": -0.783016
}