{
    "timestamp": "2026-07-20 11:33:24",
    "cum_gam": 9931.42857142857,
    "cum_vec": 9931.42857142857,
    "DEX_Call": 219.278,
    "DEX_Put": -738.539,
    "DEX_Total": -519.261,
    "DEX_Ratio": 0.296908,
    "GEX_Call": 2421052.734,
    "GEX_Put": -4735768.17,
    "GEX_Total": -2314715.436,
    "GEX_Ratio": 0.511227,
    "VEX_Call": -1152495.838,
    "VEX_Put": 1626892.865,
    "VEX_Total": 474397.027,
    "VEX_Ratio": -0.708403,
    "CEX_Call": -12150176.079,
    "CEX_Put": 9468836.311,
    "CEX_Total": -2681339.768,
    "CEX_Ratio": -1.283175
}