{
    "timestamp": "2025-08-20 07:36:11",
    "cum_gam": 6390.600492826449,
    "cum_vec": 8400.0,
    "DEX_Call": 184.013,
    "DEX_Put": -577.036,
    "DEX_Total": -393.023,
    "DEX_Ratio": 0.318893,
    "GEX_Call": 1039478.359,
    "GEX_Put": -4408457.99,
    "GEX_Total": -3368979.631,
    "GEX_Ratio": 0.235792,
    "VEX_Call": -529049.178,
    "VEX_Put": 1046636.583,
    "VEX_Total": 517587.405,
    "VEX_Ratio": -0.505476,
    "CEX_Call": -6087759.06,
    "CEX_Put": 10117491.079,
    "CEX_Total": 4029732.019,
    "CEX_Ratio": -0.601706
}