{
    "timestamp": "2025-10-02 08:30:44",
    "cum_gam": null,
    "cum_vec": null,
    "DEX_Call": 527.078,
    "DEX_Put": -191.308,
    "DEX_Total": 335.77,
    "DEX_Ratio": 2.755128,
    "GEX_Call": 4986150.354,
    "GEX_Put": -3349994.258,
    "GEX_Total": 1636156.096,
    "GEX_Ratio": 1.488406,
    "VEX_Call": -424977.965,
    "VEX_Put": 1392162.949,
    "VEX_Total": 967184.984,
    "VEX_Ratio": -0.305265,
    "CEX_Call": -13162485.965,
    "CEX_Put": 17555141.13,
    "CEX_Total": 4392655.165,
    "CEX_Ratio": -0.74978
}