{
    "timestamp": "2025-07-22 12:01:58",
    "cum_gam": null,
    "cum_vec": null,
    "DEX_Call": 398.061,
    "DEX_Put": -135.786,
    "DEX_Total": 262.275,
    "DEX_Ratio": 2.931532,
    "GEX_Call": 3746058.288,
    "GEX_Put": -3088330.656,
    "GEX_Total": 657727.632,
    "GEX_Ratio": 1.212972,
    "VEX_Call": -447593.994,
    "VEX_Put": 1026834.349,
    "VEX_Total": 579240.355,
    "VEX_Ratio": -0.435897,
    "CEX_Call": -6987956.761,
    "CEX_Put": 17358354.569,
    "CEX_Total": 10370397.808,
    "CEX_Ratio": -0.40257
}