{
    "timestamp": "2025-10-13 09:17:06",
    "cum_gam": 11994.047619047618,
    "cum_vec": 11994.047619047618,
    "DEX_Call": 2259.531,
    "DEX_Put": -1468.609,
    "DEX_Total": 790.922,
    "DEX_Ratio": 1.538552,
    "GEX_Call": 6281078.688,
    "GEX_Put": -6716845.537,
    "GEX_Total": -435766.849,
    "GEX_Ratio": 0.935123,
    "VEX_Call": -815550.408,
    "VEX_Put": 5389557.548,
    "VEX_Total": 4574007.14,
    "VEX_Ratio": -0.15132,
    "CEX_Call": -4953667.701,
    "CEX_Put": 20607730.543,
    "CEX_Total": 15654062.842,
    "CEX_Ratio": -0.240379
}