{
    "timestamp": "2025-09-16 11:38:01",
    "cum_gam": null,
    "cum_vec": null,
    "DEX_Call": 10055.76,
    "DEX_Put": -706.513,
    "DEX_Total": 9349.247,
    "DEX_Ratio": 14.232944,
    "GEX_Call": 11321201.691,
    "GEX_Put": -7622725.662,
    "GEX_Total": 3698476.029,
    "GEX_Ratio": 1.485191,
    "VEX_Call": 6422394.925,
    "VEX_Put": 8903000.373,
    "VEX_Total": 15325395.298,
    "VEX_Ratio": 0.721374,
    "CEX_Call": 10898102.567,
    "CEX_Put": 36914791.075,
    "CEX_Total": 47812893.642,
    "CEX_Ratio": 0.295223
}