{
    "timestamp": "2025-08-18 10:56:11",
    "cum_gam": null,
    "cum_vec": 8400.0,
    "DEX_Call": 327.44,
    "DEX_Put": -249.976,
    "DEX_Total": 77.464,
    "DEX_Ratio": 1.309886,
    "GEX_Call": 3765294.348,
    "GEX_Put": -3236739.336,
    "GEX_Total": 528555.012,
    "GEX_Ratio": 1.163299,
    "VEX_Call": -553401.036,
    "VEX_Put": 1472711.711,
    "VEX_Total": 919310.675,
    "VEX_Ratio": -0.37577,
    "CEX_Call": -9889918.087,
    "CEX_Put": 11272049.685,
    "CEX_Total": 1382131.598,
    "CEX_Ratio": -0.877384
}