{
    "timestamp": "2025-11-03 09:32:21",
    "cum_gam": null,
    "cum_vec": null,
    "DEX_Call": 595.837,
    "DEX_Put": -407.226,
    "DEX_Total": 188.611,
    "DEX_Ratio": 1.463161,
    "GEX_Call": 3714952.107,
    "GEX_Put": -3637530.85,
    "GEX_Total": 77421.257,
    "GEX_Ratio": 1.021284,
    "VEX_Call": -870704.78,
    "VEX_Put": 2040845.218,
    "VEX_Total": 1170140.438,
    "VEX_Ratio": -0.426639,
    "CEX_Call": -8952418.333,
    "CEX_Put": 16829373.584,
    "CEX_Total": 7876955.251,
    "CEX_Ratio": -0.531952
}