{
    "timestamp": "2025-08-13 09:29:02",
    "cum_gam": 7009.715141652901,
    "cum_vec": 7574.696222846334,
    "DEX_Call": 1344.489,
    "DEX_Put": -312.808,
    "DEX_Total": 1031.681,
    "DEX_Ratio": 4.298129,
    "GEX_Call": 8959883.875,
    "GEX_Put": -3167253.778,
    "GEX_Total": 5792630.097,
    "GEX_Ratio": 2.828913,
    "VEX_Call": -311254.622,
    "VEX_Put": 2586269.255,
    "VEX_Total": 2275014.633,
    "VEX_Ratio": -0.120349,
    "CEX_Call": -10245319.013,
    "CEX_Put": 16961580.947,
    "CEX_Total": 6716261.934,
    "CEX_Ratio": -0.604031
}