{
    "timestamp": "2025-06-26 07:54:31",
    "cum_gam": 7599.735049205147,
    "cum_vec": 7599.735049205147,
    "DEX_Call": 443.182,
    "DEX_Put": -47.4,
    "DEX_Total": 395.782,
    "DEX_Ratio": 9.349831,
    "GEX_Call": 3719068.891,
    "GEX_Put": -962630.641,
    "GEX_Total": 2756438.25,
    "GEX_Ratio": 3.863443,
    "VEX_Call": -16672.148,
    "VEX_Put": 832001.969,
    "VEX_Total": 815329.821,
    "VEX_Ratio": -0.020039,
    "CEX_Call": -2230368.525,
    "CEX_Put": 11415954.108,
    "CEX_Total": 9185585.583,
    "CEX_Ratio": -0.195373
}