{
    "timestamp": "2025-11-12 12:13:01",
    "cum_gam": null,
    "cum_vec": null,
    "DEX_Call": 438.063,
    "DEX_Put": -167.113,
    "DEX_Total": 270.95,
    "DEX_Ratio": 2.621358,
    "GEX_Call": 5020838.63,
    "GEX_Put": -2412678.596,
    "GEX_Total": 2608160.034,
    "GEX_Ratio": 2.081023,
    "VEX_Call": -752859.142,
    "VEX_Put": 1172899.145,
    "VEX_Total": 420040.003,
    "VEX_Ratio": -0.641879,
    "CEX_Call": -23196755.49,
    "CEX_Put": 26294033.738,
    "CEX_Total": 3097278.248,
    "CEX_Ratio": -0.882206
}