{
    "timestamp": "2025-09-25 08:16:53",
    "cum_gam": 6624.994103856971,
    "cum_vec": 8600.0,
    "DEX_Call": 210.204,
    "DEX_Put": -406.088,
    "DEX_Total": -195.884,
    "DEX_Ratio": 0.517632,
    "GEX_Call": 1786218.185,
    "GEX_Put": -4018989.676,
    "GEX_Total": -2232771.491,
    "GEX_Ratio": 0.444445,
    "VEX_Call": -445653.761,
    "VEX_Put": 782811.462,
    "VEX_Total": 337157.701,
    "VEX_Ratio": -0.569299,
    "CEX_Call": -7103860.31,
    "CEX_Put": 9541263.688,
    "CEX_Total": 2437403.378,
    "CEX_Ratio": -0.744541
}