{
    "timestamp": "2025-11-05 07:34:06",
    "cum_gam": 6751.383858945808,
    "cum_vec": 6751.383858945808,
    "DEX_Call": 312.399,
    "DEX_Put": -520.713,
    "DEX_Total": -208.314,
    "DEX_Ratio": 0.599945,
    "GEX_Call": 2030931.31,
    "GEX_Put": -3441589.568,
    "GEX_Total": -1410658.258,
    "GEX_Ratio": 0.590114,
    "VEX_Call": -797292.441,
    "VEX_Put": 1453419.159,
    "VEX_Total": 656126.718,
    "VEX_Ratio": -0.548563,
    "CEX_Call": -9374490.513,
    "CEX_Put": 13835024.89,
    "CEX_Total": 4460534.377,
    "CEX_Ratio": -0.677591
}