{
    "timestamp": "2025-11-13 07:33:29",
    "cum_gam": 6529.066200678563,
    "cum_vec": 6529.066200678563,
    "DEX_Call": 260.094,
    "DEX_Put": -275.891,
    "DEX_Total": -15.797,
    "DEX_Ratio": 0.942742,
    "GEX_Call": 2464394.188,
    "GEX_Put": -2496320.499,
    "GEX_Total": -31926.311,
    "GEX_Ratio": 0.987211,
    "VEX_Call": -784715.274,
    "VEX_Put": 1068914.277,
    "VEX_Total": 284199.003,
    "VEX_Ratio": -0.734124,
    "CEX_Call": -10908156.876,
    "CEX_Put": 13302317.719,
    "CEX_Total": 2394160.843,
    "CEX_Ratio": -0.820019
}