{
    "timestamp": "2025-08-18 10:05:10",
    "cum_gam": 8199.4663998666,
    "cum_vec": 8400.0,
    "DEX_Call": 306.674,
    "DEX_Put": -247.806,
    "DEX_Total": 58.868,
    "DEX_Ratio": 1.237557,
    "GEX_Call": 3744390.717,
    "GEX_Put": -3194191.874,
    "GEX_Total": 550198.843,
    "GEX_Ratio": 1.17225,
    "VEX_Call": -567622.365,
    "VEX_Put": 1540689.094,
    "VEX_Total": 973066.729,
    "VEX_Ratio": -0.368421,
    "CEX_Call": -8677595.968,
    "CEX_Put": 10885834.173,
    "CEX_Total": 2208238.205,
    "CEX_Ratio": -0.797146
}