{
    "timestamp": "2025-11-19 11:55:02",
    "cum_gam": 6627.768024440782,
    "cum_vec": 8699.884146624032,
    "DEX_Call": 2101.455,
    "DEX_Put": -1428.103,
    "DEX_Total": 673.352,
    "DEX_Ratio": 1.471501,
    "GEX_Call": 3672422.588,
    "GEX_Put": -5407188.013,
    "GEX_Total": -1734765.425,
    "GEX_Ratio": 0.679174,
    "VEX_Call": -1251732.911,
    "VEX_Put": 2572650.344,
    "VEX_Total": 1320917.433,
    "VEX_Ratio": -0.486554,
    "CEX_Call": -17697458.492,
    "CEX_Put": 24909908.016,
    "CEX_Total": 7212449.524,
    "CEX_Ratio": -0.710459
}