{
    "timestamp": "2025-08-25 11:29:17",
    "cum_gam": null,
    "cum_vec": 8386.116322701688,
    "DEX_Call": 800.607,
    "DEX_Put": -248.976,
    "DEX_Total": 551.631,
    "DEX_Ratio": 3.215599,
    "GEX_Call": 4755825.267,
    "GEX_Put": -3487212.368,
    "GEX_Total": 1268612.899,
    "GEX_Ratio": 1.36379,
    "VEX_Call": -649152.761,
    "VEX_Put": 1805593.709,
    "VEX_Total": 1156440.948,
    "VEX_Ratio": -0.359523,
    "CEX_Call": -10378292.404,
    "CEX_Put": 14268119.139,
    "CEX_Total": 3889826.735,
    "CEX_Ratio": -0.727376
}