{
    "timestamp": "2025-07-28 12:12:32",
    "cum_gam": null,
    "cum_vec": 6914.114975552304,
    "DEX_Call": 630.439,
    "DEX_Put": -245.215,
    "DEX_Total": 385.224,
    "DEX_Ratio": 2.570964,
    "GEX_Call": 4849097.836,
    "GEX_Put": -3477965.533,
    "GEX_Total": 1371132.303,
    "GEX_Ratio": 1.394234,
    "VEX_Call": -682413.6,
    "VEX_Put": 1478246.647,
    "VEX_Total": 795833.047,
    "VEX_Ratio": -0.461637,
    "CEX_Call": -11094115.603,
    "CEX_Put": 14358913.752,
    "CEX_Total": 3264798.149,
    "CEX_Ratio": -0.772629
}