{
    "timestamp": "2025-11-04 07:31:24",
    "cum_gam": 6776.806354570758,
    "cum_vec": 6776.806354570758,
    "DEX_Call": 297.283,
    "DEX_Put": -590.002,
    "DEX_Total": -292.719,
    "DEX_Ratio": 0.503868,
    "GEX_Call": 1758063.102,
    "GEX_Put": -3761955.355,
    "GEX_Total": -2003892.253,
    "GEX_Ratio": 0.467327,
    "VEX_Call": -1050576.061,
    "VEX_Put": 1740902.982,
    "VEX_Total": 690326.921,
    "VEX_Ratio": -0.603466,
    "CEX_Call": -8263517.057,
    "CEX_Put": 13187277.042,
    "CEX_Total": 4923759.985,
    "CEX_Ratio": -0.626628
}