{
    "timestamp": "2025-11-05 13:28:46",
    "cum_gam": null,
    "cum_vec": null,
    "DEX_Call": 444.889,
    "DEX_Put": -280.037,
    "DEX_Total": 164.852,
    "DEX_Ratio": 1.588679,
    "GEX_Call": 4000854.418,
    "GEX_Put": -2836709.104,
    "GEX_Total": 1164145.314,
    "GEX_Ratio": 1.410386,
    "VEX_Call": -487865.502,
    "VEX_Put": 1186993.309,
    "VEX_Total": 699127.807,
    "VEX_Ratio": -0.411009,
    "CEX_Call": -21455782.792,
    "CEX_Put": 39337479.975,
    "CEX_Total": 17881697.183,
    "CEX_Ratio": -0.545429
}