{
    "timestamp": "2025-10-22 10:04:04",
    "cum_gam": 6696.895275885089,
    "cum_vec": 6696.895275885089,
    "DEX_Call": 309.083,
    "DEX_Put": -465.113,
    "DEX_Total": -156.03,
    "DEX_Ratio": 0.664533,
    "GEX_Call": 2324677.888,
    "GEX_Put": -4244359.424,
    "GEX_Total": -1919681.536,
    "GEX_Ratio": 0.54771,
    "VEX_Call": -634049.688,
    "VEX_Put": 1515606.433,
    "VEX_Total": 881556.745,
    "VEX_Ratio": -0.418347,
    "CEX_Call": -9477195.924,
    "CEX_Put": 20208328.215,
    "CEX_Total": 10731132.291,
    "CEX_Ratio": -0.468975
}