{
    "timestamp": "2025-09-18 12:45:52",
    "cum_gam": 10228.282828282829,
    "cum_vec": 10228.282828282829,
    "DEX_Call": 8484.204,
    "DEX_Put": -525.237,
    "DEX_Total": 7958.967,
    "DEX_Ratio": 16.153097,
    "GEX_Call": 12039025.416,
    "GEX_Put": -7185303.167,
    "GEX_Total": 4853722.249,
    "GEX_Ratio": 1.675507,
    "VEX_Call": 4480469.639,
    "VEX_Put": 4725199.391,
    "VEX_Total": 9205669.03,
    "VEX_Ratio": 0.948208,
    "CEX_Call": 28377202.865,
    "CEX_Put": 42717611.562,
    "CEX_Total": 71094814.427,
    "CEX_Ratio": 0.664298
}