{
    "timestamp": "2025-07-23 09:30:24",
    "cum_gam": null,
    "cum_vec": 8200.0,
    "DEX_Call": 364.122,
    "DEX_Put": -87.648,
    "DEX_Total": 276.474,
    "DEX_Ratio": 4.154367,
    "GEX_Call": 5128915.352,
    "GEX_Put": -1668225.637,
    "GEX_Total": 3460689.715,
    "GEX_Ratio": 3.074473,
    "VEX_Call": -473320.503,
    "VEX_Put": 1030107.26,
    "VEX_Total": 556786.757,
    "VEX_Ratio": -0.459487,
    "CEX_Call": -7433037.805,
    "CEX_Put": 13660325.05,
    "CEX_Total": 6227287.245,
    "CEX_Ratio": -0.544133
}