{
    "timestamp": "2025-10-09 09:55:01",
    "cum_gam": 6720.767246339903,
    "cum_vec": 6720.767246339903,
    "DEX_Call": 265.516,
    "DEX_Put": -281.648,
    "DEX_Total": -16.132,
    "DEX_Ratio": 0.942723,
    "GEX_Call": 3488375.397,
    "GEX_Put": -6235981.748,
    "GEX_Total": -2747606.351,
    "GEX_Ratio": 0.559395,
    "VEX_Call": -722670.83,
    "VEX_Put": 1642426.792,
    "VEX_Total": 919755.962,
    "VEX_Ratio": -0.440002,
    "CEX_Call": -18435384.356,
    "CEX_Put": 28248726.154,
    "CEX_Total": 9813341.798,
    "CEX_Ratio": -0.652609
}