{
    "timestamp": "2025-07-09 12:22:50",
    "cum_gam": null,
    "cum_vec": null,
    "DEX_Call": 468.255,
    "DEX_Put": -65.312,
    "DEX_Total": 402.943,
    "DEX_Ratio": 7.169509,
    "GEX_Call": 3442616.014,
    "GEX_Put": -1185412.157,
    "GEX_Total": 2257203.857,
    "GEX_Ratio": 2.904151,
    "VEX_Call": 21737.105,
    "VEX_Put": 604013.12,
    "VEX_Total": 625750.225,
    "VEX_Ratio": 0.035988,
    "CEX_Call": 1586979.14,
    "CEX_Put": 11985979.068,
    "CEX_Total": 13572958.208,
    "CEX_Ratio": 0.132403
}