{
    "timestamp": "2025-08-12 09:11:35",
    "cum_gam": 7009.6918151553855,
    "cum_vec": 7570.383311681524,
    "DEX_Call": 1470.471,
    "DEX_Put": -337.983,
    "DEX_Total": 1132.488,
    "DEX_Ratio": 4.350725,
    "GEX_Call": 8177578.396,
    "GEX_Put": -2882497.641,
    "GEX_Total": 5295080.755,
    "GEX_Ratio": 2.836977,
    "VEX_Call": -172834.065,
    "VEX_Put": 3106098.623,
    "VEX_Total": 2933264.558,
    "VEX_Ratio": -0.055643,
    "CEX_Call": -3062201.786,
    "CEX_Put": 18429657.422,
    "CEX_Total": 15367455.636,
    "CEX_Ratio": -0.166156
}