{
    "timestamp": "2025-10-07 09:05:55",
    "cum_gam": 6671.514065111137,
    "cum_vec": 6671.514065111137,
    "DEX_Call": 389.694,
    "DEX_Put": -391.912,
    "DEX_Total": -2.218,
    "DEX_Ratio": 0.994341,
    "GEX_Call": 3195540.535,
    "GEX_Put": -4425904.6,
    "GEX_Total": -1230364.065,
    "GEX_Ratio": 0.722008,
    "VEX_Call": -948205.657,
    "VEX_Put": 2038058.89,
    "VEX_Total": 1089853.233,
    "VEX_Ratio": -0.465249,
    "CEX_Call": -13860957.015,
    "CEX_Put": 18802722.081,
    "CEX_Total": 4941765.066,
    "CEX_Ratio": -0.737178
}