{
    "timestamp": "2025-10-09 08:27:33",
    "cum_gam": 6717.257010438254,
    "cum_vec": 6717.257010438254,
    "DEX_Call": 320.989,
    "DEX_Put": -260.672,
    "DEX_Total": 60.317,
    "DEX_Ratio": 1.23139,
    "GEX_Call": 3918564.536,
    "GEX_Put": -5552632.731,
    "GEX_Total": -1634068.195,
    "GEX_Ratio": 0.705713,
    "VEX_Call": -796044.151,
    "VEX_Put": 1747856.82,
    "VEX_Total": 951812.669,
    "VEX_Ratio": -0.45544,
    "CEX_Call": -16293816.23,
    "CEX_Put": 25237813.363,
    "CEX_Total": 8943997.133,
    "CEX_Ratio": -0.645611
}