{
    "timestamp": "2025-07-01 08:28:50",
    "cum_gam": 6150.061475644791,
    "cum_vec": 6150.061475644791,
    "DEX_Call": 629.908,
    "DEX_Put": -182.429,
    "DEX_Total": 447.479,
    "DEX_Ratio": 3.452894,
    "GEX_Call": 4106421.284,
    "GEX_Put": -4276675.226,
    "GEX_Total": -170253.942,
    "GEX_Ratio": 0.96019,
    "VEX_Call": -379498.664,
    "VEX_Put": 1461707.749,
    "VEX_Total": 1082209.085,
    "VEX_Ratio": -0.259627,
    "CEX_Call": -11480033.276,
    "CEX_Put": 27381248.32,
    "CEX_Total": 15901215.044,
    "CEX_Ratio": -0.419266
}