{
    "timestamp": "2025-10-20 08:49:35",
    "cum_gam": null,
    "cum_vec": null,
    "DEX_Call": 720.688,
    "DEX_Put": -242.663,
    "DEX_Total": 478.025,
    "DEX_Ratio": 2.969913,
    "GEX_Call": 5318090.074,
    "GEX_Put": -2199473.515,
    "GEX_Total": 3118616.559,
    "GEX_Ratio": 2.417892,
    "VEX_Call": -512680.407,
    "VEX_Put": 2247296.64,
    "VEX_Total": 1734616.233,
    "VEX_Ratio": -0.228132,
    "CEX_Call": -4690286.97,
    "CEX_Put": 15565741.787,
    "CEX_Total": 10875454.817,
    "CEX_Ratio": -0.301321
}