{
    "timestamp": "2025-11-10 09:25:56",
    "cum_gam": null,
    "cum_vec": 8799.697386519945,
    "DEX_Call": 476.838,
    "DEX_Put": -415.5,
    "DEX_Total": 61.338,
    "DEX_Ratio": 1.147625,
    "GEX_Call": 3966267.521,
    "GEX_Put": -2746052.623,
    "GEX_Total": 1220214.898,
    "GEX_Ratio": 1.444352,
    "VEX_Call": -1115611.059,
    "VEX_Put": 1784572.56,
    "VEX_Total": 668961.501,
    "VEX_Ratio": -0.625142,
    "CEX_Call": -9059799.106,
    "CEX_Put": 10715521.964,
    "CEX_Total": 1655722.858,
    "CEX_Ratio": -0.845484
}