{
    "timestamp": "2025-10-06 09:30:32",
    "cum_gam": 8555.92899408284,
    "cum_vec": 8555.92899408284,
    "DEX_Call": 576.361,
    "DEX_Put": -210.841,
    "DEX_Total": 365.52,
    "DEX_Ratio": 2.733629,
    "GEX_Call": 5554903.326,
    "GEX_Put": -2967298.003,
    "GEX_Total": 2587605.323,
    "GEX_Ratio": 1.872041,
    "VEX_Call": -530360.523,
    "VEX_Put": 2145530.384,
    "VEX_Total": 1615169.861,
    "VEX_Ratio": -0.247193,
    "CEX_Call": -7656935.568,
    "CEX_Put": 15055604.206,
    "CEX_Total": 7398668.638,
    "CEX_Ratio": -0.508577
}