{
    "timestamp": "2025-11-25 08:57:48",
    "cum_gam": null,
    "cum_vec": 8294.929953302202,
    "DEX_Call": 624.751,
    "DEX_Put": -398.582,
    "DEX_Total": 226.169,
    "DEX_Ratio": 1.567434,
    "GEX_Call": 3353335.175,
    "GEX_Put": -2878687.574,
    "GEX_Total": 474647.601,
    "GEX_Ratio": 1.164883,
    "VEX_Call": -1007603.251,
    "VEX_Put": 1819734.519,
    "VEX_Total": 812131.268,
    "VEX_Ratio": -0.553709,
    "CEX_Call": -9358343.356,
    "CEX_Put": 14061900.289,
    "CEX_Total": 4703556.933,
    "CEX_Ratio": -0.665511
}