{
    "timestamp": "2025-11-24 07:47:20",
    "cum_gam": 6523.979760076474,
    "cum_vec": 8638.636363636364,
    "DEX_Call": 533.754,
    "DEX_Put": -717.313,
    "DEX_Total": -183.559,
    "DEX_Ratio": 0.744102,
    "GEX_Call": 2448212.4,
    "GEX_Put": -3059895.38,
    "GEX_Total": -611682.98,
    "GEX_Ratio": 0.800097,
    "VEX_Call": -1237352.01,
    "VEX_Put": 2044421.301,
    "VEX_Total": 807069.291,
    "VEX_Ratio": -0.605233,
    "CEX_Call": -9099688.096,
    "CEX_Put": 14930173.689,
    "CEX_Total": 5830485.593,
    "CEX_Ratio": -0.609483
}