{
    "timestamp": "2025-09-26 07:28:08",
    "cum_gam": 6562.278241635235,
    "cum_vec": 8600.0,
    "DEX_Call": 234.636,
    "DEX_Put": -206.043,
    "DEX_Total": 28.593,
    "DEX_Ratio": 1.138772,
    "GEX_Call": 1859872.819,
    "GEX_Put": -2311668.248,
    "GEX_Total": -451795.429,
    "GEX_Ratio": 0.804559,
    "VEX_Call": -321593.125,
    "VEX_Put": 611444.061,
    "VEX_Total": 289850.936,
    "VEX_Ratio": -0.525957,
    "CEX_Call": -8200069.908,
    "CEX_Put": 14677219.398,
    "CEX_Total": 6477149.49,
    "CEX_Ratio": -0.558694
}