{
    "timestamp": "2026-07-23 10:05:59",
    "cum_gam": 8007.6383152893095,
    "cum_vec": 8007.6383152893095,
    "DEX_Call": 54.986,
    "DEX_Put": -736.204,
    "DEX_Total": -681.218,
    "DEX_Ratio": 0.074689,
    "GEX_Call": 717197.433,
    "GEX_Put": -4058908.113,
    "GEX_Total": -3341710.68,
    "GEX_Ratio": 0.176697,
    "VEX_Call": -539836.645,
    "VEX_Put": 324197.587,
    "VEX_Total": -215639.058,
    "VEX_Ratio": -1.665147,
    "CEX_Call": -7561525.274,
    "CEX_Put": -1694271.944,
    "CEX_Total": -9255797.218,
    "CEX_Ratio": -4.462994
}