{
    "timestamp": "2025-09-11 09:17:15",
    "cum_gam": null,
    "cum_vec": null,
    "DEX_Call": 659.424,
    "DEX_Put": -50.935,
    "DEX_Total": 608.489,
    "DEX_Ratio": 12.946383,
    "GEX_Call": 4930085.905,
    "GEX_Put": -1046432.98,
    "GEX_Total": 3883652.925,
    "GEX_Ratio": 4.711325,
    "VEX_Call": 294216.614,
    "VEX_Put": 1199103.807,
    "VEX_Total": 1493320.421,
    "VEX_Ratio": 0.245364,
    "CEX_Call": 3838142.545,
    "CEX_Put": 19042948.74,
    "CEX_Total": 22881091.285,
    "CEX_Ratio": 0.201552
}