{
    "timestamp": "2026-07-22 09:30:33",
    "cum_gam": 8008.851383848541,
    "cum_vec": 8008.851383848541,
    "DEX_Call": 306.345,
    "DEX_Put": -303.381,
    "DEX_Total": 2.964,
    "DEX_Ratio": 1.00977,
    "GEX_Call": 4788775.115,
    "GEX_Put": -3309094.302,
    "GEX_Total": 1479680.813,
    "GEX_Ratio": 1.447156,
    "VEX_Call": -917794.912,
    "VEX_Put": 1668244.861,
    "VEX_Total": 750449.949,
    "VEX_Ratio": -0.550156,
    "CEX_Call": -14364395.817,
    "CEX_Put": 14248288.031,
    "CEX_Total": -116107.786,
    "CEX_Ratio": -1.008149
}