{
    "timestamp": "2025-07-29 10:34:44",
    "cum_gam": null,
    "cum_vec": 6915.660558027164,
    "DEX_Call": 555.624,
    "DEX_Put": -271.156,
    "DEX_Total": 284.468,
    "DEX_Ratio": 2.049094,
    "GEX_Call": 4894144.656,
    "GEX_Put": -3793042.988,
    "GEX_Total": 1101101.668,
    "GEX_Ratio": 1.290295,
    "VEX_Call": -896524.108,
    "VEX_Put": 1602136.66,
    "VEX_Total": 705612.552,
    "VEX_Ratio": -0.55958,
    "CEX_Call": -14546210.058,
    "CEX_Put": 16982817.297,
    "CEX_Total": 2436607.239,
    "CEX_Ratio": -0.856525
}