{
    "timestamp": "2025-08-11 08:57:58",
    "cum_gam": 7009.661869838301,
    "cum_vec": 7504.948130811563,
    "DEX_Call": 1275.15,
    "DEX_Put": -502.948,
    "DEX_Total": 772.202,
    "DEX_Ratio": 2.535352,
    "GEX_Call": 7785024.841,
    "GEX_Put": -4077713.608,
    "GEX_Total": 3707311.233,
    "GEX_Ratio": 1.909164,
    "VEX_Call": -897513.877,
    "VEX_Put": 3565664.535,
    "VEX_Total": 2668150.658,
    "VEX_Ratio": -0.25171,
    "CEX_Call": -10147383.388,
    "CEX_Put": 15090803.569,
    "CEX_Total": 4943420.181,
    "CEX_Ratio": -0.672422
}