{
    "timestamp": "2025-08-15 10:53:25",
    "cum_gam": null,
    "cum_vec": 7595.9181027030145,
    "DEX_Call": 174.418,
    "DEX_Put": -104.2,
    "DEX_Total": 70.218,
    "DEX_Ratio": 1.673877,
    "GEX_Call": 2853290.97,
    "GEX_Put": -2117549.009,
    "GEX_Total": 735741.961,
    "GEX_Ratio": 1.34745,
    "VEX_Call": -146343.753,
    "VEX_Put": 301893.983,
    "VEX_Total": 155550.23,
    "VEX_Ratio": -0.484752,
    "CEX_Call": -7864552.432,
    "CEX_Put": 14973536.643,
    "CEX_Total": 7108984.211,
    "CEX_Ratio": -0.52523
}