{
    "timestamp": "2025-10-14 11:34:33",
    "cum_gam": 9677.391304347826,
    "cum_vec": 9677.391304347826,
    "DEX_Call": 2611.842,
    "DEX_Put": -1308.68,
    "DEX_Total": 1303.162,
    "DEX_Ratio": 1.995784,
    "GEX_Call": 7711282.066,
    "GEX_Put": -6555233.531,
    "GEX_Total": 1156048.535,
    "GEX_Ratio": 1.176355,
    "VEX_Call": -792479.596,
    "VEX_Put": 4557987.473,
    "VEX_Total": 3765507.877,
    "VEX_Ratio": -0.173866,
    "CEX_Call": -16158542.355,
    "CEX_Put": 24175984.939,
    "CEX_Total": 8017442.584,
    "CEX_Ratio": -0.668372
}