{
    "timestamp": "2025-10-24 09:48:52",
    "cum_gam": null,
    "cum_vec": 8058.165122751012,
    "DEX_Call": 10171.088,
    "DEX_Put": -4134.633,
    "DEX_Total": 6036.455,
    "DEX_Ratio": 2.459974,
    "GEX_Call": 19630498.277,
    "GEX_Put": -9820440.087,
    "GEX_Total": 9810058.19,
    "GEX_Ratio": 1.998943,
    "VEX_Call": 1850845.017,
    "VEX_Put": 37973826.063,
    "VEX_Total": 39824671.08,
    "VEX_Ratio": 0.04874,
    "CEX_Call": -482945.074,
    "CEX_Put": 28550536.363,
    "CEX_Total": 28067591.289,
    "CEX_Ratio": -0.016915
}