{
    "timestamp": "2025-10-08 09:27:17",
    "cum_gam": null,
    "cum_vec": 8086.810685394679,
    "DEX_Call": 11746.378,
    "DEX_Put": -4540.083,
    "DEX_Total": 7206.295,
    "DEX_Ratio": 2.587261,
    "GEX_Call": 20534839.084,
    "GEX_Put": -12360979.944,
    "GEX_Total": 8173859.14,
    "GEX_Ratio": 1.661263,
    "VEX_Call": 2370649.029,
    "VEX_Put": 38953386.59,
    "VEX_Total": 41324035.619,
    "VEX_Ratio": 0.060859,
    "CEX_Call": -8934106.693,
    "CEX_Put": 32758350.442,
    "CEX_Total": 23824243.749,
    "CEX_Ratio": -0.272728
}