{
    "timestamp": "2025-09-11 07:49:53",
    "cum_gam": null,
    "cum_vec": 8096.434616641936,
    "DEX_Call": 11674.795,
    "DEX_Put": -3657.829,
    "DEX_Total": 8016.966,
    "DEX_Ratio": 3.191728,
    "GEX_Call": 20220014.989,
    "GEX_Put": -11554819.628,
    "GEX_Total": 8665195.361,
    "GEX_Ratio": 1.74992,
    "VEX_Call": 6062217.017,
    "VEX_Put": 39913876.124,
    "VEX_Total": 45976093.141,
    "VEX_Ratio": 0.151882,
    "CEX_Call": -46368.906,
    "CEX_Put": 29168698.643,
    "CEX_Total": 29122329.737,
    "CEX_Ratio": -0.00159
}