{
    "timestamp": "2025-09-08 09:21:27",
    "cum_gam": null,
    "cum_vec": 7553.090107645191,
    "DEX_Call": 7399.843,
    "DEX_Put": -3276.038,
    "DEX_Total": 4123.805,
    "DEX_Ratio": 2.258778,
    "GEX_Call": 16993720.568,
    "GEX_Put": -12973220.532,
    "GEX_Total": 4020500.036,
    "GEX_Ratio": 1.309908,
    "VEX_Call": 2047051.839,
    "VEX_Put": 26933463.213,
    "VEX_Total": 28980515.052,
    "VEX_Ratio": 0.076004,
    "CEX_Call": -6391978.279,
    "CEX_Put": 23710110.668,
    "CEX_Total": 17318132.389,
    "CEX_Ratio": -0.269589
}