{
    "timestamp": "2025-10-01 08:35:15",
    "cum_gam": null,
    "cum_vec": 8049.343895054705,
    "DEX_Call": 8987.421,
    "DEX_Put": -4010.852,
    "DEX_Total": 4976.569,
    "DEX_Ratio": 2.240776,
    "GEX_Call": 16330374.398,
    "GEX_Put": -11479959.243,
    "GEX_Total": 4850415.155,
    "GEX_Ratio": 1.422512,
    "VEX_Call": 201264.425,
    "VEX_Put": 33322997.734,
    "VEX_Total": 33524262.159,
    "VEX_Ratio": 0.00604,
    "CEX_Call": -12316005.761,
    "CEX_Put": 24443924.99,
    "CEX_Total": 12127919.229,
    "CEX_Ratio": -0.503847
}