{
    "timestamp": "2025-10-20 07:33:55",
    "cum_gam": null,
    "cum_vec": 7893.049139691821,
    "DEX_Call": 10327.554,
    "DEX_Put": -4638.315,
    "DEX_Total": 5689.239,
    "DEX_Ratio": 2.226575,
    "GEX_Call": 14462367.132,
    "GEX_Put": -10163425.784,
    "GEX_Total": 4298941.348,
    "GEX_Ratio": 1.422982,
    "VEX_Call": 453852.612,
    "VEX_Put": 34528261.83,
    "VEX_Total": 34982114.442,
    "VEX_Ratio": 0.013144,
    "CEX_Call": -7622447.099,
    "CEX_Put": 19766713.493,
    "CEX_Total": 12144266.394,
    "CEX_Ratio": -0.38562
}