{
    "timestamp": "2025-08-22 12:13:12",
    "cum_gam": null,
    "cum_vec": 7555.539312219943,
    "DEX_Call": 7579.493,
    "DEX_Put": -3304.789,
    "DEX_Total": 4274.704,
    "DEX_Ratio": 2.293488,
    "GEX_Call": 16428401.623,
    "GEX_Put": -10123354.642,
    "GEX_Total": 6305046.981,
    "GEX_Ratio": 1.622822,
    "VEX_Call": 2172097.224,
    "VEX_Put": 28437679.712,
    "VEX_Total": 30609776.936,
    "VEX_Ratio": 0.076381,
    "CEX_Call": 13144797.205,
    "CEX_Put": 24624660.656,
    "CEX_Total": 37769457.861,
    "CEX_Ratio": 0.533806
}