{
    "timestamp": "2025-10-09 11:03:16",
    "cum_gam": 6331.946185924021,
    "cum_vec": 8085.57804891562,
    "DEX_Call": 10942.82,
    "DEX_Put": -5222.067,
    "DEX_Total": 5720.753,
    "DEX_Ratio": 2.095496,
    "GEX_Call": 16333189.978,
    "GEX_Put": -18723713.56,
    "GEX_Total": -2390523.582,
    "GEX_Ratio": 0.872326,
    "VEX_Call": 671870.431,
    "VEX_Put": 38611074.041,
    "VEX_Total": 39282944.472,
    "VEX_Ratio": 0.017401,
    "CEX_Call": -19161467.082,
    "CEX_Put": 33798808.04,
    "CEX_Total": 14637340.958,
    "CEX_Ratio": -0.566927
}