{
    "timestamp": "2025-07-14 11:52:41",
    "cum_gam": null,
    "cum_vec": 7463.960857492781,
    "DEX_Call": 8195.82,
    "DEX_Put": -3158.144,
    "DEX_Total": 5037.676,
    "DEX_Ratio": 2.595138,
    "GEX_Call": 13186266.362,
    "GEX_Put": -9031096.442,
    "GEX_Total": 4155169.92,
    "GEX_Ratio": 1.460096,
    "VEX_Call": 2541898.863,
    "VEX_Put": 24560461.513,
    "VEX_Total": 27102360.376,
    "VEX_Ratio": 0.103496,
    "CEX_Call": -4773201.17,
    "CEX_Put": 20439726.137,
    "CEX_Total": 15666524.967,
    "CEX_Ratio": -0.233526
}