{
    "timestamp": "2025-10-24 12:22:28",
    "cum_gam": null,
    "cum_vec": 8056.23097060685,
    "DEX_Call": 9696.559,
    "DEX_Put": -4034.282,
    "DEX_Total": 5662.277,
    "DEX_Ratio": 2.40354,
    "GEX_Call": 20517969.056,
    "GEX_Put": -9430215.486,
    "GEX_Total": 11087753.57,
    "GEX_Ratio": 2.175769,
    "VEX_Call": 1804411.243,
    "VEX_Put": 37211100.135,
    "VEX_Total": 39015511.378,
    "VEX_Ratio": 0.048491,
    "CEX_Call": -22436956.356,
    "CEX_Put": 29581475.804,
    "CEX_Total": 7144519.448,
    "CEX_Ratio": -0.75848
}