{
    "timestamp": "2025-11-26 10:13:50",
    "cum_gam": null,
    "cum_vec": 8333.692701338492,
    "DEX_Call": 11740.89,
    "DEX_Put": -3859.493,
    "DEX_Total": 7881.397,
    "DEX_Ratio": 3.042081,
    "GEX_Call": 9409147.168,
    "GEX_Put": -8044323.852,
    "GEX_Total": 1364823.316,
    "GEX_Ratio": 1.169663,
    "VEX_Call": 5008863.928,
    "VEX_Put": 20353490.625,
    "VEX_Total": 25362354.553,
    "VEX_Ratio": 0.246094,
    "CEX_Call": 343100.885,
    "CEX_Put": 3657998.812,
    "CEX_Total": 4001099.697,
    "CEX_Ratio": 0.093795
}