{
    "timestamp": "2025-09-24 08:12:02",
    "cum_gam": null,
    "cum_vec": 7857.335796072901,
    "DEX_Call": 9721.355,
    "DEX_Put": -4445.867,
    "DEX_Total": 5275.488,
    "DEX_Ratio": 2.186605,
    "GEX_Call": 13924693.099,
    "GEX_Put": -13185741.838,
    "GEX_Total": 738951.261,
    "GEX_Ratio": 1.056042,
    "VEX_Call": 1247602.951,
    "VEX_Put": 33959229.594,
    "VEX_Total": 35206832.545,
    "VEX_Ratio": 0.036738,
    "CEX_Call": -11261123.568,
    "CEX_Put": 21450284.447,
    "CEX_Total": 10189160.879,
    "CEX_Ratio": -0.524987
}