{
    "timestamp": "2025-07-22 09:24:19",
    "cum_gam": null,
    "cum_vec": 7487.261521418326,
    "DEX_Call": 8283.419,
    "DEX_Put": -3745.13,
    "DEX_Total": 4538.289,
    "DEX_Ratio": 2.211784,
    "GEX_Call": 12301135.563,
    "GEX_Put": -10784782.041,
    "GEX_Total": 1516353.522,
    "GEX_Ratio": 1.140601,
    "VEX_Call": 2637471.682,
    "VEX_Put": 26836479.455,
    "VEX_Total": 29473951.137,
    "VEX_Ratio": 0.098279,
    "CEX_Call": -9914822.528,
    "CEX_Put": 13337466.153,
    "CEX_Total": 3422643.625,
    "CEX_Ratio": -0.743381
}