{
    "timestamp": "2025-09-03 07:48:15",
    "cum_gam": null,
    "cum_vec": 7519.0914999385195,
    "DEX_Call": 9706.926,
    "DEX_Put": -4124.036,
    "DEX_Total": 5582.89,
    "DEX_Ratio": 2.353744,
    "GEX_Call": 16905628.165,
    "GEX_Put": -12991264.523,
    "GEX_Total": 3914363.642,
    "GEX_Ratio": 1.301307,
    "VEX_Call": 1997029.004,
    "VEX_Put": 28561949.027,
    "VEX_Total": 30558978.031,
    "VEX_Ratio": 0.069919,
    "CEX_Call": -4622354.128,
    "CEX_Put": 20028156.852,
    "CEX_Total": 15405802.724,
    "CEX_Ratio": -0.230793
}