{
    "timestamp": "2025-08-12 08:03:30",
    "cum_gam": null,
    "cum_vec": 7566.47300859735,
    "DEX_Call": 9229.152,
    "DEX_Put": -3202.503,
    "DEX_Total": 6026.649,
    "DEX_Ratio": 2.881856,
    "GEX_Call": 16624409.397,
    "GEX_Put": -10223643.514,
    "GEX_Total": 6400765.883,
    "GEX_Ratio": 1.626075,
    "VEX_Call": 3741860.165,
    "VEX_Put": 28488180.481,
    "VEX_Total": 32230040.646,
    "VEX_Ratio": 0.131348,
    "CEX_Call": -4802886.701,
    "CEX_Put": 21225988.436,
    "CEX_Total": 16423101.735,
    "CEX_Ratio": -0.226274
}