{
    "timestamp": "2025-08-22 06:41:28",
    "cum_gam": null,
    "cum_vec": 7522.962405099883,
    "DEX_Call": 8961.152,
    "DEX_Put": -4567.047,
    "DEX_Total": 4394.105,
    "DEX_Ratio": 1.962133,
    "GEX_Call": 13279998.834,
    "GEX_Put": -12231322.444,
    "GEX_Total": 1048676.39,
    "GEX_Ratio": 1.085737,
    "VEX_Call": 1481225.939,
    "VEX_Put": 29411459.238,
    "VEX_Total": 30892685.177,
    "VEX_Ratio": 0.050362,
    "CEX_Call": -15834367.607,
    "CEX_Put": 24851146.108,
    "CEX_Total": 9016778.501,
    "CEX_Ratio": -0.637169
}