{
    "timestamp": "2025-09-16 11:18:31",
    "cum_gam": null,
    "cum_vec": 7870.283221836397,
    "DEX_Call": 18994.636,
    "DEX_Put": -3691.217,
    "DEX_Total": 15303.419,
    "DEX_Ratio": 5.145901,
    "GEX_Call": 19588768.298,
    "GEX_Put": -14136642.284,
    "GEX_Total": 5452126.014,
    "GEX_Ratio": 1.385673,
    "VEX_Call": 9917081.968,
    "VEX_Put": 38898679.938,
    "VEX_Total": 48815761.906,
    "VEX_Ratio": 0.254946,
    "CEX_Call": 9305876.544,
    "CEX_Put": 41247600.727,
    "CEX_Total": 50553477.271,
    "CEX_Ratio": 0.22561
}