{
    "timestamp": "2025-10-22 10:48:32",
    "cum_gam": 6237.610247786002,
    "cum_vec": 8053.869635664321,
    "DEX_Call": 10419.804,
    "DEX_Put": -6448.695,
    "DEX_Total": 3971.109,
    "DEX_Ratio": 1.6158,
    "GEX_Call": 12010511.109,
    "GEX_Put": -14131262.259,
    "GEX_Total": -2120751.15,
    "GEX_Ratio": 0.849925,
    "VEX_Call": -1726567.852,
    "VEX_Put": 36523400.49,
    "VEX_Total": 34796832.638,
    "VEX_Ratio": -0.047273,
    "CEX_Call": -14325021.394,
    "CEX_Put": 20439406.883,
    "CEX_Total": 6114385.489,
    "CEX_Ratio": -0.700853
}