{
    "timestamp": "2025-09-25 11:01:22",
    "cum_gam": 6460.606425579816,
    "cum_vec": 7825.189552314194,
    "DEX_Call": 8927.971,
    "DEX_Put": -5557.966,
    "DEX_Total": 3370.005,
    "DEX_Ratio": 1.606338,
    "GEX_Call": 11958404.246,
    "GEX_Put": -15456755.665,
    "GEX_Total": -3498351.419,
    "GEX_Ratio": 0.773668,
    "VEX_Call": -748751.17,
    "VEX_Put": 31366620.7,
    "VEX_Total": 30617869.53,
    "VEX_Ratio": -0.023871,
    "CEX_Call": -9795691.788,
    "CEX_Put": 20979038.189,
    "CEX_Total": 11183346.401,
    "CEX_Ratio": -0.466928
}