{
    "timestamp": "2025-09-02 09:26:38",
    "cum_gam": 6353.630646202613,
    "cum_vec": 7409.887638207725,
    "DEX_Call": 7714.406,
    "DEX_Put": -5789.29,
    "DEX_Total": 1925.116,
    "DEX_Ratio": 1.332531,
    "GEX_Call": 9819348.491,
    "GEX_Put": -14540802.198,
    "GEX_Total": -4721453.707,
    "GEX_Ratio": 0.675296,
    "VEX_Call": 1169870.423,
    "VEX_Put": 24018580.631,
    "VEX_Total": 25188451.054,
    "VEX_Ratio": 0.048707,
    "CEX_Call": -7441591.926,
    "CEX_Put": 5943381.932,
    "CEX_Total": -1498209.994,
    "CEX_Ratio": -1.25208
}