{
    "timestamp": "2025-10-01 10:35:44",
    "cum_gam": null,
    "cum_vec": 8053.947643412274,
    "DEX_Call": 9263.104,
    "DEX_Put": -3823.896,
    "DEX_Total": 5439.208,
    "DEX_Ratio": 2.422426,
    "GEX_Call": 17368982.91,
    "GEX_Put": -10875793.283,
    "GEX_Total": 6493189.627,
    "GEX_Ratio": 1.597031,
    "VEX_Call": 1058589.489,
    "VEX_Put": 33299563.746,
    "VEX_Total": 34358153.235,
    "VEX_Ratio": 0.03179,
    "CEX_Call": -12069512.667,
    "CEX_Put": 26477949.895,
    "CEX_Total": 14408437.228,
    "CEX_Ratio": -0.455833
}