{
    "timestamp": "2026-07-21 10:30:01",
    "cum_gam": null,
    "cum_vec": 9161.600755113643,
    "DEX_Call": 9972.21,
    "DEX_Put": -8196.683,
    "DEX_Total": 1775.527,
    "DEX_Ratio": 1.216615,
    "GEX_Call": 17825068.592,
    "GEX_Put": -15663674.401,
    "GEX_Total": 2161394.191,
    "GEX_Ratio": 1.137988,
    "VEX_Call": -6586641.461,
    "VEX_Put": 30252407.368,
    "VEX_Total": 23665765.907,
    "VEX_Ratio": -0.217723,
    "CEX_Call": -11771060.807,
    "CEX_Put": 16565957.357,
    "CEX_Total": 4794896.55,
    "CEX_Ratio": -0.710557
}