{
    "timestamp": "2025-10-03 11:23:55",
    "cum_gam": null,
    "cum_vec": 8056.621127357513,
    "DEX_Call": 9302.759,
    "DEX_Put": -3847.133,
    "DEX_Total": 5455.626,
    "DEX_Ratio": 2.418102,
    "GEX_Call": 17119433.227,
    "GEX_Put": -10613810.118,
    "GEX_Total": 6505623.109,
    "GEX_Ratio": 1.612939,
    "VEX_Call": 1016844.149,
    "VEX_Put": 33211563.526,
    "VEX_Total": 34228407.675,
    "VEX_Ratio": 0.030617,
    "CEX_Call": -9441192.276,
    "CEX_Put": 36679164.234,
    "CEX_Total": 27237971.958,
    "CEX_Ratio": -0.257399
}