{
    "timestamp": "2025-09-11 07:24:13",
    "cum_gam": null,
    "cum_vec": 8101.040408570691,
    "DEX_Call": 12659.972,
    "DEX_Put": -3770.721,
    "DEX_Total": 8889.251,
    "DEX_Ratio": 3.357441,
    "GEX_Call": 20087823.959,
    "GEX_Put": -12194050.499,
    "GEX_Total": 7893773.46,
    "GEX_Ratio": 1.647346,
    "VEX_Call": 6370238.964,
    "VEX_Put": 39852251.259,
    "VEX_Total": 46222490.223,
    "VEX_Ratio": 0.159846,
    "CEX_Call": 294993.841,
    "CEX_Put": 29113089.654,
    "CEX_Total": 29408083.495,
    "CEX_Ratio": 0.010133
}