{
    "timestamp": "2025-09-25 06:39:45",
    "cum_gam": 6400.288355840853,
    "cum_vec": 7886.878736794448,
    "DEX_Call": 9946.494,
    "DEX_Put": -5521.25,
    "DEX_Total": 4425.244,
    "DEX_Ratio": 1.801493,
    "GEX_Call": 12197852.684,
    "GEX_Put": -14996013.832,
    "GEX_Total": -2798161.148,
    "GEX_Ratio": 0.813406,
    "VEX_Call": 34810.124,
    "VEX_Put": 32173040.138,
    "VEX_Total": 32207850.262,
    "VEX_Ratio": 0.001082,
    "CEX_Call": -8217473.821,
    "CEX_Put": 18741419.119,
    "CEX_Total": 10523945.298,
    "CEX_Ratio": -0.438466
}