{
    "timestamp": "2025-10-07 10:11:43",
    "cum_gam": null,
    "cum_vec": 8056.73620263252,
    "DEX_Call": 9803.06,
    "DEX_Put": -4448.1,
    "DEX_Total": 5354.96,
    "DEX_Ratio": 2.203876,
    "GEX_Call": 14759511.633,
    "GEX_Put": -13052000.64,
    "GEX_Total": 1707510.993,
    "GEX_Ratio": 1.130824,
    "VEX_Call": 66711.656,
    "VEX_Put": 32910882.467,
    "VEX_Total": 32977594.123,
    "VEX_Ratio": 0.002027,
    "CEX_Call": -14534236.15,
    "CEX_Put": 23143795.395,
    "CEX_Total": 8609559.245,
    "CEX_Ratio": -0.627997
}