{
    "timestamp": "2025-11-20 07:50:53",
    "cum_gam": null,
    "cum_vec": 8028.788520431613,
    "DEX_Call": 12847.852,
    "DEX_Put": -6824.551,
    "DEX_Total": 6023.301,
    "DEX_Ratio": 1.882593,
    "GEX_Call": 18940913.404,
    "GEX_Put": -15609045.853,
    "GEX_Total": 3331867.551,
    "GEX_Ratio": 1.213457,
    "VEX_Call": -2233768.634,
    "VEX_Put": 33685504.758,
    "VEX_Total": 31451736.124,
    "VEX_Ratio": -0.066312,
    "CEX_Call": -6548947.062,
    "CEX_Put": 23619558.44,
    "CEX_Total": 17070611.378,
    "CEX_Ratio": -0.277268
}