{
    "timestamp": "2025-11-06 09:06:05",
    "cum_gam": 6310.647838263254,
    "cum_vec": 7954.657521842558,
    "DEX_Call": 10293.418,
    "DEX_Put": -6830.313,
    "DEX_Total": 3463.105,
    "DEX_Ratio": 1.50702,
    "GEX_Call": 12550173.036,
    "GEX_Put": -14813864.719,
    "GEX_Total": -2263691.683,
    "GEX_Ratio": 0.847191,
    "VEX_Call": -4595362.189,
    "VEX_Put": 32762639.634,
    "VEX_Total": 28167277.445,
    "VEX_Ratio": -0.140262,
    "CEX_Call": -15980598.312,
    "CEX_Put": 13960766.09,
    "CEX_Total": -2019832.222,
    "CEX_Ratio": -1.144679
}