{
    "timestamp": "2025-08-07 10:08:33",
    "cum_gam": null,
    "cum_vec": 7513.418538825589,
    "DEX_Call": 8820.556,
    "DEX_Put": -4600.479,
    "DEX_Total": 4220.077,
    "DEX_Ratio": 1.917313,
    "GEX_Call": 13996381.238,
    "GEX_Put": -12610449.19,
    "GEX_Total": 1385932.048,
    "GEX_Ratio": 1.109903,
    "VEX_Call": 1414503.757,
    "VEX_Put": 29312769.288,
    "VEX_Total": 30727273.045,
    "VEX_Ratio": 0.048256,
    "CEX_Call": -13074870.928,
    "CEX_Put": 18853974.968,
    "CEX_Total": 5779104.04,
    "CEX_Ratio": -0.693481
}