{
    "timestamp": "2025-09-04 06:58:03",
    "cum_gam": null,
    "cum_vec": 7522.424247620681,
    "DEX_Call": 7881.151,
    "DEX_Put": -3869.15,
    "DEX_Total": 4012.001,
    "DEX_Ratio": 2.036921,
    "GEX_Call": 17268173.698,
    "GEX_Put": -13221999.914,
    "GEX_Total": 4046173.784,
    "GEX_Ratio": 1.306018,
    "VEX_Call": 636407.404,
    "VEX_Put": 28141669.276,
    "VEX_Total": 28778076.68,
    "VEX_Ratio": 0.022614,
    "CEX_Call": -12084779.743,
    "CEX_Put": 24240116.326,
    "CEX_Total": 12155336.583,
    "CEX_Ratio": -0.498545
}