{
    "timestamp": "2025-10-28 08:41:26",
    "cum_gam": null,
    "cum_vec": 8076.62032244638,
    "DEX_Call": 10665.225,
    "DEX_Put": -3833.162,
    "DEX_Total": 6832.063,
    "DEX_Ratio": 2.782357,
    "GEX_Call": 21236518.185,
    "GEX_Put": -11824653.409,
    "GEX_Total": 9411864.776,
    "GEX_Ratio": 1.795953,
    "VEX_Call": 3381249.979,
    "VEX_Put": 37581487.17,
    "VEX_Total": 40962737.149,
    "VEX_Ratio": 0.089971,
    "CEX_Call": -21276817.781,
    "CEX_Put": 38847543.097,
    "CEX_Total": 17570725.316,
    "CEX_Ratio": -0.5477
}