{
    "timestamp": "2025-08-12 07:22:25",
    "cum_gam": null,
    "cum_vec": 7559.561436062929,
    "DEX_Call": 9241.302,
    "DEX_Put": -3356.098,
    "DEX_Total": 5885.204,
    "DEX_Ratio": 2.753585,
    "GEX_Call": 16215033.126,
    "GEX_Put": -10643929.481,
    "GEX_Total": 5571103.645,
    "GEX_Ratio": 1.523407,
    "VEX_Call": 3845776.958,
    "VEX_Put": 28686040.663,
    "VEX_Total": 32531817.621,
    "VEX_Ratio": 0.134064,
    "CEX_Call": -5894762.815,
    "CEX_Put": 21282311.739,
    "CEX_Total": 15387548.924,
    "CEX_Ratio": -0.276979
}