{
    "timestamp": "2025-10-09 10:34:35",
    "cum_gam": 6291.007800703007,
    "cum_vec": 8084.101612331872,
    "DEX_Call": 11086.001,
    "DEX_Put": -5298.261,
    "DEX_Total": 5787.74,
    "DEX_Ratio": 2.092385,
    "GEX_Call": 16115690.245,
    "GEX_Put": -18314548.097,
    "GEX_Total": -2198857.852,
    "GEX_Ratio": 0.879939,
    "VEX_Call": 568522.036,
    "VEX_Put": 38858961.497,
    "VEX_Total": 39427483.533,
    "VEX_Ratio": 0.01463,
    "CEX_Call": -16882725.666,
    "CEX_Put": 32712909.733,
    "CEX_Total": 15830184.067,
    "CEX_Ratio": -0.516088
}