{
    "timestamp": "2025-11-07 12:33:25",
    "cum_gam": 6598.056952578868,
    "cum_vec": 7941.938453293473,
    "DEX_Call": 9818.413,
    "DEX_Put": -7659.732,
    "DEX_Total": 2158.681,
    "DEX_Ratio": 1.281822,
    "GEX_Call": 11921784.977,
    "GEX_Put": -15768659.109,
    "GEX_Total": -3846874.132,
    "GEX_Ratio": 0.756043,
    "VEX_Call": -4629220.035,
    "VEX_Put": 30808687.058,
    "VEX_Total": 26179467.023,
    "VEX_Ratio": -0.150257,
    "CEX_Call": -24235759.273,
    "CEX_Put": 27932633.558,
    "CEX_Total": 3696874.285,
    "CEX_Ratio": -0.86765
}