{
    "timestamp": "2025-07-17 11:49:55",
    "cum_gam": null,
    "cum_vec": 7483.813887007482,
    "DEX_Call": 10422.404,
    "DEX_Put": -3378.94,
    "DEX_Total": 7043.464,
    "DEX_Ratio": 3.084519,
    "GEX_Call": 18195513.902,
    "GEX_Put": -10279002.037,
    "GEX_Total": 7916511.865,
    "GEX_Ratio": 1.770163,
    "VEX_Call": 3977345.235,
    "VEX_Put": 27654747.027,
    "VEX_Total": 31632092.262,
    "VEX_Ratio": 0.143821,
    "CEX_Call": 225698.835,
    "CEX_Put": 22777718.087,
    "CEX_Total": 23003416.922,
    "CEX_Ratio": 0.009909
}