{
    "timestamp": "2025-11-04 08:50:03",
    "cum_gam": 4515.229705334692,
    "cum_vec": 7984.373105044192,
    "DEX_Call": 9489.077,
    "DEX_Put": -5506.568,
    "DEX_Total": 3982.509,
    "DEX_Ratio": 1.723229,
    "GEX_Call": 13602919.145,
    "GEX_Put": -13632667.118,
    "GEX_Total": -29747.973,
    "GEX_Ratio": 0.997818,
    "VEX_Call": -1197871.232,
    "VEX_Put": 34051964.915,
    "VEX_Total": 32854093.683,
    "VEX_Ratio": -0.035178,
    "CEX_Call": -11421407.364,
    "CEX_Put": 17764359.684,
    "CEX_Total": 6342952.32,
    "CEX_Ratio": -0.642939
}