{
    "timestamp": "2025-09-08 08:18:15",
    "cum_gam": null,
    "cum_vec": 7549.703751362811,
    "DEX_Call": 7531.765,
    "DEX_Put": -3125.59,
    "DEX_Total": 4406.175,
    "DEX_Ratio": 2.40971,
    "GEX_Call": 17417272.518,
    "GEX_Put": -12279423.627,
    "GEX_Total": 5137848.891,
    "GEX_Ratio": 1.418411,
    "VEX_Call": 2358854.96,
    "VEX_Put": 27130967.974,
    "VEX_Total": 29489822.934,
    "VEX_Ratio": 0.086943,
    "CEX_Call": -4050681.135,
    "CEX_Put": 22565849.337,
    "CEX_Total": 18515168.202,
    "CEX_Ratio": -0.179505
}