{
    "timestamp": "2025-09-30 06:50:58",
    "cum_gam": null,
    "cum_vec": 8028.205384365547,
    "DEX_Call": 9241.53,
    "DEX_Put": -4506.7,
    "DEX_Total": 4734.83,
    "DEX_Ratio": 2.05062,
    "GEX_Call": 14729868.097,
    "GEX_Put": -13433507.876,
    "GEX_Total": 1296360.221,
    "GEX_Ratio": 1.096502,
    "VEX_Call": -187712.044,
    "VEX_Put": 31453917.838,
    "VEX_Total": 31266205.794,
    "VEX_Ratio": -0.005968,
    "CEX_Call": -8258279.159,
    "CEX_Put": 27579018.228,
    "CEX_Total": 19320739.069,
    "CEX_Ratio": -0.299441
}