{
    "timestamp": "2025-11-14 13:43:36",
    "cum_gam": 6319.265365244005,
    "cum_vec": 7972.24345679123,
    "DEX_Call": 10956.218,
    "DEX_Put": -7194.328,
    "DEX_Total": 3761.89,
    "DEX_Ratio": 1.522897,
    "GEX_Call": 14262265.175,
    "GEX_Put": -16484037.509,
    "GEX_Total": -2221772.334,
    "GEX_Ratio": 0.865217,
    "VEX_Call": -3711459.043,
    "VEX_Put": 33600251.209,
    "VEX_Total": 29888792.166,
    "VEX_Ratio": -0.110459,
    "CEX_Call": -52529156.215,
    "CEX_Put": 80187504.754,
    "CEX_Total": 27658348.539,
    "CEX_Ratio": -0.655079
}