{
    "timestamp": "2025-11-20 08:48:55",
    "cum_gam": null,
    "cum_vec": 8033.4133469588205,
    "DEX_Call": 12201.817,
    "DEX_Put": -6404.269,
    "DEX_Total": 5797.548,
    "DEX_Ratio": 1.905263,
    "GEX_Call": 19360397.229,
    "GEX_Put": -15517542.499,
    "GEX_Total": 3842854.73,
    "GEX_Ratio": 1.247646,
    "VEX_Call": -2707211.679,
    "VEX_Put": 35165546.114,
    "VEX_Total": 32458334.435,
    "VEX_Ratio": -0.076985,
    "CEX_Call": -2497771.942,
    "CEX_Put": 29040960.855,
    "CEX_Total": 26543188.913,
    "CEX_Ratio": -0.086009
}