{
    "timestamp": "2025-07-24 08:17:22",
    "cum_gam": null,
    "cum_vec": 7493.0203061240945,
    "DEX_Call": 8664.095,
    "DEX_Put": -2919.005,
    "DEX_Total": 5745.09,
    "DEX_Ratio": 2.968167,
    "GEX_Call": 16412478.295,
    "GEX_Put": -8004655.703,
    "GEX_Total": 8407822.592,
    "GEX_Ratio": 2.050367,
    "VEX_Call": 3831116.845,
    "VEX_Put": 28268249.996,
    "VEX_Total": 32099366.841,
    "VEX_Ratio": 0.135527,
    "CEX_Call": -12030359.41,
    "CEX_Put": 16197504.238,
    "CEX_Total": 4167144.828,
    "CEX_Ratio": -0.742729
}