{
    "timestamp": "2025-08-06 06:58:39",
    "cum_gam": null,
    "cum_vec": 7512.60899198571,
    "DEX_Call": 7869.005,
    "DEX_Put": -4898.852,
    "DEX_Total": 2970.153,
    "DEX_Ratio": 1.606296,
    "GEX_Call": 12833604.663,
    "GEX_Put": -12436490.728,
    "GEX_Total": 397113.935,
    "GEX_Ratio": 1.031931,
    "VEX_Call": 1011901.526,
    "VEX_Put": 28859793.115,
    "VEX_Total": 29871694.641,
    "VEX_Ratio": 0.035063,
    "CEX_Call": -10339184.212,
    "CEX_Put": 16229477.231,
    "CEX_Total": 5890293.019,
    "CEX_Ratio": -0.637062
}