{
    "timestamp": "2025-10-28 08:22:56",
    "cum_gam": null,
    "cum_vec": 8077.959606762606,
    "DEX_Call": 10538.141,
    "DEX_Put": -3788.129,
    "DEX_Total": 6750.012,
    "DEX_Ratio": 2.781885,
    "GEX_Call": 21739191.402,
    "GEX_Put": -11654483.361,
    "GEX_Total": 10084708.041,
    "GEX_Ratio": 1.865307,
    "VEX_Call": 3473003.846,
    "VEX_Put": 37585953.474,
    "VEX_Total": 41058957.32,
    "VEX_Ratio": 0.092402,
    "CEX_Call": -21140471.488,
    "CEX_Put": 38477787.414,
    "CEX_Total": 17337315.926,
    "CEX_Ratio": -0.54942
}