{
    "timestamp": "2025-10-23 08:26:53",
    "cum_gam": null,
    "cum_vec": 8052.224952321191,
    "DEX_Call": 10653.915,
    "DEX_Put": -5233.213,
    "DEX_Total": 5420.702,
    "DEX_Ratio": 2.035827,
    "GEX_Call": 14845361.195,
    "GEX_Put": -12410484.748,
    "GEX_Total": 2434876.447,
    "GEX_Ratio": 1.196195,
    "VEX_Call": -461381.64,
    "VEX_Put": 37516627.693,
    "VEX_Total": 37055246.053,
    "VEX_Ratio": -0.012298,
    "CEX_Call": -9798380.92,
    "CEX_Put": 23895800.753,
    "CEX_Total": 14097419.833,
    "CEX_Ratio": -0.410046
}