{
    "timestamp": "2025-10-08 10:00:29",
    "cum_gam": null,
    "cum_vec": 8084.795906904263,
    "DEX_Call": 11679.071,
    "DEX_Put": -4480.5,
    "DEX_Total": 7198.571,
    "DEX_Ratio": 2.606645,
    "GEX_Call": 20511894.953,
    "GEX_Put": -12180051.715,
    "GEX_Total": 8331843.238,
    "GEX_Ratio": 1.684056,
    "VEX_Call": 2493597.018,
    "VEX_Put": 38705703.608,
    "VEX_Total": 41199300.626,
    "VEX_Ratio": 0.064425,
    "CEX_Call": -6162879.222,
    "CEX_Put": 33139377.123,
    "CEX_Total": 26976497.901,
    "CEX_Ratio": -0.185968
}