{
    "timestamp": "2025-10-20 11:18:14",
    "cum_gam": null,
    "cum_vec": 7896.824893497852,
    "DEX_Call": 10301.727,
    "DEX_Put": -4318.139,
    "DEX_Total": 5983.588,
    "DEX_Ratio": 2.385687,
    "GEX_Call": 16179778.823,
    "GEX_Put": -9576031.067,
    "GEX_Total": 6603747.756,
    "GEX_Ratio": 1.689612,
    "VEX_Call": 1424618.232,
    "VEX_Put": 34462894.825,
    "VEX_Total": 35887513.057,
    "VEX_Ratio": 0.041338,
    "CEX_Call": -5515008.849,
    "CEX_Put": 22218013.991,
    "CEX_Total": 16703005.142,
    "CEX_Ratio": -0.248222
}