{
    "timestamp": "2025-09-25 12:21:58",
    "cum_gam": 6352.780813487822,
    "cum_vec": 7803.47564992048,
    "DEX_Call": 8887.736,
    "DEX_Put": -5243.951,
    "DEX_Total": 3643.785,
    "DEX_Ratio": 1.694855,
    "GEX_Call": 12504500.104,
    "GEX_Put": -15132295.398,
    "GEX_Total": -2627795.294,
    "GEX_Ratio": 0.826345,
    "VEX_Call": -204083.247,
    "VEX_Put": 31653550.471,
    "VEX_Total": 31449467.224,
    "VEX_Ratio": -0.006447,
    "CEX_Call": -13947005.708,
    "CEX_Put": 10301258.334,
    "CEX_Total": -3645747.374,
    "CEX_Ratio": -1.353913
}