{
    "timestamp": "2025-06-26 12:24:25",
    "cum_gam": 7023.189807761042,
    "cum_vec": 7140.539922803787,
    "DEX_Call": 6677.201,
    "DEX_Put": -3101.651,
    "DEX_Total": 3575.55,
    "DEX_Ratio": 2.152789,
    "GEX_Call": 14322016.029,
    "GEX_Put": -6958267.539,
    "GEX_Total": 7363748.49,
    "GEX_Ratio": 2.058273,
    "VEX_Call": 2258560.645,
    "VEX_Put": 23912609.461,
    "VEX_Total": 26171170.106,
    "VEX_Ratio": 0.094451,
    "CEX_Call": 3635612.307,
    "CEX_Put": 18270113.392,
    "CEX_Total": 21905725.699,
    "CEX_Ratio": 0.198992
}