{
    "timestamp": "2025-10-17 11:55:38",
    "cum_gam": null,
    "cum_vec": 8073.861069991952,
    "DEX_Call": 10506.852,
    "DEX_Put": -6143.458,
    "DEX_Total": 4363.394,
    "DEX_Ratio": 1.71025,
    "GEX_Call": 12391071.817,
    "GEX_Put": -12058931.892,
    "GEX_Total": 332139.925,
    "GEX_Ratio": 1.027543,
    "VEX_Call": -520660.962,
    "VEX_Put": 38348967.345,
    "VEX_Total": 37828306.383,
    "VEX_Ratio": -0.013577,
    "CEX_Call": -16268714.267,
    "CEX_Put": 25965667.531,
    "CEX_Total": 9696953.264,
    "CEX_Ratio": -0.626547
}