{
    "timestamp": "2025-11-26 12:52:08",
    "cum_gam": null,
    "cum_vec": 8417.970264104526,
    "DEX_Call": 12453.131,
    "DEX_Put": -3870.138,
    "DEX_Total": 8582.993,
    "DEX_Ratio": 3.217749,
    "GEX_Call": 9482832.395,
    "GEX_Put": -8148772.441,
    "GEX_Total": 1334059.954,
    "GEX_Ratio": 1.163713,
    "VEX_Call": 5576350.776,
    "VEX_Put": 19937613.474,
    "VEX_Total": 25513964.25,
    "VEX_Ratio": 0.27969,
    "CEX_Call": 496495.785,
    "CEX_Put": 3558174.083,
    "CEX_Total": 4054669.868,
    "CEX_Ratio": 0.139537
}