{
    "timestamp": "2025-08-01 11:26:59",
    "cum_gam": 7005.058317947817,
    "cum_vec": 7490.133359545402,
    "DEX_Call": 7653.149,
    "DEX_Put": -6519.159,
    "DEX_Total": 1133.99,
    "DEX_Ratio": 1.173947,
    "GEX_Call": 9294240.199,
    "GEX_Put": -13591467.156,
    "GEX_Total": -4297226.957,
    "GEX_Ratio": 0.683829,
    "VEX_Call": 19418.557,
    "VEX_Put": 26957229.61,
    "VEX_Total": 26976648.167,
    "VEX_Ratio": 0.00072,
    "CEX_Call": -9713418.134,
    "CEX_Put": 15175463.691,
    "CEX_Total": 5462045.557,
    "CEX_Ratio": -0.640074
}