{
    "timestamp": "2025-08-26 10:43:14",
    "cum_gam": null,
    "cum_vec": 7538.191595463566,
    "DEX_Call": 9648.469,
    "DEX_Put": -3842.929,
    "DEX_Total": 5805.54,
    "DEX_Ratio": 2.510707,
    "GEX_Call": 14609437.28,
    "GEX_Put": -13936565.977,
    "GEX_Total": 672871.303,
    "GEX_Ratio": 1.048281,
    "VEX_Call": 1101626.359,
    "VEX_Put": 28251502.083,
    "VEX_Total": 29353128.442,
    "VEX_Ratio": 0.038994,
    "CEX_Call": -11160313.188,
    "CEX_Put": 19122573.733,
    "CEX_Total": 7962260.545,
    "CEX_Ratio": -0.58362
}