{
    "timestamp": "2025-09-29 10:34:22",
    "cum_gam": null,
    "cum_vec": 8035.390996247989,
    "DEX_Call": 8971.001,
    "DEX_Put": -3434.932,
    "DEX_Total": 5536.069,
    "DEX_Ratio": 2.611697,
    "GEX_Call": 14641300.848,
    "GEX_Put": -11341639.046,
    "GEX_Total": 3299661.802,
    "GEX_Ratio": 1.290933,
    "VEX_Call": -149155.541,
    "VEX_Put": 27563901.113,
    "VEX_Total": 27414745.572,
    "VEX_Ratio": -0.005411,
    "CEX_Call": -10313761.054,
    "CEX_Put": 26179615.497,
    "CEX_Total": 15865854.443,
    "CEX_Ratio": -0.393962
}