{
    "timestamp": "2025-09-22 12:06:33",
    "cum_gam": null,
    "cum_vec": 7894.36701008048,
    "DEX_Call": 9544.635,
    "DEX_Put": -3226.854,
    "DEX_Total": 6317.781,
    "DEX_Ratio": 2.957876,
    "GEX_Call": 14913438.06,
    "GEX_Put": -8274512.765,
    "GEX_Total": 6638925.295,
    "GEX_Ratio": 1.802334,
    "VEX_Call": 2804667.453,
    "VEX_Put": 31629847.811,
    "VEX_Total": 34434515.264,
    "VEX_Ratio": 0.088672,
    "CEX_Call": -14031766.189,
    "CEX_Put": 17522779.142,
    "CEX_Total": 3491012.953,
    "CEX_Ratio": -0.800773
}