{
    "timestamp": "2025-09-24 07:46:34",
    "cum_gam": null,
    "cum_vec": 7876.397134137517,
    "DEX_Call": 10037.292,
    "DEX_Put": -4324.239,
    "DEX_Total": 5713.053,
    "DEX_Ratio": 2.32117,
    "GEX_Call": 14376107.656,
    "GEX_Put": -12928113.899,
    "GEX_Total": 1447993.757,
    "GEX_Ratio": 1.112003,
    "VEX_Call": 1776128.264,
    "VEX_Put": 34072955.477,
    "VEX_Total": 35849083.741,
    "VEX_Ratio": 0.052127,
    "CEX_Call": -9603068.738,
    "CEX_Put": 22313677.068,
    "CEX_Total": 12710608.33,
    "CEX_Ratio": -0.430367
}