{
    "timestamp": "2025-10-17 09:49:24",
    "cum_gam": 5400.873142239589,
    "cum_vec": 8073.585302743729,
    "DEX_Call": 10866.861,
    "DEX_Put": -6488.165,
    "DEX_Total": 4378.696,
    "DEX_Ratio": 1.674874,
    "GEX_Call": 11523599.337,
    "GEX_Put": -12125547.4,
    "GEX_Total": -601948.063,
    "GEX_Ratio": 0.950357,
    "VEX_Call": -674765.884,
    "VEX_Put": 38892724.011,
    "VEX_Total": 38217958.127,
    "VEX_Ratio": -0.017349,
    "CEX_Call": -9412425.64,
    "CEX_Put": 34943718.833,
    "CEX_Total": 25531293.193,
    "CEX_Ratio": -0.26936
}