{
    "timestamp": "2025-08-21 10:29:04",
    "cum_gam": 6153.310789171555,
    "cum_vec": 7516.077762496668,
    "DEX_Call": 8542.826,
    "DEX_Put": -5449.89,
    "DEX_Total": 3092.936,
    "DEX_Ratio": 1.567523,
    "GEX_Call": 11437289.083,
    "GEX_Put": -14089667.078,
    "GEX_Total": -2652377.995,
    "GEX_Ratio": 0.81175,
    "VEX_Call": 1019869.343,
    "VEX_Put": 28177658.564,
    "VEX_Total": 29197527.907,
    "VEX_Ratio": 0.036194,
    "CEX_Call": -10639554.893,
    "CEX_Put": 17654144.186,
    "CEX_Total": 7014589.293,
    "CEX_Ratio": -0.602666
}