{
    "timestamp": "2025-10-01 08:08:28",
    "cum_gam": null,
    "cum_vec": 8050.436480738186,
    "DEX_Call": 8981.401,
    "DEX_Put": -4077.094,
    "DEX_Total": 4904.307,
    "DEX_Ratio": 2.202893,
    "GEX_Call": 15967719.872,
    "GEX_Put": -11665776.817,
    "GEX_Total": 4301943.055,
    "GEX_Ratio": 1.368766,
    "VEX_Call": 88085.07,
    "VEX_Put": 33236983.107,
    "VEX_Total": 33325068.177,
    "VEX_Ratio": 0.00265,
    "CEX_Call": -10558552.035,
    "CEX_Put": 23780974.801,
    "CEX_Total": 13222422.766,
    "CEX_Ratio": -0.443992
}