{
    "timestamp": "2025-08-25 09:52:15",
    "cum_gam": null,
    "cum_vec": 7543.8133812169435,
    "DEX_Call": 6135.549,
    "DEX_Put": -3018.834,
    "DEX_Total": 3116.715,
    "DEX_Ratio": 2.032423,
    "GEX_Call": 14856386.672,
    "GEX_Put": -10994167.972,
    "GEX_Total": 3862218.7,
    "GEX_Ratio": 1.351297,
    "VEX_Call": 189393.77,
    "VEX_Put": 26386141.264,
    "VEX_Total": 26575535.034,
    "VEX_Ratio": 0.007178,
    "CEX_Call": -11581918.578,
    "CEX_Put": 15187964.193,
    "CEX_Total": 3606045.615,
    "CEX_Ratio": -0.762572
}