{
    "timestamp": "2025-09-02 12:42:05",
    "cum_gam": 6350.706570986261,
    "cum_vec": 7409.907416050462,
    "DEX_Call": 8248.259,
    "DEX_Put": -4775.096,
    "DEX_Total": 3473.163,
    "DEX_Ratio": 1.727349,
    "GEX_Call": 10710915.322,
    "GEX_Put": -14242697.449,
    "GEX_Total": -3531782.127,
    "GEX_Ratio": 0.752029,
    "VEX_Call": 2324340.089,
    "VEX_Put": 25329822.564,
    "VEX_Total": 27654162.653,
    "VEX_Ratio": 0.091763,
    "CEX_Call": -7405612.913,
    "CEX_Put": 28212233.864,
    "CEX_Total": 20806620.951,
    "CEX_Ratio": -0.262497
}