{
    "timestamp": "2025-10-30 07:25:09",
    "cum_gam": null,
    "cum_vec": 8070.4050895253085,
    "DEX_Call": 10962.819,
    "DEX_Put": -4594.359,
    "DEX_Total": 6368.46,
    "DEX_Ratio": 2.386148,
    "GEX_Call": 15421903.206,
    "GEX_Put": -12334462.352,
    "GEX_Total": 3087440.854,
    "GEX_Ratio": 1.25031,
    "VEX_Call": 2544600.782,
    "VEX_Put": 36226339.937,
    "VEX_Total": 38770940.719,
    "VEX_Ratio": 0.070242,
    "CEX_Call": -6554252.032,
    "CEX_Put": 19530657.067,
    "CEX_Total": 12976405.035,
    "CEX_Ratio": -0.335588
}