{
    "timestamp": "2025-10-03 11:36:16",
    "cum_gam": null,
    "cum_vec": 8057.840501837752,
    "DEX_Call": 9303.709,
    "DEX_Put": -3893.534,
    "DEX_Total": 5410.175,
    "DEX_Ratio": 2.389528,
    "GEX_Call": 17021178.877,
    "GEX_Put": -10760315.165,
    "GEX_Total": 6260863.712,
    "GEX_Ratio": 1.581848,
    "VEX_Call": 779802.517,
    "VEX_Put": 33324861.916,
    "VEX_Total": 34104664.433,
    "VEX_Ratio": 0.0234,
    "CEX_Call": -5882003.785,
    "CEX_Put": 38051467.186,
    "CEX_Total": 32169463.401,
    "CEX_Ratio": -0.15458
}