{
    "timestamp": "2025-10-23 11:41:43",
    "cum_gam": null,
    "cum_vec": 8058.358872504302,
    "DEX_Call": 9134.253,
    "DEX_Put": -4677.998,
    "DEX_Total": 4456.255,
    "DEX_Ratio": 1.952599,
    "GEX_Call": 16848920.634,
    "GEX_Put": -11335295.217,
    "GEX_Total": 5513625.417,
    "GEX_Ratio": 1.486412,
    "VEX_Call": -650922.221,
    "VEX_Put": 37099170.539,
    "VEX_Total": 36448248.318,
    "VEX_Ratio": -0.017545,
    "CEX_Call": -15036808.933,
    "CEX_Put": 25258042.142,
    "CEX_Total": 10221233.209,
    "CEX_Ratio": -0.595328
}