{
    "timestamp": "2025-07-21 09:52:10",
    "cum_gam": null,
    "cum_vec": 7492.708277990883,
    "DEX_Call": 8785.774,
    "DEX_Put": -3097.475,
    "DEX_Total": 5688.299,
    "DEX_Ratio": 2.836431,
    "GEX_Call": 14211712.458,
    "GEX_Put": -7727064.67,
    "GEX_Total": 6484647.788,
    "GEX_Ratio": 1.839212,
    "VEX_Call": 4083459.616,
    "VEX_Put": 27032092.266,
    "VEX_Total": 31115551.882,
    "VEX_Ratio": 0.15106,
    "CEX_Call": -5105205.718,
    "CEX_Put": 16623454.085,
    "CEX_Total": 11518248.367,
    "CEX_Ratio": -0.307109
}