{
    "timestamp": "2025-07-29 10:30:40",
    "cum_gam": null,
    "cum_vec": 7493.824632280161,
    "DEX_Call": 8753.08,
    "DEX_Put": -3408.607,
    "DEX_Total": 5344.473,
    "DEX_Ratio": 2.567935,
    "GEX_Call": 14506511.032,
    "GEX_Put": -11056114.538,
    "GEX_Total": 3450396.494,
    "GEX_Ratio": 1.31208,
    "VEX_Call": 3914880.047,
    "VEX_Put": 28236050.885,
    "VEX_Total": 32150930.932,
    "VEX_Ratio": 0.138648,
    "CEX_Call": -16746268.019,
    "CEX_Put": 21061960.455,
    "CEX_Total": 4315692.436,
    "CEX_Ratio": -0.795095
}