{
    "timestamp": "2025-10-13 12:57:52",
    "cum_gam": 5151.678131017266,
    "cum_vec": 8391.85551830276,
    "DEX_Call": 10352.32,
    "DEX_Put": -5876.056,
    "DEX_Total": 4476.264,
    "DEX_Ratio": 1.76178,
    "GEX_Call": 14693012.99,
    "GEX_Put": -14964699.124,
    "GEX_Total": -271686.134,
    "GEX_Ratio": 0.981845,
    "VEX_Call": -1725853.013,
    "VEX_Put": 34548850.225,
    "VEX_Total": 32822997.212,
    "VEX_Ratio": -0.049954,
    "CEX_Call": -74565.008,
    "CEX_Put": 33759234.431,
    "CEX_Total": 33684669.423,
    "CEX_Ratio": -0.002209
}