{
    "timestamp": "2025-07-25 07:35:11",
    "cum_gam": null,
    "cum_vec": 7522.912541535545,
    "DEX_Call": 9594.886,
    "DEX_Put": -3128.68,
    "DEX_Total": 6466.206,
    "DEX_Ratio": 3.066752,
    "GEX_Call": 15850832.354,
    "GEX_Put": -9540554.705,
    "GEX_Total": 6310277.649,
    "GEX_Ratio": 1.661416,
    "VEX_Call": 4659207.34,
    "VEX_Put": 28412161.289,
    "VEX_Total": 33071368.629,
    "VEX_Ratio": 0.163986,
    "CEX_Call": -10099784.697,
    "CEX_Put": 20725299.424,
    "CEX_Total": 10625514.727,
    "CEX_Ratio": -0.487317
}