{
    "timestamp": "2025-11-26 08:33:58",
    "cum_gam": null,
    "cum_vec": 8309.94826965939,
    "DEX_Call": 11476.382,
    "DEX_Put": -4127.545,
    "DEX_Total": 7348.837,
    "DEX_Ratio": 2.780438,
    "GEX_Call": 9368164.54,
    "GEX_Put": -8222669.736,
    "GEX_Total": 1145494.804,
    "GEX_Ratio": 1.139309,
    "VEX_Call": 4174268.498,
    "VEX_Put": 19630440.337,
    "VEX_Total": 23804708.835,
    "VEX_Ratio": 0.212643,
    "CEX_Call": 128591.358,
    "CEX_Put": 3452051.823,
    "CEX_Total": 3580643.181,
    "CEX_Ratio": 0.037251
}