{
    "timestamp": "2025-11-06 09:44:55",
    "cum_gam": 6502.230635864874,
    "cum_vec": 7953.4980700554115,
    "DEX_Call": 10276.109,
    "DEX_Put": -7114.963,
    "DEX_Total": 3161.146,
    "DEX_Ratio": 1.444295,
    "GEX_Call": 11922321.673,
    "GEX_Put": -14948615.83,
    "GEX_Total": -3026294.157,
    "GEX_Ratio": 0.797554,
    "VEX_Call": -3828388.842,
    "VEX_Put": 32079817.309,
    "VEX_Total": 28251428.467,
    "VEX_Ratio": -0.119339,
    "CEX_Call": -13897730.2,
    "CEX_Put": 16303040.252,
    "CEX_Total": 2405310.052,
    "CEX_Ratio": -0.852462
}