{
    "timestamp": "2025-08-15 07:10:12",
    "cum_gam": null,
    "cum_vec": 7582.624751967622,
    "DEX_Call": 7601.097,
    "DEX_Put": -3400.551,
    "DEX_Total": 4200.546,
    "DEX_Ratio": 2.235255,
    "GEX_Call": 14308949.161,
    "GEX_Put": -10713858.861,
    "GEX_Total": 3595090.3,
    "GEX_Ratio": 1.335555,
    "VEX_Call": 2242266.986,
    "VEX_Put": 29987322.238,
    "VEX_Total": 32229589.224,
    "VEX_Ratio": 0.074774,
    "CEX_Call": -10729957.855,
    "CEX_Put": 18706070.584,
    "CEX_Total": 7976112.729,
    "CEX_Ratio": -0.573608
}