{
    "timestamp": "2025-08-26 12:52:56",
    "cum_gam": null,
    "cum_vec": 7538.285275434975,
    "DEX_Call": 10023.891,
    "DEX_Put": -3535.346,
    "DEX_Total": 6488.545,
    "DEX_Ratio": 2.835335,
    "GEX_Call": 16008343.292,
    "GEX_Put": -12057059.289,
    "GEX_Total": 3951284.003,
    "GEX_Ratio": 1.327715,
    "VEX_Call": 2527562.101,
    "VEX_Put": 28714277.513,
    "VEX_Total": 31241839.614,
    "VEX_Ratio": 0.088025,
    "CEX_Call": -8011489.694,
    "CEX_Put": 29293312.135,
    "CEX_Total": 21281822.441,
    "CEX_Ratio": -0.273492
}