{
    "timestamp": "2025-08-06 09:56:13",
    "cum_gam": null,
    "cum_vec": 7514.812554780158,
    "DEX_Call": 8371.369,
    "DEX_Put": -4331.948,
    "DEX_Total": 4039.421,
    "DEX_Ratio": 1.932472,
    "GEX_Call": 14899055.116,
    "GEX_Put": -11551902.326,
    "GEX_Total": 3347152.79,
    "GEX_Ratio": 1.289749,
    "VEX_Call": 2315550.821,
    "VEX_Put": 29534437.324,
    "VEX_Total": 31849988.145,
    "VEX_Ratio": 0.078402,
    "CEX_Call": -10084172.115,
    "CEX_Put": 18900825.893,
    "CEX_Total": 8816653.778,
    "CEX_Ratio": -0.533531
}