{
    "timestamp": "2025-11-14 11:57:08",
    "cum_gam": 6003.343026877978,
    "cum_vec": 7976.859562529406,
    "DEX_Call": 11254.322,
    "DEX_Put": -7224.285,
    "DEX_Total": 4030.037,
    "DEX_Ratio": 1.557846,
    "GEX_Call": 14771340.403,
    "GEX_Put": -16059320.658,
    "GEX_Total": -1287980.255,
    "GEX_Ratio": 0.919799,
    "VEX_Call": -3652641.474,
    "VEX_Put": 35177630.318,
    "VEX_Total": 31524988.844,
    "VEX_Ratio": -0.103834,
    "CEX_Call": -26132287.495,
    "CEX_Put": 40528299.435,
    "CEX_Total": 14396011.94,
    "CEX_Ratio": -0.644791
}