{
    "timestamp": "2025-09-22 06:38:53",
    "cum_gam": null,
    "cum_vec": 7854.811005068906,
    "DEX_Call": 8926.099,
    "DEX_Put": -3682.0,
    "DEX_Total": 5244.099,
    "DEX_Ratio": 2.424253,
    "GEX_Call": 13417120.929,
    "GEX_Put": -10265017.506,
    "GEX_Total": 3152103.423,
    "GEX_Ratio": 1.307072,
    "VEX_Call": 1290334.799,
    "VEX_Put": 31988296.623,
    "VEX_Total": 33278631.422,
    "VEX_Ratio": 0.040338,
    "CEX_Call": -8209416.31,
    "CEX_Put": 18192717.157,
    "CEX_Total": 9983300.847,
    "CEX_Ratio": -0.451247
}