{
    "timestamp": "2025-10-29 07:46:38",
    "cum_gam": null,
    "cum_vec": 8086.270470036465,
    "DEX_Call": 10868.004,
    "DEX_Put": -3899.09,
    "DEX_Total": 6968.914,
    "DEX_Ratio": 2.787318,
    "GEX_Call": 18306740.774,
    "GEX_Put": -10799927.069,
    "GEX_Total": 7506813.705,
    "GEX_Ratio": 1.69508,
    "VEX_Call": 4290409.574,
    "VEX_Put": 38368184.379,
    "VEX_Total": 42658593.953,
    "VEX_Ratio": 0.111822,
    "CEX_Call": -13819215.11,
    "CEX_Put": 33175088.997,
    "CEX_Total": 19355873.887,
    "CEX_Ratio": -0.416554
}