{
    "timestamp": "2025-10-27 12:56:15",
    "cum_gam": null,
    "cum_vec": 8096.1742750744115,
    "DEX_Call": 10012.478,
    "DEX_Put": -2981.727,
    "DEX_Total": 7030.751,
    "DEX_Ratio": 3.357946,
    "GEX_Call": 25563547.982,
    "GEX_Put": -7405245.431,
    "GEX_Total": 18158302.551,
    "GEX_Ratio": 3.452087,
    "VEX_Call": 4549139.457,
    "VEX_Put": 32616494.054,
    "VEX_Total": 37165633.511,
    "VEX_Ratio": 0.139474,
    "CEX_Call": 27890374.54,
    "CEX_Put": 23629518.676,
    "CEX_Total": 51519893.216,
    "CEX_Ratio": 1.180319
}