{
    "timestamp": "2025-09-24 09:31:16",
    "cum_gam": 5850.663436319858,
    "cum_vec": 7854.289124317053,
    "DEX_Call": 9529.178,
    "DEX_Put": -4752.981,
    "DEX_Total": 4776.197,
    "DEX_Ratio": 2.004885,
    "GEX_Call": 13279593.61,
    "GEX_Put": -14236555.535,
    "GEX_Total": -956961.925,
    "GEX_Ratio": 0.932781,
    "VEX_Call": 988174.312,
    "VEX_Put": 33621675.297,
    "VEX_Total": 34609849.609,
    "VEX_Ratio": 0.029391,
    "CEX_Call": -13441322.35,
    "CEX_Put": 19465838.046,
    "CEX_Total": 6024515.696,
    "CEX_Ratio": -0.690508
}