{
    "timestamp": "2025-11-05 11:07:12",
    "cum_gam": null,
    "cum_vec": 7963.279102804974,
    "DEX_Call": 9650.393,
    "DEX_Put": -5059.991,
    "DEX_Total": 4590.402,
    "DEX_Ratio": 1.907196,
    "GEX_Call": 16383412.649,
    "GEX_Put": -13027039.448,
    "GEX_Total": 3356373.201,
    "GEX_Ratio": 1.257647,
    "VEX_Call": -601301.302,
    "VEX_Put": 34942921.05,
    "VEX_Total": 34341619.748,
    "VEX_Ratio": -0.017208,
    "CEX_Call": -12902896.209,
    "CEX_Put": 25453909.297,
    "CEX_Total": 12551013.088,
    "CEX_Ratio": -0.506912
}