{
    "timestamp": "2025-10-09 06:37:03",
    "cum_gam": null,
    "cum_vec": 8089.664263134606,
    "DEX_Call": 11733.372,
    "DEX_Put": -4553.987,
    "DEX_Total": 7179.385,
    "DEX_Ratio": 2.576505,
    "GEX_Call": 21030681.744,
    "GEX_Put": -13398879.633,
    "GEX_Total": 7631802.111,
    "GEX_Ratio": 1.569585,
    "VEX_Call": 1541191.747,
    "VEX_Put": 39057427.649,
    "VEX_Total": 40598619.396,
    "VEX_Ratio": 0.03946,
    "CEX_Call": -19493529.547,
    "CEX_Put": 30982628.425,
    "CEX_Total": 11489098.878,
    "CEX_Ratio": -0.629176
}