{
    "timestamp": "2025-10-13 12:47:51",
    "cum_gam": 5901.016323861652,
    "cum_vec": 8394.083643510241,
    "DEX_Call": 10264.332,
    "DEX_Put": -6059.928,
    "DEX_Total": 4204.404,
    "DEX_Ratio": 1.693804,
    "GEX_Call": 14168051.06,
    "GEX_Put": -15204071.804,
    "GEX_Total": -1036020.744,
    "GEX_Ratio": 0.931859,
    "VEX_Call": -1829948.441,
    "VEX_Put": 34339985.201,
    "VEX_Total": 32510036.76,
    "VEX_Ratio": -0.053289,
    "CEX_Call": -14702929.804,
    "CEX_Put": 12672429.761,
    "CEX_Total": -2030500.043,
    "CEX_Ratio": -1.16023
}