{
    "timestamp": "2025-11-18 12:58:15",
    "cum_gam": 6579.055092316671,
    "cum_vec": 7985.190691869539,
    "DEX_Call": 11165.55,
    "DEX_Put": -9272.461,
    "DEX_Total": 1893.089,
    "DEX_Ratio": 1.204163,
    "GEX_Call": 12726296.737,
    "GEX_Put": -17194644.572,
    "GEX_Total": -4468347.835,
    "GEX_Ratio": 0.740131,
    "VEX_Call": -5861335.98,
    "VEX_Put": 29751479.404,
    "VEX_Total": 23890143.424,
    "VEX_Ratio": -0.19701,
    "CEX_Call": -25001659.17,
    "CEX_Put": 29103886.081,
    "CEX_Total": 4102226.911,
    "CEX_Ratio": -0.859049
}