{
    "timestamp": "2025-10-07 12:16:33",
    "cum_gam": null,
    "cum_vec": 8057.608461844084,
    "DEX_Call": 9198.487,
    "DEX_Put": -4531.899,
    "DEX_Total": 4666.588,
    "DEX_Ratio": 2.02972,
    "GEX_Call": 14268357.743,
    "GEX_Put": -13667262.495,
    "GEX_Total": 601095.248,
    "GEX_Ratio": 1.043981,
    "VEX_Call": -142107.197,
    "VEX_Put": 32775322.466,
    "VEX_Total": 32633215.269,
    "VEX_Ratio": -0.004336,
    "CEX_Call": -18288199.867,
    "CEX_Put": 21799179.757,
    "CEX_Total": 3510979.89,
    "CEX_Ratio": -0.83894
}