{
    "timestamp": "2025-09-05 07:39:07",
    "cum_gam": 5254.841180184204,
    "cum_vec": 7523.346106409147,
    "DEX_Call": 7090.342,
    "DEX_Put": -4251.524,
    "DEX_Total": 2838.818,
    "DEX_Ratio": 1.667718,
    "GEX_Call": 16641357.065,
    "GEX_Put": -16863174.282,
    "GEX_Total": -221817.217,
    "GEX_Ratio": 0.986846,
    "VEX_Call": -590557.086,
    "VEX_Put": 30051505.927,
    "VEX_Total": 29460948.841,
    "VEX_Ratio": -0.019651,
    "CEX_Call": -31622554.658,
    "CEX_Put": 43331587.962,
    "CEX_Total": 11709033.304,
    "CEX_Ratio": -0.729781
}