{
    "timestamp": "2025-10-22 07:28:10",
    "cum_gam": null,
    "cum_vec": 8058.539397266607,
    "DEX_Call": 11375.666,
    "DEX_Put": -5308.733,
    "DEX_Total": 6066.933,
    "DEX_Ratio": 2.142821,
    "GEX_Call": 14458740.494,
    "GEX_Put": -13240552.127,
    "GEX_Total": 1218188.367,
    "GEX_Ratio": 1.092004,
    "VEX_Call": 32296.41,
    "VEX_Put": 38269703.762,
    "VEX_Total": 38302000.172,
    "VEX_Ratio": 0.000844,
    "CEX_Call": -12442877.114,
    "CEX_Put": 26324135.246,
    "CEX_Total": 13881258.132,
    "CEX_Ratio": -0.472679
}