{
    "timestamp": "2026-07-23 11:51:34",
    "cum_gam": 8001.135600257351,
    "cum_vec": 9105.811755034936,
    "DEX_Call": 8491.352,
    "DEX_Put": -10784.532,
    "DEX_Total": -2293.18,
    "DEX_Ratio": 0.787364,
    "GEX_Call": 11514795.606,
    "GEX_Put": -18118112.241,
    "GEX_Total": -6603316.635,
    "GEX_Ratio": 0.635541,
    "VEX_Call": -7765512.72,
    "VEX_Put": 25728778.043,
    "VEX_Total": 17963265.323,
    "VEX_Ratio": -0.301822,
    "CEX_Call": -13572157.411,
    "CEX_Put": 4543977.245,
    "CEX_Total": -9028180.166,
    "CEX_Ratio": -2.986845
}