{
    "timestamp": "2025-09-22 09:49:24",
    "cum_gam": null,
    "cum_vec": 7892.59959738566,
    "DEX_Call": 9699.474,
    "DEX_Put": -3286.835,
    "DEX_Total": 6412.639,
    "DEX_Ratio": 2.951007,
    "GEX_Call": 14845588.298,
    "GEX_Put": -8637400.973,
    "GEX_Total": 6208187.325,
    "GEX_Ratio": 1.718756,
    "VEX_Call": 2834768.766,
    "VEX_Put": 31892475.002,
    "VEX_Total": 34727243.768,
    "VEX_Ratio": 0.088885,
    "CEX_Call": -2008788.196,
    "CEX_Put": 21415318.892,
    "CEX_Total": 19406530.696,
    "CEX_Ratio": -0.093801
}