{
    "timestamp": "2025-11-10 10:32:23",
    "cum_gam": null,
    "cum_vec": 7979.739270928623,
    "DEX_Call": 8174.985,
    "DEX_Put": -4813.622,
    "DEX_Total": 3361.363,
    "DEX_Ratio": 1.698302,
    "GEX_Call": 16560527.269,
    "GEX_Put": -11959974.992,
    "GEX_Total": 4600552.277,
    "GEX_Ratio": 1.384662,
    "VEX_Call": -2616690.015,
    "VEX_Put": 29505919.174,
    "VEX_Total": 26889229.159,
    "VEX_Ratio": -0.088684,
    "CEX_Call": -7219465.839,
    "CEX_Put": 16751446.85,
    "CEX_Total": 9531981.011,
    "CEX_Ratio": -0.430976
}