{
    "timestamp": "2025-11-21 08:50:48",
    "cum_gam": 6475.794884122548,
    "cum_vec": 7982.17031851598,
    "DEX_Call": 8733.04,
    "DEX_Put": -10293.052,
    "DEX_Total": -1560.012,
    "DEX_Ratio": 0.84844,
    "GEX_Call": 10257478.383,
    "GEX_Put": -14444627.038,
    "GEX_Total": -4187148.655,
    "GEX_Ratio": 0.710124,
    "VEX_Call": -8985092.029,
    "VEX_Put": 26351136.213,
    "VEX_Total": 17366044.184,
    "VEX_Ratio": -0.340976,
    "CEX_Call": -16511392.697,
    "CEX_Put": 19585648.858,
    "CEX_Total": 3074256.161,
    "CEX_Ratio": -0.843035
}