{
    "timestamp": "2025-10-09 08:35:10",
    "cum_gam": null,
    "cum_vec": 8084.161373029704,
    "DEX_Call": 10824.991,
    "DEX_Put": -5114.154,
    "DEX_Total": 5710.837,
    "DEX_Ratio": 2.116673,
    "GEX_Call": 17028431.12,
    "GEX_Put": -16617389.946,
    "GEX_Total": 411041.174,
    "GEX_Ratio": 1.024736,
    "VEX_Call": -80984.267,
    "VEX_Put": 38916014.343,
    "VEX_Total": 38835030.076,
    "VEX_Ratio": -0.002081,
    "CEX_Call": -17871890.415,
    "CEX_Put": 31144511.414,
    "CEX_Total": 13272620.999,
    "CEX_Ratio": -0.573838
}