{
    "timestamp": "2025-11-11 10:23:36",
    "cum_gam": null,
    "cum_vec": 7989.8234060843615,
    "DEX_Call": 9839.5,
    "DEX_Put": -4824.226,
    "DEX_Total": 5015.274,
    "DEX_Ratio": 2.039602,
    "GEX_Call": 18450792.243,
    "GEX_Put": -13012795.937,
    "GEX_Total": 5437996.306,
    "GEX_Ratio": 1.417896,
    "VEX_Call": -1534459.82,
    "VEX_Put": 33715212.844,
    "VEX_Total": 32180753.024,
    "VEX_Ratio": -0.045512,
    "CEX_Call": -13403853.573,
    "CEX_Put": 20235820.842,
    "CEX_Total": 6831967.269,
    "CEX_Ratio": -0.662382
}