{
    "timestamp": "2025-08-20 09:43:45",
    "cum_gam": 6220.760063701798,
    "cum_vec": 7509.201960131614,
    "DEX_Call": 8679.489,
    "DEX_Put": -4840.915,
    "DEX_Total": 3838.574,
    "DEX_Ratio": 1.792944,
    "GEX_Call": 11678216.123,
    "GEX_Put": -14621273.068,
    "GEX_Total": -2943056.945,
    "GEX_Ratio": 0.798714,
    "VEX_Call": 2039843.61,
    "VEX_Put": 29021212.065,
    "VEX_Total": 31061055.675,
    "VEX_Ratio": 0.070288,
    "CEX_Call": -8864494.908,
    "CEX_Put": 17624653.343,
    "CEX_Total": 8760158.435,
    "CEX_Ratio": -0.50296
}