{
    "timestamp": "2025-09-23 07:59:59",
    "cum_gam": null,
    "cum_vec": 7996.619473076508,
    "DEX_Call": 10171.234,
    "DEX_Put": -3676.524,
    "DEX_Total": 6494.71,
    "DEX_Ratio": 2.766535,
    "GEX_Call": 16003403.097,
    "GEX_Put": -10564844.186,
    "GEX_Total": 5438558.911,
    "GEX_Ratio": 1.514779,
    "VEX_Call": 2159600.005,
    "VEX_Put": 33681903.026,
    "VEX_Total": 35841503.031,
    "VEX_Ratio": 0.064118,
    "CEX_Call": -13019479.094,
    "CEX_Put": 18643872.225,
    "CEX_Total": 5624393.131,
    "CEX_Ratio": -0.698325
}