{
    "timestamp": "2025-08-19 11:08:04",
    "cum_gam": 5877.472200257527,
    "cum_vec": 7524.541399646874,
    "DEX_Call": 8845.003,
    "DEX_Put": -4171.414,
    "DEX_Total": 4673.589,
    "DEX_Ratio": 2.120385,
    "GEX_Call": 11911859.3,
    "GEX_Put": -13146780.361,
    "GEX_Total": -1234921.061,
    "GEX_Ratio": 0.906067,
    "VEX_Call": 2506949.229,
    "VEX_Put": 28542260.495,
    "VEX_Total": 31049209.724,
    "VEX_Ratio": 0.087833,
    "CEX_Call": -7853205.731,
    "CEX_Put": 17181109.177,
    "CEX_Total": 9327903.446,
    "CEX_Ratio": -0.457084
}