{
    "timestamp": "2025-10-20 07:54:34",
    "cum_gam": null,
    "cum_vec": 7895.299699012343,
    "DEX_Call": 10576.361,
    "DEX_Put": -4466.137,
    "DEX_Total": 6110.224,
    "DEX_Ratio": 2.368123,
    "GEX_Call": 15101814.889,
    "GEX_Put": -9898755.666,
    "GEX_Total": 5203059.223,
    "GEX_Ratio": 1.525628,
    "VEX_Call": 1032352.493,
    "VEX_Put": 34726382.16,
    "VEX_Total": 35758734.653,
    "VEX_Ratio": 0.029728,
    "CEX_Call": -6168449.126,
    "CEX_Put": 21902743.768,
    "CEX_Total": 15734294.642,
    "CEX_Ratio": -0.281629
}