{
    "timestamp": "2025-10-10 09:59:43",
    "cum_gam": 6546.366113944318,
    "cum_vec": 8056.515420258489,
    "DEX_Call": 10847.822,
    "DEX_Put": -7978.379,
    "DEX_Total": 2869.443,
    "DEX_Ratio": 1.359652,
    "GEX_Call": 11595966.971,
    "GEX_Put": -16378893.759,
    "GEX_Total": -4782926.788,
    "GEX_Ratio": 0.707982,
    "VEX_Call": -1692324.367,
    "VEX_Put": 37269474.982,
    "VEX_Total": 35577150.615,
    "VEX_Ratio": -0.045408,
    "CEX_Call": -12990303.178,
    "CEX_Put": 21896971.402,
    "CEX_Total": 8906668.224,
    "CEX_Ratio": -0.593247
}