{
    "timestamp": "2026-07-23 10:17:54",
    "cum_gam": 8000.738060618227,
    "cum_vec": 9110.495692673254,
    "DEX_Call": 8561.632,
    "DEX_Put": -10563.641,
    "DEX_Total": -2002.009,
    "DEX_Ratio": 0.810481,
    "GEX_Call": 12101384.245,
    "GEX_Put": -18137003.992,
    "GEX_Total": -6035619.747,
    "GEX_Ratio": 0.667221,
    "VEX_Call": -7987864.031,
    "VEX_Put": 26565797.191,
    "VEX_Total": 18577933.16,
    "VEX_Ratio": -0.300682,
    "CEX_Call": -12470052.966,
    "CEX_Put": 2242816.343,
    "CEX_Total": -10227236.623,
    "CEX_Ratio": -5.559997
}