{
    "timestamp": "2025-11-26 09:19:13",
    "cum_gam": null,
    "cum_vec": 8368.074621612108,
    "DEX_Call": 14997.249,
    "DEX_Put": -3937.441,
    "DEX_Total": 11059.808,
    "DEX_Ratio": 3.808882,
    "GEX_Call": 9442793.854,
    "GEX_Put": -8153592.885,
    "GEX_Total": 1289200.969,
    "GEX_Ratio": 1.158114,
    "VEX_Call": 5793184.512,
    "VEX_Put": 20071688.654,
    "VEX_Total": 25864873.166,
    "VEX_Ratio": 0.288625,
    "CEX_Call": 570081.27,
    "CEX_Put": 3572994.813,
    "CEX_Total": 4143076.083,
    "CEX_Ratio": 0.159553
}