{
    "timestamp": "2025-10-13 11:15:48",
    "cum_gam": 5404.498933185167,
    "cum_vec": 8398.821416768533,
    "DEX_Call": 10341.807,
    "DEX_Put": -6005.474,
    "DEX_Total": 4336.333,
    "DEX_Ratio": 1.722063,
    "GEX_Call": 14307837.276,
    "GEX_Put": -14775027.162,
    "GEX_Total": -467189.886,
    "GEX_Ratio": 0.96838,
    "VEX_Call": -2004830.845,
    "VEX_Put": 34482467.579,
    "VEX_Total": 32477636.734,
    "VEX_Ratio": -0.058141,
    "CEX_Call": -9703941.911,
    "CEX_Put": 19360302.493,
    "CEX_Total": 9656360.582,
    "CEX_Ratio": -0.501229
}