{
    "timestamp": "2026-07-20 11:08:35",
    "cum_gam": 7150.442895909689,
    "cum_vec": 9122.969122488365,
    "DEX_Call": 9119.955,
    "DEX_Put": -8784.281,
    "DEX_Total": 335.674,
    "DEX_Ratio": 1.038213,
    "GEX_Call": 14320564.126,
    "GEX_Put": -16624380.766,
    "GEX_Total": -2303816.64,
    "GEX_Ratio": 0.861419,
    "VEX_Call": -7003758.832,
    "VEX_Put": 28646192.795,
    "VEX_Total": 21642433.963,
    "VEX_Ratio": -0.244492,
    "CEX_Call": -16742114.291,
    "CEX_Put": 9567423.225,
    "CEX_Total": -7174691.066,
    "CEX_Ratio": -1.749908
}