{
    "timestamp": "2025-08-04 10:07:23",
    "cum_gam": 7002.729044835861,
    "cum_vec": 7518.880875030898,
    "DEX_Call": 8045.427,
    "DEX_Put": -4421.293,
    "DEX_Total": 3624.134,
    "DEX_Ratio": 1.8197,
    "GEX_Call": 12297154.334,
    "GEX_Put": -11247924.239,
    "GEX_Total": 1049230.095,
    "GEX_Ratio": 1.093282,
    "VEX_Call": 2235366.968,
    "VEX_Put": 28325781.153,
    "VEX_Total": 30561148.121,
    "VEX_Ratio": 0.078916,
    "CEX_Call": -4050845.066,
    "CEX_Put": 16572183.673,
    "CEX_Total": 12521338.607,
    "CEX_Ratio": -0.244436
}