{
    "timestamp": "2025-11-18 13:13:50",
    "cum_gam": 6593.053214126279,
    "cum_vec": 7985.158477971162,
    "DEX_Call": 10099.327,
    "DEX_Put": -9357.026,
    "DEX_Total": 742.301,
    "DEX_Ratio": 1.079331,
    "GEX_Call": 12535678.781,
    "GEX_Put": -17249599.206,
    "GEX_Total": -4713920.425,
    "GEX_Ratio": 0.726723,
    "VEX_Call": -6464333.452,
    "VEX_Put": 29332201.97,
    "VEX_Total": 22867868.518,
    "VEX_Ratio": -0.220384,
    "CEX_Call": -29426835.721,
    "CEX_Put": 5398886.41,
    "CEX_Total": -24027949.311,
    "CEX_Ratio": -5.450538
}