{
    "timestamp": "2025-10-22 08:09:43",
    "cum_gam": null,
    "cum_vec": 8054.748304589662,
    "DEX_Call": 10598.962,
    "DEX_Put": -5197.343,
    "DEX_Total": 5401.619,
    "DEX_Ratio": 2.039304,
    "GEX_Call": 14624622.543,
    "GEX_Put": -13207364.21,
    "GEX_Total": 1417258.333,
    "GEX_Ratio": 1.107308,
    "VEX_Call": -457595.331,
    "VEX_Put": 37834173.808,
    "VEX_Total": 37376578.477,
    "VEX_Ratio": -0.012095,
    "CEX_Call": -11148544.655,
    "CEX_Put": 23621290.484,
    "CEX_Total": 12472745.829,
    "CEX_Ratio": -0.47197
}