{
    "timestamp": "2025-11-12 09:54:45",
    "cum_gam": null,
    "cum_vec": 8010.403073127992,
    "DEX_Call": 10867.001,
    "DEX_Put": -5225.524,
    "DEX_Total": 5641.477,
    "DEX_Ratio": 2.0796,
    "GEX_Call": 18161753.384,
    "GEX_Put": -13705182.922,
    "GEX_Total": 4456570.462,
    "GEX_Ratio": 1.325174,
    "VEX_Call": -1107080.164,
    "VEX_Put": 36621238.487,
    "VEX_Total": 35514158.323,
    "VEX_Ratio": -0.030231,
    "CEX_Call": -18499142.402,
    "CEX_Put": 26453850.005,
    "CEX_Total": 7954707.603,
    "CEX_Ratio": -0.699299
}