{
    "timestamp": "2025-11-18 12:31:19",
    "cum_gam": 6584.323945385683,
    "cum_vec": 7980.741132459414,
    "DEX_Call": 10172.149,
    "DEX_Put": -9427.423,
    "DEX_Total": 744.726,
    "DEX_Ratio": 1.078996,
    "GEX_Call": 12502736.264,
    "GEX_Put": -17219179.718,
    "GEX_Total": -4716443.454,
    "GEX_Ratio": 0.726094,
    "VEX_Call": -6365877.543,
    "VEX_Put": 29407990.225,
    "VEX_Total": 23042112.682,
    "VEX_Ratio": -0.216468,
    "CEX_Call": -22269391.625,
    "CEX_Put": 15152159.478,
    "CEX_Total": -7117232.147,
    "CEX_Ratio": -1.469717
}