{
    "timestamp": "2025-08-27 11:49:24",
    "cum_gam": null,
    "cum_vec": 7546.519172529524,
    "DEX_Call": 8020.295,
    "DEX_Put": -3378.986,
    "DEX_Total": 4641.309,
    "DEX_Ratio": 2.37358,
    "GEX_Call": 17745393.341,
    "GEX_Put": -10795837.662,
    "GEX_Total": 6949555.679,
    "GEX_Ratio": 1.643725,
    "VEX_Call": 2370279.521,
    "VEX_Put": 29792273.037,
    "VEX_Total": 32162552.558,
    "VEX_Ratio": 0.07956,
    "CEX_Call": -10206862.202,
    "CEX_Put": 23870236.223,
    "CEX_Total": 13663374.021,
    "CEX_Ratio": -0.427598
}