{
    "timestamp": "2025-09-03 08:27:18",
    "cum_gam": null,
    "cum_vec": 7528.57264428004,
    "DEX_Call": 9508.453,
    "DEX_Put": -4314.806,
    "DEX_Total": 5193.647,
    "DEX_Ratio": 2.20368,
    "GEX_Call": 16488096.033,
    "GEX_Put": -13484245.651,
    "GEX_Total": 3003850.382,
    "GEX_Ratio": 1.222767,
    "VEX_Call": 737783.435,
    "VEX_Put": 28309917.505,
    "VEX_Total": 29047700.94,
    "VEX_Ratio": 0.026061,
    "CEX_Call": -9243685.715,
    "CEX_Put": 22002209.996,
    "CEX_Total": 12758524.281,
    "CEX_Ratio": -0.420125
}