{
    "timestamp": "2025-08-01 11:40:20",
    "cum_gam": 7005.204732929702,
    "cum_vec": 7486.964180760093,
    "DEX_Call": 7611.095,
    "DEX_Put": -6756.362,
    "DEX_Total": 854.733,
    "DEX_Ratio": 1.126508,
    "GEX_Call": 9601767.296,
    "GEX_Put": -14118564.532,
    "GEX_Total": -4516797.236,
    "GEX_Ratio": 0.680081,
    "VEX_Call": 393359.09,
    "VEX_Put": 26778508.131,
    "VEX_Total": 27171867.221,
    "VEX_Ratio": 0.014689,
    "CEX_Call": -12187331.694,
    "CEX_Put": -10014565.627,
    "CEX_Total": -22201897.321,
    "CEX_Ratio": -1.216961
}