{
    "timestamp": "2025-08-25 09:00:19",
    "cum_gam": null,
    "cum_vec": 7542.189161766683,
    "DEX_Call": 5916.658,
    "DEX_Put": -3031.615,
    "DEX_Total": 2885.043,
    "DEX_Ratio": 1.951652,
    "GEX_Call": 14743739.571,
    "GEX_Put": -10882439.09,
    "GEX_Total": 3861300.481,
    "GEX_Ratio": 1.354819,
    "VEX_Call": 30250.371,
    "VEX_Put": 26467558.248,
    "VEX_Total": 26497808.619,
    "VEX_Ratio": 0.001143,
    "CEX_Call": -10974399.82,
    "CEX_Put": 14690711.574,
    "CEX_Total": 3716311.754,
    "CEX_Ratio": -0.74703
}