{
    "timestamp": "2025-07-15 11:15:07",
    "cum_gam": null,
    "cum_vec": 7475.0955339606735,
    "DEX_Call": 8446.348,
    "DEX_Put": -3589.445,
    "DEX_Total": 4856.903,
    "DEX_Ratio": 2.353107,
    "GEX_Call": 13974542.322,
    "GEX_Put": -10096545.519,
    "GEX_Total": 3877996.803,
    "GEX_Ratio": 1.384091,
    "VEX_Call": 2247220.832,
    "VEX_Put": 26351805.984,
    "VEX_Total": 28599026.816,
    "VEX_Ratio": 0.085278,
    "CEX_Call": -11597608.213,
    "CEX_Put": 18850128.737,
    "CEX_Total": 7252520.524,
    "CEX_Ratio": -0.615254
}