{
    "timestamp": "2026-07-23 12:37:07",
    "cum_gam": 8001.30854312276,
    "cum_vec": 9104.364420223586,
    "DEX_Call": 8493.719,
    "DEX_Put": -10468.985,
    "DEX_Total": -1975.266,
    "DEX_Ratio": 0.811322,
    "GEX_Call": 11439934.177,
    "GEX_Put": -17769705.201,
    "GEX_Total": -6329771.024,
    "GEX_Ratio": 0.643789,
    "VEX_Call": -7566843.217,
    "VEX_Put": 25866123.753,
    "VEX_Total": 18299280.536,
    "VEX_Ratio": -0.292539,
    "CEX_Call": -15571367.934,
    "CEX_Put": 19197734.828,
    "CEX_Total": 3626366.894,
    "CEX_Ratio": -0.811104
}