{
    "timestamp": "2025-09-29 06:37:27",
    "cum_gam": null,
    "cum_vec": 8007.531851032238,
    "DEX_Call": 8861.149,
    "DEX_Put": -3244.566,
    "DEX_Total": 5616.583,
    "DEX_Ratio": 2.731074,
    "GEX_Call": 15087248.035,
    "GEX_Put": -10366314.401,
    "GEX_Total": 4720933.634,
    "GEX_Ratio": 1.455411,
    "VEX_Call": 26745.356,
    "VEX_Put": 27888894.408,
    "VEX_Total": 27915639.764,
    "VEX_Ratio": 0.000959,
    "CEX_Call": -9005303.991,
    "CEX_Put": 23192884.309,
    "CEX_Total": 14187580.318,
    "CEX_Ratio": -0.388279
}