{
    "timestamp": "2025-11-25 12:23:51",
    "cum_gam": null,
    "cum_vec": 8646.423061307349,
    "DEX_Call": 13854.247,
    "DEX_Put": -4652.512,
    "DEX_Total": 9201.735,
    "DEX_Ratio": 2.977799,
    "GEX_Call": 8913513.02,
    "GEX_Put": -8269865.38,
    "GEX_Total": 643647.64,
    "GEX_Ratio": 1.07783,
    "VEX_Call": 3574263.053,
    "VEX_Put": 18303785.076,
    "VEX_Total": 21878048.129,
    "VEX_Ratio": 0.195275,
    "CEX_Call": 16526.938,
    "CEX_Put": 3017999.907,
    "CEX_Total": 3034526.845,
    "CEX_Ratio": 0.005476
}