{
    "timestamp": "2025-10-07 11:20:48",
    "cum_gam": null,
    "cum_vec": 8055.77803255568,
    "DEX_Call": 9760.502,
    "DEX_Put": -4593.345,
    "DEX_Total": 5167.157,
    "DEX_Ratio": 2.124922,
    "GEX_Call": 14251670.234,
    "GEX_Put": -13493281.299,
    "GEX_Total": 758388.935,
    "GEX_Ratio": 1.056205,
    "VEX_Call": -172928.648,
    "VEX_Put": 32984810.754,
    "VEX_Total": 32811882.106,
    "VEX_Ratio": -0.005243,
    "CEX_Call": -15607525.996,
    "CEX_Put": 20644594.588,
    "CEX_Total": 5037068.592,
    "CEX_Ratio": -0.75601
}