{
    "timestamp": "2025-10-13 09:05:43",
    "cum_gam": 5558.817973350415,
    "cum_vec": 8334.891463796543,
    "DEX_Call": 10083.822,
    "DEX_Put": -6212.942,
    "DEX_Total": 3870.88,
    "DEX_Ratio": 1.623035,
    "GEX_Call": 13752493.035,
    "GEX_Put": -14424599.784,
    "GEX_Total": -672106.749,
    "GEX_Ratio": 0.953406,
    "VEX_Call": -2246817.3,
    "VEX_Put": 35199713.53,
    "VEX_Total": 32952896.23,
    "VEX_Ratio": -0.063831,
    "CEX_Call": -8452640.301,
    "CEX_Put": 22072824.408,
    "CEX_Total": 13620184.107,
    "CEX_Ratio": -0.382943
}