{
    "timestamp": "2025-07-17 10:11:26",
    "cum_gam": null,
    "cum_vec": 7489.025585254918,
    "DEX_Call": 9960.55,
    "DEX_Put": -3556.588,
    "DEX_Total": 6403.962,
    "DEX_Ratio": 2.800591,
    "GEX_Call": 17368507.514,
    "GEX_Put": -10778390.085,
    "GEX_Total": 6590117.429,
    "GEX_Ratio": 1.611419,
    "VEX_Call": 3440028.859,
    "VEX_Put": 27489036.594,
    "VEX_Total": 30929065.453,
    "VEX_Ratio": 0.125142,
    "CEX_Call": -4588352.852,
    "CEX_Put": 21689664.292,
    "CEX_Total": 17101311.44,
    "CEX_Ratio": -0.211546
}