{
    "timestamp": "2025-09-29 10:09:35",
    "cum_gam": null,
    "cum_vec": 8004.369780497105,
    "DEX_Call": 8572.466,
    "DEX_Put": -3422.162,
    "DEX_Total": 5150.304,
    "DEX_Ratio": 2.504985,
    "GEX_Call": 14598539.353,
    "GEX_Put": -11178727.093,
    "GEX_Total": 3419812.26,
    "GEX_Ratio": 1.305921,
    "VEX_Call": -509055.105,
    "VEX_Put": 27522110.504,
    "VEX_Total": 27013055.399,
    "VEX_Ratio": -0.018496,
    "CEX_Call": -13399882.077,
    "CEX_Put": 24591255.653,
    "CEX_Total": 11191373.576,
    "CEX_Ratio": -0.544904
}