{
    "timestamp": "2025-10-30 10:35:32",
    "cum_gam": null,
    "cum_vec": 8063.290188667349,
    "DEX_Call": 9977.723,
    "DEX_Put": -4326.1,
    "DEX_Total": 5651.623,
    "DEX_Ratio": 2.306401,
    "GEX_Call": 15911081.5,
    "GEX_Put": -12473766.92,
    "GEX_Total": 3437314.58,
    "GEX_Ratio": 1.275563,
    "VEX_Call": 2218883.206,
    "VEX_Put": 35365859.736,
    "VEX_Total": 37584742.942,
    "VEX_Ratio": 0.062741,
    "CEX_Call": -5685673.263,
    "CEX_Put": 20589313.651,
    "CEX_Total": 14903640.388,
    "CEX_Ratio": -0.276147
}