{
    "timestamp": "2025-11-25 12:33:17",
    "cum_gam": null,
    "cum_vec": 8407.659382046137,
    "DEX_Call": 11155.481,
    "DEX_Put": -4617.571,
    "DEX_Total": 6537.91,
    "DEX_Ratio": 2.415876,
    "GEX_Call": 8909206.297,
    "GEX_Put": -8254905.497,
    "GEX_Total": 654300.8,
    "GEX_Ratio": 1.079262,
    "VEX_Call": 3178825.543,
    "VEX_Put": 18335922.982,
    "VEX_Total": 21514748.525,
    "VEX_Ratio": 0.173366,
    "CEX_Call": -106085.142,
    "CEX_Put": 3027699.982,
    "CEX_Total": 2921614.84,
    "CEX_Ratio": -0.035038
}