{
    "timestamp": "2025-08-19 12:02:24",
    "cum_gam": 6070.36606798802,
    "cum_vec": 7526.385762521103,
    "DEX_Call": 8774.387,
    "DEX_Put": -4447.293,
    "DEX_Total": 4327.094,
    "DEX_Ratio": 1.972973,
    "GEX_Call": 11381531.358,
    "GEX_Put": -13741505.138,
    "GEX_Total": -2359973.78,
    "GEX_Ratio": 0.828259,
    "VEX_Call": 1142214.905,
    "VEX_Put": 28216093.892,
    "VEX_Total": 29358308.797,
    "VEX_Ratio": 0.040481,
    "CEX_Call": -9941645.322,
    "CEX_Put": 5610495.559,
    "CEX_Total": -4331149.763,
    "CEX_Ratio": -1.771973
}