{
    "timestamp": "2025-06-27 11:18:47",
    "cum_gam": null,
    "cum_vec": 7275.802663798614,
    "DEX_Call": 8326.105,
    "DEX_Put": -3167.476,
    "DEX_Total": 5158.629,
    "DEX_Ratio": 2.628624,
    "GEX_Call": 14763563.73,
    "GEX_Put": -7960588.95,
    "GEX_Total": 6802974.78,
    "GEX_Ratio": 1.854582,
    "VEX_Call": 4144011.698,
    "VEX_Put": 24248411.497,
    "VEX_Total": 28392423.195,
    "VEX_Ratio": 0.170898,
    "CEX_Call": 19845660.699,
    "CEX_Put": 30029831.437,
    "CEX_Total": 49875492.136,
    "CEX_Ratio": 0.660865
}