{
    "timestamp": "2025-08-28 09:32:40",
    "cum_gam": null,
    "cum_vec": 7548.744500374038,
    "DEX_Call": 7601.158,
    "DEX_Put": -3205.245,
    "DEX_Total": 4395.913,
    "DEX_Ratio": 2.371475,
    "GEX_Call": 16911588.993,
    "GEX_Put": -11259332.285,
    "GEX_Total": 5652256.708,
    "GEX_Ratio": 1.502006,
    "VEX_Call": 2094901.493,
    "VEX_Put": 28718672.337,
    "VEX_Total": 30813573.83,
    "VEX_Ratio": 0.072946,
    "CEX_Call": -7855837.841,
    "CEX_Put": 18912457.094,
    "CEX_Total": 11056619.253,
    "CEX_Ratio": -0.415379
}