{
    "timestamp": "2025-10-09 06:32:45",
    "cum_gam": null,
    "cum_vec": 8086.346473908129,
    "DEX_Call": 10177.23,
    "DEX_Put": -4488.643,
    "DEX_Total": 5688.587,
    "DEX_Ratio": 2.267329,
    "GEX_Call": 21960093.069,
    "GEX_Put": -12880035.571,
    "GEX_Total": 9080057.498,
    "GEX_Ratio": 1.704971,
    "VEX_Call": 994699.276,
    "VEX_Put": 39175502.62,
    "VEX_Total": 40170201.896,
    "VEX_Ratio": 0.025391,
    "CEX_Call": -19885058.471,
    "CEX_Put": 30753952.649,
    "CEX_Total": 10868894.178,
    "CEX_Ratio": -0.646585
}