{
    "timestamp": "2025-07-17 08:47:37",
    "cum_gam": null,
    "cum_vec": 7474.069276696445,
    "DEX_Call": 8948.828,
    "DEX_Put": -3596.888,
    "DEX_Total": 5351.94,
    "DEX_Ratio": 2.487936,
    "GEX_Call": 17068952.572,
    "GEX_Put": -10590883.835,
    "GEX_Total": 6478068.737,
    "GEX_Ratio": 1.611665,
    "VEX_Call": 2973379.34,
    "VEX_Put": 27734662.584,
    "VEX_Total": 30708041.924,
    "VEX_Ratio": 0.107208,
    "CEX_Call": -6753278.695,
    "CEX_Put": 20305771.199,
    "CEX_Total": 13552492.504,
    "CEX_Ratio": -0.332579
}