{
    "timestamp": "2025-10-31 10:18:28",
    "cum_gam": null,
    "cum_vec": 8072.588038339203,
    "DEX_Call": 10497.617,
    "DEX_Put": -5264.144,
    "DEX_Total": 5233.473,
    "DEX_Ratio": 1.994174,
    "GEX_Call": 14522966.818,
    "GEX_Put": -13387822.258,
    "GEX_Total": 1135144.56,
    "GEX_Ratio": 1.084789,
    "VEX_Call": 532190.402,
    "VEX_Put": 35672718.688,
    "VEX_Total": 36204909.09,
    "VEX_Ratio": 0.014919,
    "CEX_Call": -2966408.013,
    "CEX_Put": 34874257.457,
    "CEX_Total": 31907849.444,
    "CEX_Ratio": -0.08506
}