{
    "timestamp": "2025-10-31 12:37:53",
    "cum_gam": null,
    "cum_vec": 8077.805587622476,
    "DEX_Call": 11000.803,
    "DEX_Put": -4384.598,
    "DEX_Total": 6616.205,
    "DEX_Ratio": 2.508965,
    "GEX_Call": 16668815.053,
    "GEX_Put": -12580522.286,
    "GEX_Total": 4088292.767,
    "GEX_Ratio": 1.32497,
    "VEX_Call": 3030262.684,
    "VEX_Put": 35564835.029,
    "VEX_Total": 38595097.713,
    "VEX_Ratio": 0.085204,
    "CEX_Call": 33804403.533,
    "CEX_Put": 49742946.201,
    "CEX_Total": 83547349.734,
    "CEX_Ratio": 0.679582
}