{
    "timestamp": "2025-08-13 09:53:03",
    "cum_gam": null,
    "cum_vec": 7572.662719764266,
    "DEX_Call": 10555.305,
    "DEX_Put": -3306.813,
    "DEX_Total": 7248.492,
    "DEX_Ratio": 3.191987,
    "GEX_Call": 18951649.698,
    "GEX_Put": -10851303.052,
    "GEX_Total": 8100346.646,
    "GEX_Ratio": 1.746486,
    "VEX_Call": 3791140.314,
    "VEX_Put": 30847548.77,
    "VEX_Total": 34638689.084,
    "VEX_Ratio": 0.122899,
    "CEX_Call": -7486963.856,
    "CEX_Put": 23036003.798,
    "CEX_Total": 15549039.942,
    "CEX_Ratio": -0.325011
}