{
    "timestamp": "2025-11-13 10:26:23",
    "cum_gam": 5804.196443740603,
    "cum_vec": 7995.356907792266,
    "DEX_Call": 9930.501,
    "DEX_Put": -6629.935,
    "DEX_Total": 3300.566,
    "DEX_Ratio": 1.497828,
    "GEX_Call": 14744057.621,
    "GEX_Put": -15439215.273,
    "GEX_Total": -695157.652,
    "GEX_Ratio": 0.954975,
    "VEX_Call": -3557654.323,
    "VEX_Put": 34501660.792,
    "VEX_Total": 30944006.469,
    "VEX_Ratio": -0.103115,
    "CEX_Call": -16898414.306,
    "CEX_Put": 17153907.35,
    "CEX_Total": 255493.044,
    "CEX_Ratio": -0.985106
}