{
    "timestamp": "2026-07-22 09:16:35",
    "cum_gam": null,
    "cum_vec": 9191.717630431733,
    "DEX_Call": 10282.356,
    "DEX_Put": -8141.622,
    "DEX_Total": 2140.734,
    "DEX_Ratio": 1.262937,
    "GEX_Call": 18960407.483,
    "GEX_Put": -16000040.192,
    "GEX_Total": 2960367.291,
    "GEX_Ratio": 1.185022,
    "VEX_Call": -6684619.295,
    "VEX_Put": 32056193.483,
    "VEX_Total": 25371574.188,
    "VEX_Ratio": -0.208528,
    "CEX_Call": -16527391.366,
    "CEX_Put": 17940594.261,
    "CEX_Total": 1413202.895,
    "CEX_Ratio": -0.921229
}