{
    "timestamp": "2025-09-08 09:23:39",
    "cum_gam": null,
    "cum_vec": 7554.075185134394,
    "DEX_Call": 7139.069,
    "DEX_Put": -3283.539,
    "DEX_Total": 3855.53,
    "DEX_Ratio": 2.1742,
    "GEX_Call": 16990510.245,
    "GEX_Put": -12960393.3,
    "GEX_Total": 4030116.945,
    "GEX_Ratio": 1.310956,
    "VEX_Call": 1766074.833,
    "VEX_Put": 26919390.54,
    "VEX_Total": 28685465.373,
    "VEX_Ratio": 0.065606,
    "CEX_Call": -6596526.598,
    "CEX_Put": 23797371.243,
    "CEX_Total": 17200844.645,
    "CEX_Ratio": -0.277196
}