{
    "timestamp": "2025-09-04 09:12:33",
    "cum_gam": null,
    "cum_vec": 7531.733202831494,
    "DEX_Call": 7530.719,
    "DEX_Put": -3610.877,
    "DEX_Total": 3919.842,
    "DEX_Ratio": 2.085565,
    "GEX_Call": 19587524.605,
    "GEX_Put": -12341981.147,
    "GEX_Total": 7245543.458,
    "GEX_Ratio": 1.587065,
    "VEX_Call": 1310379.81,
    "VEX_Put": 28255635.211,
    "VEX_Total": 29566015.021,
    "VEX_Ratio": 0.046376,
    "CEX_Call": -7445477.103,
    "CEX_Put": 25889566.147,
    "CEX_Total": 18444089.044,
    "CEX_Ratio": -0.287586
}