{
    "timestamp": "2025-11-17 08:08:01",
    "cum_gam": null,
    "cum_vec": 7989.769562523965,
    "DEX_Call": 8898.827,
    "DEX_Put": -6363.543,
    "DEX_Total": 2535.284,
    "DEX_Ratio": 1.398408,
    "GEX_Call": 13945470.402,
    "GEX_Put": -13847387.987,
    "GEX_Total": 98082.415,
    "GEX_Ratio": 1.007083,
    "VEX_Call": -5256924.789,
    "VEX_Put": 29643429.4,
    "VEX_Total": 24386504.611,
    "VEX_Ratio": -0.177339,
    "CEX_Call": -13056827.671,
    "CEX_Put": 21768245.17,
    "CEX_Total": 8711417.499,
    "CEX_Ratio": -0.599811
}