{
    "timestamp": "2025-09-16 08:55:09",
    "cum_gam": null,
    "cum_vec": 7858.385549222916,
    "DEX_Call": 18234.71,
    "DEX_Put": -3807.177,
    "DEX_Total": 14427.533,
    "DEX_Ratio": 4.789562,
    "GEX_Call": 19384783.605,
    "GEX_Put": -14366950.382,
    "GEX_Total": 5017833.223,
    "GEX_Ratio": 1.349262,
    "VEX_Call": 9369778.465,
    "VEX_Put": 39292873.638,
    "VEX_Total": 48662652.103,
    "VEX_Ratio": 0.23846,
    "CEX_Call": 5519039.564,
    "CEX_Put": 35965751.046,
    "CEX_Total": 41484790.61,
    "CEX_Ratio": 0.153453
}