{
    "timestamp": "2025-07-11 12:44:08",
    "cum_gam": null,
    "cum_vec": 7476.107615266508,
    "DEX_Call": 8395.413,
    "DEX_Put": -3443.635,
    "DEX_Total": 4951.778,
    "DEX_Ratio": 2.437951,
    "GEX_Call": 13523552.633,
    "GEX_Put": -10091088.056,
    "GEX_Total": 3432464.577,
    "GEX_Ratio": 1.340148,
    "VEX_Call": 2510046.417,
    "VEX_Put": 26494348.23,
    "VEX_Total": 29004394.647,
    "VEX_Ratio": 0.094739,
    "CEX_Call": -9316376.015,
    "CEX_Put": 28250891.26,
    "CEX_Total": 18934515.245,
    "CEX_Ratio": -0.329773
}