{
    "timestamp": "2025-09-15 08:31:05",
    "cum_gam": null,
    "cum_vec": 8020.509609128211,
    "DEX_Call": 13534.186,
    "DEX_Put": -3362.092,
    "DEX_Total": 10172.094,
    "DEX_Ratio": 4.025525,
    "GEX_Call": 20084949.405,
    "GEX_Put": -11504893.4,
    "GEX_Total": 8580056.005,
    "GEX_Ratio": 1.745774,
    "VEX_Call": 7105454.95,
    "VEX_Put": 36293372.463,
    "VEX_Total": 43398827.413,
    "VEX_Ratio": 0.195778,
    "CEX_Call": 1684412.487,
    "CEX_Put": 33400406.818,
    "CEX_Total": 35084819.305,
    "CEX_Ratio": 0.050431
}