{
    "timestamp": "2025-06-25 12:40:41",
    "cum_gam": null,
    "cum_vec": 7391.444860177681,
    "DEX_Call": 6703.104,
    "DEX_Put": -3498.052,
    "DEX_Total": 3205.052,
    "DEX_Ratio": 1.916239,
    "GEX_Call": 12834237.915,
    "GEX_Put": -9002169.126,
    "GEX_Total": 3832068.789,
    "GEX_Ratio": 1.425683,
    "VEX_Call": 1150216.055,
    "VEX_Put": 24051624.924,
    "VEX_Total": 25201840.979,
    "VEX_Ratio": 0.047823,
    "CEX_Call": -9731747.548,
    "CEX_Put": 26705568.17,
    "CEX_Total": 16973820.622,
    "CEX_Ratio": -0.364409
}