{
    "timestamp": "2025-08-21 12:41:08",
    "cum_gam": 6016.85866760108,
    "cum_vec": 7510.33785414439,
    "DEX_Call": 8602.984,
    "DEX_Put": -5070.603,
    "DEX_Total": 3532.381,
    "DEX_Ratio": 1.696639,
    "GEX_Call": 11776320.459,
    "GEX_Put": -13755780.177,
    "GEX_Total": -1979459.718,
    "GEX_Ratio": 0.8561,
    "VEX_Call": 1540845.537,
    "VEX_Put": 28157147.76,
    "VEX_Total": 29697993.297,
    "VEX_Ratio": 0.054723,
    "CEX_Call": -14240001.075,
    "CEX_Put": 19233644.653,
    "CEX_Total": 4993643.578,
    "CEX_Ratio": -0.740369
}