{
    "timestamp": "2025-10-07 06:31:18",
    "cum_gam": null,
    "cum_vec": 8062.033076908513,
    "DEX_Call": 9752.334,
    "DEX_Put": -3900.754,
    "DEX_Total": 5851.58,
    "DEX_Ratio": 2.500115,
    "GEX_Call": 16968168.942,
    "GEX_Put": -11078881.119,
    "GEX_Total": 5889287.823,
    "GEX_Ratio": 1.531578,
    "VEX_Call": 1206004.978,
    "VEX_Put": 32612923.949,
    "VEX_Total": 33818928.927,
    "VEX_Ratio": 0.036979,
    "CEX_Call": -11701718.019,
    "CEX_Put": 19674461.273,
    "CEX_Total": 7972743.254,
    "CEX_Ratio": -0.594767
}