{
    "timestamp": "2025-07-16 08:52:01",
    "cum_gam": 5043.97924055831,
    "cum_vec": 7494.728198891392,
    "DEX_Call": 10425.118,
    "DEX_Put": -4652.61,
    "DEX_Total": 5772.508,
    "DEX_Ratio": 2.240703,
    "GEX_Call": 12690277.228,
    "GEX_Put": -13063278.0,
    "GEX_Total": -373000.772,
    "GEX_Ratio": 0.971447,
    "VEX_Call": 2594262.838,
    "VEX_Put": 28256475.74,
    "VEX_Total": 30850738.578,
    "VEX_Ratio": 0.091811,
    "CEX_Call": -3045785.36,
    "CEX_Put": 30400318.263,
    "CEX_Total": 27354532.903,
    "CEX_Ratio": -0.100189
}