{
    "timestamp": "2025-09-11 12:18:12",
    "cum_gam": null,
    "cum_vec": 8120.7879918209,
    "DEX_Call": 12068.132,
    "DEX_Put": -3399.483,
    "DEX_Total": 8668.649,
    "DEX_Ratio": 3.54999,
    "GEX_Call": 21117120.029,
    "GEX_Put": -10515361.179,
    "GEX_Total": 10601758.85,
    "GEX_Ratio": 2.008216,
    "VEX_Call": 6560635.201,
    "VEX_Put": 38300030.923,
    "VEX_Total": 44860666.124,
    "VEX_Ratio": 0.171296,
    "CEX_Call": 10955458.867,
    "CEX_Put": 26319573.392,
    "CEX_Total": 37275032.259,
    "CEX_Ratio": 0.416248
}