{
    "timestamp": "2025-07-07 08:08:54",
    "cum_gam": null,
    "cum_vec": 7459.640821742731,
    "DEX_Call": 6853.95,
    "DEX_Put": -3117.253,
    "DEX_Total": 3736.697,
    "DEX_Ratio": 2.198715,
    "GEX_Call": 10065758.328,
    "GEX_Put": -8394989.254,
    "GEX_Total": 1670769.074,
    "GEX_Ratio": 1.19902,
    "VEX_Call": 1559924.507,
    "VEX_Put": 23540006.846,
    "VEX_Total": 25099931.353,
    "VEX_Ratio": 0.066267,
    "CEX_Call": -4875096.068,
    "CEX_Put": 14700604.619,
    "CEX_Total": 9825508.551,
    "CEX_Ratio": -0.331626
}