{
    "timestamp": "2025-11-18 10:43:15",
    "cum_gam": 6571.184226971564,
    "cum_vec": 7989.080529538924,
    "DEX_Call": 11660.194,
    "DEX_Put": -9564.579,
    "DEX_Total": 2095.615,
    "DEX_Ratio": 1.219102,
    "GEX_Call": 12221562.642,
    "GEX_Put": -16802808.016,
    "GEX_Total": -4581245.374,
    "GEX_Ratio": 0.727352,
    "VEX_Call": -5669167.826,
    "VEX_Put": 29465081.63,
    "VEX_Total": 23795913.804,
    "VEX_Ratio": -0.192403,
    "CEX_Call": -15841791.412,
    "CEX_Put": 21225001.942,
    "CEX_Total": 5383210.53,
    "CEX_Ratio": -0.746374
}