{
    "timestamp": "2025-09-29 08:12:36",
    "cum_gam": null,
    "cum_vec": 8020.948709435246,
    "DEX_Call": 8794.555,
    "DEX_Put": -3239.361,
    "DEX_Total": 5555.194,
    "DEX_Ratio": 2.714904,
    "GEX_Call": 15393977.864,
    "GEX_Put": -10393988.964,
    "GEX_Total": 4999988.9,
    "GEX_Ratio": 1.481046,
    "VEX_Call": -176555.935,
    "VEX_Put": 27855100.229,
    "VEX_Total": 27678544.294,
    "VEX_Ratio": -0.006338,
    "CEX_Call": -8480185.508,
    "CEX_Put": 23232483.518,
    "CEX_Total": 14752298.01,
    "CEX_Ratio": -0.365014
}