{
    "timestamp": "2025-09-25 06:56:19",
    "cum_gam": 6448.744559373877,
    "cum_vec": 7862.419238204169,
    "DEX_Call": 10519.326,
    "DEX_Put": -5647.679,
    "DEX_Total": 4871.647,
    "DEX_Ratio": 1.862593,
    "GEX_Call": 12105492.662,
    "GEX_Put": -15275788.237,
    "GEX_Total": -3170295.575,
    "GEX_Ratio": 0.792463,
    "VEX_Call": 268861.143,
    "VEX_Put": 31789511.445,
    "VEX_Total": 32058372.588,
    "VEX_Ratio": 0.008458,
    "CEX_Call": -8354746.403,
    "CEX_Put": 16428399.199,
    "CEX_Total": 8073652.796,
    "CEX_Ratio": -0.508555
}