{
    "timestamp": "2025-11-17 09:43:25",
    "cum_gam": null,
    "cum_vec": 7987.362037598545,
    "DEX_Call": 10727.607,
    "DEX_Put": -6358.317,
    "DEX_Total": 4369.29,
    "DEX_Ratio": 1.687177,
    "GEX_Call": 14001839.707,
    "GEX_Put": -13993415.962,
    "GEX_Total": 8423.745,
    "GEX_Ratio": 1.000602,
    "VEX_Call": -3760502.007,
    "VEX_Put": 29605639.638,
    "VEX_Total": 25845137.631,
    "VEX_Ratio": -0.12702,
    "CEX_Call": -12553202.591,
    "CEX_Put": 20546599.699,
    "CEX_Total": 7993397.108,
    "CEX_Ratio": -0.610963
}