{
    "timestamp": "2025-10-24 08:03:47",
    "cum_gam": null,
    "cum_vec": 8057.6874119559325,
    "DEX_Call": 9951.172,
    "DEX_Put": -4257.843,
    "DEX_Total": 5693.329,
    "DEX_Ratio": 2.337139,
    "GEX_Call": 18514135.962,
    "GEX_Put": -10303971.622,
    "GEX_Total": 8210164.34,
    "GEX_Ratio": 1.796796,
    "VEX_Call": 650633.257,
    "VEX_Put": 37727026.972,
    "VEX_Total": 38377660.229,
    "VEX_Ratio": 0.017246,
    "CEX_Call": -7410417.7,
    "CEX_Put": 27489404.722,
    "CEX_Total": 20078987.022,
    "CEX_Ratio": -0.269574
}