{
    "timestamp": "2026-07-22 08:43:55",
    "cum_gam": null,
    "cum_vec": 9192.777461762103,
    "DEX_Call": 10157.987,
    "DEX_Put": -8291.55,
    "DEX_Total": 1866.437,
    "DEX_Ratio": 1.225101,
    "GEX_Call": 18271518.139,
    "GEX_Put": -16391791.588,
    "GEX_Total": 1879726.551,
    "GEX_Ratio": 1.114675,
    "VEX_Call": -6880403.816,
    "VEX_Put": 31706584.96,
    "VEX_Total": 24826181.144,
    "VEX_Ratio": -0.217002,
    "CEX_Call": -15717297.303,
    "CEX_Put": 17745235.678,
    "CEX_Total": 2027938.375,
    "CEX_Ratio": -0.885719
}