{
    "timestamp": "2025-09-12 09:21:53",
    "cum_gam": null,
    "cum_vec": 8057.376845282487,
    "DEX_Call": 10449.853,
    "DEX_Put": -3553.416,
    "DEX_Total": 6896.437,
    "DEX_Ratio": 2.940791,
    "GEX_Call": 21013150.089,
    "GEX_Put": -13159325.842,
    "GEX_Total": 7853824.247,
    "GEX_Ratio": 1.596826,
    "VEX_Call": 4039402.032,
    "VEX_Put": 37675702.926,
    "VEX_Total": 41715104.958,
    "VEX_Ratio": 0.107215,
    "CEX_Call": -5806274.489,
    "CEX_Put": 27373904.261,
    "CEX_Total": 21567629.772,
    "CEX_Ratio": -0.21211
}