{
    "timestamp": "2025-10-22 10:56:42",
    "cum_gam": 6251.29629536655,
    "cum_vec": 8055.177378665034,
    "DEX_Call": 10390.736,
    "DEX_Put": -6413.272,
    "DEX_Total": 3977.464,
    "DEX_Ratio": 1.620193,
    "GEX_Call": 11722601.555,
    "GEX_Put": -13895440.37,
    "GEX_Total": -2172838.815,
    "GEX_Ratio": 0.843629,
    "VEX_Call": -1772988.294,
    "VEX_Put": 36814501.235,
    "VEX_Total": 35041512.941,
    "VEX_Ratio": -0.04816,
    "CEX_Call": -14467698.875,
    "CEX_Put": 30911593.304,
    "CEX_Total": 16443894.429,
    "CEX_Ratio": -0.468035
}