{
    "timestamp": "2025-08-07 07:53:13",
    "cum_gam": null,
    "cum_vec": 7527.42908688709,
    "DEX_Call": 8486.712,
    "DEX_Put": -4271.139,
    "DEX_Total": 4215.573,
    "DEX_Ratio": 1.98699,
    "GEX_Call": 15135652.564,
    "GEX_Put": -11654915.715,
    "GEX_Total": 3480736.849,
    "GEX_Ratio": 1.29865,
    "VEX_Call": 1885341.672,
    "VEX_Put": 29922069.187,
    "VEX_Total": 31807410.859,
    "VEX_Ratio": 0.063008,
    "CEX_Call": -11692009.603,
    "CEX_Put": 18114482.823,
    "CEX_Total": 6422473.22,
    "CEX_Ratio": -0.645451
}