{
    "timestamp": "2025-10-30 11:51:12",
    "cum_gam": null,
    "cum_vec": 8063.1896758493995,
    "DEX_Call": 10220.752,
    "DEX_Put": -4705.087,
    "DEX_Total": 5515.665,
    "DEX_Ratio": 2.172277,
    "GEX_Call": 15283954.432,
    "GEX_Put": -13022759.89,
    "GEX_Total": 2261194.542,
    "GEX_Ratio": 1.173634,
    "VEX_Call": 1663955.222,
    "VEX_Put": 34843335.466,
    "VEX_Total": 36507290.688,
    "VEX_Ratio": 0.047755,
    "CEX_Call": -14089145.628,
    "CEX_Put": 11957614.659,
    "CEX_Total": -2131530.969,
    "CEX_Ratio": -1.178257
}