{
    "timestamp": "2025-09-03 07:10:59",
    "cum_gam": null,
    "cum_vec": 7525.560266288537,
    "DEX_Call": 9633.019,
    "DEX_Put": -4433.011,
    "DEX_Total": 5200.008,
    "DEX_Ratio": 2.173019,
    "GEX_Call": 16055248.435,
    "GEX_Put": -13632581.015,
    "GEX_Total": 2422667.42,
    "GEX_Ratio": 1.177712,
    "VEX_Call": 1879750.805,
    "VEX_Put": 28538773.158,
    "VEX_Total": 30418523.963,
    "VEX_Ratio": 0.065867,
    "CEX_Call": -9306508.532,
    "CEX_Put": 20544600.888,
    "CEX_Total": 11238092.356,
    "CEX_Ratio": -0.45299
}