{
    "timestamp": "2025-11-11 10:26:24",
    "cum_gam": null,
    "cum_vec": 7991.357241461469,
    "DEX_Call": 8920.437,
    "DEX_Put": -4865.575,
    "DEX_Total": 4054.862,
    "DEX_Ratio": 1.833378,
    "GEX_Call": 18310178.41,
    "GEX_Put": -13061711.501,
    "GEX_Total": 5248466.909,
    "GEX_Ratio": 1.401821,
    "VEX_Call": -1894119.57,
    "VEX_Put": 33721024.389,
    "VEX_Total": 31826904.819,
    "VEX_Ratio": -0.05617,
    "CEX_Call": -15079947.993,
    "CEX_Put": 20225575.133,
    "CEX_Total": 5145627.14,
    "CEX_Ratio": -0.745588
}