{
    "timestamp": "2025-10-06 11:18:44",
    "cum_gam": null,
    "cum_vec": 7858.593370530608,
    "DEX_Call": 9071.276,
    "DEX_Put": -3578.246,
    "DEX_Total": 5493.03,
    "DEX_Ratio": 2.535118,
    "GEX_Call": 16289480.305,
    "GEX_Put": -9931810.236,
    "GEX_Total": 6357670.069,
    "GEX_Ratio": 1.640132,
    "VEX_Call": 1237887.973,
    "VEX_Put": 30029749.526,
    "VEX_Total": 31267637.499,
    "VEX_Ratio": 0.041222,
    "CEX_Call": -13871174.132,
    "CEX_Put": 21376807.564,
    "CEX_Total": 7505633.432,
    "CEX_Ratio": -0.648889
}