{
    "timestamp": "2025-08-04 11:53:05",
    "cum_gam": 7002.800553692187,
    "cum_vec": 7534.3341536047365,
    "DEX_Call": 8058.174,
    "DEX_Put": -4342.052,
    "DEX_Total": 3716.122,
    "DEX_Ratio": 1.855845,
    "GEX_Call": 12536835.751,
    "GEX_Put": -11190887.7,
    "GEX_Total": 1345948.051,
    "GEX_Ratio": 1.120272,
    "VEX_Call": 2314930.706,
    "VEX_Put": 27834880.681,
    "VEX_Total": 30149811.387,
    "VEX_Ratio": 0.083167,
    "CEX_Call": 1060579.591,
    "CEX_Put": 21487053.249,
    "CEX_Total": 22547632.84,
    "CEX_Ratio": 0.049359
}