{
    "timestamp": "2025-08-25 11:09:29",
    "cum_gam": null,
    "cum_vec": 7543.150995083997,
    "DEX_Call": 6294.087,
    "DEX_Put": -3094.696,
    "DEX_Total": 3199.391,
    "DEX_Ratio": 2.03383,
    "GEX_Call": 14441254.768,
    "GEX_Put": -11248382.316,
    "GEX_Total": 3192872.452,
    "GEX_Ratio": 1.283852,
    "VEX_Call": 183085.055,
    "VEX_Put": 26421243.216,
    "VEX_Total": 26604328.271,
    "VEX_Ratio": 0.006929,
    "CEX_Call": -10428284.688,
    "CEX_Put": 17736115.791,
    "CEX_Total": 7307831.103,
    "CEX_Ratio": -0.587969
}