{
    "timestamp": "2025-08-08 11:44:22",
    "cum_gam": null,
    "cum_vec": 7552.597319520072,
    "DEX_Call": 9065.36,
    "DEX_Put": -3504.357,
    "DEX_Total": 5561.003,
    "DEX_Ratio": 2.586883,
    "GEX_Call": 18361051.224,
    "GEX_Put": -10219261.743,
    "GEX_Total": 8141789.481,
    "GEX_Ratio": 1.79671,
    "VEX_Call": 3385709.084,
    "VEX_Put": 28652454.29,
    "VEX_Total": 32038163.374,
    "VEX_Ratio": 0.118165,
    "CEX_Call": -7664882.427,
    "CEX_Put": 24339185.758,
    "CEX_Total": 16674303.331,
    "CEX_Ratio": -0.314919
}