{
    "timestamp": "2025-09-05 08:57:31",
    "cum_gam": 5725.856229497795,
    "cum_vec": 7508.8880608544705,
    "DEX_Call": 7015.028,
    "DEX_Put": -3986.701,
    "DEX_Total": 3028.327,
    "DEX_Ratio": 1.759607,
    "GEX_Call": 16914820.25,
    "GEX_Put": -17620061.805,
    "GEX_Total": -705241.555,
    "GEX_Ratio": 0.959975,
    "VEX_Call": 115614.786,
    "VEX_Put": 29715316.581,
    "VEX_Total": 29830931.367,
    "VEX_Ratio": 0.003891,
    "CEX_Call": -26579184.918,
    "CEX_Put": 54125357.158,
    "CEX_Total": 27546172.24,
    "CEX_Ratio": -0.491067
}