{
    "timestamp": "2025-10-20 06:52:18",
    "cum_gam": null,
    "cum_vec": 7891.277764800505,
    "DEX_Call": 10228.521,
    "DEX_Put": -4807.191,
    "DEX_Total": 5421.33,
    "DEX_Ratio": 2.127754,
    "GEX_Call": 13907663.233,
    "GEX_Put": -10282435.128,
    "GEX_Total": 3625228.105,
    "GEX_Ratio": 1.352565,
    "VEX_Call": 75792.558,
    "VEX_Put": 34644267.921,
    "VEX_Total": 34720060.479,
    "VEX_Ratio": 0.002188,
    "CEX_Call": -9142123.548,
    "CEX_Put": 19003549.893,
    "CEX_Total": 9861426.345,
    "CEX_Ratio": -0.481075
}