{
    "timestamp": "2025-08-28 11:22:34",
    "cum_gam": null,
    "cum_vec": 7539.862876494636,
    "DEX_Call": 7822.015,
    "DEX_Put": -3084.894,
    "DEX_Total": 4737.121,
    "DEX_Ratio": 2.535586,
    "GEX_Call": 17459194.955,
    "GEX_Put": -10944826.415,
    "GEX_Total": 6514368.54,
    "GEX_Ratio": 1.595201,
    "VEX_Call": 2637596.36,
    "VEX_Put": 28622322.894,
    "VEX_Total": 31259919.254,
    "VEX_Ratio": 0.092152,
    "CEX_Call": -3878666.544,
    "CEX_Put": 22825831.886,
    "CEX_Total": 18947165.342,
    "CEX_Ratio": -0.169924
}