{
    "timestamp": "2025-10-14 07:37:46",
    "cum_gam": 6321.470398134923,
    "cum_vec": 8078.66495943382,
    "DEX_Call": 11471.479,
    "DEX_Put": -7620.014,
    "DEX_Total": 3851.465,
    "DEX_Ratio": 1.505441,
    "GEX_Call": 13205937.687,
    "GEX_Put": -15942021.325,
    "GEX_Total": -2736083.638,
    "GEX_Ratio": 0.828373,
    "VEX_Call": -2264519.586,
    "VEX_Put": 36996463.401,
    "VEX_Total": 34731943.815,
    "VEX_Ratio": -0.061209,
    "CEX_Call": -13589593.192,
    "CEX_Put": 22943749.073,
    "CEX_Total": 9354155.881,
    "CEX_Ratio": -0.5923
}