{
    "timestamp": "2025-09-16 10:50:19",
    "cum_gam": null,
    "cum_vec": 7862.921709743386,
    "DEX_Call": 18391.402,
    "DEX_Put": -3674.957,
    "DEX_Total": 14716.445,
    "DEX_Ratio": 5.004522,
    "GEX_Call": 19568042.13,
    "GEX_Put": -13964020.351,
    "GEX_Total": 5604021.779,
    "GEX_Ratio": 1.401319,
    "VEX_Call": 9769833.121,
    "VEX_Put": 38640937.156,
    "VEX_Total": 48410770.277,
    "VEX_Ratio": 0.252836,
    "CEX_Call": 11047738.107,
    "CEX_Put": 38955386.133,
    "CEX_Total": 50003124.24,
    "CEX_Ratio": 0.2836
}