{
    "timestamp": "2025-10-27 12:40:38",
    "cum_gam": null,
    "cum_vec": 8095.420524513708,
    "DEX_Call": 9834.699,
    "DEX_Put": -3057.625,
    "DEX_Total": 6777.074,
    "DEX_Ratio": 3.21645,
    "GEX_Call": 21998403.164,
    "GEX_Put": -7603014.189,
    "GEX_Total": 14395388.975,
    "GEX_Ratio": 2.893379,
    "VEX_Call": 3888698.324,
    "VEX_Put": 32907654.954,
    "VEX_Total": 36796353.278,
    "VEX_Ratio": 0.11817,
    "CEX_Call": -6485508.382,
    "CEX_Put": 22643049.313,
    "CEX_Total": 16157540.931,
    "CEX_Ratio": -0.286424
}