{
    "timestamp": "2025-10-02 10:54:16",
    "cum_gam": null,
    "cum_vec": 8056.646013999314,
    "DEX_Call": 9463.166,
    "DEX_Put": -3846.831,
    "DEX_Total": 5616.335,
    "DEX_Ratio": 2.45999,
    "GEX_Call": 18021937.619,
    "GEX_Put": -11113333.408,
    "GEX_Total": 6908604.211,
    "GEX_Ratio": 1.62165,
    "VEX_Call": 1056500.564,
    "VEX_Put": 33455649.955,
    "VEX_Total": 34512150.519,
    "VEX_Ratio": 0.031579,
    "CEX_Call": -14318419.62,
    "CEX_Put": 26668547.185,
    "CEX_Total": 12350127.565,
    "CEX_Ratio": -0.536903
}