{
    "timestamp": "2025-09-12 07:36:10",
    "cum_gam": null,
    "cum_vec": 8053.293420335059,
    "DEX_Call": 10187.326,
    "DEX_Put": -3579.595,
    "DEX_Total": 6607.731,
    "DEX_Ratio": 2.845944,
    "GEX_Call": 20637260.127,
    "GEX_Put": -12908281.225,
    "GEX_Total": 7728978.902,
    "GEX_Ratio": 1.598761,
    "VEX_Call": 3782812.083,
    "VEX_Put": 38236615.198,
    "VEX_Total": 42019427.281,
    "VEX_Ratio": 0.098932,
    "CEX_Call": -7546603.95,
    "CEX_Put": 26939749.922,
    "CEX_Total": 19393145.972,
    "CEX_Ratio": -0.280129
}