{
    "timestamp": "2025-06-26 10:02:56",
    "cum_gam": 7044.869763677353,
    "cum_vec": 7145.568621715375,
    "DEX_Call": 6889.877,
    "DEX_Put": -3184.465,
    "DEX_Total": 3705.412,
    "DEX_Ratio": 2.16359,
    "GEX_Call": 13787356.136,
    "GEX_Put": -7473373.97,
    "GEX_Total": 6313982.166,
    "GEX_Ratio": 1.844864,
    "VEX_Call": 2203692.277,
    "VEX_Put": 24240418.162,
    "VEX_Total": 26444110.439,
    "VEX_Ratio": 0.09091,
    "CEX_Call": 377766.207,
    "CEX_Put": 17901707.884,
    "CEX_Total": 18279474.091,
    "CEX_Ratio": 0.021102
}