{
    "timestamp": "2025-10-28 10:11:17",
    "cum_gam": null,
    "cum_vec": 8078.860671655935,
    "DEX_Call": 11119.443,
    "DEX_Put": -3584.53,
    "DEX_Total": 7534.913,
    "DEX_Ratio": 3.102064,
    "GEX_Call": 25413454.802,
    "GEX_Put": -10267315.608,
    "GEX_Total": 15146139.194,
    "GEX_Ratio": 2.47518,
    "VEX_Call": 4690179.473,
    "VEX_Put": 37159799.28,
    "VEX_Total": 41849978.753,
    "VEX_Ratio": 0.126216,
    "CEX_Call": -19228563.59,
    "CEX_Put": 36803188.323,
    "CEX_Total": 17574624.733,
    "CEX_Ratio": -0.52247
}