{
    "timestamp": "2025-10-06 12:51:52",
    "cum_gam": null,
    "cum_vec": 7858.560907330094,
    "DEX_Call": 8895.339,
    "DEX_Put": -3566.256,
    "DEX_Total": 5329.083,
    "DEX_Ratio": 2.494307,
    "GEX_Call": 16189582.865,
    "GEX_Put": -9907658.771,
    "GEX_Total": 6281924.094,
    "GEX_Ratio": 1.634047,
    "VEX_Call": 1094272.009,
    "VEX_Put": 29568124.252,
    "VEX_Total": 30662396.261,
    "VEX_Ratio": 0.037009,
    "CEX_Call": -24495319.411,
    "CEX_Put": 23374997.726,
    "CEX_Total": -1120321.685,
    "CEX_Ratio": -1.047928
}