{
    "timestamp": "2025-09-18 08:33:20",
    "cum_gam": null,
    "cum_vec": 7865.16511889442,
    "DEX_Call": 18818.945,
    "DEX_Put": -3507.703,
    "DEX_Total": 15311.242,
    "DEX_Ratio": 5.365034,
    "GEX_Call": 21310325.138,
    "GEX_Put": -13277424.394,
    "GEX_Total": 8032900.744,
    "GEX_Ratio": 1.605004,
    "VEX_Call": 9314340.509,
    "VEX_Put": 36178180.345,
    "VEX_Total": 45492520.854,
    "VEX_Ratio": 0.257457,
    "CEX_Call": 32019868.484,
    "CEX_Put": 40926856.958,
    "CEX_Total": 72946725.442,
    "CEX_Ratio": 0.782368
}