{
    "timestamp": "2025-09-11 11:21:16",
    "cum_gam": null,
    "cum_vec": 8124.856065263069,
    "DEX_Call": 12254.238,
    "DEX_Put": -3470.169,
    "DEX_Total": 8784.069,
    "DEX_Ratio": 3.531309,
    "GEX_Call": 20949309.981,
    "GEX_Put": -10812398.422,
    "GEX_Total": 10136911.559,
    "GEX_Ratio": 1.937527,
    "VEX_Call": 6398626.258,
    "VEX_Put": 38672406.31,
    "VEX_Total": 45071032.568,
    "VEX_Ratio": 0.165457,
    "CEX_Call": 8315119.904,
    "CEX_Put": 28025414.712,
    "CEX_Total": 36340534.616,
    "CEX_Ratio": 0.296699
}