{
    "timestamp": "2025-08-21 09:10:26",
    "cum_gam": 6003.151833304481,
    "cum_vec": 7524.333900271313,
    "DEX_Call": 8539.835,
    "DEX_Put": -5221.926,
    "DEX_Total": 3317.909,
    "DEX_Ratio": 1.63538,
    "GEX_Call": 11842068.897,
    "GEX_Put": -13788541.283,
    "GEX_Total": -1946472.386,
    "GEX_Ratio": 0.858834,
    "VEX_Call": 1008834.271,
    "VEX_Put": 28399138.935,
    "VEX_Total": 29407973.206,
    "VEX_Ratio": 0.035523,
    "CEX_Call": -10391406.934,
    "CEX_Put": 16517048.263,
    "CEX_Total": 6125641.329,
    "CEX_Ratio": -0.629132
}