{
    "timestamp": "2025-08-05 11:45:17",
    "cum_gam": 5929.951744161818,
    "cum_vec": 7501.309752527783,
    "DEX_Call": 8367.677,
    "DEX_Put": -5026.49,
    "DEX_Total": 3341.187,
    "DEX_Ratio": 1.664716,
    "GEX_Call": 12537962.769,
    "GEX_Put": -14349205.573,
    "GEX_Total": -1811242.804,
    "GEX_Ratio": 0.873774,
    "VEX_Call": 1642103.827,
    "VEX_Put": 28457598.595,
    "VEX_Total": 30099702.422,
    "VEX_Ratio": 0.057704,
    "CEX_Call": -15339072.275,
    "CEX_Put": 25028206.131,
    "CEX_Total": 9689133.856,
    "CEX_Ratio": -0.612871
}