{
    "timestamp": "2025-08-08 08:32:18",
    "cum_gam": null,
    "cum_vec": 7502.165288502462,
    "DEX_Call": 8712.397,
    "DEX_Put": -3804.742,
    "DEX_Total": 4907.655,
    "DEX_Ratio": 2.289879,
    "GEX_Call": 16646784.855,
    "GEX_Put": -11013586.868,
    "GEX_Total": 5633197.987,
    "GEX_Ratio": 1.511477,
    "VEX_Call": 2856576.733,
    "VEX_Put": 29573334.843,
    "VEX_Total": 32429911.576,
    "VEX_Ratio": 0.096593,
    "CEX_Call": -7727353.559,
    "CEX_Put": 26849703.395,
    "CEX_Total": 19122349.836,
    "CEX_Ratio": -0.2878
}