{
    "timestamp": "2025-07-28 12:51:19",
    "cum_gam": null,
    "cum_vec": 7494.850611635133,
    "DEX_Call": 8540.519,
    "DEX_Put": -3107.464,
    "DEX_Total": 5433.055,
    "DEX_Ratio": 2.748389,
    "GEX_Call": 14455109.097,
    "GEX_Put": -9710922.461,
    "GEX_Total": 4744186.636,
    "GEX_Ratio": 1.488541,
    "VEX_Call": 4254654.896,
    "VEX_Put": 27691855.028,
    "VEX_Total": 31946509.924,
    "VEX_Ratio": 0.153643,
    "CEX_Call": -19892902.234,
    "CEX_Put": 17422198.249,
    "CEX_Total": -2470703.985,
    "CEX_Ratio": -1.141814
}