{
    "timestamp": "2025-09-25 10:17:52",
    "cum_gam": 6250.219112966695,
    "cum_vec": 7831.150681353128,
    "DEX_Call": 9126.293,
    "DEX_Put": -5087.799,
    "DEX_Total": 4038.494,
    "DEX_Ratio": 1.793761,
    "GEX_Call": 12764082.296,
    "GEX_Put": -14826620.865,
    "GEX_Total": -2062538.569,
    "GEX_Ratio": 0.86089,
    "VEX_Call": -10930.831,
    "VEX_Put": 31698059.0,
    "VEX_Total": 31687128.169,
    "VEX_Ratio": -0.000345,
    "CEX_Call": -9850762.032,
    "CEX_Put": 21419357.513,
    "CEX_Total": 11568595.481,
    "CEX_Ratio": -0.4599
}