{
    "timestamp": "2025-10-13 10:41:38",
    "cum_gam": 5627.0231784489815,
    "cum_vec": 8394.366197183099,
    "DEX_Call": 10279.05,
    "DEX_Put": -6189.932,
    "DEX_Total": 4089.118,
    "DEX_Ratio": 1.660608,
    "GEX_Call": 13900739.703,
    "GEX_Put": -14632055.235,
    "GEX_Total": -731315.532,
    "GEX_Ratio": 0.95002,
    "VEX_Call": -2226069.333,
    "VEX_Put": 34735221.135,
    "VEX_Total": 32509151.802,
    "VEX_Ratio": -0.064087,
    "CEX_Call": -9899222.625,
    "CEX_Put": 20697646.455,
    "CEX_Total": 10798423.83,
    "CEX_Ratio": -0.478278
}