{
    "timestamp": "2025-09-22 07:04:56",
    "cum_gam": null,
    "cum_vec": 7869.521485491204,
    "DEX_Call": 9082.368,
    "DEX_Put": -3563.523,
    "DEX_Total": 5518.845,
    "DEX_Ratio": 2.548705,
    "GEX_Call": 13819429.596,
    "GEX_Put": -9966006.669,
    "GEX_Total": 3853422.927,
    "GEX_Ratio": 1.386657,
    "VEX_Call": 1689854.475,
    "VEX_Put": 31957571.844,
    "VEX_Total": 33647426.319,
    "VEX_Ratio": 0.052878,
    "CEX_Call": -7485474.561,
    "CEX_Put": 18021269.607,
    "CEX_Total": 10535795.046,
    "CEX_Ratio": -0.415369
}