{
    "timestamp": "2025-08-18 09:25:19",
    "cum_gam": null,
    "cum_vec": 7552.681873104895,
    "DEX_Call": 9468.754,
    "DEX_Put": -3471.033,
    "DEX_Total": 5997.721,
    "DEX_Ratio": 2.727935,
    "GEX_Call": 13672213.599,
    "GEX_Put": -11063613.028,
    "GEX_Total": 2608600.571,
    "GEX_Ratio": 1.235782,
    "VEX_Call": 3135287.596,
    "VEX_Put": 28528394.605,
    "VEX_Total": 31663682.201,
    "VEX_Ratio": 0.109901,
    "CEX_Call": -6459467.192,
    "CEX_Put": 15068717.819,
    "CEX_Total": 8609250.627,
    "CEX_Ratio": -0.428667
}