{
    "timestamp": "2025-09-11 07:28:19",
    "cum_gam": null,
    "cum_vec": 8115.409010524819,
    "DEX_Call": 12083.876,
    "DEX_Put": -3758.498,
    "DEX_Total": 8325.378,
    "DEX_Ratio": 3.215081,
    "GEX_Call": 20111694.775,
    "GEX_Put": -12169711.789,
    "GEX_Total": 7941982.986,
    "GEX_Ratio": 1.652602,
    "VEX_Call": 6287105.39,
    "VEX_Put": 39740207.011,
    "VEX_Total": 46027312.401,
    "VEX_Ratio": 0.158205,
    "CEX_Call": -6554.332,
    "CEX_Put": 28700936.481,
    "CEX_Total": 28694382.149,
    "CEX_Ratio": -0.000228
}