{
    "timestamp": "2025-11-19 09:08:49",
    "cum_gam": 6354.4470083387805,
    "cum_vec": 7976.835154356484,
    "DEX_Call": 10491.128,
    "DEX_Put": -9567.399,
    "DEX_Total": 923.729,
    "DEX_Ratio": 1.09655,
    "GEX_Call": 13667401.608,
    "GEX_Put": -16517233.808,
    "GEX_Total": -2849832.2,
    "GEX_Ratio": 0.827463,
    "VEX_Call": -7176131.556,
    "VEX_Put": 30481735.293,
    "VEX_Total": 23305603.737,
    "VEX_Ratio": -0.235424,
    "CEX_Call": -16796563.396,
    "CEX_Put": 19776542.174,
    "CEX_Total": 2979978.778,
    "CEX_Ratio": -0.849318
}