{
    "timestamp": "2025-10-14 12:22:07",
    "cum_gam": null,
    "cum_vec": 8080.246207671225,
    "DEX_Call": 11195.339,
    "DEX_Put": -6346.372,
    "DEX_Total": 4848.967,
    "DEX_Ratio": 1.764053,
    "GEX_Call": 16654599.509,
    "GEX_Put": -15104536.557,
    "GEX_Total": 1550062.952,
    "GEX_Ratio": 1.102622,
    "VEX_Call": -1080522.721,
    "VEX_Put": 38205062.119,
    "VEX_Total": 37124539.398,
    "VEX_Ratio": -0.028282,
    "CEX_Call": -24949469.071,
    "CEX_Put": 24975576.57,
    "CEX_Total": 26107.499,
    "CEX_Ratio": -0.998955
}