{
    "timestamp": "2025-08-21 09:59:38",
    "cum_gam": 6103.568447093089,
    "cum_vec": 7533.897301814892,
    "DEX_Call": 8530.539,
    "DEX_Put": -5358.598,
    "DEX_Total": 3171.941,
    "DEX_Ratio": 1.591935,
    "GEX_Call": 11613963.433,
    "GEX_Put": -13985121.393,
    "GEX_Total": -2371157.96,
    "GEX_Ratio": 0.830451,
    "VEX_Call": 1038555.083,
    "VEX_Put": 28305638.95,
    "VEX_Total": 29344194.033,
    "VEX_Ratio": 0.036691,
    "CEX_Call": -11350299.816,
    "CEX_Put": 16445922.615,
    "CEX_Total": 5095622.799,
    "CEX_Ratio": -0.690159
}