{
    "timestamp": "2025-07-21 12:29:29",
    "cum_gam": null,
    "cum_vec": 7492.133835443635,
    "DEX_Call": 8380.97,
    "DEX_Put": -3277.569,
    "DEX_Total": 5103.401,
    "DEX_Ratio": 2.557069,
    "GEX_Call": 13026934.949,
    "GEX_Put": -8323456.902,
    "GEX_Total": 4703478.047,
    "GEX_Ratio": 1.565087,
    "VEX_Call": 3413523.757,
    "VEX_Put": 26853284.953,
    "VEX_Total": 30266808.71,
    "VEX_Ratio": 0.127118,
    "CEX_Call": -14790592.652,
    "CEX_Put": 22782336.888,
    "CEX_Total": 7991744.236,
    "CEX_Ratio": -0.649213
}