{
    "timestamp": "2025-10-17 12:47:38",
    "cum_gam": null,
    "cum_vec": 8064.60153658568,
    "DEX_Call": 10638.951,
    "DEX_Put": -5886.155,
    "DEX_Total": 4752.796,
    "DEX_Ratio": 1.807453,
    "GEX_Call": 12574522.194,
    "GEX_Put": -11681799.799,
    "GEX_Total": 892722.395,
    "GEX_Ratio": 1.07642,
    "VEX_Call": -242826.471,
    "VEX_Put": 37782362.175,
    "VEX_Total": 37539535.704,
    "VEX_Ratio": -0.006427,
    "CEX_Call": -7147513.376,
    "CEX_Put": 33391433.661,
    "CEX_Total": 26243920.285,
    "CEX_Ratio": -0.214052
}