{
    "timestamp": "2025-10-17 10:15:58",
    "cum_gam": 5703.551630747889,
    "cum_vec": 8071.9359220714305,
    "DEX_Call": 10394.087,
    "DEX_Put": -6715.838,
    "DEX_Total": 3678.249,
    "DEX_Ratio": 1.547698,
    "GEX_Call": 11183735.808,
    "GEX_Put": -12233334.401,
    "GEX_Total": -1049598.593,
    "GEX_Ratio": 0.914202,
    "VEX_Call": -1494870.09,
    "VEX_Put": 38456833.691,
    "VEX_Total": 36961963.601,
    "VEX_Ratio": -0.038871,
    "CEX_Call": -11871486.518,
    "CEX_Put": 31273844.962,
    "CEX_Total": 19402358.444,
    "CEX_Ratio": -0.379598
}