{
    "timestamp": "2025-11-21 10:10:49",
    "cum_gam": 6301.3099028356155,
    "cum_vec": 7990.20858191105,
    "DEX_Call": 9843.313,
    "DEX_Put": -8912.209,
    "DEX_Total": 931.104,
    "DEX_Ratio": 1.104475,
    "GEX_Call": 12160079.379,
    "GEX_Put": -14481383.381,
    "GEX_Total": -2321304.002,
    "GEX_Ratio": 0.839704,
    "VEX_Call": -7164900.969,
    "VEX_Put": 28951870.933,
    "VEX_Total": 21786969.964,
    "VEX_Ratio": -0.247476,
    "CEX_Call": -14749994.906,
    "CEX_Put": 24124079.473,
    "CEX_Total": 9374084.567,
    "CEX_Ratio": -0.611422
}