{
    "timestamp": "2025-09-09 10:42:45",
    "cum_gam": null,
    "cum_vec": 7546.738240978703,
    "DEX_Call": 7431.727,
    "DEX_Put": -3193.3,
    "DEX_Total": 4238.427,
    "DEX_Ratio": 2.327287,
    "GEX_Call": 17834171.843,
    "GEX_Put": -12968113.431,
    "GEX_Total": 4866058.412,
    "GEX_Ratio": 1.375233,
    "VEX_Call": 1663161.454,
    "VEX_Put": 27339709.255,
    "VEX_Total": 29002870.709,
    "VEX_Ratio": 0.060833,
    "CEX_Call": -6619673.57,
    "CEX_Put": 23869434.023,
    "CEX_Total": 17249760.453,
    "CEX_Ratio": -0.277328
}