{
    "timestamp": "2025-09-02 11:43:39",
    "cum_gam": 6375.812278310428,
    "cum_vec": 7409.912793355067,
    "DEX_Call": 8068.227,
    "DEX_Put": -5440.66,
    "DEX_Total": 2627.567,
    "DEX_Ratio": 1.48295,
    "GEX_Call": 10212291.319,
    "GEX_Put": -14667606.776,
    "GEX_Total": -4455315.457,
    "GEX_Ratio": 0.696248,
    "VEX_Call": 1844267.662,
    "VEX_Put": 24718344.029,
    "VEX_Total": 26562611.691,
    "VEX_Ratio": 0.074611,
    "CEX_Call": -9289491.703,
    "CEX_Put": 5557445.12,
    "CEX_Total": -3732046.583,
    "CEX_Ratio": -1.67154
}