{
    "timestamp": "2025-10-20 10:09:13",
    "cum_gam": null,
    "cum_vec": 7895.63647786723,
    "DEX_Call": 10820.99,
    "DEX_Put": -4407.868,
    "DEX_Total": 6413.122,
    "DEX_Ratio": 2.454926,
    "GEX_Call": 15508505.473,
    "GEX_Put": -9787174.062,
    "GEX_Total": 5721331.411,
    "GEX_Ratio": 1.584574,
    "VEX_Call": 1278517.243,
    "VEX_Put": 34606927.611,
    "VEX_Total": 35885444.854,
    "VEX_Ratio": 0.036944,
    "CEX_Call": -5588611.328,
    "CEX_Put": 22243941.714,
    "CEX_Total": 16655330.386,
    "CEX_Ratio": -0.251242
}