{
    "timestamp": "2025-09-11 07:29:20",
    "cum_gam": null,
    "cum_vec": 8100.764184402443,
    "DEX_Call": 12120.409,
    "DEX_Put": -3734.139,
    "DEX_Total": 8386.27,
    "DEX_Ratio": 3.245838,
    "GEX_Call": 20134889.815,
    "GEX_Put": -12039791.966,
    "GEX_Total": 8095097.849,
    "GEX_Ratio": 1.672362,
    "VEX_Call": 6304642.365,
    "VEX_Put": 39841914.198,
    "VEX_Total": 46146556.563,
    "VEX_Ratio": 0.158241,
    "CEX_Call": 891908.91,
    "CEX_Put": 29030976.993,
    "CEX_Total": 29922885.903,
    "CEX_Ratio": 0.030723
}