{
    "timestamp": "2025-09-18 07:24:37",
    "cum_gam": null,
    "cum_vec": 7865.564360865795,
    "DEX_Call": 17336.638,
    "DEX_Put": -3682.729,
    "DEX_Total": 13653.909,
    "DEX_Ratio": 4.707552,
    "GEX_Call": 20268706.768,
    "GEX_Put": -13039187.707,
    "GEX_Total": 7229519.061,
    "GEX_Ratio": 1.554446,
    "VEX_Call": 6225843.382,
    "VEX_Put": 35891184.605,
    "VEX_Total": 42117027.987,
    "VEX_Ratio": 0.173464,
    "CEX_Call": 14389907.38,
    "CEX_Put": 40752158.541,
    "CEX_Total": 55142065.921,
    "CEX_Ratio": 0.353108
}