{
    "timestamp": "2025-09-24 11:44:39",
    "cum_gam": 6003.34688269595,
    "cum_vec": 7851.112890662156,
    "DEX_Call": 9409.63,
    "DEX_Put": -4704.601,
    "DEX_Total": 4705.029,
    "DEX_Ratio": 2.000091,
    "GEX_Call": 13175168.739,
    "GEX_Put": -14557870.511,
    "GEX_Total": -1382701.772,
    "GEX_Ratio": 0.90502,
    "VEX_Call": 1008468.135,
    "VEX_Put": 32907266.386,
    "VEX_Total": 33915734.521,
    "VEX_Ratio": 0.030646,
    "CEX_Call": -13712676.662,
    "CEX_Put": 17886013.886,
    "CEX_Total": 4173337.224,
    "CEX_Ratio": -0.76667
}