{
    "timestamp": "2025-09-29 06:29:40",
    "cum_gam": null,
    "cum_vec": 8088.085895838337,
    "DEX_Call": 9857.013,
    "DEX_Put": -3553.935,
    "DEX_Total": 6303.078,
    "DEX_Ratio": 2.773549,
    "GEX_Call": 14097798.342,
    "GEX_Put": -11708887.201,
    "GEX_Total": 2388911.141,
    "GEX_Ratio": 1.204025,
    "VEX_Call": -8635.574,
    "VEX_Put": 28627361.542,
    "VEX_Total": 28618725.968,
    "VEX_Ratio": -0.000302,
    "CEX_Call": -8134422.388,
    "CEX_Put": 30148512.885,
    "CEX_Total": 22014090.497,
    "CEX_Ratio": -0.269812
}