{
    "timestamp": "2025-08-01 12:18:43",
    "cum_gam": 7005.443173257447,
    "cum_vec": 7488.736058665238,
    "DEX_Call": 7608.235,
    "DEX_Put": -6926.568,
    "DEX_Total": 681.667,
    "DEX_Ratio": 1.098413,
    "GEX_Call": 9413246.526,
    "GEX_Put": -14053694.407,
    "GEX_Total": -4640447.881,
    "GEX_Ratio": 0.669806,
    "VEX_Call": 284854.703,
    "VEX_Put": 26636130.856,
    "VEX_Total": 26920985.559,
    "VEX_Ratio": 0.010694,
    "CEX_Call": -14145539.65,
    "CEX_Put": -14163872.131,
    "CEX_Total": -28309411.781,
    "CEX_Ratio": -0.998706
}