{
    "timestamp": "2025-11-19 13:45:23",
    "cum_gam": 6331.059664094768,
    "cum_vec": 7980.720046654616,
    "DEX_Call": 11614.805,
    "DEX_Put": -9263.819,
    "DEX_Total": 2350.986,
    "DEX_Ratio": 1.253782,
    "GEX_Call": 14148232.751,
    "GEX_Put": -16595410.065,
    "GEX_Total": -2447177.314,
    "GEX_Ratio": 0.852539,
    "VEX_Call": -6213562.165,
    "VEX_Put": 30121533.342,
    "VEX_Total": 23907971.177,
    "VEX_Ratio": -0.206283,
    "CEX_Call": -44010925.832,
    "CEX_Put": 49724584.486,
    "CEX_Total": 5713658.654,
    "CEX_Ratio": -0.885094
}