{
    "timestamp": "2025-11-05 12:00:44",
    "cum_gam": null,
    "cum_vec": 7963.659150123976,
    "DEX_Call": 9644.19,
    "DEX_Put": -4999.947,
    "DEX_Total": 4644.243,
    "DEX_Ratio": 1.928858,
    "GEX_Call": 16761858.375,
    "GEX_Put": -12888291.075,
    "GEX_Total": 3873567.3,
    "GEX_Ratio": 1.300549,
    "VEX_Call": -517235.71,
    "VEX_Put": 35006148.805,
    "VEX_Total": 34488913.095,
    "VEX_Ratio": -0.014776,
    "CEX_Call": -12706197.072,
    "CEX_Put": 26837321.866,
    "CEX_Total": 14131124.794,
    "CEX_Ratio": -0.473452
}