{
    "timestamp": "2025-09-10 09:58:05",
    "cum_gam": null,
    "cum_vec": 8088.664611794928,
    "DEX_Call": 11655.797,
    "DEX_Put": -3951.117,
    "DEX_Total": 7704.68,
    "DEX_Ratio": 2.95,
    "GEX_Call": 20760383.203,
    "GEX_Put": -13164880.319,
    "GEX_Total": 7595502.884,
    "GEX_Ratio": 1.576952,
    "VEX_Call": 4712633.339,
    "VEX_Put": 38895389.814,
    "VEX_Total": 43608023.153,
    "VEX_Ratio": 0.121162,
    "CEX_Call": -5169766.509,
    "CEX_Put": 24704179.561,
    "CEX_Total": 19534413.052,
    "CEX_Ratio": -0.209267
}