{
    "timestamp": "2025-07-17 10:42:40",
    "cum_gam": null,
    "cum_vec": 7482.11830853707,
    "DEX_Call": 8942.731,
    "DEX_Put": -3538.614,
    "DEX_Total": 5404.117,
    "DEX_Ratio": 2.527185,
    "GEX_Call": 17420932.511,
    "GEX_Put": -10627530.266,
    "GEX_Total": 6793402.245,
    "GEX_Ratio": 1.639227,
    "VEX_Call": 3082165.389,
    "VEX_Put": 27520113.004,
    "VEX_Total": 30602278.393,
    "VEX_Ratio": 0.111997,
    "CEX_Call": -8506528.935,
    "CEX_Put": 22730071.389,
    "CEX_Total": 14223542.454,
    "CEX_Ratio": -0.374241
}