{
    "timestamp": "2025-07-29 12:10:38",
    "cum_gam": null,
    "cum_vec": 7492.663532784676,
    "DEX_Call": 9283.91,
    "DEX_Put": -3603.044,
    "DEX_Total": 5680.866,
    "DEX_Ratio": 2.576685,
    "GEX_Call": 13771088.853,
    "GEX_Put": -11722398.44,
    "GEX_Total": 2048690.413,
    "GEX_Ratio": 1.174767,
    "VEX_Call": 4226172.425,
    "VEX_Put": 28518130.135,
    "VEX_Total": 32744302.56,
    "VEX_Ratio": 0.148192,
    "CEX_Call": -17651171.159,
    "CEX_Put": 21104912.801,
    "CEX_Total": 3453741.642,
    "CEX_Ratio": -0.836354
}