{
    "timestamp": "2025-11-03 09:21:09",
    "cum_gam": null,
    "cum_vec": 8084.92640009204,
    "DEX_Call": 9040.34,
    "DEX_Put": -4562.154,
    "DEX_Total": 4478.186,
    "DEX_Ratio": 1.981595,
    "GEX_Call": 13571215.415,
    "GEX_Put": -11639905.155,
    "GEX_Total": 1931310.26,
    "GEX_Ratio": 1.165921,
    "VEX_Call": 868695.807,
    "VEX_Put": 33474776.081,
    "VEX_Total": 34343471.888,
    "VEX_Ratio": 0.025951,
    "CEX_Call": -11449145.216,
    "CEX_Put": 19736558.673,
    "CEX_Total": 8287413.457,
    "CEX_Ratio": -0.580098
}