{
    "timestamp": "2025-06-30 07:59:51",
    "cum_gam": null,
    "cum_vec": 7433.283433754244,
    "DEX_Call": 9147.101,
    "DEX_Put": -2965.775,
    "DEX_Total": 6181.326,
    "DEX_Ratio": 3.084219,
    "GEX_Call": 13942891.357,
    "GEX_Put": -7903050.142,
    "GEX_Total": 6039841.215,
    "GEX_Ratio": 1.764242,
    "VEX_Call": 4806204.852,
    "VEX_Put": 22162544.079,
    "VEX_Total": 26968748.931,
    "VEX_Ratio": 0.216862,
    "CEX_Call": 15620761.27,
    "CEX_Put": 26182540.716,
    "CEX_Total": 41803301.986,
    "CEX_Ratio": 0.59661
}