{
    "timestamp": "2025-08-08 10:31:09",
    "cum_gam": null,
    "cum_vec": 7513.238059983323,
    "DEX_Call": 9021.382,
    "DEX_Put": -3661.888,
    "DEX_Total": 5359.494,
    "DEX_Ratio": 2.463588,
    "GEX_Call": 17388971.786,
    "GEX_Put": -10596830.572,
    "GEX_Total": 6792141.214,
    "GEX_Ratio": 1.64096,
    "VEX_Call": 3482474.965,
    "VEX_Put": 29196210.139,
    "VEX_Total": 32678685.104,
    "VEX_Ratio": 0.119278,
    "CEX_Call": -1439987.062,
    "CEX_Put": 26524378.149,
    "CEX_Total": 25084391.087,
    "CEX_Ratio": -0.054289
}