{
    "timestamp": "2026-07-23 11:17:16",
    "cum_gam": 8001.090653414432,
    "cum_vec": 9102.075974948111,
    "DEX_Call": 8503.376,
    "DEX_Put": -10737.397,
    "DEX_Total": -2234.021,
    "DEX_Ratio": 0.79194,
    "GEX_Call": 11552736.712,
    "GEX_Put": -17919539.558,
    "GEX_Total": -6366802.846,
    "GEX_Ratio": 0.644701,
    "VEX_Call": -7914239.063,
    "VEX_Put": 25877379.27,
    "VEX_Total": 17963140.207,
    "VEX_Ratio": -0.305836,
    "CEX_Call": -12429322.906,
    "CEX_Put": 10713318.658,
    "CEX_Total": -1716004.248,
    "CEX_Ratio": -1.160175
}