{
    "timestamp": "2025-07-23 11:06:32",
    "cum_gam": null,
    "cum_vec": 7486.981584534321,
    "DEX_Call": 8903.161,
    "DEX_Put": -3070.646,
    "DEX_Total": 5832.515,
    "DEX_Ratio": 2.899442,
    "GEX_Call": 15870497.333,
    "GEX_Put": -8165498.129,
    "GEX_Total": 7704999.204,
    "GEX_Ratio": 1.943604,
    "VEX_Call": 3900452.305,
    "VEX_Put": 27906306.123,
    "VEX_Total": 31806758.428,
    "VEX_Ratio": 0.13977,
    "CEX_Call": -13082979.569,
    "CEX_Put": 18084528.094,
    "CEX_Total": 5001548.525,
    "CEX_Ratio": -0.723435
}