{
    "timestamp": "2025-11-20 08:51:26",
    "cum_gam": null,
    "cum_vec": 8040.366934508763,
    "DEX_Call": 14362.994,
    "DEX_Put": -6446.141,
    "DEX_Total": 7916.853,
    "DEX_Ratio": 2.228154,
    "GEX_Call": 19166204.281,
    "GEX_Put": -15740067.363,
    "GEX_Total": 3426136.918,
    "GEX_Ratio": 1.21767,
    "VEX_Call": -664341.955,
    "VEX_Put": 34884775.781,
    "VEX_Total": 34220433.826,
    "VEX_Ratio": -0.019044,
    "CEX_Call": -328991.749,
    "CEX_Put": 30042696.102,
    "CEX_Total": 29713704.353,
    "CEX_Ratio": -0.010951
}