{
    "timestamp": "2025-10-06 12:16:06",
    "cum_gam": null,
    "cum_vec": 7858.773364432588,
    "DEX_Call": 9184.383,
    "DEX_Put": -3589.285,
    "DEX_Total": 5595.098,
    "DEX_Ratio": 2.558834,
    "GEX_Call": 16481140.868,
    "GEX_Put": -10034047.663,
    "GEX_Total": 6447093.205,
    "GEX_Ratio": 1.642522,
    "VEX_Call": 1250787.522,
    "VEX_Put": 29831951.228,
    "VEX_Total": 31082738.75,
    "VEX_Ratio": 0.041928,
    "CEX_Call": -10112716.173,
    "CEX_Put": 23671906.184,
    "CEX_Total": 13559190.011,
    "CEX_Ratio": -0.427203
}