{
    "timestamp": "2025-08-01 09:24:35",
    "cum_gam": 7004.809036915694,
    "cum_vec": 7494.080956977785,
    "DEX_Call": 7706.838,
    "DEX_Put": -6260.112,
    "DEX_Total": 1446.726,
    "DEX_Ratio": 1.231102,
    "GEX_Call": 10112315.975,
    "GEX_Put": -14181763.12,
    "GEX_Total": -4069447.145,
    "GEX_Ratio": 0.713051,
    "VEX_Call": 780825.658,
    "VEX_Put": 27075151.539,
    "VEX_Total": 27855977.197,
    "VEX_Ratio": 0.028839,
    "CEX_Call": -9676957.937,
    "CEX_Put": -4030657.9,
    "CEX_Total": -13707615.837,
    "CEX_Ratio": -2.400838
}