{
    "timestamp": "2025-08-04 08:19:21",
    "cum_gam": 7003.254946623332,
    "cum_vec": 7516.9211533531525,
    "DEX_Call": 7906.537,
    "DEX_Put": -4635.561,
    "DEX_Total": 3270.976,
    "DEX_Ratio": 1.705627,
    "GEX_Call": 12001758.06,
    "GEX_Put": -11458999.654,
    "GEX_Total": 542758.406,
    "GEX_Ratio": 1.047365,
    "VEX_Call": 1900504.626,
    "VEX_Put": 28175273.529,
    "VEX_Total": 30075778.155,
    "VEX_Ratio": 0.067453,
    "CEX_Call": -4093232.518,
    "CEX_Put": 15424177.364,
    "CEX_Total": 11330944.846,
    "CEX_Ratio": -0.265378
}