{
    "timestamp": "2025-10-02 11:07:42",
    "cum_gam": null,
    "cum_vec": 8053.826419618599,
    "DEX_Call": 9416.008,
    "DEX_Put": -3820.828,
    "DEX_Total": 5595.18,
    "DEX_Ratio": 2.464389,
    "GEX_Call": 18099546.12,
    "GEX_Put": -10900937.341,
    "GEX_Total": 7198608.779,
    "GEX_Ratio": 1.660366,
    "VEX_Call": 1041536.017,
    "VEX_Put": 33471422.921,
    "VEX_Total": 34512958.938,
    "VEX_Ratio": 0.031117,
    "CEX_Call": -18367375.989,
    "CEX_Put": 26492367.437,
    "CEX_Total": 8124991.448,
    "CEX_Ratio": -0.693308
}