{
    "timestamp": "2025-10-09 09:22:57",
    "cum_gam": null,
    "cum_vec": 8085.331778774079,
    "DEX_Call": 10855.008,
    "DEX_Put": -5033.378,
    "DEX_Total": 5821.63,
    "DEX_Ratio": 2.156605,
    "GEX_Call": 17144303.731,
    "GEX_Put": -16493172.434,
    "GEX_Total": 651131.297,
    "GEX_Ratio": 1.039479,
    "VEX_Call": -124454.46,
    "VEX_Put": 38774734.258,
    "VEX_Total": 38650279.798,
    "VEX_Ratio": -0.00321,
    "CEX_Call": -19263299.676,
    "CEX_Put": 33286620.306,
    "CEX_Total": 14023320.63,
    "CEX_Ratio": -0.57871
}