{
    "timestamp": "2025-10-14 08:22:02",
    "cum_gam": 6301.604546701322,
    "cum_vec": 8074.306495927544,
    "DEX_Call": 11998.977,
    "DEX_Put": -7058.368,
    "DEX_Total": 4940.609,
    "DEX_Ratio": 1.699965,
    "GEX_Call": 13354532.273,
    "GEX_Put": -15861742.567,
    "GEX_Total": -2507210.294,
    "GEX_Ratio": 0.841933,
    "VEX_Call": -1837025.159,
    "VEX_Put": 37272000.143,
    "VEX_Total": 35434974.984,
    "VEX_Ratio": -0.049287,
    "CEX_Call": -12107635.297,
    "CEX_Put": 26563714.147,
    "CEX_Total": 14456078.85,
    "CEX_Ratio": -0.455796
}