{
    "timestamp": "2025-10-01 09:08:59",
    "cum_gam": null,
    "cum_vec": 8051.376480428642,
    "DEX_Call": 9170.581,
    "DEX_Put": -3965.54,
    "DEX_Total": 5205.041,
    "DEX_Ratio": 2.312568,
    "GEX_Call": 16791885.15,
    "GEX_Put": -11444874.766,
    "GEX_Total": 5347010.384,
    "GEX_Ratio": 1.467197,
    "VEX_Call": 603935.543,
    "VEX_Put": 33538706.911,
    "VEX_Total": 34142642.454,
    "VEX_Ratio": 0.018007,
    "CEX_Call": -11962157.07,
    "CEX_Put": 26644023.705,
    "CEX_Total": 14681866.635,
    "CEX_Ratio": -0.448962
}