{
    "timestamp": "2025-11-06 12:48:53",
    "cum_gam": 6310.2232137917235,
    "cum_vec": 7968.284844292313,
    "DEX_Call": 8553.882,
    "DEX_Put": -6347.975,
    "DEX_Total": 2205.907,
    "DEX_Ratio": 1.347498,
    "GEX_Call": 12706351.862,
    "GEX_Put": -14956997.012,
    "GEX_Total": -2250645.15,
    "GEX_Ratio": 0.849526,
    "VEX_Call": -4426730.937,
    "VEX_Put": 32523709.63,
    "VEX_Total": 28096978.693,
    "VEX_Ratio": -0.136108,
    "CEX_Call": -20694719.594,
    "CEX_Put": 28905972.059,
    "CEX_Total": 8211252.465,
    "CEX_Ratio": -0.715932
}