{
    "timestamp": "2025-11-11 13:45:55",
    "cum_gam": null,
    "cum_vec": 7993.699745965967,
    "DEX_Call": 10231.859,
    "DEX_Put": -4489.387,
    "DEX_Total": 5742.472,
    "DEX_Ratio": 2.279122,
    "GEX_Call": 19593764.845,
    "GEX_Put": -12046227.034,
    "GEX_Total": 7547537.811,
    "GEX_Ratio": 1.626548,
    "VEX_Call": 21541.659,
    "VEX_Put": 33479399.493,
    "VEX_Total": 33500941.152,
    "VEX_Ratio": 0.000643,
    "CEX_Call": 15609478.474,
    "CEX_Put": 46762790.373,
    "CEX_Total": 62372268.847,
    "CEX_Ratio": 0.333801
}