{
    "timestamp": "2025-10-29 11:45:39",
    "cum_gam": null,
    "cum_vec": 8079.890856426546,
    "DEX_Call": 10975.748,
    "DEX_Put": -4588.269,
    "DEX_Total": 6387.479,
    "DEX_Ratio": 2.392133,
    "GEX_Call": 16617481.645,
    "GEX_Put": -13005243.525,
    "GEX_Total": 3612238.12,
    "GEX_Ratio": 1.277752,
    "VEX_Call": 2103634.419,
    "VEX_Put": 37295488.668,
    "VEX_Total": 39399123.087,
    "VEX_Ratio": 0.056405,
    "CEX_Call": -46462188.405,
    "CEX_Put": 44115265.102,
    "CEX_Total": -2346923.303,
    "CEX_Ratio": -1.0532
}