{
    "timestamp": "2025-11-06 10:39:18",
    "cum_gam": 6501.7913733434525,
    "cum_vec": 7958.883054063948,
    "DEX_Call": 10231.58,
    "DEX_Put": -7055.13,
    "DEX_Total": 3176.45,
    "DEX_Ratio": 1.450233,
    "GEX_Call": 12093047.461,
    "GEX_Put": -15066163.827,
    "GEX_Total": -2973116.366,
    "GEX_Ratio": 0.802663,
    "VEX_Call": -3851357.399,
    "VEX_Put": 31937649.221,
    "VEX_Total": 28086291.822,
    "VEX_Ratio": -0.12059,
    "CEX_Call": -16096860.455,
    "CEX_Put": 14564970.828,
    "CEX_Total": -1531889.627,
    "CEX_Ratio": -1.105176
}