{
    "timestamp": "2025-10-09 10:48:50",
    "cum_gam": 6150.9866608458615,
    "cum_vec": 8083.813266587853,
    "DEX_Call": 11081.342,
    "DEX_Put": -5179.548,
    "DEX_Total": 5901.794,
    "DEX_Ratio": 2.139442,
    "GEX_Call": 16472434.342,
    "GEX_Put": -18248781.644,
    "GEX_Total": -1776347.302,
    "GEX_Ratio": 0.902659,
    "VEX_Call": 694542.262,
    "VEX_Put": 38811726.025,
    "VEX_Total": 39506268.287,
    "VEX_Ratio": 0.017895,
    "CEX_Call": -17944440.517,
    "CEX_Put": 37519200.057,
    "CEX_Total": 19574759.54,
    "CEX_Ratio": -0.478274
}