{
    "timestamp": "2025-08-27 10:07:02",
    "cum_gam": null,
    "cum_vec": 7535.895847943097,
    "DEX_Call": 8162.34,
    "DEX_Put": -3528.06,
    "DEX_Total": 4634.28,
    "DEX_Ratio": 2.313549,
    "GEX_Call": 16738211.711,
    "GEX_Put": -11481310.652,
    "GEX_Total": 5256901.059,
    "GEX_Ratio": 1.457866,
    "VEX_Call": 1948560.445,
    "VEX_Put": 29791767.403,
    "VEX_Total": 31740327.848,
    "VEX_Ratio": 0.065406,
    "CEX_Call": -8890207.054,
    "CEX_Put": 21381122.275,
    "CEX_Total": 12490915.221,
    "CEX_Ratio": -0.415797
}