{
    "timestamp": "2025-10-07 08:45:18",
    "cum_gam": null,
    "cum_vec": 8059.010848221564,
    "DEX_Call": 9318.281,
    "DEX_Put": -4574.476,
    "DEX_Total": 4743.805,
    "DEX_Ratio": 2.037016,
    "GEX_Call": 14512151.534,
    "GEX_Put": -13163009.649,
    "GEX_Total": 1349141.885,
    "GEX_Ratio": 1.102495,
    "VEX_Call": -530599.509,
    "VEX_Put": 33127707.076,
    "VEX_Total": 32597107.567,
    "VEX_Ratio": -0.016017,
    "CEX_Call": -14036743.516,
    "CEX_Put": 24382077.636,
    "CEX_Total": 10345334.12,
    "CEX_Ratio": -0.575699
}