{
    "timestamp": "2025-10-28 11:37:06",
    "cum_gam": null,
    "cum_vec": 8086.415821726616,
    "DEX_Call": 11189.4,
    "DEX_Put": -3507.858,
    "DEX_Total": 7681.542,
    "DEX_Ratio": 3.18981,
    "GEX_Call": 27576353.407,
    "GEX_Put": -9454490.966,
    "GEX_Total": 18121862.441,
    "GEX_Ratio": 2.916746,
    "VEX_Call": 5827609.249,
    "VEX_Put": 37148408.598,
    "VEX_Total": 42976017.847,
    "VEX_Ratio": 0.156874,
    "CEX_Call": 2682908.624,
    "CEX_Put": 37736601.813,
    "CEX_Total": 40419510.437,
    "CEX_Ratio": 0.071096
}