{
    "timestamp": "2025-09-09 11:43:18",
    "cum_gam": null,
    "cum_vec": 7550.15771324203,
    "DEX_Call": 7482.75,
    "DEX_Put": -3189.873,
    "DEX_Total": 4292.877,
    "DEX_Ratio": 2.345783,
    "GEX_Call": 17963094.449,
    "GEX_Put": -12882219.573,
    "GEX_Total": 5080874.876,
    "GEX_Ratio": 1.39441,
    "VEX_Call": 1896274.643,
    "VEX_Put": 27537968.736,
    "VEX_Total": 29434243.379,
    "VEX_Ratio": 0.06886,
    "CEX_Call": -9152593.063,
    "CEX_Put": 24494536.106,
    "CEX_Total": 15341943.043,
    "CEX_Ratio": -0.373659
}