{
    "timestamp": "2025-08-21 10:24:15",
    "cum_gam": 6154.469622740788,
    "cum_vec": 7522.889017780487,
    "DEX_Call": 8425.997,
    "DEX_Put": -5482.547,
    "DEX_Total": 2943.45,
    "DEX_Ratio": 1.536876,
    "GEX_Call": 11392482.602,
    "GEX_Put": -14102258.581,
    "GEX_Total": -2709775.979,
    "GEX_Ratio": 0.807848,
    "VEX_Call": 905286.536,
    "VEX_Put": 28164831.05,
    "VEX_Total": 29070117.586,
    "VEX_Ratio": 0.032142,
    "CEX_Call": -10486179.596,
    "CEX_Put": 17128961.179,
    "CEX_Total": 6642781.583,
    "CEX_Ratio": -0.61219
}