{
    "timestamp": "2025-09-22 08:40:07",
    "cum_gam": null,
    "cum_vec": 7889.581157476251,
    "DEX_Call": 9241.017,
    "DEX_Put": -3424.644,
    "DEX_Total": 5816.373,
    "DEX_Ratio": 2.698388,
    "GEX_Call": 14222994.121,
    "GEX_Put": -9293405.891,
    "GEX_Total": 4929588.23,
    "GEX_Ratio": 1.530439,
    "VEX_Call": 2055689.264,
    "VEX_Put": 31831711.314,
    "VEX_Total": 33887400.578,
    "VEX_Ratio": 0.06458,
    "CEX_Call": -6810646.935,
    "CEX_Put": 20295574.198,
    "CEX_Total": 13484927.263,
    "CEX_Ratio": -0.335573
}