{
    "timestamp": "2025-10-07 08:55:03",
    "cum_gam": null,
    "cum_vec": 8059.755985079073,
    "DEX_Call": 10602.504,
    "DEX_Put": -4693.801,
    "DEX_Total": 5908.703,
    "DEX_Ratio": 2.258831,
    "GEX_Call": 14039833.045,
    "GEX_Put": -13308229.061,
    "GEX_Total": 731603.984,
    "GEX_Ratio": 1.054974,
    "VEX_Call": -282174.769,
    "VEX_Put": 32947484.935,
    "VEX_Total": 32665310.166,
    "VEX_Ratio": -0.008564,
    "CEX_Call": -14037043.998,
    "CEX_Put": 24562178.722,
    "CEX_Total": 10525134.724,
    "CEX_Ratio": -0.57149
}