{
    "timestamp": "2025-08-12 07:06:46",
    "cum_gam": null,
    "cum_vec": 7577.414311485268,
    "DEX_Call": 9085.753,
    "DEX_Put": -3558.047,
    "DEX_Total": 5527.706,
    "DEX_Ratio": 2.553579,
    "GEX_Call": 15655094.743,
    "GEX_Put": -11344431.512,
    "GEX_Total": 4310663.231,
    "GEX_Ratio": 1.379981,
    "VEX_Call": 3096287.741,
    "VEX_Put": 28653111.048,
    "VEX_Total": 31749398.789,
    "VEX_Ratio": 0.108061,
    "CEX_Call": -7027817.914,
    "CEX_Put": 21677856.86,
    "CEX_Total": 14650038.946,
    "CEX_Ratio": -0.324193
}