{
    "timestamp": "2025-10-21 09:56:42",
    "cum_gam": null,
    "cum_vec": 8057.270919085073,
    "DEX_Call": 10694.206,
    "DEX_Put": -4737.479,
    "DEX_Total": 5956.727,
    "DEX_Ratio": 2.257362,
    "GEX_Call": 15762101.373,
    "GEX_Put": -11571342.493,
    "GEX_Total": 4190758.88,
    "GEX_Ratio": 1.362167,
    "VEX_Call": 407410.466,
    "VEX_Put": 37280310.632,
    "VEX_Total": 37687721.098,
    "VEX_Ratio": 0.010928,
    "CEX_Call": -9599567.761,
    "CEX_Put": 26689126.947,
    "CEX_Total": 17089559.186,
    "CEX_Ratio": -0.359681
}