{
    "timestamp": "2025-09-03 12:02:16",
    "cum_gam": null,
    "cum_vec": 7510.697208360889,
    "DEX_Call": 8934.993,
    "DEX_Put": -4691.498,
    "DEX_Total": 4243.495,
    "DEX_Ratio": 1.904507,
    "GEX_Call": 14539336.428,
    "GEX_Put": -14483417.488,
    "GEX_Total": 55918.94,
    "GEX_Ratio": 1.003861,
    "VEX_Call": 817233.153,
    "VEX_Put": 27079792.707,
    "VEX_Total": 27897025.86,
    "VEX_Ratio": 0.030179,
    "CEX_Call": -14036931.746,
    "CEX_Put": 29076920.002,
    "CEX_Total": 15039988.256,
    "CEX_Ratio": -0.482752
}