{
    "timestamp": "2026-07-20 10:43:08",
    "cum_gam": 7203.974593192373,
    "cum_vec": 9131.884094889348,
    "DEX_Call": 9098.288,
    "DEX_Put": -8984.668,
    "DEX_Total": 113.62,
    "DEX_Ratio": 1.012646,
    "GEX_Call": 13925847.509,
    "GEX_Put": -16703432.57,
    "GEX_Total": -2777585.061,
    "GEX_Ratio": 0.833712,
    "VEX_Call": -7227583.068,
    "VEX_Put": 28400138.003,
    "VEX_Total": 21172554.935,
    "VEX_Ratio": -0.254491,
    "CEX_Call": -16148837.393,
    "CEX_Put": 10323518.792,
    "CEX_Total": -5825318.601,
    "CEX_Ratio": -1.564276
}