{
    "timestamp": "2025-07-31 10:32:50",
    "cum_gam": null,
    "cum_vec": 7517.380239987092,
    "DEX_Call": 9226.238,
    "DEX_Put": -4080.201,
    "DEX_Total": 5146.037,
    "DEX_Ratio": 2.261221,
    "GEX_Call": 13382346.273,
    "GEX_Put": -11543213.812,
    "GEX_Total": 1839132.461,
    "GEX_Ratio": 1.159326,
    "VEX_Call": 3646708.02,
    "VEX_Put": 29865151.618,
    "VEX_Total": 33511859.638,
    "VEX_Ratio": 0.122106,
    "CEX_Call": -19364546.599,
    "CEX_Put": 28991257.718,
    "CEX_Total": 9626711.119,
    "CEX_Ratio": -0.667944
}