{
    "timestamp": "2025-07-31 07:01:59",
    "cum_gam": null,
    "cum_vec": 7540.353475891287,
    "DEX_Call": 9937.645,
    "DEX_Put": -3272.997,
    "DEX_Total": 6664.648,
    "DEX_Ratio": 3.036252,
    "GEX_Call": 15306426.493,
    "GEX_Put": -9496828.657,
    "GEX_Total": 5809597.836,
    "GEX_Ratio": 1.611741,
    "VEX_Call": 5270407.076,
    "VEX_Put": 29676269.395,
    "VEX_Total": 34946676.471,
    "VEX_Ratio": 0.177597,
    "CEX_Call": -5687081.421,
    "CEX_Put": 19544947.251,
    "CEX_Total": 13857865.83,
    "CEX_Ratio": -0.290975
}