{
    "timestamp": "2025-08-06 10:25:39",
    "cum_gam": null,
    "cum_vec": 7511.289432882104,
    "DEX_Call": 9031.976,
    "DEX_Put": -4331.036,
    "DEX_Total": 4700.94,
    "DEX_Ratio": 2.085408,
    "GEX_Call": 14845248.155,
    "GEX_Put": -11600832.336,
    "GEX_Total": 3244415.819,
    "GEX_Ratio": 1.279671,
    "VEX_Call": 2538169.55,
    "VEX_Put": 29525509.642,
    "VEX_Total": 32063679.192,
    "VEX_Ratio": 0.085965,
    "CEX_Call": -8021741.745,
    "CEX_Put": 20017237.021,
    "CEX_Total": 11995495.276,
    "CEX_Ratio": -0.400742
}