{
    "timestamp": "2025-08-06 07:51:35",
    "cum_gam": null,
    "cum_vec": 7506.573240936521,
    "DEX_Call": 7975.255,
    "DEX_Put": -4693.956,
    "DEX_Total": 3281.299,
    "DEX_Ratio": 1.699048,
    "GEX_Call": 13340820.35,
    "GEX_Put": -12229766.602,
    "GEX_Total": 1111053.748,
    "GEX_Ratio": 1.090848,
    "VEX_Call": 1434576.804,
    "VEX_Put": 28742330.984,
    "VEX_Total": 30176907.788,
    "VEX_Ratio": 0.049912,
    "CEX_Call": -9800419.082,
    "CEX_Put": 16271278.294,
    "CEX_Total": 6470859.212,
    "CEX_Ratio": -0.602314
}