{
    "timestamp": "2025-10-06 12:27:45",
    "cum_gam": null,
    "cum_vec": 7860.725370921357,
    "DEX_Call": 9346.505,
    "DEX_Put": -3585.302,
    "DEX_Total": 5761.203,
    "DEX_Ratio": 2.606895,
    "GEX_Call": 16450549.503,
    "GEX_Put": -9888643.182,
    "GEX_Total": 6561906.321,
    "GEX_Ratio": 1.66358,
    "VEX_Call": 1589860.594,
    "VEX_Put": 29777362.193,
    "VEX_Total": 31367222.787,
    "VEX_Ratio": 0.053392,
    "CEX_Call": -1809347.809,
    "CEX_Put": 26171417.679,
    "CEX_Total": 24362069.87,
    "CEX_Ratio": -0.069134
}