{
    "timestamp": "2025-07-03 10:09:58",
    "cum_gam": null,
    "cum_vec": 7416.392869530791,
    "DEX_Call": 5281.023,
    "DEX_Put": -2870.08,
    "DEX_Total": 2410.943,
    "DEX_Ratio": 1.840026,
    "GEX_Call": 22419818.349,
    "GEX_Put": -5889412.775,
    "GEX_Total": 16530405.574,
    "GEX_Ratio": 3.8068,
    "VEX_Call": 840565.517,
    "VEX_Put": 25328621.758,
    "VEX_Total": 26169187.275,
    "VEX_Ratio": 0.033186,
    "CEX_Call": -12436755.465,
    "CEX_Put": 10714633.888,
    "CEX_Total": -1722121.577,
    "CEX_Ratio": -1.160726
}