{
    "timestamp": "2025-11-07 10:50:53",
    "cum_gam": 6620.268896386809,
    "cum_vec": 7928.551146411212,
    "DEX_Call": 9298.314,
    "DEX_Put": -8802.721,
    "DEX_Total": 495.593,
    "DEX_Ratio": 1.0563,
    "GEX_Call": 10623547.772,
    "GEX_Put": -16076534.63,
    "GEX_Total": -5452986.858,
    "GEX_Ratio": 0.660811,
    "VEX_Call": -5919761.366,
    "VEX_Put": 29517909.331,
    "VEX_Total": 23598147.965,
    "VEX_Ratio": -0.200548,
    "CEX_Call": -13521581.41,
    "CEX_Put": 19607348.648,
    "CEX_Total": 6085767.238,
    "CEX_Ratio": -0.689618
}