{
    "timestamp": "2025-10-13 11:13:18",
    "cum_gam": 5101.206058921723,
    "cum_vec": 8336.51678267025,
    "DEX_Call": 10201.123,
    "DEX_Put": -5970.457,
    "DEX_Total": 4230.666,
    "DEX_Ratio": 1.7086,
    "GEX_Call": 14423054.041,
    "GEX_Put": -14672994.859,
    "GEX_Total": -249940.818,
    "GEX_Ratio": 0.982966,
    "VEX_Call": -2055927.335,
    "VEX_Put": 34644099.692,
    "VEX_Total": 32588172.357,
    "VEX_Ratio": -0.059344,
    "CEX_Call": -8839284.757,
    "CEX_Put": 20939471.568,
    "CEX_Total": 12100186.811,
    "CEX_Ratio": -0.422135
}