{
    "timestamp": "2025-08-14 09:15:34",
    "cum_gam": null,
    "cum_vec": 7567.591243177516,
    "DEX_Call": 9927.788,
    "DEX_Put": -3265.109,
    "DEX_Total": 6662.679,
    "DEX_Ratio": 3.040569,
    "GEX_Call": 16092062.473,
    "GEX_Put": -13115809.207,
    "GEX_Total": 2976253.266,
    "GEX_Ratio": 1.226921,
    "VEX_Call": 2925848.881,
    "VEX_Put": 29017847.15,
    "VEX_Total": 31943696.031,
    "VEX_Ratio": 0.100829,
    "CEX_Call": -8204008.45,
    "CEX_Put": 31293505.92,
    "CEX_Total": 23089497.47,
    "CEX_Ratio": -0.262163
}