{
    "timestamp": "2025-09-29 10:42:28",
    "cum_gam": null,
    "cum_vec": 8028.463999566372,
    "DEX_Call": 9064.395,
    "DEX_Put": -3399.389,
    "DEX_Total": 5665.006,
    "DEX_Ratio": 2.666478,
    "GEX_Call": 14804793.942,
    "GEX_Put": -11243371.873,
    "GEX_Total": 3561422.069,
    "GEX_Ratio": 1.316757,
    "VEX_Call": -58194.403,
    "VEX_Put": 27512225.188,
    "VEX_Total": 27454030.785,
    "VEX_Ratio": -0.002115,
    "CEX_Call": -9827405.459,
    "CEX_Put": 26162864.695,
    "CEX_Total": 16335459.236,
    "CEX_Ratio": -0.375624
}