{
    "timestamp": "2025-10-10 12:02:46",
    "cum_gam": 6579.094260735576,
    "cum_vec": 8066.196235965543,
    "DEX_Call": 9921.266,
    "DEX_Put": -8219.385,
    "DEX_Total": 1701.881,
    "DEX_Ratio": 1.207057,
    "GEX_Call": 10988528.365,
    "GEX_Put": -17270514.992,
    "GEX_Total": -6281986.627,
    "GEX_Ratio": 0.636259,
    "VEX_Call": -2327118.479,
    "VEX_Put": 35037982.709,
    "VEX_Total": 32710864.23,
    "VEX_Ratio": -0.066417,
    "CEX_Call": -17746129.157,
    "CEX_Put": 1646697.442,
    "CEX_Total": -16099431.715,
    "CEX_Ratio": -10.7768
}