{
    "timestamp": "2025-10-23 08:29:13",
    "cum_gam": null,
    "cum_vec": 8051.867005761663,
    "DEX_Call": 11117.541,
    "DEX_Put": -5208.827,
    "DEX_Total": 5908.714,
    "DEX_Ratio": 2.134366,
    "GEX_Call": 14858868.544,
    "GEX_Put": -12393259.283,
    "GEX_Total": 2465609.261,
    "GEX_Ratio": 1.198948,
    "VEX_Call": -269419.412,
    "VEX_Put": 37508582.093,
    "VEX_Total": 37239162.681,
    "VEX_Ratio": -0.007183,
    "CEX_Call": -9456174.01,
    "CEX_Put": 24035638.033,
    "CEX_Total": 14579464.023,
    "CEX_Ratio": -0.393423
}