{
    "timestamp": "2026-07-21 08:47:29",
    "cum_gam": null,
    "cum_vec": 9131.524414711714,
    "DEX_Call": 9833.543,
    "DEX_Put": -8338.781,
    "DEX_Total": 1494.762,
    "DEX_Ratio": 1.179254,
    "GEX_Call": 17237746.099,
    "GEX_Put": -15829154.724,
    "GEX_Total": 1408591.375,
    "GEX_Ratio": 1.088987,
    "VEX_Call": -6745395.258,
    "VEX_Put": 30104095.742,
    "VEX_Total": 23358700.484,
    "VEX_Ratio": -0.224069,
    "CEX_Call": -12238418.125,
    "CEX_Put": 14975990.374,
    "CEX_Total": 2737572.249,
    "CEX_Ratio": -0.817203
}