{
    "timestamp": "2025-11-04 11:58:22",
    "cum_gam": 6102.572558357158,
    "cum_vec": 7966.891376345113,
    "DEX_Call": 10718.286,
    "DEX_Put": -6041.908,
    "DEX_Total": 4676.378,
    "DEX_Ratio": 1.77399,
    "GEX_Call": 12546034.934,
    "GEX_Put": -13990818.391,
    "GEX_Total": -1444783.457,
    "GEX_Ratio": 0.896733,
    "VEX_Call": -1793144.049,
    "VEX_Put": 33391326.696,
    "VEX_Total": 31598182.647,
    "VEX_Ratio": -0.053701,
    "CEX_Call": -13851126.236,
    "CEX_Put": 16908648.107,
    "CEX_Total": 3057521.871,
    "CEX_Ratio": -0.819174
}