{
    "timestamp": "2026-07-22 09:14:57",
    "cum_gam": null,
    "cum_vec": 9186.25662811411,
    "DEX_Call": 10289.793,
    "DEX_Put": -8125.363,
    "DEX_Total": 2164.43,
    "DEX_Ratio": 1.266379,
    "GEX_Call": 18891854.896,
    "GEX_Put": -15955475.525,
    "GEX_Total": 2936379.371,
    "GEX_Ratio": 1.184036,
    "VEX_Call": -6871722.696,
    "VEX_Put": 32049038.818,
    "VEX_Total": 25177316.122,
    "VEX_Ratio": -0.214413,
    "CEX_Call": -17478289.006,
    "CEX_Put": 17681323.633,
    "CEX_Total": 203034.627,
    "CEX_Ratio": -0.988517
}