{
    "timestamp": "2025-09-02 07:06:34",
    "cum_gam": 6304.053980247657,
    "cum_vec": 7513.9660222159455,
    "DEX_Call": 8157.58,
    "DEX_Put": -5048.64,
    "DEX_Total": 3108.94,
    "DEX_Ratio": 1.615798,
    "GEX_Call": 10467775.917,
    "GEX_Put": -13847627.297,
    "GEX_Total": -3379851.38,
    "GEX_Ratio": 0.755926,
    "VEX_Call": 1700158.283,
    "VEX_Put": 25734948.736,
    "VEX_Total": 27435107.019,
    "VEX_Ratio": 0.066064,
    "CEX_Call": -6414557.408,
    "CEX_Put": 14949824.124,
    "CEX_Total": 8535266.716,
    "CEX_Ratio": -0.429072
}