{
    "timestamp": "2025-08-14 10:08:18",
    "cum_gam": null,
    "cum_vec": 7562.018829377523,
    "DEX_Call": 9380.51,
    "DEX_Put": -3043.4,
    "DEX_Total": 6337.11,
    "DEX_Ratio": 3.082247,
    "GEX_Call": 16817450.27,
    "GEX_Put": -11818162.364,
    "GEX_Total": 4999287.906,
    "GEX_Ratio": 1.423017,
    "VEX_Call": 2035146.3,
    "VEX_Put": 28654094.579,
    "VEX_Total": 30689240.879,
    "VEX_Ratio": 0.071025,
    "CEX_Call": -14859098.495,
    "CEX_Put": 35137182.226,
    "CEX_Total": 20278083.731,
    "CEX_Ratio": -0.422888
}