{
    "timestamp": "2025-08-27 06:47:01",
    "cum_gam": null,
    "cum_vec": 7542.963835311812,
    "DEX_Call": 7442.607,
    "DEX_Put": -3666.872,
    "DEX_Total": 3775.735,
    "DEX_Ratio": 2.029688,
    "GEX_Call": 15777545.191,
    "GEX_Put": -12283141.264,
    "GEX_Total": 3494403.927,
    "GEX_Ratio": 1.284488,
    "VEX_Call": 924474.938,
    "VEX_Put": 29567822.427,
    "VEX_Total": 30492297.365,
    "VEX_Ratio": 0.031266,
    "CEX_Call": -10017848.123,
    "CEX_Put": 18604684.394,
    "CEX_Total": 8586836.271,
    "CEX_Ratio": -0.538458
}