{
    "timestamp": "2026-07-21 10:44:36",
    "cum_gam": null,
    "cum_vec": 9157.605686494575,
    "DEX_Call": 10061.865,
    "DEX_Put": -8101.506,
    "DEX_Total": 1960.359,
    "DEX_Ratio": 1.241975,
    "GEX_Call": 18110041.936,
    "GEX_Put": -15472861.78,
    "GEX_Total": 2637180.156,
    "GEX_Ratio": 1.170439,
    "VEX_Call": -6372370.884,
    "VEX_Put": 30396203.779,
    "VEX_Total": 24023832.895,
    "VEX_Ratio": -0.209644,
    "CEX_Call": -9709586.667,
    "CEX_Put": 18072013.994,
    "CEX_Total": 8362427.327,
    "CEX_Ratio": -0.537272
}