{
    "timestamp": "2025-10-07 12:31:08",
    "cum_gam": null,
    "cum_vec": 8059.77323098839,
    "DEX_Call": 9851.438,
    "DEX_Put": -4496.45,
    "DEX_Total": 5354.988,
    "DEX_Ratio": 2.190937,
    "GEX_Call": 14251936.546,
    "GEX_Put": -13542683.458,
    "GEX_Total": 709253.088,
    "GEX_Ratio": 1.052372,
    "VEX_Call": 176984.115,
    "VEX_Put": 32931853.048,
    "VEX_Total": 33108837.163,
    "VEX_Ratio": 0.005374,
    "CEX_Call": -16025787.237,
    "CEX_Put": 28884708.093,
    "CEX_Total": 12858920.856,
    "CEX_Ratio": -0.554819
}