{
    "timestamp": "2025-08-26 09:36:58",
    "cum_gam": null,
    "cum_vec": 7529.6856327834885,
    "DEX_Call": 7516.248,
    "DEX_Put": -3771.804,
    "DEX_Total": 3744.444,
    "DEX_Ratio": 1.992746,
    "GEX_Call": 14734780.471,
    "GEX_Put": -13504374.217,
    "GEX_Total": 1230406.254,
    "GEX_Ratio": 1.091112,
    "VEX_Call": 662169.198,
    "VEX_Put": 28128559.562,
    "VEX_Total": 28790728.76,
    "VEX_Ratio": 0.023541,
    "CEX_Call": -10279775.653,
    "CEX_Put": 18283113.702,
    "CEX_Total": 8003338.049,
    "CEX_Ratio": -0.562255
}