{
    "timestamp": "2025-07-24 07:50:34",
    "cum_gam": null,
    "cum_vec": 7492.690550803643,
    "DEX_Call": 8827.918,
    "DEX_Put": -2958.186,
    "DEX_Total": 5869.732,
    "DEX_Ratio": 2.984234,
    "GEX_Call": 16207880.279,
    "GEX_Put": -8242978.418,
    "GEX_Total": 7964901.861,
    "GEX_Ratio": 1.966265,
    "VEX_Call": 4038815.072,
    "VEX_Put": 28161998.089,
    "VEX_Total": 32200813.161,
    "VEX_Ratio": 0.143414,
    "CEX_Call": -10176270.565,
    "CEX_Put": 15657345.246,
    "CEX_Total": 5481074.681,
    "CEX_Ratio": -0.649936
}