{
    "timestamp": "2025-07-10 10:53:59",
    "cum_gam": null,
    "cum_vec": 7484.072045373528,
    "DEX_Call": 8990.009,
    "DEX_Put": -3055.876,
    "DEX_Total": 5934.133,
    "DEX_Ratio": 2.941876,
    "GEX_Call": 14635444.282,
    "GEX_Put": -7839247.189,
    "GEX_Total": 6796197.093,
    "GEX_Ratio": 1.866945,
    "VEX_Call": 3698712.474,
    "VEX_Put": 26513020.464,
    "VEX_Total": 30211732.938,
    "VEX_Ratio": 0.139506,
    "CEX_Call": -7551348.207,
    "CEX_Put": 16444843.072,
    "CEX_Total": 8893494.865,
    "CEX_Ratio": -0.459192
}