{
    "timestamp": "2025-07-15 10:26:33",
    "cum_gam": null,
    "cum_vec": 7471.012564430785,
    "DEX_Call": 8058.129,
    "DEX_Put": -3767.45,
    "DEX_Total": 4290.679,
    "DEX_Ratio": 2.138881,
    "GEX_Call": 13384442.45,
    "GEX_Put": -10506545.462,
    "GEX_Total": 2877896.988,
    "GEX_Ratio": 1.273915,
    "VEX_Call": 1649498.387,
    "VEX_Put": 26378515.337,
    "VEX_Total": 28028013.724,
    "VEX_Ratio": 0.062532,
    "CEX_Call": -11370426.628,
    "CEX_Put": 19208560.437,
    "CEX_Total": 7838133.809,
    "CEX_Ratio": -0.591946
}