{
    "timestamp": "2025-11-25 12:53:43",
    "cum_gam": null,
    "cum_vec": 8650.311755120729,
    "DEX_Call": 15414.239,
    "DEX_Put": -4578.144,
    "DEX_Total": 10836.095,
    "DEX_Ratio": 3.366919,
    "GEX_Call": 8996170.856,
    "GEX_Put": -8322035.422,
    "GEX_Total": 674135.434,
    "GEX_Ratio": 1.081006,
    "VEX_Call": 4932304.295,
    "VEX_Put": 18382807.469,
    "VEX_Total": 23315111.764,
    "VEX_Ratio": 0.268311,
    "CEX_Call": 379825.555,
    "CEX_Put": 3035616.272,
    "CEX_Total": 3415441.827,
    "CEX_Ratio": 0.125123
}