{
    "timestamp": "2025-08-01 10:41:00",
    "cum_gam": 7004.963851515851,
    "cum_vec": 7485.665068801396,
    "DEX_Call": 7524.331,
    "DEX_Put": -7239.051,
    "DEX_Total": 285.28,
    "DEX_Ratio": 1.039408,
    "GEX_Call": 9092255.067,
    "GEX_Put": -13980544.989,
    "GEX_Total": -4888289.922,
    "GEX_Ratio": 0.650351,
    "VEX_Call": -307645.592,
    "VEX_Put": 26207926.27,
    "VEX_Total": 25900280.678,
    "VEX_Ratio": -0.011739,
    "CEX_Call": -10531191.824,
    "CEX_Put": -6866910.853,
    "CEX_Total": -17398102.677,
    "CEX_Ratio": -1.533614
}