{
    "timestamp": "2025-09-18 09:57:49",
    "cum_gam": null,
    "cum_vec": 7869.671197934488,
    "DEX_Call": 19343.971,
    "DEX_Put": -3458.638,
    "DEX_Total": 15885.333,
    "DEX_Ratio": 5.592945,
    "GEX_Call": 21468608.997,
    "GEX_Put": -13360816.253,
    "GEX_Total": 8107792.744,
    "GEX_Ratio": 1.606834,
    "VEX_Call": 9040622.418,
    "VEX_Put": 35878499.13,
    "VEX_Total": 44919121.548,
    "VEX_Ratio": 0.251979,
    "CEX_Call": 28984090.747,
    "CEX_Put": 43681417.633,
    "CEX_Total": 72665508.38,
    "CEX_Ratio": 0.663534
}