{
    "timestamp": "2025-07-18 07:27:10",
    "cum_gam": null,
    "cum_vec": 7466.675407811762,
    "DEX_Call": 8130.964,
    "DEX_Put": -3502.213,
    "DEX_Total": 4628.751,
    "DEX_Ratio": 2.321665,
    "GEX_Call": 14063865.74,
    "GEX_Put": -9538810.399,
    "GEX_Total": 4525055.341,
    "GEX_Ratio": 1.474384,
    "VEX_Call": 2582219.532,
    "VEX_Put": 26972353.139,
    "VEX_Total": 29554572.671,
    "VEX_Ratio": 0.095736,
    "CEX_Call": -10180703.884,
    "CEX_Put": 14694091.622,
    "CEX_Total": 4513387.738,
    "CEX_Ratio": -0.692843
}