{
    "timestamp": "2025-09-22 08:33:01",
    "cum_gam": null,
    "cum_vec": 7884.912407177888,
    "DEX_Call": 9332.809,
    "DEX_Put": -3410.987,
    "DEX_Total": 5921.822,
    "DEX_Ratio": 2.736102,
    "GEX_Call": 14366805.899,
    "GEX_Put": -9186802.427,
    "GEX_Total": 5180003.472,
    "GEX_Ratio": 1.563853,
    "VEX_Call": 2173090.59,
    "VEX_Put": 31971331.427,
    "VEX_Total": 34144422.017,
    "VEX_Ratio": 0.06797,
    "CEX_Call": -6014767.124,
    "CEX_Put": 20076524.848,
    "CEX_Total": 14061757.724,
    "CEX_Ratio": -0.299592
}