{
    "timestamp": "2025-08-22 11:59:48",
    "cum_gam": null,
    "cum_vec": 7548.155659565971,
    "DEX_Call": 7516.273,
    "DEX_Put": -3275.88,
    "DEX_Total": 4240.393,
    "DEX_Ratio": 2.294429,
    "GEX_Call": 16657425.02,
    "GEX_Put": -10031008.205,
    "GEX_Total": 6626416.815,
    "GEX_Ratio": 1.660593,
    "VEX_Call": 2356835.356,
    "VEX_Put": 28448191.326,
    "VEX_Total": 30805026.682,
    "VEX_Ratio": 0.082847,
    "CEX_Call": 20168880.507,
    "CEX_Put": 23864291.295,
    "CEX_Total": 44033171.802,
    "CEX_Ratio": 0.845149
}