{
    "timestamp": "2025-11-06 11:04:06",
    "cum_gam": 6466.584355953706,
    "cum_vec": 7962.890282871712,
    "DEX_Call": 8205.684,
    "DEX_Put": -6988.553,
    "DEX_Total": 1217.131,
    "DEX_Ratio": 1.174161,
    "GEX_Call": 12280877.319,
    "GEX_Put": -15230434.922,
    "GEX_Total": -2949557.603,
    "GEX_Ratio": 0.806338,
    "VEX_Call": -5356606.705,
    "VEX_Put": 32006270.823,
    "VEX_Total": 26649664.118,
    "VEX_Ratio": -0.167361,
    "CEX_Call": -16321138.312,
    "CEX_Put": 7064897.251,
    "CEX_Total": -9256241.061,
    "CEX_Ratio": -2.310173
}