{
    "timestamp": "2025-11-21 08:26:45",
    "cum_gam": 6461.363691079019,
    "cum_vec": 7993.491744131231,
    "DEX_Call": 9458.119,
    "DEX_Put": -9931.879,
    "DEX_Total": -473.76,
    "DEX_Ratio": 0.952299,
    "GEX_Call": 10433513.575,
    "GEX_Put": -14339635.842,
    "GEX_Total": -3906122.267,
    "GEX_Ratio": 0.7276,
    "VEX_Call": -8300289.648,
    "VEX_Put": 27027086.286,
    "VEX_Total": 18726796.638,
    "VEX_Ratio": -0.30711,
    "CEX_Call": -15434552.384,
    "CEX_Put": 27015082.407,
    "CEX_Total": 11580530.023,
    "CEX_Ratio": -0.571331
}