{
    "timestamp": "2025-11-18 13:09:05",
    "cum_gam": 6585.961955424834,
    "cum_vec": 7983.986483501127,
    "DEX_Call": 10973.772,
    "DEX_Put": -9352.601,
    "DEX_Total": 1621.171,
    "DEX_Ratio": 1.173339,
    "GEX_Call": 12576609.39,
    "GEX_Put": -17173028.994,
    "GEX_Total": -4596419.604,
    "GEX_Ratio": 0.732347,
    "VEX_Call": -6079741.779,
    "VEX_Put": 29563243.812,
    "VEX_Total": 23483502.033,
    "VEX_Ratio": -0.205652,
    "CEX_Call": -27122224.946,
    "CEX_Put": 27694729.683,
    "CEX_Total": 572504.737,
    "CEX_Ratio": -0.979328
}