{
    "timestamp": "2025-08-20 09:16:13",
    "cum_gam": 6232.807911340222,
    "cum_vec": 7500.640463853113,
    "DEX_Call": 8547.881,
    "DEX_Put": -4930.128,
    "DEX_Total": 3617.753,
    "DEX_Ratio": 1.733805,
    "GEX_Call": 11549746.784,
    "GEX_Put": -14635193.341,
    "GEX_Total": -3085446.557,
    "GEX_Ratio": 0.789176,
    "VEX_Call": 1684422.218,
    "VEX_Put": 28933171.763,
    "VEX_Total": 30617593.981,
    "VEX_Ratio": 0.058218,
    "CEX_Call": -8573127.714,
    "CEX_Put": 16083848.545,
    "CEX_Total": 7510720.831,
    "CEX_Ratio": -0.533027
}