{
    "timestamp": "2025-10-01 09:39:05",
    "cum_gam": null,
    "cum_vec": 8051.2453074369905,
    "DEX_Call": 9140.036,
    "DEX_Put": -3964.08,
    "DEX_Total": 5175.956,
    "DEX_Ratio": 2.305714,
    "GEX_Call": 16778492.973,
    "GEX_Put": -11452273.875,
    "GEX_Total": 5326219.098,
    "GEX_Ratio": 1.46508,
    "VEX_Call": 530133.984,
    "VEX_Put": 33470457.06,
    "VEX_Total": 34000591.044,
    "VEX_Ratio": 0.015839,
    "CEX_Call": -11802040.796,
    "CEX_Put": 26883596.644,
    "CEX_Total": 15081555.848,
    "CEX_Ratio": -0.439005
}