{
    "timestamp": "2026-07-20 08:57:50",
    "cum_gam": 6625.5540502891345,
    "cum_vec": 9104.291622712279,
    "DEX_Call": 9365.957,
    "DEX_Put": -8498.558,
    "DEX_Total": 867.399,
    "DEX_Ratio": 1.102064,
    "GEX_Call": 15422377.847,
    "GEX_Put": -16268671.834,
    "GEX_Total": -846293.987,
    "GEX_Ratio": 0.94798,
    "VEX_Call": -6748337.069,
    "VEX_Put": 29715983.808,
    "VEX_Total": 22967646.739,
    "VEX_Ratio": -0.227095,
    "CEX_Call": -15121162.688,
    "CEX_Put": 11835255.606,
    "CEX_Total": -3285907.082,
    "CEX_Ratio": -1.277637
}