{
    "timestamp": "2025-11-05 10:27:11",
    "cum_gam": null,
    "cum_vec": 7957.066955421786,
    "DEX_Call": 9510.558,
    "DEX_Put": -5141.511,
    "DEX_Total": 4369.047,
    "DEX_Ratio": 1.849759,
    "GEX_Call": 15937857.035,
    "GEX_Put": -13120851.457,
    "GEX_Total": 2817005.578,
    "GEX_Ratio": 1.214697,
    "VEX_Call": -925120.42,
    "VEX_Put": 34510714.03,
    "VEX_Total": 33585593.61,
    "VEX_Ratio": -0.026807,
    "CEX_Call": -12062779.168,
    "CEX_Put": 21374850.967,
    "CEX_Total": 9312071.799,
    "CEX_Ratio": -0.564344
}