{
    "timestamp": "2025-08-04 08:02:31",
    "cum_gam": 7002.368663878952,
    "cum_vec": 7522.850958286358,
    "DEX_Call": 8029.734,
    "DEX_Put": -4635.574,
    "DEX_Total": 3394.16,
    "DEX_Ratio": 1.732198,
    "GEX_Call": 11952072.064,
    "GEX_Put": -11489232.208,
    "GEX_Total": 462839.856,
    "GEX_Ratio": 1.040285,
    "VEX_Call": 1986122.296,
    "VEX_Put": 28220946.872,
    "VEX_Total": 30207069.168,
    "VEX_Ratio": 0.070378,
    "CEX_Call": -2968679.573,
    "CEX_Put": 16476681.213,
    "CEX_Total": 13508001.64,
    "CEX_Ratio": -0.180175
}