{
    "timestamp": "2025-08-13 11:01:16",
    "cum_gam": null,
    "cum_vec": 7568.016272476333,
    "DEX_Call": 8540.258,
    "DEX_Put": -3216.847,
    "DEX_Total": 5323.411,
    "DEX_Ratio": 2.654854,
    "GEX_Call": 19155346.886,
    "GEX_Put": -10408041.646,
    "GEX_Total": 8747305.24,
    "GEX_Ratio": 1.840437,
    "VEX_Call": 2831718.152,
    "VEX_Put": 30613918.828,
    "VEX_Total": 33445636.98,
    "VEX_Ratio": 0.092498,
    "CEX_Call": -10272003.898,
    "CEX_Put": 23788406.683,
    "CEX_Total": 13516402.785,
    "CEX_Ratio": -0.431807
}