{
    "timestamp": "2025-08-20 12:44:38",
    "cum_gam": 6083.110064282118,
    "cum_vec": 7507.708823483586,
    "DEX_Call": 8771.321,
    "DEX_Put": -4427.193,
    "DEX_Total": 4344.128,
    "DEX_Ratio": 1.981238,
    "GEX_Call": 12385854.261,
    "GEX_Put": -14532871.787,
    "GEX_Total": -2147017.526,
    "GEX_Ratio": 0.852265,
    "VEX_Call": 2162049.037,
    "VEX_Put": 28883547.411,
    "VEX_Total": 31045596.448,
    "VEX_Ratio": 0.074854,
    "CEX_Call": -16007003.861,
    "CEX_Put": 24786421.769,
    "CEX_Total": 8779417.908,
    "CEX_Ratio": -0.645797
}