{
    "timestamp": "2025-08-21 11:54:58",
    "cum_gam": 6000.192098059203,
    "cum_vec": 7518.806710425493,
    "DEX_Call": 8575.464,
    "DEX_Put": -5076.598,
    "DEX_Total": 3498.866,
    "DEX_Ratio": 1.689215,
    "GEX_Call": 11951193.485,
    "GEX_Put": -13690197.444,
    "GEX_Total": -1739003.959,
    "GEX_Ratio": 0.872975,
    "VEX_Call": 1398073.732,
    "VEX_Put": 28294887.68,
    "VEX_Total": 29692961.412,
    "VEX_Ratio": 0.049411,
    "CEX_Call": -13031730.253,
    "CEX_Put": 15540062.803,
    "CEX_Total": 2508332.55,
    "CEX_Ratio": -0.838589
}