{
    "timestamp": "2025-09-08 11:02:04",
    "cum_gam": null,
    "cum_vec": 7535.6707590696205,
    "DEX_Call": 7091.094,
    "DEX_Put": -3440.798,
    "DEX_Total": 3650.296,
    "DEX_Ratio": 2.060886,
    "GEX_Call": 16634865.538,
    "GEX_Put": -13492159.688,
    "GEX_Total": 3142705.85,
    "GEX_Ratio": 1.232928,
    "VEX_Call": 1371977.234,
    "VEX_Put": 26721497.33,
    "VEX_Total": 28093474.564,
    "VEX_Ratio": 0.051344,
    "CEX_Call": -10841402.908,
    "CEX_Put": 24474689.815,
    "CEX_Total": 13633286.907,
    "CEX_Ratio": -0.442964
}