{
    "timestamp": "2025-08-08 11:24:01",
    "cum_gam": null,
    "cum_vec": 7517.091597941387,
    "DEX_Call": 9118.333,
    "DEX_Put": -3496.629,
    "DEX_Total": 5621.704,
    "DEX_Ratio": 2.60775,
    "GEX_Call": 18470598.879,
    "GEX_Put": -10152881.134,
    "GEX_Total": 8317717.745,
    "GEX_Ratio": 1.819247,
    "VEX_Call": 3551894.55,
    "VEX_Put": 28746336.925,
    "VEX_Total": 32298231.475,
    "VEX_Ratio": 0.12356,
    "CEX_Call": -3540225.482,
    "CEX_Put": 23487971.007,
    "CEX_Total": 19947745.525,
    "CEX_Ratio": -0.150725
}