{
    "timestamp": "2025-07-09 08:27:29",
    "cum_gam": null,
    "cum_vec": 7474.812002153852,
    "DEX_Call": 9058.658,
    "DEX_Put": -3474.131,
    "DEX_Total": 5584.527,
    "DEX_Ratio": 2.60746,
    "GEX_Call": 13196116.972,
    "GEX_Put": -9073591.459,
    "GEX_Total": 4122525.513,
    "GEX_Ratio": 1.454343,
    "VEX_Call": 2726701.21,
    "VEX_Put": 26364941.831,
    "VEX_Total": 29091643.041,
    "VEX_Ratio": 0.103421,
    "CEX_Call": -7658163.632,
    "CEX_Put": 16793337.145,
    "CEX_Total": 9135173.513,
    "CEX_Ratio": -0.456024
}