{
    "timestamp": "2025-07-31 12:45:29",
    "cum_gam": null,
    "cum_vec": 7502.566548679553,
    "DEX_Call": 9105.367,
    "DEX_Put": -4166.529,
    "DEX_Total": 4938.838,
    "DEX_Ratio": 2.18536,
    "GEX_Call": 12758313.778,
    "GEX_Put": -12130051.871,
    "GEX_Total": 628261.907,
    "GEX_Ratio": 1.051794,
    "VEX_Call": 3905390.497,
    "VEX_Put": 29204029.152,
    "VEX_Total": 33109419.649,
    "VEX_Ratio": 0.133728,
    "CEX_Call": -25868333.725,
    "CEX_Put": 28767996.197,
    "CEX_Total": 2899662.472,
    "CEX_Ratio": -0.899205
}