{
    "timestamp": "2025-09-12 11:14:28",
    "cum_gam": null,
    "cum_vec": 8053.8325151968265,
    "DEX_Call": 10904.611,
    "DEX_Put": -3502.35,
    "DEX_Total": 7402.261,
    "DEX_Ratio": 3.113513,
    "GEX_Call": 22061425.227,
    "GEX_Put": -12868621.494,
    "GEX_Total": 9192803.733,
    "GEX_Ratio": 1.714358,
    "VEX_Call": 4804457.278,
    "VEX_Put": 38017755.703,
    "VEX_Total": 42822212.981,
    "VEX_Ratio": 0.126374,
    "CEX_Call": -2885708.054,
    "CEX_Put": 31972225.138,
    "CEX_Total": 29086517.084,
    "CEX_Ratio": -0.090257
}