{
    "timestamp": "2025-07-24 09:04:34",
    "cum_gam": null,
    "cum_vec": 7502.388494784909,
    "DEX_Call": 9584.515,
    "DEX_Put": -2981.957,
    "DEX_Total": 6602.558,
    "DEX_Ratio": 3.214169,
    "GEX_Call": 16334262.579,
    "GEX_Put": -8383330.772,
    "GEX_Total": 7950931.807,
    "GEX_Ratio": 1.948422,
    "VEX_Call": 4495680.633,
    "VEX_Put": 28346106.424,
    "VEX_Total": 32841787.057,
    "VEX_Ratio": 0.1586,
    "CEX_Call": -6301377.893,
    "CEX_Put": 18235558.798,
    "CEX_Total": 11934180.905,
    "CEX_Ratio": -0.345554
}