{
    "timestamp": "2025-11-12 09:08:33",
    "cum_gam": null,
    "cum_vec": 8016.046333931037,
    "DEX_Call": 10782.826,
    "DEX_Put": -5155.414,
    "DEX_Total": 5627.412,
    "DEX_Ratio": 2.091554,
    "GEX_Call": 18551389.003,
    "GEX_Put": -13498841.445,
    "GEX_Total": 5052547.558,
    "GEX_Ratio": 1.374295,
    "VEX_Call": -1066628.625,
    "VEX_Put": 36765589.755,
    "VEX_Total": 35698961.13,
    "VEX_Ratio": -0.029012,
    "CEX_Call": -18585905.861,
    "CEX_Put": 24859815.765,
    "CEX_Total": 6273909.904,
    "CEX_Ratio": -0.747628
}