{
    "timestamp": "2025-09-16 10:20:48",
    "cum_gam": null,
    "cum_vec": 7856.288078025233,
    "DEX_Call": 18918.751,
    "DEX_Put": -3701.169,
    "DEX_Total": 15217.582,
    "DEX_Ratio": 5.111561,
    "GEX_Call": 19524174.091,
    "GEX_Put": -13899202.568,
    "GEX_Total": 5624971.523,
    "GEX_Ratio": 1.404697,
    "VEX_Call": 9474098.355,
    "VEX_Put": 38993340.951,
    "VEX_Total": 48467439.306,
    "VEX_Ratio": 0.242967,
    "CEX_Call": 4803365.396,
    "CEX_Put": 37749388.376,
    "CEX_Total": 42552753.772,
    "CEX_Ratio": 0.127244
}