{
    "timestamp": "2025-09-29 08:23:23",
    "cum_gam": null,
    "cum_vec": 8018.430607994498,
    "DEX_Call": 8680.069,
    "DEX_Put": -3238.504,
    "DEX_Total": 5441.565,
    "DEX_Ratio": 2.680271,
    "GEX_Call": 15403221.111,
    "GEX_Put": -10443656.527,
    "GEX_Total": 4959564.584,
    "GEX_Ratio": 1.474888,
    "VEX_Call": -189398.529,
    "VEX_Put": 27763674.636,
    "VEX_Total": 27574276.107,
    "VEX_Ratio": -0.006822,
    "CEX_Call": -8479987.589,
    "CEX_Put": 23297903.87,
    "CEX_Total": 14817916.281,
    "CEX_Ratio": -0.363981
}