{
    "timestamp": "2025-11-13 11:33:36",
    "cum_gam": 6250.730441594306,
    "cum_vec": 7990.454840650818,
    "DEX_Call": 11355.105,
    "DEX_Put": -7251.401,
    "DEX_Total": 4103.704,
    "DEX_Ratio": 1.565919,
    "GEX_Call": 13675029.136,
    "GEX_Put": -15641067.447,
    "GEX_Total": -1966038.311,
    "GEX_Ratio": 0.874303,
    "VEX_Call": -4156714.093,
    "VEX_Put": 34995236.533,
    "VEX_Total": 30838522.44,
    "VEX_Ratio": -0.118779,
    "CEX_Call": -14994065.93,
    "CEX_Put": 28097333.475,
    "CEX_Total": 13103267.545,
    "CEX_Ratio": -0.533647
}