{
    "timestamp": "2025-10-17 08:48:00",
    "cum_gam": 6000.387640057828,
    "cum_vec": 8071.788986775543,
    "DEX_Call": 10235.017,
    "DEX_Put": -6954.856,
    "DEX_Total": 3280.161,
    "DEX_Ratio": 1.471636,
    "GEX_Call": 10776502.427,
    "GEX_Put": -12275358.579,
    "GEX_Total": -1498856.152,
    "GEX_Ratio": 0.877897,
    "VEX_Call": -1946868.116,
    "VEX_Put": 37737858.101,
    "VEX_Total": 35790989.985,
    "VEX_Ratio": -0.051589,
    "CEX_Call": -14270381.775,
    "CEX_Put": 23567161.875,
    "CEX_Total": 9296780.1,
    "CEX_Ratio": -0.60552
}