{
    "timestamp": "2025-09-09 11:29:13",
    "cum_gam": null,
    "cum_vec": 7545.633609778611,
    "DEX_Call": 7769.861,
    "DEX_Put": -3156.992,
    "DEX_Total": 4612.869,
    "DEX_Ratio": 2.46116,
    "GEX_Call": 18045992.697,
    "GEX_Put": -12752431.115,
    "GEX_Total": 5293561.582,
    "GEX_Ratio": 1.415102,
    "VEX_Call": 2072506.9,
    "VEX_Put": 27578901.516,
    "VEX_Total": 29651408.416,
    "VEX_Ratio": 0.075148,
    "CEX_Call": -5014993.75,
    "CEX_Put": 24701348.874,
    "CEX_Total": 19686355.124,
    "CEX_Ratio": -0.203025
}