{
    "timestamp": "2025-09-30 10:19:58",
    "cum_gam": null,
    "cum_vec": 8044.471942653908,
    "DEX_Call": 9382.072,
    "DEX_Put": -4538.424,
    "DEX_Total": 4843.648,
    "DEX_Ratio": 2.067253,
    "GEX_Call": 14715144.415,
    "GEX_Put": -13667446.328,
    "GEX_Total": 1047698.087,
    "GEX_Ratio": 1.076656,
    "VEX_Call": -13577.327,
    "VEX_Put": 31181320.804,
    "VEX_Total": 31167743.477,
    "VEX_Ratio": -0.000435,
    "CEX_Call": -9303736.044,
    "CEX_Put": 30676426.187,
    "CEX_Total": 21372690.143,
    "CEX_Ratio": -0.303286
}