{
    "timestamp": "2025-09-17 06:27:38",
    "cum_gam": 8586.27449591036,
    "cum_vec": 8760.167576208589,
    "DEX_Call": 18949.617,
    "DEX_Put": -4241.858,
    "DEX_Total": 14707.759,
    "DEX_Ratio": 4.467292,
    "GEX_Call": 18383125.171,
    "GEX_Put": -14351669.326,
    "GEX_Total": 4031455.845,
    "GEX_Ratio": 1.280905,
    "VEX_Call": 11818712.887,
    "VEX_Put": 40875957.906,
    "VEX_Total": 52694670.793,
    "VEX_Ratio": 0.289136,
    "CEX_Call": 17201419.777,
    "CEX_Put": 49720333.87,
    "CEX_Total": 66921753.647,
    "CEX_Ratio": 0.345963
}