{
    "timestamp": "2025-10-21 11:38:26",
    "cum_gam": null,
    "cum_vec": 8056.110660465645,
    "DEX_Call": 10603.803,
    "DEX_Put": -4556.398,
    "DEX_Total": 6047.405,
    "DEX_Ratio": 2.327234,
    "GEX_Call": 16694311.796,
    "GEX_Put": -11410996.113,
    "GEX_Total": 5283315.683,
    "GEX_Ratio": 1.463002,
    "VEX_Call": 528132.883,
    "VEX_Put": 36445831.718,
    "VEX_Total": 36973964.601,
    "VEX_Ratio": 0.014491,
    "CEX_Call": -15533409.998,
    "CEX_Put": 23924149.273,
    "CEX_Total": 8390739.275,
    "CEX_Ratio": -0.649277
}