{
    "timestamp": "2025-08-04 10:01:20",
    "cum_gam": 7002.297964691396,
    "cum_vec": 7534.751509357129,
    "DEX_Call": 8049.331,
    "DEX_Put": -4447.311,
    "DEX_Total": 3602.02,
    "DEX_Ratio": 1.809932,
    "GEX_Call": 12253466.649,
    "GEX_Put": -11317436.638,
    "GEX_Total": 936030.011,
    "GEX_Ratio": 1.082707,
    "VEX_Call": 2282417.323,
    "VEX_Put": 28315064.848,
    "VEX_Total": 30597482.171,
    "VEX_Ratio": 0.080608,
    "CEX_Call": -4443948.796,
    "CEX_Put": 16480709.733,
    "CEX_Total": 12036760.937,
    "CEX_Ratio": -0.269645
}