{
    "timestamp": "2025-10-08 11:10:09",
    "cum_gam": null,
    "cum_vec": 8085.246478734189,
    "DEX_Call": 11550.978,
    "DEX_Put": -4454.598,
    "DEX_Total": 7096.38,
    "DEX_Ratio": 2.593046,
    "GEX_Call": 21069721.289,
    "GEX_Put": -11997066.108,
    "GEX_Total": 9072655.181,
    "GEX_Ratio": 1.756239,
    "VEX_Call": 2373454.586,
    "VEX_Put": 38364282.987,
    "VEX_Total": 40737737.573,
    "VEX_Ratio": 0.061866,
    "CEX_Call": -5662995.821,
    "CEX_Put": 33974342.622,
    "CEX_Total": 28311346.801,
    "CEX_Ratio": -0.166684
}