{
    "timestamp": "2025-10-16 07:18:24",
    "cum_gam": null,
    "cum_vec": 8084.790575867574,
    "DEX_Call": 13526.429,
    "DEX_Put": -6138.635,
    "DEX_Total": 7387.794,
    "DEX_Ratio": 2.203491,
    "GEX_Call": 17579923.171,
    "GEX_Put": -14918548.498,
    "GEX_Total": 2661374.673,
    "GEX_Ratio": 1.178394,
    "VEX_Call": -118000.331,
    "VEX_Put": 40308861.653,
    "VEX_Total": 40190861.322,
    "VEX_Ratio": -0.002927,
    "CEX_Call": -12694096.172,
    "CEX_Put": 34938861.418,
    "CEX_Total": 22244765.246,
    "CEX_Ratio": -0.363323
}