{
    "timestamp": "2025-10-13 12:39:55",
    "cum_gam": 5342.617336786606,
    "cum_vec": 8335.074737309456,
    "DEX_Call": 10554.944,
    "DEX_Put": -5650.153,
    "DEX_Total": 4904.791,
    "DEX_Ratio": 1.868081,
    "GEX_Call": 14379461.832,
    "GEX_Put": -14769195.669,
    "GEX_Total": -389733.837,
    "GEX_Ratio": 0.973612,
    "VEX_Call": -1806491.899,
    "VEX_Put": 34734790.562,
    "VEX_Total": 32928298.663,
    "VEX_Ratio": -0.052008,
    "CEX_Call": -6318589.243,
    "CEX_Put": 29112483.388,
    "CEX_Total": 22793894.145,
    "CEX_Ratio": -0.217041
}