{
    "timestamp": "2025-08-28 10:10:54",
    "cum_gam": null,
    "cum_vec": 7533.481932353433,
    "DEX_Call": 7630.016,
    "DEX_Put": -3205.266,
    "DEX_Total": 4424.75,
    "DEX_Ratio": 2.380463,
    "GEX_Call": 16985159.894,
    "GEX_Put": -11293507.873,
    "GEX_Total": 5691652.021,
    "GEX_Ratio": 1.503976,
    "VEX_Call": 2176571.323,
    "VEX_Put": 28746547.861,
    "VEX_Total": 30923119.184,
    "VEX_Ratio": 0.075716,
    "CEX_Call": -6845925.738,
    "CEX_Put": 20488416.47,
    "CEX_Total": 13642490.732,
    "CEX_Ratio": -0.334136
}