{
    "timestamp": "2025-07-18 08:52:48",
    "cum_gam": null,
    "cum_vec": 7467.68060191894,
    "DEX_Call": 8233.914,
    "DEX_Put": -3393.672,
    "DEX_Total": 4840.242,
    "DEX_Ratio": 2.426255,
    "GEX_Call": 14825269.057,
    "GEX_Put": -9698050.048,
    "GEX_Total": 5127219.009,
    "GEX_Ratio": 1.528686,
    "VEX_Call": 2984667.053,
    "VEX_Put": 26841859.298,
    "VEX_Total": 29826526.351,
    "VEX_Ratio": 0.111194,
    "CEX_Call": -8480584.035,
    "CEX_Put": 15843474.481,
    "CEX_Total": 7362890.446,
    "CEX_Ratio": -0.535273
}