{
    "timestamp": "2025-10-10 09:15:54",
    "cum_gam": 6439.006346830208,
    "cum_vec": 8060.279177927761,
    "DEX_Call": 10323.394,
    "DEX_Put": -7320.738,
    "DEX_Total": 3002.656,
    "DEX_Ratio": 1.410158,
    "GEX_Call": 12533996.296,
    "GEX_Put": -15999081.812,
    "GEX_Total": -3465085.516,
    "GEX_Ratio": 0.78342,
    "VEX_Call": -1781223.13,
    "VEX_Put": 37764064.361,
    "VEX_Total": 35982841.231,
    "VEX_Ratio": -0.047167,
    "CEX_Call": -18124926.552,
    "CEX_Put": 23977469.719,
    "CEX_Total": 5852543.167,
    "CEX_Ratio": -0.755915
}