{
    "timestamp": "2025-08-21 08:39:44",
    "cum_gam": 5603.214580444606,
    "cum_vec": 7519.736250466725,
    "DEX_Call": 8899.723,
    "DEX_Put": -4832.978,
    "DEX_Total": 4066.745,
    "DEX_Ratio": 1.841457,
    "GEX_Call": 12580522.785,
    "GEX_Put": -13354423.163,
    "GEX_Total": -773900.378,
    "GEX_Ratio": 0.942049,
    "VEX_Call": 1607827.358,
    "VEX_Put": 28841086.414,
    "VEX_Total": 30448913.772,
    "VEX_Ratio": 0.055748,
    "CEX_Call": -10365103.472,
    "CEX_Put": 17066059.384,
    "CEX_Total": 6700955.912,
    "CEX_Ratio": -0.607352
}