{
    "timestamp": "2025-10-29 11:11:19",
    "cum_gam": null,
    "cum_vec": 8086.64375214016,
    "DEX_Call": 10820.725,
    "DEX_Put": -3876.427,
    "DEX_Total": 6944.298,
    "DEX_Ratio": 2.791417,
    "GEX_Call": 18573621.405,
    "GEX_Put": -11026473.654,
    "GEX_Total": 7547147.751,
    "GEX_Ratio": 1.684457,
    "VEX_Call": 4077797.868,
    "VEX_Put": 37733577.386,
    "VEX_Total": 41811375.254,
    "VEX_Ratio": 0.108068,
    "CEX_Call": -27789129.342,
    "CEX_Put": 49396105.224,
    "CEX_Total": 21606975.882,
    "CEX_Ratio": -0.562577
}