{
    "timestamp": "2025-07-01 09:08:08",
    "cum_gam": null,
    "cum_vec": 7435.820752251796,
    "DEX_Call": 8055.392,
    "DEX_Put": -3340.45,
    "DEX_Total": 4714.942,
    "DEX_Ratio": 2.411469,
    "GEX_Call": 12743513.004,
    "GEX_Put": -11064429.127,
    "GEX_Total": 1679083.877,
    "GEX_Ratio": 1.151755,
    "VEX_Call": 2995970.365,
    "VEX_Put": 24594246.677,
    "VEX_Total": 27590217.042,
    "VEX_Ratio": 0.121816,
    "CEX_Call": -14313318.316,
    "CEX_Put": 33907601.707,
    "CEX_Total": 19594283.391,
    "CEX_Ratio": -0.422127
}