{
    "timestamp": "2025-10-06 08:44:15",
    "cum_gam": null,
    "cum_vec": 7853.617427492876,
    "DEX_Call": 9133.595,
    "DEX_Put": -3709.479,
    "DEX_Total": 5424.116,
    "DEX_Ratio": 2.462231,
    "GEX_Call": 15833925.423,
    "GEX_Put": -10490691.591,
    "GEX_Total": 5343233.832,
    "GEX_Ratio": 1.509331,
    "VEX_Call": 983891.428,
    "VEX_Put": 30375078.368,
    "VEX_Total": 31358969.796,
    "VEX_Ratio": 0.032391,
    "CEX_Call": -7015145.873,
    "CEX_Put": 19320503.091,
    "CEX_Total": 12305357.218,
    "CEX_Ratio": -0.363093
}