{
    "timestamp": "2026-07-21 12:27:18",
    "cum_gam": null,
    "cum_vec": 9175.920360631104,
    "DEX_Call": 10029.033,
    "DEX_Put": -8127.365,
    "DEX_Total": 1901.668,
    "DEX_Ratio": 1.233983,
    "GEX_Call": 18078407.12,
    "GEX_Put": -15426627.01,
    "GEX_Total": 2651780.11,
    "GEX_Ratio": 1.171896,
    "VEX_Call": -6156708.154,
    "VEX_Put": 30104133.26,
    "VEX_Total": 23947425.106,
    "VEX_Ratio": -0.204514,
    "CEX_Call": -6108687.568,
    "CEX_Put": 20142491.464,
    "CEX_Total": 14033803.896,
    "CEX_Ratio": -0.303274
}