{
    "timestamp": "2025-09-25 10:34:45",
    "cum_gam": 6401.554568101039,
    "cum_vec": 7815.838473862163,
    "DEX_Call": 8904.433,
    "DEX_Put": -5382.425,
    "DEX_Total": 3522.008,
    "DEX_Ratio": 1.654353,
    "GEX_Call": 12431877.234,
    "GEX_Put": -15302350.231,
    "GEX_Total": -2870472.997,
    "GEX_Ratio": 0.812416,
    "VEX_Call": -387332.027,
    "VEX_Put": 31441440.241,
    "VEX_Total": 31054108.214,
    "VEX_Ratio": -0.012319,
    "CEX_Call": -11013922.486,
    "CEX_Put": 16375344.679,
    "CEX_Total": 5361422.193,
    "CEX_Ratio": -0.672592
}