{
    "timestamp": "2025-08-18 09:30:29",
    "cum_gam": null,
    "cum_vec": 7554.329477069636,
    "DEX_Call": 9455.493,
    "DEX_Put": -3484.768,
    "DEX_Total": 5970.725,
    "DEX_Ratio": 2.713378,
    "GEX_Call": 13651992.315,
    "GEX_Put": -11114278.386,
    "GEX_Total": 2537713.929,
    "GEX_Ratio": 1.228329,
    "VEX_Call": 3121869.85,
    "VEX_Put": 28515561.094,
    "VEX_Total": 31637430.944,
    "VEX_Ratio": 0.10948,
    "CEX_Call": -6667343.772,
    "CEX_Put": 15181655.407,
    "CEX_Total": 8514311.635,
    "CEX_Ratio": -0.439171
}