{
    "timestamp": "2025-09-05 11:18:57",
    "cum_gam": 6304.149267530839,
    "cum_vec": 7504.949921411609,
    "DEX_Call": 7155.632,
    "DEX_Put": -3977.454,
    "DEX_Total": 3178.178,
    "DEX_Ratio": 1.799048,
    "GEX_Call": 16754591.347,
    "GEX_Put": -20281334.741,
    "GEX_Total": -3526743.394,
    "GEX_Ratio": 0.826109,
    "VEX_Call": 472834.983,
    "VEX_Put": 29506293.714,
    "VEX_Total": 29979128.697,
    "VEX_Ratio": 0.016025,
    "CEX_Call": -24825056.433,
    "CEX_Put": 84781900.227,
    "CEX_Total": 59956843.794,
    "CEX_Ratio": -0.292811
}