{
    "timestamp": "2025-10-24 11:16:38",
    "cum_gam": null,
    "cum_vec": 8056.427312871953,
    "DEX_Call": 10190.344,
    "DEX_Put": -4061.748,
    "DEX_Total": 6128.596,
    "DEX_Ratio": 2.508857,
    "GEX_Call": 20718240.847,
    "GEX_Put": -9587428.875,
    "GEX_Total": 11130811.972,
    "GEX_Ratio": 2.16098,
    "VEX_Call": 1760328.419,
    "VEX_Put": 37491064.632,
    "VEX_Total": 39251393.051,
    "VEX_Ratio": 0.046953,
    "CEX_Call": -2687460.691,
    "CEX_Put": 31298491.426,
    "CEX_Total": 28611030.735,
    "CEX_Ratio": -0.085866
}