{
    "timestamp": "2025-07-23 06:51:24",
    "cum_gam": null,
    "cum_vec": 7489.058714411899,
    "DEX_Call": 8700.535,
    "DEX_Put": -3466.293,
    "DEX_Total": 5234.242,
    "DEX_Ratio": 2.51004,
    "GEX_Call": 14223499.602,
    "GEX_Put": -9572273.968,
    "GEX_Total": 4651225.634,
    "GEX_Ratio": 1.485906,
    "VEX_Call": 3107949.765,
    "VEX_Put": 28210648.587,
    "VEX_Total": 31318598.352,
    "VEX_Ratio": 0.110169,
    "CEX_Call": -9079469.914,
    "CEX_Put": 17282481.596,
    "CEX_Total": 8203011.682,
    "CEX_Ratio": -0.525357
}