{
    "timestamp": "2025-08-19 11:48:07",
    "cum_gam": 6002.509344674208,
    "cum_vec": 7530.721705952953,
    "DEX_Call": 8906.472,
    "DEX_Put": -4371.648,
    "DEX_Total": 4534.824,
    "DEX_Ratio": 2.037326,
    "GEX_Call": 11742058.4,
    "GEX_Put": -13475534.628,
    "GEX_Total": -1733476.228,
    "GEX_Ratio": 0.871361,
    "VEX_Call": 2490450.519,
    "VEX_Put": 28370810.087,
    "VEX_Total": 30861260.606,
    "VEX_Ratio": 0.087782,
    "CEX_Call": -8091275.955,
    "CEX_Put": 14710491.523,
    "CEX_Total": 6619215.568,
    "CEX_Ratio": -0.550034
}