{
    "timestamp": "2025-10-07 12:46:13",
    "cum_gam": null,
    "cum_vec": 8058.728915067439,
    "DEX_Call": 9366.57,
    "DEX_Put": -4415.96,
    "DEX_Total": 4950.61,
    "DEX_Ratio": 2.121072,
    "GEX_Call": 14652664.836,
    "GEX_Put": -13320350.104,
    "GEX_Total": 1332314.732,
    "GEX_Ratio": 1.100021,
    "VEX_Call": 224871.046,
    "VEX_Put": 32758519.424,
    "VEX_Total": 32983390.47,
    "VEX_Ratio": 0.006865,
    "CEX_Call": -23776089.083,
    "CEX_Put": 20290581.483,
    "CEX_Total": -3485507.6,
    "CEX_Ratio": -1.17178
}