{
    "timestamp": "2025-10-09 08:04:56",
    "cum_gam": null,
    "cum_vec": 8084.316048609885,
    "DEX_Call": 11051.49,
    "DEX_Put": -4907.274,
    "DEX_Total": 6144.216,
    "DEX_Ratio": 2.252063,
    "GEX_Call": 18049939.932,
    "GEX_Put": -15443038.191,
    "GEX_Total": 2606901.741,
    "GEX_Ratio": 1.168808,
    "VEX_Call": 567990.214,
    "VEX_Put": 39034209.61,
    "VEX_Total": 39602199.824,
    "VEX_Ratio": 0.014551,
    "CEX_Call": -20075134.226,
    "CEX_Put": 32555152.015,
    "CEX_Total": 12480017.789,
    "CEX_Ratio": -0.61665
}