{
    "timestamp": "2025-09-30 12:21:40",
    "cum_gam": null,
    "cum_vec": 8049.446542276743,
    "DEX_Call": 9649.28,
    "DEX_Put": -4115.949,
    "DEX_Total": 5533.331,
    "DEX_Ratio": 2.344363,
    "GEX_Call": 15800677.866,
    "GEX_Put": -11959441.867,
    "GEX_Total": 3841235.999,
    "GEX_Ratio": 1.321189,
    "VEX_Call": 1060842.552,
    "VEX_Put": 31576019.185,
    "VEX_Total": 32636861.737,
    "VEX_Ratio": 0.033596,
    "CEX_Call": -16196281.253,
    "CEX_Put": 44202236.347,
    "CEX_Total": 28005955.094,
    "CEX_Ratio": -0.366413
}