{
    "timestamp": "2025-11-19 10:30:51",
    "cum_gam": 6450.313087685062,
    "cum_vec": 7976.410489226182,
    "DEX_Call": 11040.045,
    "DEX_Put": -9541.992,
    "DEX_Total": 1498.053,
    "DEX_Ratio": 1.156996,
    "GEX_Call": 13216741.249,
    "GEX_Put": -16520265.129,
    "GEX_Total": -3303523.88,
    "GEX_Ratio": 0.800032,
    "VEX_Call": -7083094.771,
    "VEX_Put": 29880955.231,
    "VEX_Total": 22797860.46,
    "VEX_Ratio": -0.237044,
    "CEX_Call": -19425870.308,
    "CEX_Put": 21778056.541,
    "CEX_Total": 2352186.233,
    "CEX_Ratio": -0.891993
}