{
    "timestamp": "2025-08-22 08:30:39",
    "cum_gam": null,
    "cum_vec": 7543.048332491188,
    "DEX_Call": 7668.645,
    "DEX_Put": -3285.003,
    "DEX_Total": 4383.642,
    "DEX_Ratio": 2.334441,
    "GEX_Call": 16227626.646,
    "GEX_Put": -9932304.955,
    "GEX_Total": 6295321.691,
    "GEX_Ratio": 1.633823,
    "VEX_Call": 2450938.472,
    "VEX_Put": 29306414.516,
    "VEX_Total": 31757352.988,
    "VEX_Ratio": 0.083631,
    "CEX_Call": 1413404.217,
    "CEX_Put": 21627679.661,
    "CEX_Total": 23041083.878,
    "CEX_Ratio": 0.065352
}