{
    "timestamp": "2025-06-27 12:22:31",
    "cum_gam": null,
    "cum_vec": 7250.134180006025,
    "DEX_Call": 7354.958,
    "DEX_Put": -3286.601,
    "DEX_Total": 4068.357,
    "DEX_Ratio": 2.237862,
    "GEX_Call": 14327078.614,
    "GEX_Put": -8598638.97,
    "GEX_Total": 5728439.644,
    "GEX_Ratio": 1.666203,
    "VEX_Call": 2965990.421,
    "VEX_Put": 23726501.182,
    "VEX_Total": 26692491.603,
    "VEX_Ratio": 0.125007,
    "CEX_Call": -18601642.251,
    "CEX_Put": 30301472.52,
    "CEX_Total": 11699830.269,
    "CEX_Ratio": -0.613886
}