{
    "timestamp": "2025-08-19 07:16:47",
    "cum_gam": null,
    "cum_vec": 7549.915133970457,
    "DEX_Call": 7422.508,
    "DEX_Put": -3478.536,
    "DEX_Total": 3943.972,
    "DEX_Ratio": 2.133802,
    "GEX_Call": 13962619.608,
    "GEX_Put": -11775342.172,
    "GEX_Total": 2187277.436,
    "GEX_Ratio": 1.185751,
    "VEX_Call": 1787731.297,
    "VEX_Put": 29213309.471,
    "VEX_Total": 31001040.768,
    "VEX_Ratio": 0.061196,
    "CEX_Call": -9115035.986,
    "CEX_Put": 15750988.71,
    "CEX_Total": 6635952.724,
    "CEX_Ratio": -0.578696
}