{
    "timestamp": "2025-09-12 10:16:36",
    "cum_gam": null,
    "cum_vec": 8052.015773807333,
    "DEX_Call": 10386.857,
    "DEX_Put": -3481.229,
    "DEX_Total": 6905.628,
    "DEX_Ratio": 2.983675,
    "GEX_Call": 21421706.835,
    "GEX_Put": -12943310.22,
    "GEX_Total": 8478396.615,
    "GEX_Ratio": 1.655041,
    "VEX_Call": 4156840.013,
    "VEX_Put": 37603378.891,
    "VEX_Total": 41760218.904,
    "VEX_Ratio": 0.110544,
    "CEX_Call": -2801303.425,
    "CEX_Put": 28853011.052,
    "CEX_Total": 26051707.627,
    "CEX_Ratio": -0.097089
}