{
    "timestamp": "2025-10-03 08:19:48",
    "cum_gam": null,
    "cum_vec": 8061.872977788856,
    "DEX_Call": 9852.258,
    "DEX_Put": -3719.328,
    "DEX_Total": 6132.93,
    "DEX_Ratio": 2.648935,
    "GEX_Call": 17828285.442,
    "GEX_Put": -10060518.818,
    "GEX_Total": 7767766.624,
    "GEX_Ratio": 1.772104,
    "VEX_Call": 1777546.78,
    "VEX_Put": 33559732.548,
    "VEX_Total": 35337279.328,
    "VEX_Ratio": 0.052967,
    "CEX_Call": -2529165.639,
    "CEX_Put": 32035175.794,
    "CEX_Total": 29506010.155,
    "CEX_Ratio": -0.07895
}