{
    "timestamp": "2025-10-16 09:37:06",
    "cum_gam": 6150.210034015686,
    "cum_vec": 8083.097546478607,
    "DEX_Call": 12837.348,
    "DEX_Put": -7422.642,
    "DEX_Total": 5414.706,
    "DEX_Ratio": 1.729485,
    "GEX_Call": 13893000.83,
    "GEX_Put": -15786843.128,
    "GEX_Total": -1893842.298,
    "GEX_Ratio": 0.880037,
    "VEX_Call": -1670032.022,
    "VEX_Put": 39558132.195,
    "VEX_Total": 37888100.173,
    "VEX_Ratio": -0.042217,
    "CEX_Call": -15155341.056,
    "CEX_Put": 38661692.245,
    "CEX_Total": 23506351.189,
    "CEX_Ratio": -0.391999
}