{
    "timestamp": "2025-11-21 09:43:22",
    "cum_gam": 6444.7809491872185,
    "cum_vec": 7987.982783408085,
    "DEX_Call": 9278.252,
    "DEX_Put": -9599.287,
    "DEX_Total": -321.035,
    "DEX_Ratio": 0.966556,
    "GEX_Call": 11141051.542,
    "GEX_Put": -14605340.619,
    "GEX_Total": -3464289.077,
    "GEX_Ratio": 0.762807,
    "VEX_Call": -8142822.45,
    "VEX_Put": 27204459.562,
    "VEX_Total": 19061637.112,
    "VEX_Ratio": -0.299319,
    "CEX_Call": -16598794.005,
    "CEX_Put": 16830260.022,
    "CEX_Total": 231466.017,
    "CEX_Ratio": -0.986247
}