{
    "timestamp": "2025-09-29 09:00:07",
    "cum_gam": null,
    "cum_vec": 8023.608830611437,
    "DEX_Call": 9083.659,
    "DEX_Put": -3344.968,
    "DEX_Total": 5738.691,
    "DEX_Ratio": 2.715619,
    "GEX_Call": 15060087.952,
    "GEX_Put": -10966787.942,
    "GEX_Total": 4093300.01,
    "GEX_Ratio": 1.373245,
    "VEX_Call": 92956.715,
    "VEX_Put": 27782865.547,
    "VEX_Total": 27875822.262,
    "VEX_Ratio": 0.003346,
    "CEX_Call": -9839271.979,
    "CEX_Put": 24920644.552,
    "CEX_Total": 15081372.573,
    "CEX_Ratio": -0.394824
}