{
    "timestamp": "2025-10-17 06:39:54",
    "cum_gam": 5956.413494944441,
    "cum_vec": 8073.061008096451,
    "DEX_Call": 10268.001,
    "DEX_Put": -7093.826,
    "DEX_Total": 3174.175,
    "DEX_Ratio": 1.447456,
    "GEX_Call": 10632242.731,
    "GEX_Put": -12104513.647,
    "GEX_Total": -1472270.916,
    "GEX_Ratio": 0.87837,
    "VEX_Call": -2269223.124,
    "VEX_Put": 37685959.082,
    "VEX_Total": 35416735.958,
    "VEX_Ratio": -0.060214,
    "CEX_Call": -14098662.494,
    "CEX_Put": 22058169.229,
    "CEX_Total": 7959506.735,
    "CEX_Ratio": -0.639158
}