{
    "timestamp": "2025-07-16 08:35:34",
    "cum_gam": 5522.367068519346,
    "cum_vec": 7462.9748735140565,
    "DEX_Call": 7780.18,
    "DEX_Put": -4894.175,
    "DEX_Total": 2886.005,
    "DEX_Ratio": 1.589682,
    "GEX_Call": 12057237.64,
    "GEX_Put": -13063291.994,
    "GEX_Total": -1006054.354,
    "GEX_Ratio": 0.922986,
    "VEX_Call": 140847.592,
    "VEX_Put": 28219390.92,
    "VEX_Total": 28360238.512,
    "VEX_Ratio": 0.004991,
    "CEX_Call": -10734215.465,
    "CEX_Put": 27737783.404,
    "CEX_Total": 17003567.939,
    "CEX_Ratio": -0.386989
}