{
    "timestamp": "2025-08-06 09:29:28",
    "cum_gam": null,
    "cum_vec": 7530.14893316587,
    "DEX_Call": 8441.463,
    "DEX_Put": -4328.858,
    "DEX_Total": 4112.605,
    "DEX_Ratio": 1.950044,
    "GEX_Call": 14873240.594,
    "GEX_Put": -11580396.73,
    "GEX_Total": 3292843.864,
    "GEX_Ratio": 1.284346,
    "VEX_Call": 2382369.305,
    "VEX_Put": 29543354.965,
    "VEX_Total": 31925724.27,
    "VEX_Ratio": 0.08064,
    "CEX_Call": -8507266.22,
    "CEX_Put": 19342689.337,
    "CEX_Total": 10835423.117,
    "CEX_Ratio": -0.439818
}