{
    "timestamp": "2025-07-24 07:14:36",
    "cum_gam": null,
    "cum_vec": 7485.632059295756,
    "DEX_Call": 8417.091,
    "DEX_Put": -3079.459,
    "DEX_Total": 5337.632,
    "DEX_Ratio": 2.733302,
    "GEX_Call": 15553324.447,
    "GEX_Put": -8628699.39,
    "GEX_Total": 6924625.057,
    "GEX_Ratio": 1.802511,
    "VEX_Call": 3293199.534,
    "VEX_Put": 28332418.242,
    "VEX_Total": 31625617.776,
    "VEX_Ratio": 0.116234,
    "CEX_Call": -11449391.44,
    "CEX_Put": 16522697.315,
    "CEX_Total": 5073305.875,
    "CEX_Ratio": -0.692949
}