{
    "timestamp": "2025-10-07 10:44:55",
    "cum_gam": null,
    "cum_vec": 8057.07768212803,
    "DEX_Call": 9628.861,
    "DEX_Put": -4538.727,
    "DEX_Total": 5090.134,
    "DEX_Ratio": 2.121489,
    "GEX_Call": 14418627.209,
    "GEX_Put": -13355676.757,
    "GEX_Total": 1062950.452,
    "GEX_Ratio": 1.079588,
    "VEX_Call": -92187.227,
    "VEX_Put": 32758923.831,
    "VEX_Total": 32666736.604,
    "VEX_Ratio": -0.002814,
    "CEX_Call": -15459704.959,
    "CEX_Put": 21824665.932,
    "CEX_Total": 6364960.973,
    "CEX_Ratio": -0.708359
}