{
    "timestamp": "2025-11-13 09:41:42",
    "cum_gam": 6002.83033419567,
    "cum_vec": 7994.463464897342,
    "DEX_Call": 11531.434,
    "DEX_Put": -6832.893,
    "DEX_Total": 4698.541,
    "DEX_Ratio": 1.687636,
    "GEX_Call": 14380446.728,
    "GEX_Put": -15519803.343,
    "GEX_Total": -1139356.615,
    "GEX_Ratio": 0.926587,
    "VEX_Call": -3494895.53,
    "VEX_Put": 34189616.883,
    "VEX_Total": 30694721.353,
    "VEX_Ratio": -0.102221,
    "CEX_Call": -14841420.158,
    "CEX_Put": 19026308.139,
    "CEX_Total": 4184887.981,
    "CEX_Ratio": -0.780047
}