{
    "timestamp": "2025-10-06 08:36:25",
    "cum_gam": null,
    "cum_vec": 7852.369985223436,
    "DEX_Call": 8828.494,
    "DEX_Put": -3705.412,
    "DEX_Total": 5123.082,
    "DEX_Ratio": 2.382594,
    "GEX_Call": 15707567.836,
    "GEX_Put": -10434633.399,
    "GEX_Total": 5272934.437,
    "GEX_Ratio": 1.50533,
    "VEX_Call": 621402.662,
    "VEX_Put": 30378707.848,
    "VEX_Total": 31000110.51,
    "VEX_Ratio": 0.020455,
    "CEX_Call": -9374462.572,
    "CEX_Put": 18960647.671,
    "CEX_Total": 9586185.099,
    "CEX_Ratio": -0.494417
}