{
    "timestamp": "2025-11-05 08:47:22",
    "cum_gam": null,
    "cum_vec": 7957.836219659347,
    "DEX_Call": 9330.421,
    "DEX_Put": -5518.015,
    "DEX_Total": 3812.406,
    "DEX_Ratio": 1.690902,
    "GEX_Call": 14765471.518,
    "GEX_Put": -13656954.152,
    "GEX_Total": 1108517.366,
    "GEX_Ratio": 1.081169,
    "VEX_Call": -1771071.233,
    "VEX_Put": 34072205.859,
    "VEX_Total": 32301134.626,
    "VEX_Ratio": -0.05198,
    "CEX_Call": -12573883.99,
    "CEX_Put": 18999945.247,
    "CEX_Total": 6426061.257,
    "CEX_Ratio": -0.661785
}