{
    "timestamp": "2025-08-06 11:56:08",
    "cum_gam": null,
    "cum_vec": 7492.7596024519125,
    "DEX_Call": 8539.675,
    "DEX_Put": -4187.011,
    "DEX_Total": 4352.664,
    "DEX_Ratio": 2.039564,
    "GEX_Call": 15862402.245,
    "GEX_Put": -11424389.365,
    "GEX_Total": 4438012.88,
    "GEX_Ratio": 1.388468,
    "VEX_Call": 2763510.38,
    "VEX_Put": 29321245.554,
    "VEX_Total": 32084755.934,
    "VEX_Ratio": 0.094249,
    "CEX_Call": -7882617.336,
    "CEX_Put": 21455219.306,
    "CEX_Total": 13572601.97,
    "CEX_Ratio": -0.367399
}