{
    "timestamp": "2025-07-02 10:57:46",
    "cum_gam": null,
    "cum_vec": 7441.031234496874,
    "DEX_Call": 8256.444,
    "DEX_Put": -3075.44,
    "DEX_Total": 5181.004,
    "DEX_Ratio": 2.684638,
    "GEX_Call": 13188575.733,
    "GEX_Put": -7662336.0,
    "GEX_Total": 5526239.733,
    "GEX_Ratio": 1.721221,
    "VEX_Call": 3907896.454,
    "VEX_Put": 24462067.569,
    "VEX_Total": 28369964.023,
    "VEX_Ratio": 0.159753,
    "CEX_Call": -4947576.351,
    "CEX_Put": 18662322.63,
    "CEX_Total": 13714746.279,
    "CEX_Ratio": -0.26511
}