{
    "timestamp": "2025-10-30 12:15:02",
    "cum_gam": null,
    "cum_vec": 8060.86105348005,
    "DEX_Call": 10370.459,
    "DEX_Put": -4809.35,
    "DEX_Total": 5561.109,
    "DEX_Ratio": 2.156312,
    "GEX_Call": 14967392.518,
    "GEX_Put": -13112137.03,
    "GEX_Total": 1855255.488,
    "GEX_Ratio": 1.141491,
    "VEX_Call": 1468823.474,
    "VEX_Put": 34844058.699,
    "VEX_Total": 36312882.173,
    "VEX_Ratio": 0.042154,
    "CEX_Call": -14013280.1,
    "CEX_Put": 12837190.649,
    "CEX_Total": -1176089.451,
    "CEX_Ratio": -1.091616
}