{
    "timestamp": "2025-11-07 10:29:43",
    "cum_gam": 6620.090615587602,
    "cum_vec": 7939.737368452144,
    "DEX_Call": 9461.928,
    "DEX_Put": -8607.882,
    "DEX_Total": 854.046,
    "DEX_Ratio": 1.099217,
    "GEX_Call": 10932854.897,
    "GEX_Put": -16002224.542,
    "GEX_Total": -5069369.645,
    "GEX_Ratio": 0.683208,
    "VEX_Call": -5551091.995,
    "VEX_Put": 29785800.346,
    "VEX_Total": 24234708.351,
    "VEX_Ratio": -0.186367,
    "CEX_Call": -14086112.723,
    "CEX_Put": 17218569.503,
    "CEX_Total": 3132456.78,
    "CEX_Ratio": -0.818077
}