{
    "timestamp": "2026-07-22 09:40:26",
    "cum_gam": null,
    "cum_vec": 9195.074376549512,
    "DEX_Call": 10344.041,
    "DEX_Put": -8130.346,
    "DEX_Total": 2213.695,
    "DEX_Ratio": 1.272276,
    "GEX_Call": 19160828.429,
    "GEX_Put": -16007273.659,
    "GEX_Total": 3153554.77,
    "GEX_Ratio": 1.197008,
    "VEX_Call": -6444487.679,
    "VEX_Put": 32102180.458,
    "VEX_Total": 25657692.779,
    "VEX_Ratio": -0.200749,
    "CEX_Call": -17068361.085,
    "CEX_Put": 19347102.107,
    "CEX_Total": 2278741.022,
    "CEX_Ratio": -0.882218
}