{
    "timestamp": "2025-08-22 07:35:42",
    "cum_gam": null,
    "cum_vec": 7545.855270125346,
    "DEX_Call": 7248.478,
    "DEX_Put": -3458.128,
    "DEX_Total": 3790.35,
    "DEX_Ratio": 2.09607,
    "GEX_Call": 15761637.393,
    "GEX_Put": -10296575.561,
    "GEX_Total": 5465061.832,
    "GEX_Ratio": 1.530765,
    "VEX_Call": 1651030.005,
    "VEX_Put": 29625726.297,
    "VEX_Total": 31276756.302,
    "VEX_Ratio": 0.05573,
    "CEX_Call": -5004929.941,
    "CEX_Put": 23277081.52,
    "CEX_Total": 18272151.579,
    "CEX_Ratio": -0.215015
}