{
    "timestamp": "2025-09-17 10:11:40",
    "cum_gam": null,
    "cum_vec": 7857.406980300416,
    "DEX_Call": 18371.89,
    "DEX_Put": -4405.418,
    "DEX_Total": 13966.472,
    "DEX_Ratio": 4.170294,
    "GEX_Call": 18243241.401,
    "GEX_Put": -14734440.189,
    "GEX_Total": 3508801.212,
    "GEX_Ratio": 1.238136,
    "VEX_Call": 8738170.326,
    "VEX_Put": 39051693.669,
    "VEX_Total": 47789863.995,
    "VEX_Ratio": 0.223759,
    "CEX_Call": 2031418.826,
    "CEX_Put": 52728275.413,
    "CEX_Total": 54759694.239,
    "CEX_Ratio": 0.038526
}