{
    "timestamp": "2025-08-22 09:57:38",
    "cum_gam": null,
    "cum_vec": 7548.251187593858,
    "DEX_Call": 7894.561,
    "DEX_Put": -3471.9,
    "DEX_Total": 4422.661,
    "DEX_Ratio": 2.273845,
    "GEX_Call": 16020870.809,
    "GEX_Put": -10559247.969,
    "GEX_Total": 5461622.84,
    "GEX_Ratio": 1.517236,
    "VEX_Call": 2012655.743,
    "VEX_Put": 29010328.922,
    "VEX_Total": 31022984.665,
    "VEX_Ratio": 0.069377,
    "CEX_Call": -184875.453,
    "CEX_Put": 24725131.454,
    "CEX_Total": 24540256.001,
    "CEX_Ratio": -0.007477
}