{
    "timestamp": "2025-07-18 08:20:20",
    "cum_gam": null,
    "cum_vec": 7460.089782486871,
    "DEX_Call": 7986.113,
    "DEX_Put": -3478.518,
    "DEX_Total": 4507.595,
    "DEX_Ratio": 2.295838,
    "GEX_Call": 14497852.324,
    "GEX_Put": -9537424.843,
    "GEX_Total": 4960427.481,
    "GEX_Ratio": 1.520101,
    "VEX_Call": 2526738.556,
    "VEX_Put": 26936000.524,
    "VEX_Total": 29462739.08,
    "VEX_Ratio": 0.093805,
    "CEX_Call": -13123604.827,
    "CEX_Put": 15611739.61,
    "CEX_Total": 2488134.783,
    "CEX_Ratio": -0.840624
}