{
    "timestamp": "2025-10-09 06:41:37",
    "cum_gam": null,
    "cum_vec": 8088.997595349495,
    "DEX_Call": 11274.961,
    "DEX_Put": -4549.436,
    "DEX_Total": 6725.525,
    "DEX_Ratio": 2.478321,
    "GEX_Call": 21163327.693,
    "GEX_Put": -13323692.401,
    "GEX_Total": 7839635.292,
    "GEX_Ratio": 1.588398,
    "VEX_Call": 524967.239,
    "VEX_Put": 38982918.038,
    "VEX_Total": 39507885.277,
    "VEX_Ratio": 0.013467,
    "CEX_Call": -21889053.4,
    "CEX_Put": 30842891.474,
    "CEX_Total": 8953838.074,
    "CEX_Ratio": -0.709695
}