{
    "timestamp": "2025-07-28 06:53:49",
    "cum_gam": null,
    "cum_vec": 7506.847921877409,
    "DEX_Call": 8909.304,
    "DEX_Put": -3061.553,
    "DEX_Total": 5847.751,
    "DEX_Ratio": 2.91006,
    "GEX_Call": 14487875.187,
    "GEX_Put": -9105080.711,
    "GEX_Total": 5382794.476,
    "GEX_Ratio": 1.591186,
    "VEX_Call": 4294057.305,
    "VEX_Put": 28266337.752,
    "VEX_Total": 32560395.057,
    "VEX_Ratio": 0.151914,
    "CEX_Call": -8544830.254,
    "CEX_Put": 15499166.964,
    "CEX_Total": 6954336.71,
    "CEX_Ratio": -0.551309
}