{
    "timestamp": "2025-10-22 09:21:10",
    "cum_gam": 4815.001292628965,
    "cum_vec": 8055.5888713769045,
    "DEX_Call": 10047.179,
    "DEX_Put": -5575.498,
    "DEX_Total": 4471.681,
    "DEX_Ratio": 1.802024,
    "GEX_Call": 13695574.44,
    "GEX_Put": -13775016.141,
    "GEX_Total": -79441.701,
    "GEX_Ratio": 0.994233,
    "VEX_Call": -1491950.603,
    "VEX_Put": 37143933.107,
    "VEX_Total": 35651982.504,
    "VEX_Ratio": -0.040167,
    "CEX_Call": -14243992.466,
    "CEX_Put": 23076181.016,
    "CEX_Total": 8832188.55,
    "CEX_Ratio": -0.61726
}