{
    "timestamp": "2025-07-30 12:06:06",
    "cum_gam": 5175.092720344481,
    "cum_vec": 7554.259979087399,
    "DEX_Call": 9254.923,
    "DEX_Put": -4448.479,
    "DEX_Total": 4806.444,
    "DEX_Ratio": 2.080469,
    "GEX_Call": 12464075.303,
    "GEX_Put": -12853231.563,
    "GEX_Total": -389156.26,
    "GEX_Ratio": 0.969723,
    "VEX_Call": 3192861.448,
    "VEX_Put": 29684755.527,
    "VEX_Total": 32877616.975,
    "VEX_Ratio": 0.107559,
    "CEX_Call": -14082876.236,
    "CEX_Put": 35175898.411,
    "CEX_Total": 21093022.175,
    "CEX_Ratio": -0.400356
}