{
    "timestamp": "2025-07-02 12:10:15",
    "cum_gam": null,
    "cum_vec": 7441.151349470047,
    "DEX_Call": 8496.916,
    "DEX_Put": -3019.882,
    "DEX_Total": 5477.034,
    "DEX_Ratio": 2.813658,
    "GEX_Call": 13631349.581,
    "GEX_Put": -7317321.097,
    "GEX_Total": 6314028.484,
    "GEX_Ratio": 1.862888,
    "VEX_Call": 4397706.05,
    "VEX_Put": 24338074.942,
    "VEX_Total": 28735780.992,
    "VEX_Ratio": 0.180692,
    "CEX_Call": 86095.503,
    "CEX_Put": 18521753.762,
    "CEX_Total": 18607849.265,
    "CEX_Ratio": 0.004648
}