{
    "timestamp": "2025-07-29 10:33:24",
    "cum_gam": null,
    "cum_vec": 7497.942972146775,
    "DEX_Call": 8866.672,
    "DEX_Put": -3399.466,
    "DEX_Total": 5467.206,
    "DEX_Ratio": 2.608254,
    "GEX_Call": 14592518.953,
    "GEX_Put": -11094004.227,
    "GEX_Total": 3498514.726,
    "GEX_Ratio": 1.315352,
    "VEX_Call": 3968885.797,
    "VEX_Put": 28251213.071,
    "VEX_Total": 32220098.868,
    "VEX_Ratio": 0.140486,
    "CEX_Call": -15109639.93,
    "CEX_Put": 21793222.346,
    "CEX_Total": 6683582.416,
    "CEX_Ratio": -0.693318
}