{
    "timestamp": "2025-07-08 12:41:34",
    "cum_gam": null,
    "cum_vec": 7459.418539866487,
    "DEX_Call": 8152.435,
    "DEX_Put": -3321.914,
    "DEX_Total": 4830.521,
    "DEX_Ratio": 2.454138,
    "GEX_Call": 11865962.484,
    "GEX_Put": -9711044.409,
    "GEX_Total": 2154918.075,
    "GEX_Ratio": 1.221904,
    "VEX_Call": 2922372.726,
    "VEX_Put": 23612995.778,
    "VEX_Total": 26535368.504,
    "VEX_Ratio": 0.123761,
    "CEX_Call": -11542930.826,
    "CEX_Put": 27109716.567,
    "CEX_Total": 15566785.741,
    "CEX_Ratio": -0.425786
}