{
    "timestamp": "2025-10-10 09:28:30",
    "cum_gam": 6451.820477353804,
    "cum_vec": 8061.341503535977,
    "DEX_Call": 11246.838,
    "DEX_Put": -7133.281,
    "DEX_Total": 4113.557,
    "DEX_Ratio": 1.576671,
    "GEX_Call": 12586581.092,
    "GEX_Put": -16076584.097,
    "GEX_Total": -3490003.005,
    "GEX_Ratio": 0.782914,
    "VEX_Call": -1133938.375,
    "VEX_Put": 38091067.864,
    "VEX_Total": 36957129.489,
    "VEX_Ratio": -0.029769,
    "CEX_Call": -15500714.954,
    "CEX_Put": 26652934.824,
    "CEX_Total": 11152219.87,
    "CEX_Ratio": -0.581576
}