{
    "timestamp": "2025-07-09 12:26:07",
    "cum_gam": null,
    "cum_vec": 7485.8247161524305,
    "DEX_Call": 8453.704,
    "DEX_Put": -3202.73,
    "DEX_Total": 5250.974,
    "DEX_Ratio": 2.639531,
    "GEX_Call": 13731561.694,
    "GEX_Put": -8011518.266,
    "GEX_Total": 5720043.428,
    "GEX_Ratio": 1.713977,
    "VEX_Call": 2819836.195,
    "VEX_Put": 25829694.183,
    "VEX_Total": 28649530.378,
    "VEX_Ratio": 0.10917,
    "CEX_Call": -12941327.454,
    "CEX_Put": 15869756.724,
    "CEX_Total": 2928429.27,
    "CEX_Ratio": -0.815471
}