{
    "timestamp": "2025-09-18 09:14:13",
    "cum_gam": null,
    "cum_vec": 7799.919854331082,
    "DEX_Call": 18599.334,
    "DEX_Put": -3673.501,
    "DEX_Total": 14925.833,
    "DEX_Ratio": 5.063108,
    "GEX_Call": 21847962.419,
    "GEX_Put": -14097855.853,
    "GEX_Total": 7750106.566,
    "GEX_Ratio": 1.549737,
    "VEX_Call": 9449624.784,
    "VEX_Put": 36091948.726,
    "VEX_Total": 45541573.51,
    "VEX_Ratio": 0.261821,
    "CEX_Call": 33836992.48,
    "CEX_Put": 43325837.711,
    "CEX_Total": 77162830.191,
    "CEX_Ratio": 0.780989
}