{
    "timestamp": "2025-07-17 12:46:03",
    "cum_gam": null,
    "cum_vec": 7493.002349755068,
    "DEX_Call": 11560.02,
    "DEX_Put": -3404.6,
    "DEX_Total": 8155.42,
    "DEX_Ratio": 3.395412,
    "GEX_Call": 18800516.203,
    "GEX_Put": -10457311.589,
    "GEX_Total": 8343204.614,
    "GEX_Ratio": 1.797835,
    "VEX_Call": 5160630.194,
    "VEX_Put": 27950233.641,
    "VEX_Total": 33110863.835,
    "VEX_Ratio": 0.184636,
    "CEX_Call": 12329207.085,
    "CEX_Put": 25703541.414,
    "CEX_Total": 38032748.499,
    "CEX_Ratio": 0.47967
}