{
    "timestamp": "2025-08-08 09:03:32",
    "cum_gam": null,
    "cum_vec": 7501.092945431601,
    "DEX_Call": 9044.96,
    "DEX_Put": -3662.989,
    "DEX_Total": 5381.971,
    "DEX_Ratio": 2.469284,
    "GEX_Call": 17193695.502,
    "GEX_Put": -10648313.628,
    "GEX_Total": 6545381.874,
    "GEX_Ratio": 1.614687,
    "VEX_Call": 3457892.324,
    "VEX_Put": 29318252.072,
    "VEX_Total": 32776144.396,
    "VEX_Ratio": 0.117943,
    "CEX_Call": -3327385.557,
    "CEX_Put": 25019734.761,
    "CEX_Total": 21692349.204,
    "CEX_Ratio": -0.13299
}