{
    "timestamp": "2025-11-05 11:49:49",
    "cum_gam": null,
    "cum_vec": 7964.927017420487,
    "DEX_Call": 9537.148,
    "DEX_Put": -5057.044,
    "DEX_Total": 4480.104,
    "DEX_Ratio": 1.885914,
    "GEX_Call": 16663901.581,
    "GEX_Put": -13009073.053,
    "GEX_Total": 3654828.528,
    "GEX_Ratio": 1.280945,
    "VEX_Call": -663592.242,
    "VEX_Put": 35002811.555,
    "VEX_Total": 34339219.313,
    "VEX_Ratio": -0.018958,
    "CEX_Call": -17275659.937,
    "CEX_Put": 23758221.019,
    "CEX_Total": 6482561.082,
    "CEX_Ratio": -0.727145
}