{
    "timestamp": "2025-11-19 13:57:28",
    "cum_gam": 6452.453183505003,
    "cum_vec": 7981.419090051138,
    "DEX_Call": 11394.644,
    "DEX_Put": -9389.542,
    "DEX_Total": 2005.102,
    "DEX_Ratio": 1.213546,
    "GEX_Call": 14154391.87,
    "GEX_Put": -17320275.432,
    "GEX_Total": -3165883.562,
    "GEX_Ratio": 0.817215,
    "VEX_Call": -6565048.408,
    "VEX_Put": 29678893.989,
    "VEX_Total": 23113845.581,
    "VEX_Ratio": -0.221203,
    "CEX_Call": -77070385.461,
    "CEX_Put": 10196772.215,
    "CEX_Total": -66873613.246,
    "CEX_Ratio": -7.558312
}