{
    "timestamp": "2025-10-28 11:47:04",
    "cum_gam": null,
    "cum_vec": 8084.215661321795,
    "DEX_Call": 11111.156,
    "DEX_Put": -3495.748,
    "DEX_Total": 7615.408,
    "DEX_Ratio": 3.178477,
    "GEX_Call": 27768424.116,
    "GEX_Put": -9400502.64,
    "GEX_Total": 18367921.476,
    "GEX_Ratio": 2.95393,
    "VEX_Call": 5776886.877,
    "VEX_Put": 37023781.171,
    "VEX_Total": 42800668.048,
    "VEX_Ratio": 0.156032,
    "CEX_Call": 9508958.042,
    "CEX_Put": 38332147.284,
    "CEX_Total": 47841105.326,
    "CEX_Ratio": 0.248067
}