{
    "timestamp": "2025-11-21 12:13:43",
    "cum_gam": 6052.788646177444,
    "cum_vec": 8007.1406298988295,
    "DEX_Call": 9942.826,
    "DEX_Put": -8361.224,
    "DEX_Total": 1581.602,
    "DEX_Ratio": 1.189159,
    "GEX_Call": 13083117.698,
    "GEX_Put": -14557570.209,
    "GEX_Total": -1474452.511,
    "GEX_Ratio": 0.898716,
    "VEX_Call": -6797632.939,
    "VEX_Put": 29163382.217,
    "VEX_Total": 22365749.278,
    "VEX_Ratio": -0.233088,
    "CEX_Call": -17418255.662,
    "CEX_Put": 40611530.508,
    "CEX_Total": 23193274.846,
    "CEX_Ratio": -0.428899
}