{
    "timestamp": "2025-10-17 11:46:56",
    "cum_gam": null,
    "cum_vec": 8074.856396614999,
    "DEX_Call": 10851.648,
    "DEX_Put": -6068.751,
    "DEX_Total": 4782.897,
    "DEX_Ratio": 1.788119,
    "GEX_Call": 12487169.84,
    "GEX_Put": -11875348.396,
    "GEX_Total": 611821.444,
    "GEX_Ratio": 1.05152,
    "VEX_Call": -210359.522,
    "VEX_Put": 38623647.861,
    "VEX_Total": 38413288.339,
    "VEX_Ratio": -0.005446,
    "CEX_Call": -9156054.82,
    "CEX_Put": 35267356.104,
    "CEX_Total": 26111301.284,
    "CEX_Ratio": -0.259618
}