{
    "timestamp": "2025-11-06 09:29:32",
    "cum_gam": 6466.944113548336,
    "cum_vec": 7958.617982208613,
    "DEX_Call": 10400.69,
    "DEX_Put": -6905.731,
    "DEX_Total": 3494.959,
    "DEX_Ratio": 1.506095,
    "GEX_Call": 12237118.542,
    "GEX_Put": -14915030.876,
    "GEX_Total": -2677912.334,
    "GEX_Ratio": 0.820455,
    "VEX_Call": -3291862.456,
    "VEX_Put": 32215588.207,
    "VEX_Total": 28923725.751,
    "VEX_Ratio": -0.102182,
    "CEX_Call": -14362595.166,
    "CEX_Put": 15649912.582,
    "CEX_Total": 1287317.416,
    "CEX_Ratio": -0.917743
}