{
    "timestamp": "2025-08-26 11:09:43",
    "cum_gam": null,
    "cum_vec": 7529.707751027512,
    "DEX_Call": 7378.319,
    "DEX_Put": -3840.515,
    "DEX_Total": 3537.804,
    "DEX_Ratio": 1.92118,
    "GEX_Call": 14603707.5,
    "GEX_Put": -13873451.613,
    "GEX_Total": 730255.887,
    "GEX_Ratio": 1.052637,
    "VEX_Call": 498843.828,
    "VEX_Put": 28307556.722,
    "VEX_Total": 28806400.55,
    "VEX_Ratio": 0.017622,
    "CEX_Call": -13879401.567,
    "CEX_Put": 17438956.614,
    "CEX_Total": 3559555.047,
    "CEX_Ratio": -0.795885
}