{
    "timestamp": "2025-08-22 11:58:29",
    "cum_gam": null,
    "cum_vec": 7547.7252731248955,
    "DEX_Call": 7519.73,
    "DEX_Put": -3281.004,
    "DEX_Total": 4238.726,
    "DEX_Ratio": 2.291899,
    "GEX_Call": 16597503.906,
    "GEX_Put": -10036001.604,
    "GEX_Total": 6561502.302,
    "GEX_Ratio": 1.653796,
    "VEX_Call": 2295512.72,
    "VEX_Put": 28486981.507,
    "VEX_Total": 30782494.227,
    "VEX_Ratio": 0.080581,
    "CEX_Call": 15289203.268,
    "CEX_Put": 23641247.596,
    "CEX_Total": 38930450.864,
    "CEX_Ratio": 0.646717
}