{
    "timestamp": "2025-09-09 09:51:48",
    "cum_gam": null,
    "cum_vec": 7537.452707543302,
    "DEX_Call": 7235.932,
    "DEX_Put": -3299.638,
    "DEX_Total": 3936.294,
    "DEX_Ratio": 2.192947,
    "GEX_Call": 17405318.612,
    "GEX_Put": -13372771.682,
    "GEX_Total": 4032546.93,
    "GEX_Ratio": 1.301549,
    "VEX_Call": 1252706.698,
    "VEX_Put": 27287397.225,
    "VEX_Total": 28540103.923,
    "VEX_Ratio": 0.045908,
    "CEX_Call": -9098034.716,
    "CEX_Put": 21093204.722,
    "CEX_Total": 11995170.006,
    "CEX_Ratio": -0.431325
}