{
    "timestamp": "2025-08-25 09:35:55",
    "cum_gam": null,
    "cum_vec": 7545.2158932764405,
    "DEX_Call": 6104.356,
    "DEX_Put": -3029.446,
    "DEX_Total": 3074.91,
    "DEX_Ratio": 2.015007,
    "GEX_Call": 14766477.911,
    "GEX_Put": -11040317.593,
    "GEX_Total": 3726160.318,
    "GEX_Ratio": 1.337505,
    "VEX_Call": 116779.139,
    "VEX_Put": 26414297.581,
    "VEX_Total": 26531076.72,
    "VEX_Ratio": 0.004421,
    "CEX_Call": -11433248.056,
    "CEX_Put": 15284248.791,
    "CEX_Total": 3851000.735,
    "CEX_Ratio": -0.748041
}