{
    "timestamp": "2025-10-21 12:54:23",
    "cum_gam": null,
    "cum_vec": 8057.214935723731,
    "DEX_Call": 10853.703,
    "DEX_Put": -4538.801,
    "DEX_Total": 6314.902,
    "DEX_Ratio": 2.391315,
    "GEX_Call": 17071284.15,
    "GEX_Put": -11317366.678,
    "GEX_Total": 5753917.472,
    "GEX_Ratio": 1.508415,
    "VEX_Call": 1014984.38,
    "VEX_Put": 36358093.465,
    "VEX_Total": 37373077.845,
    "VEX_Ratio": 0.027916,
    "CEX_Call": -13662822.475,
    "CEX_Put": 26722519.745,
    "CEX_Total": 13059697.27,
    "CEX_Ratio": -0.511285
}