{
    "timestamp": "2025-10-01 10:04:03",
    "cum_gam": null,
    "cum_vec": 8050.876209108047,
    "DEX_Call": 9303.631,
    "DEX_Put": -3929.306,
    "DEX_Total": 5374.325,
    "DEX_Ratio": 2.367754,
    "GEX_Call": 16988113.864,
    "GEX_Put": -11387711.243,
    "GEX_Total": 5600402.621,
    "GEX_Ratio": 1.491794,
    "VEX_Call": 825416.679,
    "VEX_Put": 33187484.0,
    "VEX_Total": 34012900.679,
    "VEX_Ratio": 0.024871,
    "CEX_Call": -9025751.348,
    "CEX_Put": 24119212.6,
    "CEX_Total": 15093461.252,
    "CEX_Ratio": -0.374214
}