{
    "timestamp": "2025-10-16 07:16:31",
    "cum_gam": null,
    "cum_vec": 8084.782666278176,
    "DEX_Call": 13612.537,
    "DEX_Put": -6081.371,
    "DEX_Total": 7531.166,
    "DEX_Ratio": 2.238399,
    "GEX_Call": 17284593.994,
    "GEX_Put": -15080845.498,
    "GEX_Total": 2203748.496,
    "GEX_Ratio": 1.146129,
    "VEX_Call": 725129.144,
    "VEX_Put": 40244188.789,
    "VEX_Total": 40969317.933,
    "VEX_Ratio": 0.018018,
    "CEX_Call": -8993421.461,
    "CEX_Put": 35523411.451,
    "CEX_Total": 26529989.99,
    "CEX_Ratio": -0.253169
}