{
    "timestamp": "2025-10-09 06:42:36",
    "cum_gam": null,
    "cum_vec": 8091.495744274352,
    "DEX_Call": 10570.259,
    "DEX_Put": -4603.671,
    "DEX_Total": 5966.588,
    "DEX_Ratio": 2.29605,
    "GEX_Call": 20382931.954,
    "GEX_Put": -13694585.968,
    "GEX_Total": 6688345.986,
    "GEX_Ratio": 1.488393,
    "VEX_Call": 824600.315,
    "VEX_Put": 39116510.146,
    "VEX_Total": 39941110.461,
    "VEX_Ratio": 0.021081,
    "CEX_Call": -19813497.417,
    "CEX_Put": 31420829.996,
    "CEX_Total": 11607332.579,
    "CEX_Ratio": -0.630585
}