{
    "timestamp": "2025-09-08 08:55:10",
    "cum_gam": null,
    "cum_vec": 7536.953192848997,
    "DEX_Call": 7254.08,
    "DEX_Put": -3177.026,
    "DEX_Total": 4077.054,
    "DEX_Ratio": 2.283293,
    "GEX_Call": 17200474.62,
    "GEX_Put": -12529083.308,
    "GEX_Total": 4671391.312,
    "GEX_Ratio": 1.372844,
    "VEX_Call": 2044062.763,
    "VEX_Put": 27010877.071,
    "VEX_Total": 29054939.834,
    "VEX_Ratio": 0.075676,
    "CEX_Call": -5289154.688,
    "CEX_Put": 22793530.881,
    "CEX_Total": 17504376.193,
    "CEX_Ratio": -0.232046
}