{
    "timestamp": "2025-10-24 07:27:29",
    "cum_gam": null,
    "cum_vec": 8057.181189946531,
    "DEX_Call": 8934.184,
    "DEX_Put": -4217.948,
    "DEX_Total": 4716.236,
    "DEX_Ratio": 2.118135,
    "GEX_Call": 18800112.939,
    "GEX_Put": -10154577.458,
    "GEX_Total": 8645535.481,
    "GEX_Ratio": 1.851393,
    "VEX_Call": 427801.569,
    "VEX_Put": 37903726.875,
    "VEX_Total": 38331528.444,
    "VEX_Ratio": 0.011287,
    "CEX_Call": -12177202.261,
    "CEX_Put": 27443667.07,
    "CEX_Total": 15266464.809,
    "CEX_Ratio": -0.443716
}