{
    "timestamp": "2026-07-23 12:47:44",
    "cum_gam": 8001.493471742393,
    "cum_vec": 9103.279424128777,
    "DEX_Call": 8353.903,
    "DEX_Put": -10610.597,
    "DEX_Total": -2256.694,
    "DEX_Ratio": 0.787317,
    "GEX_Call": 11182671.096,
    "GEX_Put": -17523743.819,
    "GEX_Total": -6341072.723,
    "GEX_Ratio": 0.638144,
    "VEX_Call": -7666241.358,
    "VEX_Put": 25420172.061,
    "VEX_Total": 17753930.703,
    "VEX_Ratio": -0.301581,
    "CEX_Call": -16503130.62,
    "CEX_Put": 21771843.293,
    "CEX_Total": 5268712.673,
    "CEX_Ratio": -0.758003
}