{
    "timestamp": "2025-07-01 09:00:28",
    "cum_gam": null,
    "cum_vec": 7433.13527292673,
    "DEX_Call": 8213.01,
    "DEX_Put": -3331.72,
    "DEX_Total": 4881.29,
    "DEX_Ratio": 2.465096,
    "GEX_Call": 12769193.182,
    "GEX_Put": -11108454.308,
    "GEX_Total": 1660738.874,
    "GEX_Ratio": 1.149502,
    "VEX_Call": 3045724.953,
    "VEX_Put": 24581395.078,
    "VEX_Total": 27627120.031,
    "VEX_Ratio": 0.123904,
    "CEX_Call": -12241910.889,
    "CEX_Put": 32498011.187,
    "CEX_Total": 20256100.298,
    "CEX_Ratio": -0.376697
}