{
    "timestamp": "2025-09-08 07:36:41",
    "cum_gam": null,
    "cum_vec": 7546.867958773131,
    "DEX_Call": 7404.811,
    "DEX_Put": -3250.788,
    "DEX_Total": 4154.023,
    "DEX_Ratio": 2.277851,
    "GEX_Call": 16977190.741,
    "GEX_Put": -12669369.62,
    "GEX_Total": 4307821.121,
    "GEX_Ratio": 1.340019,
    "VEX_Call": 2065735.617,
    "VEX_Put": 27150899.57,
    "VEX_Total": 29216635.187,
    "VEX_Ratio": 0.076084,
    "CEX_Call": -6201385.704,
    "CEX_Put": 21140096.043,
    "CEX_Total": 14938710.339,
    "CEX_Ratio": -0.293347
}