{
    "timestamp": "2025-11-21 09:47:18",
    "cum_gam": 6431.303722003277,
    "cum_vec": 7989.9342164526115,
    "DEX_Call": 9340.633,
    "DEX_Put": -9527.037,
    "DEX_Total": -186.404,
    "DEX_Ratio": 0.980434,
    "GEX_Call": 11084617.545,
    "GEX_Put": -14488528.863,
    "GEX_Total": -3403911.318,
    "GEX_Ratio": 0.765062,
    "VEX_Call": -8068959.499,
    "VEX_Put": 27363728.94,
    "VEX_Total": 19294769.441,
    "VEX_Ratio": -0.294878,
    "CEX_Call": -16002309.988,
    "CEX_Put": 24653569.27,
    "CEX_Total": 8651259.282,
    "CEX_Ratio": -0.649087
}