{
    "timestamp": "2025-07-31 10:02:20",
    "cum_gam": null,
    "cum_vec": 7522.191938528266,
    "DEX_Call": 9062.027,
    "DEX_Put": -3517.925,
    "DEX_Total": 5544.102,
    "DEX_Ratio": 2.575958,
    "GEX_Call": 14875976.051,
    "GEX_Put": -10296847.923,
    "GEX_Total": 4579128.128,
    "GEX_Ratio": 1.444712,
    "VEX_Call": 4343113.242,
    "VEX_Put": 29790390.433,
    "VEX_Total": 34133503.675,
    "VEX_Ratio": 0.145789,
    "CEX_Call": -10046230.226,
    "CEX_Put": 24227300.105,
    "CEX_Total": 14181069.879,
    "CEX_Ratio": -0.414666
}