{
    "timestamp": "2025-09-17 11:09:18",
    "cum_gam": null,
    "cum_vec": 7848.475311395592,
    "DEX_Call": 18772.896,
    "DEX_Put": -3875.56,
    "DEX_Total": 14897.336,
    "DEX_Ratio": 4.843918,
    "GEX_Call": 18699718.159,
    "GEX_Put": -13576038.567,
    "GEX_Total": 5123679.592,
    "GEX_Ratio": 1.377406,
    "VEX_Call": 10437959.235,
    "VEX_Put": 38365168.813,
    "VEX_Total": 48803128.048,
    "VEX_Ratio": 0.272069,
    "CEX_Call": 7851603.811,
    "CEX_Put": 61600018.193,
    "CEX_Total": 69451622.004,
    "CEX_Ratio": 0.127461
}