{
    "timestamp": "2025-07-22 11:16:06",
    "cum_gam": null,
    "cum_vec": 7492.412043891504,
    "DEX_Call": 8481.718,
    "DEX_Put": -3583.259,
    "DEX_Total": 4898.459,
    "DEX_Ratio": 2.36704,
    "GEX_Call": 12740700.348,
    "GEX_Put": -10613739.761,
    "GEX_Total": 2126960.587,
    "GEX_Ratio": 1.200397,
    "VEX_Call": 3042966.489,
    "VEX_Put": 26855900.941,
    "VEX_Total": 29898867.43,
    "VEX_Ratio": 0.113307,
    "CEX_Call": -8946157.502,
    "CEX_Put": 17790164.728,
    "CEX_Total": 8844007.226,
    "CEX_Ratio": -0.502871
}