{
    "timestamp": "2025-10-20 09:19:51",
    "cum_gam": null,
    "cum_vec": 7895.144825256908,
    "DEX_Call": 10666.106,
    "DEX_Put": -4569.402,
    "DEX_Total": 6096.704,
    "DEX_Ratio": 2.334245,
    "GEX_Call": 14702071.209,
    "GEX_Put": -10134878.802,
    "GEX_Total": 4567192.407,
    "GEX_Ratio": 1.450641,
    "VEX_Call": 1305408.401,
    "VEX_Put": 34660246.499,
    "VEX_Total": 35965654.9,
    "VEX_Ratio": 0.037663,
    "CEX_Call": -5783891.343,
    "CEX_Put": 24092180.035,
    "CEX_Total": 18308288.692,
    "CEX_Ratio": -0.240073
}