{
    "timestamp": "2025-08-20 12:10:41",
    "cum_gam": 6233.746443880698,
    "cum_vec": 7409.978151646312,
    "DEX_Call": 8684.588,
    "DEX_Put": -4690.722,
    "DEX_Total": 3993.866,
    "DEX_Ratio": 1.85144,
    "GEX_Call": 11793096.873,
    "GEX_Put": -14796817.01,
    "GEX_Total": -3003720.137,
    "GEX_Ratio": 0.797002,
    "VEX_Call": 1932500.603,
    "VEX_Put": 28579271.963,
    "VEX_Total": 30511772.566,
    "VEX_Ratio": 0.067619,
    "CEX_Call": -13375080.93,
    "CEX_Put": 10320221.586,
    "CEX_Total": -3054859.344,
    "CEX_Ratio": -1.296007
}