{
    "timestamp": "2025-09-23 12:19:41",
    "cum_gam": null,
    "cum_vec": 7894.0855137759345,
    "DEX_Call": 9701.59,
    "DEX_Put": -4270.455,
    "DEX_Total": 5431.135,
    "DEX_Ratio": 2.271793,
    "GEX_Call": 13412690.881,
    "GEX_Put": -12465315.507,
    "GEX_Total": 947375.374,
    "GEX_Ratio": 1.076001,
    "VEX_Call": 1740986.388,
    "VEX_Put": 33598176.045,
    "VEX_Total": 35339162.433,
    "VEX_Ratio": 0.051818,
    "CEX_Call": -16271430.639,
    "CEX_Put": 15345048.447,
    "CEX_Total": -926382.192,
    "CEX_Ratio": -1.06037
}