{
    "timestamp": "2025-11-18 10:52:53",
    "cum_gam": 6561.5587443333,
    "cum_vec": 7988.438493710979,
    "DEX_Call": 11402.474,
    "DEX_Put": -9463.794,
    "DEX_Total": 1938.68,
    "DEX_Ratio": 1.204852,
    "GEX_Call": 12365753.203,
    "GEX_Put": -16819641.39,
    "GEX_Total": -4453888.187,
    "GEX_Ratio": 0.735197,
    "VEX_Call": -5777843.795,
    "VEX_Put": 29727568.056,
    "VEX_Total": 23949724.261,
    "VEX_Ratio": -0.19436,
    "CEX_Call": -16916587.907,
    "CEX_Put": 22727280.412,
    "CEX_Total": 5810692.505,
    "CEX_Ratio": -0.74433
}