{
    "timestamp": "2025-11-06 11:40:37",
    "cum_gam": 6400.977709493104,
    "cum_vec": 7967.068098533978,
    "DEX_Call": 10126.219,
    "DEX_Put": -6612.389,
    "DEX_Total": 3513.83,
    "DEX_Ratio": 1.531401,
    "GEX_Call": 12567763.524,
    "GEX_Put": -15076209.868,
    "GEX_Total": -2508446.344,
    "GEX_Ratio": 0.833616,
    "VEX_Call": -3995106.921,
    "VEX_Put": 32682470.235,
    "VEX_Total": 28687363.314,
    "VEX_Ratio": -0.12224,
    "CEX_Call": -16676160.861,
    "CEX_Put": 19518241.038,
    "CEX_Total": 2842080.177,
    "CEX_Ratio": -0.854389
}