{
    "timestamp": "2025-10-17 10:19:49",
    "cum_gam": 5875.684378572688,
    "cum_vec": 8070.950003741627,
    "DEX_Call": 10352.988,
    "DEX_Put": -6830.692,
    "DEX_Total": 3522.296,
    "DEX_Ratio": 1.515657,
    "GEX_Call": 10976862.715,
    "GEX_Put": -12309364.383,
    "GEX_Total": -1332501.668,
    "GEX_Ratio": 0.891749,
    "VEX_Call": -1728146.044,
    "VEX_Put": 38253155.064,
    "VEX_Total": 36525009.02,
    "VEX_Ratio": -0.045177,
    "CEX_Call": -11637159.742,
    "CEX_Put": 31156610.509,
    "CEX_Total": 19519450.767,
    "CEX_Ratio": -0.373505
}