{
    "timestamp": "2025-09-03 08:10:27",
    "cum_gam": null,
    "cum_vec": 7522.756137252865,
    "DEX_Call": 7604.236,
    "DEX_Put": -4087.227,
    "DEX_Total": 3517.009,
    "DEX_Ratio": 1.860488,
    "GEX_Call": 16909893.949,
    "GEX_Put": -12987482.254,
    "GEX_Total": 3922411.695,
    "GEX_Ratio": 1.302015,
    "VEX_Call": 657163.142,
    "VEX_Put": 28448472.649,
    "VEX_Total": 29105635.791,
    "VEX_Ratio": 0.0231,
    "CEX_Call": -5533449.523,
    "CEX_Put": 21014837.609,
    "CEX_Total": 15481388.086,
    "CEX_Ratio": -0.263312
}