{
    "timestamp": "2025-08-07 10:34:35",
    "cum_gam": null,
    "cum_vec": 7536.908654008867,
    "DEX_Call": 8734.253,
    "DEX_Put": -4788.86,
    "DEX_Total": 3945.393,
    "DEX_Ratio": 1.823869,
    "GEX_Call": 13328150.646,
    "GEX_Put": -12917902.169,
    "GEX_Total": 410248.477,
    "GEX_Ratio": 1.031758,
    "VEX_Call": 1260451.68,
    "VEX_Put": 29112689.64,
    "VEX_Total": 30373141.32,
    "VEX_Ratio": 0.043296,
    "CEX_Call": -12254617.323,
    "CEX_Put": 20946681.837,
    "CEX_Total": 8692064.514,
    "CEX_Ratio": -0.585039
}