{
    "timestamp": "2025-09-22 10:58:23",
    "cum_gam": null,
    "cum_vec": 8001.850270424139,
    "DEX_Call": 9829.552,
    "DEX_Put": -3287.839,
    "DEX_Total": 6541.713,
    "DEX_Ratio": 2.98967,
    "GEX_Call": 15029819.866,
    "GEX_Put": -8539527.654,
    "GEX_Total": 6490292.212,
    "GEX_Ratio": 1.760029,
    "VEX_Call": 3135330.236,
    "VEX_Put": 31839364.934,
    "VEX_Total": 34974695.17,
    "VEX_Ratio": 0.098473,
    "CEX_Call": -805862.753,
    "CEX_Put": 22051394.104,
    "CEX_Total": 21245531.351,
    "CEX_Ratio": -0.036545
}