{
    "timestamp": "2025-08-13 08:49:30",
    "cum_gam": null,
    "cum_vec": 7573.86589051703,
    "DEX_Call": 8763.551,
    "DEX_Put": -3159.982,
    "DEX_Total": 5603.569,
    "DEX_Ratio": 2.773291,
    "GEX_Call": 19340934.166,
    "GEX_Put": -10080247.938,
    "GEX_Total": 9260686.228,
    "GEX_Ratio": 1.918696,
    "VEX_Call": 3001521.808,
    "VEX_Put": 30862794.035,
    "VEX_Total": 33864315.843,
    "VEX_Ratio": 0.097254,
    "CEX_Call": -8977324.602,
    "CEX_Put": 21704634.667,
    "CEX_Total": 12727310.065,
    "CEX_Ratio": -0.413613
}