{
    "timestamp": "2025-10-24 09:09:15",
    "cum_gam": null,
    "cum_vec": 8057.72550034388,
    "DEX_Call": 10065.318,
    "DEX_Put": -4113.19,
    "DEX_Total": 5952.128,
    "DEX_Ratio": 2.447083,
    "GEX_Call": 19742612.206,
    "GEX_Put": -9791433.689,
    "GEX_Total": 9951178.517,
    "GEX_Ratio": 2.016315,
    "VEX_Call": 1785730.428,
    "VEX_Put": 37924832.674,
    "VEX_Total": 39710563.102,
    "VEX_Ratio": 0.047086,
    "CEX_Call": -7452763.0,
    "CEX_Put": 28781281.109,
    "CEX_Total": 21328518.109,
    "CEX_Ratio": -0.258945
}