{
    "timestamp": "2025-09-11 09:45:53",
    "cum_gam": null,
    "cum_vec": 8115.516091512337,
    "DEX_Call": 12256.925,
    "DEX_Put": -3556.241,
    "DEX_Total": 8700.684,
    "DEX_Ratio": 3.446596,
    "GEX_Call": 20491171.087,
    "GEX_Put": -11251547.259,
    "GEX_Total": 9239623.828,
    "GEX_Ratio": 1.821187,
    "VEX_Call": 6582315.371,
    "VEX_Put": 39771506.666,
    "VEX_Total": 46353822.037,
    "VEX_Ratio": 0.165503,
    "CEX_Call": 4338972.25,
    "CEX_Put": 33061389.338,
    "CEX_Total": 37400361.588,
    "CEX_Ratio": 0.13124
}