{
    "timestamp": "2025-09-18 07:47:08",
    "cum_gam": null,
    "cum_vec": 7877.946377899278,
    "DEX_Call": 17859.612,
    "DEX_Put": -3566.23,
    "DEX_Total": 14293.382,
    "DEX_Ratio": 5.007981,
    "GEX_Call": 20787265.446,
    "GEX_Put": -13487307.094,
    "GEX_Total": 7299958.352,
    "GEX_Ratio": 1.541247,
    "VEX_Call": 7494796.996,
    "VEX_Put": 36212520.642,
    "VEX_Total": 43707317.638,
    "VEX_Ratio": 0.206967,
    "CEX_Call": 19564958.355,
    "CEX_Put": 41604078.727,
    "CEX_Total": 61169037.082,
    "CEX_Ratio": 0.470265
}