{
    "timestamp": "2025-10-06 09:13:35",
    "cum_gam": null,
    "cum_vec": 7859.661731767193,
    "DEX_Call": 9082.485,
    "DEX_Put": -3718.468,
    "DEX_Total": 5364.017,
    "DEX_Ratio": 2.442534,
    "GEX_Call": 15840602.628,
    "GEX_Put": -10531954.327,
    "GEX_Total": 5308648.301,
    "GEX_Ratio": 1.504052,
    "VEX_Call": 955627.42,
    "VEX_Put": 30428758.462,
    "VEX_Total": 31384385.882,
    "VEX_Ratio": 0.031405,
    "CEX_Call": -8528477.252,
    "CEX_Put": 20891061.559,
    "CEX_Total": 12362584.307,
    "CEX_Ratio": -0.408236
}