{
    "timestamp": "2025-10-30 08:24:20",
    "cum_gam": null,
    "cum_vec": 8073.086154517531,
    "DEX_Call": 11062.058,
    "DEX_Put": -4354.492,
    "DEX_Total": 6707.566,
    "DEX_Ratio": 2.540379,
    "GEX_Call": 16000372.838,
    "GEX_Put": -12109782.689,
    "GEX_Total": 3890590.149,
    "GEX_Ratio": 1.321277,
    "VEX_Call": 2998059.111,
    "VEX_Put": 36036199.127,
    "VEX_Total": 39034258.238,
    "VEX_Ratio": 0.083196,
    "CEX_Call": -8443233.349,
    "CEX_Put": 19368186.749,
    "CEX_Total": 10924953.4,
    "CEX_Ratio": -0.435933
}