{
    "timestamp": "2025-08-27 12:29:17",
    "cum_gam": null,
    "cum_vec": 7543.125936438331,
    "DEX_Call": 8285.248,
    "DEX_Put": -3482.393,
    "DEX_Total": 4802.855,
    "DEX_Ratio": 2.379182,
    "GEX_Call": 17072920.201,
    "GEX_Put": -11299317.886,
    "GEX_Total": 5773602.315,
    "GEX_Ratio": 1.510969,
    "VEX_Call": 2199924.01,
    "VEX_Put": 29786010.16,
    "VEX_Total": 31985934.17,
    "VEX_Ratio": 0.073858,
    "CEX_Call": -13448658.493,
    "CEX_Put": 29863009.934,
    "CEX_Total": 16414351.441,
    "CEX_Ratio": -0.450345
}