{
    "timestamp": "2025-10-06 08:48:41",
    "cum_gam": null,
    "cum_vec": 7853.698246510309,
    "DEX_Call": 9013.579,
    "DEX_Put": -3669.36,
    "DEX_Total": 5344.219,
    "DEX_Ratio": 2.456444,
    "GEX_Call": 15893211.17,
    "GEX_Put": -10269766.031,
    "GEX_Total": 5623445.139,
    "GEX_Ratio": 1.547573,
    "VEX_Call": 823818.411,
    "VEX_Put": 30422081.638,
    "VEX_Total": 31245900.049,
    "VEX_Ratio": 0.02708,
    "CEX_Call": -8346463.456,
    "CEX_Put": 19444642.153,
    "CEX_Total": 11098178.697,
    "CEX_Ratio": -0.429242
}