{
    "timestamp": "2025-07-29 09:57:25",
    "cum_gam": null,
    "cum_vec": 7494.561763885767,
    "DEX_Call": 8834.233,
    "DEX_Put": -3436.273,
    "DEX_Total": 5397.96,
    "DEX_Ratio": 2.570876,
    "GEX_Call": 14226540.197,
    "GEX_Put": -11071789.091,
    "GEX_Total": 3154751.106,
    "GEX_Ratio": 1.284936,
    "VEX_Call": 3881796.133,
    "VEX_Put": 28168767.239,
    "VEX_Total": 32050563.372,
    "VEX_Ratio": 0.137805,
    "CEX_Call": -13111870.552,
    "CEX_Put": 18657390.765,
    "CEX_Total": 5545520.213,
    "CEX_Ratio": -0.702771
}