{
    "timestamp": "2025-10-28 08:42:40",
    "cum_gam": null,
    "cum_vec": 8078.07991875111,
    "DEX_Call": 10796.069,
    "DEX_Put": -3868.77,
    "DEX_Total": 6927.299,
    "DEX_Ratio": 2.790569,
    "GEX_Call": 20758778.862,
    "GEX_Put": -12078513.882,
    "GEX_Total": 8680264.98,
    "GEX_Ratio": 1.718653,
    "VEX_Call": 3304869.863,
    "VEX_Put": 37609431.324,
    "VEX_Total": 40914301.187,
    "VEX_Ratio": 0.087873,
    "CEX_Call": -20982557.312,
    "CEX_Put": 39268882.834,
    "CEX_Total": 18286325.522,
    "CEX_Ratio": -0.53433
}