{
    "timestamp": "2025-08-15 09:44:14",
    "cum_gam": null,
    "cum_vec": 7580.7092064363205,
    "DEX_Call": 7390.819,
    "DEX_Put": -3447.279,
    "DEX_Total": 3943.54,
    "DEX_Ratio": 2.143957,
    "GEX_Call": 14154923.082,
    "GEX_Put": -11129890.37,
    "GEX_Total": 3025032.712,
    "GEX_Ratio": 1.271794,
    "VEX_Call": 1962627.162,
    "VEX_Put": 29616960.451,
    "VEX_Total": 31579587.613,
    "VEX_Ratio": 0.066267,
    "CEX_Call": -12055200.786,
    "CEX_Put": 19345054.821,
    "CEX_Total": 7289854.035,
    "CEX_Ratio": -0.623167
}