{
    "timestamp": "2025-11-03 10:36:16",
    "cum_gam": null,
    "cum_vec": 8081.952677300313,
    "DEX_Call": 9105.711,
    "DEX_Put": -4364.998,
    "DEX_Total": 4740.713,
    "DEX_Ratio": 2.086074,
    "GEX_Call": 14071769.979,
    "GEX_Put": -11618189.647,
    "GEX_Total": 2453580.332,
    "GEX_Ratio": 1.211184,
    "VEX_Call": 1395793.956,
    "VEX_Put": 33007224.844,
    "VEX_Total": 34403018.8,
    "VEX_Ratio": 0.042288,
    "CEX_Call": -11667755.984,
    "CEX_Put": 20142267.289,
    "CEX_Total": 8474511.305,
    "CEX_Ratio": -0.579267
}