{
    "timestamp": "2025-11-14 09:11:32",
    "cum_gam": 6329.819521021618,
    "cum_vec": 7976.157919162293,
    "DEX_Call": 11234.82,
    "DEX_Put": -7594.332,
    "DEX_Total": 3640.488,
    "DEX_Ratio": 1.479369,
    "GEX_Call": 14142547.128,
    "GEX_Put": -16363704.178,
    "GEX_Total": -2221157.05,
    "GEX_Ratio": 0.864263,
    "VEX_Call": -3895770.843,
    "VEX_Put": 34265825.543,
    "VEX_Total": 30370054.7,
    "VEX_Ratio": -0.113693,
    "CEX_Call": -17159195.408,
    "CEX_Put": 30210034.613,
    "CEX_Total": 13050839.205,
    "CEX_Ratio": -0.567997
}