{
    "timestamp": "2025-10-17 09:42:40",
    "cum_gam": 5505.487386178228,
    "cum_vec": 8073.190812580118,
    "DEX_Call": 10673.318,
    "DEX_Put": -6639.666,
    "DEX_Total": 4033.652,
    "DEX_Ratio": 1.607508,
    "GEX_Call": 11462207.23,
    "GEX_Put": -12258609.013,
    "GEX_Total": -796401.783,
    "GEX_Ratio": 0.935033,
    "VEX_Call": -1026736.916,
    "VEX_Put": 38835506.218,
    "VEX_Total": 37808769.302,
    "VEX_Ratio": -0.026438,
    "CEX_Call": -12814449.046,
    "CEX_Put": 30234679.023,
    "CEX_Total": 17420229.977,
    "CEX_Ratio": -0.423833
}