{
    "timestamp": "2025-09-10 09:19:11",
    "cum_gam": null,
    "cum_vec": 8095.703079484257,
    "DEX_Call": 10995.263,
    "DEX_Put": -3899.959,
    "DEX_Total": 7095.304,
    "DEX_Ratio": 2.819328,
    "GEX_Call": 20755698.229,
    "GEX_Put": -12974013.514,
    "GEX_Total": 7781684.715,
    "GEX_Ratio": 1.59979,
    "VEX_Call": 4574668.874,
    "VEX_Put": 38839815.126,
    "VEX_Total": 43414484.0,
    "VEX_Ratio": 0.117783,
    "CEX_Call": -3559724.785,
    "CEX_Put": 25212613.716,
    "CEX_Total": 21652888.931,
    "CEX_Ratio": -0.141188
}