{
    "timestamp": "2025-07-15 11:31:11",
    "cum_gam": null,
    "cum_vec": 7483.867111783898,
    "DEX_Call": 10025.704,
    "DEX_Put": -3553.059,
    "DEX_Total": 6472.645,
    "DEX_Ratio": 2.821711,
    "GEX_Call": 14130741.717,
    "GEX_Put": -10249378.824,
    "GEX_Total": 3881362.893,
    "GEX_Ratio": 1.378693,
    "VEX_Call": 2889972.567,
    "VEX_Put": 26452210.243,
    "VEX_Total": 29342182.81,
    "VEX_Ratio": 0.109253,
    "CEX_Call": -9035250.9,
    "CEX_Put": 19770666.391,
    "CEX_Total": 10735415.491,
    "CEX_Ratio": -0.457003
}