{
    "timestamp": "2025-07-23 12:23:32",
    "cum_gam": null,
    "cum_vec": 7490.855095677938,
    "DEX_Call": 8965.788,
    "DEX_Put": -3030.727,
    "DEX_Total": 5935.061,
    "DEX_Ratio": 2.958296,
    "GEX_Call": 15972567.944,
    "GEX_Put": -7897318.346,
    "GEX_Total": 8075249.598,
    "GEX_Ratio": 2.022531,
    "VEX_Call": 4127354.537,
    "VEX_Put": 27848868.866,
    "VEX_Total": 31976223.403,
    "VEX_Ratio": 0.148205,
    "CEX_Call": -15948143.798,
    "CEX_Put": 19685876.84,
    "CEX_Total": 3737733.042,
    "CEX_Ratio": -0.810131
}