{
    "timestamp": "2025-09-30 07:07:04",
    "cum_gam": null,
    "cum_vec": 7856.857099977075,
    "DEX_Call": 8297.757,
    "DEX_Put": -4466.486,
    "DEX_Total": 3831.271,
    "DEX_Ratio": 1.857782,
    "GEX_Call": 14594980.74,
    "GEX_Put": -13232377.66,
    "GEX_Total": 1362603.08,
    "GEX_Ratio": 1.102975,
    "VEX_Call": -755221.382,
    "VEX_Put": 31435605.226,
    "VEX_Total": 30680383.844,
    "VEX_Ratio": -0.024024,
    "CEX_Call": -11262874.228,
    "CEX_Put": 26412216.348,
    "CEX_Total": 15149342.12,
    "CEX_Ratio": -0.426427
}