{
    "timestamp": "2025-07-07 07:51:48",
    "cum_gam": null,
    "cum_vec": 7460.988003779467,
    "DEX_Call": 6686.017,
    "DEX_Put": -3040.418,
    "DEX_Total": 3645.599,
    "DEX_Ratio": 2.199045,
    "GEX_Call": 10135816.817,
    "GEX_Put": -8091899.702,
    "GEX_Total": 2043917.115,
    "GEX_Ratio": 1.252588,
    "VEX_Call": 1553332.281,
    "VEX_Put": 23644171.581,
    "VEX_Total": 25197503.862,
    "VEX_Ratio": 0.065696,
    "CEX_Call": -8021816.864,
    "CEX_Put": 15131035.033,
    "CEX_Total": 7109218.169,
    "CEX_Ratio": -0.530157
}