{
    "timestamp": "2025-10-17 12:12:02",
    "cum_gam": null,
    "cum_vec": 8066.944996686548,
    "DEX_Call": 10942.636,
    "DEX_Put": -5949.092,
    "DEX_Total": 4993.544,
    "DEX_Ratio": 1.839379,
    "GEX_Call": 12694451.155,
    "GEX_Put": -11890663.047,
    "GEX_Total": 803788.108,
    "GEX_Ratio": 1.067598,
    "VEX_Call": 127417.702,
    "VEX_Put": 38378965.2,
    "VEX_Total": 38506382.902,
    "VEX_Ratio": 0.00332,
    "CEX_Call": -11555543.585,
    "CEX_Put": 32847561.035,
    "CEX_Total": 21292017.45,
    "CEX_Ratio": -0.351793
}