{
    "timestamp": "2025-11-26 13:32:22",
    "cum_gam": null,
    "cum_vec": 8409.299965941987,
    "DEX_Call": 12503.508,
    "DEX_Put": -3804.987,
    "DEX_Total": 8698.521,
    "DEX_Ratio": 3.286084,
    "GEX_Call": 9499002.831,
    "GEX_Put": -8100662.552,
    "GEX_Total": 1398340.279,
    "GEX_Ratio": 1.17262,
    "VEX_Call": 5707290.206,
    "VEX_Put": 20034293.275,
    "VEX_Total": 25741583.481,
    "VEX_Ratio": 0.284876,
    "CEX_Call": 535943.49,
    "CEX_Put": 3591985.629,
    "CEX_Total": 4127929.119,
    "CEX_Ratio": 0.149205
}