{
    "timestamp": "2025-11-19 12:23:06",
    "cum_gam": 6474.625171288214,
    "cum_vec": 7981.525275288366,
    "DEX_Call": 11623.99,
    "DEX_Put": -9403.746,
    "DEX_Total": 2220.244,
    "DEX_Ratio": 1.236102,
    "GEX_Call": 13270368.705,
    "GEX_Put": -16732112.733,
    "GEX_Total": -3461744.028,
    "GEX_Ratio": 0.793108,
    "VEX_Call": -6651797.63,
    "VEX_Put": 29118557.57,
    "VEX_Total": 22466759.94,
    "VEX_Ratio": -0.228438,
    "CEX_Call": -22832991.582,
    "CEX_Put": 26393625.291,
    "CEX_Total": 3560633.709,
    "CEX_Ratio": -0.865095
}