{
    "timestamp": "2025-11-21 12:24:32",
    "cum_gam": 5900.525879565398,
    "cum_vec": 8000.941740416438,
    "DEX_Call": 10115.679,
    "DEX_Put": -8158.694,
    "DEX_Total": 1956.985,
    "DEX_Ratio": 1.239865,
    "GEX_Call": 13417343.003,
    "GEX_Put": -14463345.834,
    "GEX_Total": -1046002.831,
    "GEX_Ratio": 0.927679,
    "VEX_Call": -6436064.858,
    "VEX_Put": 29579306.34,
    "VEX_Total": 23143241.482,
    "VEX_Ratio": -0.217587,
    "CEX_Call": -17449432.175,
    "CEX_Put": 36057432.145,
    "CEX_Total": 18607999.97,
    "CEX_Ratio": -0.483934
}