{
    "timestamp": "2025-09-26 10:27:10",
    "cum_gam": null,
    "cum_vec": 7786.989059978107,
    "DEX_Call": 8797.735,
    "DEX_Put": -4435.154,
    "DEX_Total": 4362.581,
    "DEX_Ratio": 1.983637,
    "GEX_Call": 15529351.024,
    "GEX_Put": -12998841.976,
    "GEX_Total": 2530509.048,
    "GEX_Ratio": 1.194672,
    "VEX_Call": 17361.436,
    "VEX_Put": 31929144.866,
    "VEX_Total": 31946506.302,
    "VEX_Ratio": 0.000544,
    "CEX_Call": -8635804.766,
    "CEX_Put": 22830064.6,
    "CEX_Total": 14194259.834,
    "CEX_Ratio": -0.378265
}