{
    "timestamp": "2025-11-06 12:02:39",
    "cum_gam": 6396.653811550866,
    "cum_vec": 7964.487445820972,
    "DEX_Call": 8417.517,
    "DEX_Put": -6587.74,
    "DEX_Total": 1829.777,
    "DEX_Ratio": 1.277755,
    "GEX_Call": 12444747.595,
    "GEX_Put": -15039225.965,
    "GEX_Total": -2594478.37,
    "GEX_Ratio": 0.827486,
    "VEX_Call": -4849111.473,
    "VEX_Put": 32638740.908,
    "VEX_Total": 27789629.435,
    "VEX_Ratio": -0.148569,
    "CEX_Call": -17156979.531,
    "CEX_Put": 22808270.385,
    "CEX_Total": 5651290.854,
    "CEX_Ratio": -0.752226
}