{
    "timestamp": "2025-10-22 09:11:30",
    "cum_gam": 4616.78565732884,
    "cum_vec": 8054.358009211638,
    "DEX_Call": 10265.744,
    "DEX_Put": -5522.788,
    "DEX_Total": 4742.956,
    "DEX_Ratio": 1.858797,
    "GEX_Call": 13716961.284,
    "GEX_Put": -13773706.216,
    "GEX_Total": -56744.932,
    "GEX_Ratio": 0.99588,
    "VEX_Call": -1505100.109,
    "VEX_Put": 37168094.593,
    "VEX_Total": 35662994.484,
    "VEX_Ratio": -0.040494,
    "CEX_Call": -13045107.886,
    "CEX_Put": 24174301.304,
    "CEX_Total": 11129193.418,
    "CEX_Ratio": -0.539627
}