{
    "timestamp": "2025-11-11 07:25:59",
    "cum_gam": null,
    "cum_vec": 8005.829342736416,
    "DEX_Call": 10307.351,
    "DEX_Put": -4955.671,
    "DEX_Total": 5351.68,
    "DEX_Ratio": 2.07991,
    "GEX_Call": 17746595.958,
    "GEX_Put": -12855868.273,
    "GEX_Total": 4890727.685,
    "GEX_Ratio": 1.380428,
    "VEX_Call": -1184565.677,
    "VEX_Put": 34695006.514,
    "VEX_Total": 33510440.837,
    "VEX_Ratio": -0.034142,
    "CEX_Call": -13434578.547,
    "CEX_Put": 23084648.122,
    "CEX_Total": 9650069.575,
    "CEX_Ratio": -0.58197
}