{
    "timestamp": "2025-11-24 07:33:39",
    "cum_gam": 5645.871245627745,
    "cum_vec": 8043.232272488916,
    "DEX_Call": 10584.273,
    "DEX_Put": -8140.667,
    "DEX_Total": 2443.606,
    "DEX_Ratio": 1.300173,
    "GEX_Call": 13442245.223,
    "GEX_Put": -14136022.802,
    "GEX_Total": -693777.579,
    "GEX_Ratio": 0.950921,
    "VEX_Call": -5804615.632,
    "VEX_Put": 28950970.826,
    "VEX_Total": 23146355.194,
    "VEX_Ratio": -0.200498,
    "CEX_Call": -11862240.047,
    "CEX_Put": 17735942.685,
    "CEX_Total": 5873702.638,
    "CEX_Ratio": -0.668825
}