{
    "timestamp": "2025-11-11 12:55:48",
    "cum_gam": null,
    "cum_vec": 7995.366707613882,
    "DEX_Call": 9442.545,
    "DEX_Put": -4483.768,
    "DEX_Total": 4958.777,
    "DEX_Ratio": 2.10594,
    "GEX_Call": 19428709.935,
    "GEX_Put": -12078716.326,
    "GEX_Total": 7349993.609,
    "GEX_Ratio": 1.608508,
    "VEX_Call": -306110.164,
    "VEX_Put": 33555518.789,
    "VEX_Total": 33249408.625,
    "VEX_Ratio": -0.009122,
    "CEX_Call": -14854965.3,
    "CEX_Put": 29835069.578,
    "CEX_Total": 14980104.278,
    "CEX_Ratio": -0.497903
}