{
    "timestamp": "2025-09-12 08:35:23",
    "cum_gam": null,
    "cum_vec": 8052.912896277912,
    "DEX_Call": 9826.381,
    "DEX_Put": -3571.317,
    "DEX_Total": 6255.064,
    "DEX_Ratio": 2.751473,
    "GEX_Call": 20359144.028,
    "GEX_Put": -13033461.911,
    "GEX_Total": 7325682.117,
    "GEX_Ratio": 1.562067,
    "VEX_Call": 3284352.503,
    "VEX_Put": 37992091.233,
    "VEX_Total": 41276443.736,
    "VEX_Ratio": 0.086448,
    "CEX_Call": -10473515.533,
    "CEX_Put": 26938158.93,
    "CEX_Total": 16464643.397,
    "CEX_Ratio": -0.388798
}