{
    "timestamp": "2025-10-29 09:02:39",
    "cum_gam": null,
    "cum_vec": 8084.54620200479,
    "DEX_Call": 10819.879,
    "DEX_Put": -3916.655,
    "DEX_Total": 6903.224,
    "DEX_Ratio": 2.762531,
    "GEX_Call": 18277986.037,
    "GEX_Put": -11030671.734,
    "GEX_Total": 7247314.303,
    "GEX_Ratio": 1.657015,
    "VEX_Call": 3900547.815,
    "VEX_Put": 38018619.277,
    "VEX_Total": 41919167.092,
    "VEX_Ratio": 0.102596,
    "CEX_Call": -18654436.085,
    "CEX_Put": 36591205.734,
    "CEX_Total": 17936769.649,
    "CEX_Ratio": -0.509807
}