{
    "timestamp": "2025-10-10 12:52:16",
    "cum_gam": 6578.729425463554,
    "cum_vec": 8063.520072713122,
    "DEX_Call": 9487.759,
    "DEX_Put": -8674.262,
    "DEX_Total": 813.497,
    "DEX_Ratio": 1.093783,
    "GEX_Call": 10418901.771,
    "GEX_Put": -17936639.305,
    "GEX_Total": -7517737.534,
    "GEX_Ratio": 0.580873,
    "VEX_Call": -3255474.876,
    "VEX_Put": 33528951.407,
    "VEX_Total": 30273476.531,
    "VEX_Ratio": -0.097094,
    "CEX_Call": -20275362.125,
    "CEX_Put": -61533253.707,
    "CEX_Total": -81808615.832,
    "CEX_Ratio": -0.329503
}