{
    "timestamp": "2025-08-19 12:29:34",
    "cum_gam": 6004.485143978787,
    "cum_vec": 7524.135144517223,
    "DEX_Call": 8764.798,
    "DEX_Put": -4337.244,
    "DEX_Total": 4427.554,
    "DEX_Ratio": 2.020822,
    "GEX_Call": 11773086.25,
    "GEX_Put": -13638701.358,
    "GEX_Total": -1865615.108,
    "GEX_Ratio": 0.863212,
    "VEX_Call": 2523905.205,
    "VEX_Put": 28271196.803,
    "VEX_Total": 30795102.008,
    "VEX_Ratio": 0.089275,
    "CEX_Call": -10957210.108,
    "CEX_Put": 6399912.864,
    "CEX_Total": -4557297.244,
    "CEX_Ratio": -1.712087
}