{
    "timestamp": "2025-10-30 09:00:12",
    "cum_gam": null,
    "cum_vec": 8068.803901457859,
    "DEX_Call": 10892.443,
    "DEX_Put": -4570.366,
    "DEX_Total": 6322.077,
    "DEX_Ratio": 2.383276,
    "GEX_Call": 15413609.423,
    "GEX_Put": -12464473.853,
    "GEX_Total": 2949135.57,
    "GEX_Ratio": 1.236603,
    "VEX_Call": 2296710.555,
    "VEX_Put": 35869915.286,
    "VEX_Total": 38166625.841,
    "VEX_Ratio": 0.064029,
    "CEX_Call": -6665802.793,
    "CEX_Put": 19367825.165,
    "CEX_Total": 12702022.372,
    "CEX_Ratio": -0.344169
}