{
    "timestamp": "2026-07-23 12:20:23",
    "cum_gam": 8001.201886664394,
    "cum_vec": 9104.693517367272,
    "DEX_Call": 8474.379,
    "DEX_Put": -10513.108,
    "DEX_Total": -2038.729,
    "DEX_Ratio": 0.806077,
    "GEX_Call": 11441078.344,
    "GEX_Put": -17813292.232,
    "GEX_Total": -6372213.888,
    "GEX_Ratio": 0.642278,
    "VEX_Call": -7644457.773,
    "VEX_Put": 25858979.632,
    "VEX_Total": 18214521.859,
    "VEX_Ratio": -0.295621,
    "CEX_Call": -14551654.612,
    "CEX_Put": 17496893.366,
    "CEX_Total": 2945238.754,
    "CEX_Ratio": -0.831671
}