{
    "timestamp": "2025-11-04 09:20:05",
    "cum_gam": 5505.8490873536775,
    "cum_vec": 7980.20215577802,
    "DEX_Call": 9372.015,
    "DEX_Put": -5588.839,
    "DEX_Total": 3783.176,
    "DEX_Ratio": 1.676916,
    "GEX_Call": 13196354.401,
    "GEX_Put": -13576595.672,
    "GEX_Total": -380241.271,
    "GEX_Ratio": 0.971993,
    "VEX_Call": -1545911.679,
    "VEX_Put": 33807468.653,
    "VEX_Total": 32261556.974,
    "VEX_Ratio": -0.045727,
    "CEX_Call": -10676128.641,
    "CEX_Put": 17886702.412,
    "CEX_Total": 7210573.771,
    "CEX_Ratio": -0.596875
}