{
    "timestamp": "2025-11-07 10:42:09",
    "cum_gam": 6619.601123871372,
    "cum_vec": 7928.78197535659,
    "DEX_Call": 9263.994,
    "DEX_Put": -8675.776,
    "DEX_Total": 588.218,
    "DEX_Ratio": 1.0678,
    "GEX_Call": 10805807.083,
    "GEX_Put": -16015648.028,
    "GEX_Total": -5209840.945,
    "GEX_Ratio": 0.674703,
    "VEX_Call": -5926344.847,
    "VEX_Put": 29743650.339,
    "VEX_Total": 23817305.492,
    "VEX_Ratio": -0.199247,
    "CEX_Call": -14265317.405,
    "CEX_Put": 17070916.713,
    "CEX_Total": 2805599.308,
    "CEX_Ratio": -0.83565
}