{
    "timestamp": "2025-10-27 12:51:48",
    "cum_gam": null,
    "cum_vec": 8095.0094266260685,
    "DEX_Call": 10043.136,
    "DEX_Put": -2996.504,
    "DEX_Total": 7046.632,
    "DEX_Ratio": 3.351618,
    "GEX_Call": 23697521.799,
    "GEX_Put": -7450976.211,
    "GEX_Total": 16246545.588,
    "GEX_Ratio": 3.180459,
    "VEX_Call": 4431995.852,
    "VEX_Put": 32644111.108,
    "VEX_Total": 37076106.96,
    "VEX_Ratio": 0.135767,
    "CEX_Call": 15953016.101,
    "CEX_Put": 22983577.117,
    "CEX_Total": 38936593.218,
    "CEX_Ratio": 0.694105
}