{
    "timestamp": "2025-10-15 12:49:09",
    "cum_gam": null,
    "cum_vec": 8080.993457205309,
    "DEX_Call": 12880.735,
    "DEX_Put": -6187.835,
    "DEX_Total": 6692.9,
    "DEX_Ratio": 2.081622,
    "GEX_Call": 16322754.888,
    "GEX_Put": -14828650.246,
    "GEX_Total": 1494104.642,
    "GEX_Ratio": 1.100758,
    "VEX_Call": -130573.46,
    "VEX_Put": 39123474.566,
    "VEX_Total": 38992901.106,
    "VEX_Ratio": -0.003337,
    "CEX_Call": -16254335.362,
    "CEX_Put": 33548038.418,
    "CEX_Total": 17293703.056,
    "CEX_Ratio": -0.484509
}