{
    "timestamp": "2025-08-19 12:46:34",
    "cum_gam": 6003.889598566458,
    "cum_vec": 7526.6957496311425,
    "DEX_Call": 8778.573,
    "DEX_Put": -4303.014,
    "DEX_Total": 4475.559,
    "DEX_Ratio": 2.040099,
    "GEX_Call": 11822115.277,
    "GEX_Put": -13646064.946,
    "GEX_Total": -1823949.669,
    "GEX_Ratio": 0.866339,
    "VEX_Call": 2594335.268,
    "VEX_Put": 28350860.097,
    "VEX_Total": 30945195.365,
    "VEX_Ratio": 0.091508,
    "CEX_Call": -12654816.33,
    "CEX_Put": 4151126.101,
    "CEX_Total": -8503690.229,
    "CEX_Ratio": -3.048526
}