{
    "timestamp": "2025-10-02 11:53:50",
    "cum_gam": null,
    "cum_vec": 8054.68729343507,
    "DEX_Call": 9440.888,
    "DEX_Put": -3779.143,
    "DEX_Total": 5661.745,
    "DEX_Ratio": 2.498156,
    "GEX_Call": 18194144.053,
    "GEX_Put": -10710270.718,
    "GEX_Total": 7483873.335,
    "GEX_Ratio": 1.698757,
    "VEX_Call": 1326402.409,
    "VEX_Put": 33379188.463,
    "VEX_Total": 34705590.872,
    "VEX_Ratio": 0.039737,
    "CEX_Call": -16248017.284,
    "CEX_Put": 28999454.395,
    "CEX_Total": 12751437.111,
    "CEX_Ratio": -0.560287
}