{
    "timestamp": "2025-09-05 12:09:19",
    "cum_gam": null,
    "cum_vec": 7505.692313173799,
    "DEX_Call": 7012.571,
    "DEX_Put": -3671.287,
    "DEX_Total": 3341.284,
    "DEX_Ratio": 1.910112,
    "GEX_Call": 17491611.106,
    "GEX_Put": -16383859.5,
    "GEX_Total": 1107751.606,
    "GEX_Ratio": 1.067612,
    "VEX_Call": 617917.851,
    "VEX_Put": 28776311.092,
    "VEX_Total": 29394228.943,
    "VEX_Ratio": 0.021473,
    "CEX_Call": -37174182.263,
    "CEX_Put": 85282647.727,
    "CEX_Total": 48108465.464,
    "CEX_Ratio": -0.435894
}