{
    "timestamp": "2025-10-15 08:45:09",
    "cum_gam": null,
    "cum_vec": 8083.495751128818,
    "DEX_Call": 13524.185,
    "DEX_Put": -6184.549,
    "DEX_Total": 7339.636,
    "DEX_Ratio": 2.18677,
    "GEX_Call": 16532078.851,
    "GEX_Put": -14770694.741,
    "GEX_Total": 1761384.11,
    "GEX_Ratio": 1.119249,
    "VEX_Call": -244886.237,
    "VEX_Put": 39411104.527,
    "VEX_Total": 39166218.29,
    "VEX_Ratio": -0.006214,
    "CEX_Call": -13259894.011,
    "CEX_Put": 30477240.625,
    "CEX_Total": 17217346.614,
    "CEX_Ratio": -0.435075
}