{
    "timestamp": "2025-11-17 13:54:15",
    "cum_gam": 6650.717982434193,
    "cum_vec": 7985.692384679521,
    "DEX_Call": 9599.685,
    "DEX_Put": -7837.11,
    "DEX_Total": 1762.575,
    "DEX_Ratio": 1.224901,
    "GEX_Call": 11737387.478,
    "GEX_Put": -16379672.15,
    "GEX_Total": -4642284.672,
    "GEX_Ratio": 0.716583,
    "VEX_Call": -5649173.999,
    "VEX_Put": 26729526.555,
    "VEX_Total": 21080352.556,
    "VEX_Ratio": -0.211346,
    "CEX_Call": -47028368.106,
    "CEX_Put": -120811989.512,
    "CEX_Total": -167840357.618,
    "CEX_Ratio": -0.389269
}