{
    "timestamp": "2025-11-25 10:57:30",
    "cum_gam": null,
    "cum_vec": 8434.319960108101,
    "DEX_Call": 13803.586,
    "DEX_Put": -4590.65,
    "DEX_Total": 9212.936,
    "DEX_Ratio": 3.006891,
    "GEX_Call": 8921237.349,
    "GEX_Put": -8227033.775,
    "GEX_Total": 694203.574,
    "GEX_Ratio": 1.084381,
    "VEX_Call": 3609920.919,
    "VEX_Put": 18671926.511,
    "VEX_Total": 22281847.43,
    "VEX_Ratio": 0.193334,
    "CEX_Call": 17308.592,
    "CEX_Put": 3103878.09,
    "CEX_Total": 3121186.682,
    "CEX_Ratio": 0.005576
}