{
    "timestamp": "2025-11-04 13:34:15",
    "cum_gam": 6128.962738403388,
    "cum_vec": 7953.302783825937,
    "DEX_Call": 9124.321,
    "DEX_Put": -5885.364,
    "DEX_Total": 3238.957,
    "DEX_Ratio": 1.550341,
    "GEX_Call": 12477775.297,
    "GEX_Put": -14031690.561,
    "GEX_Total": -1553915.264,
    "GEX_Ratio": 0.889257,
    "VEX_Call": -2067981.171,
    "VEX_Put": 33147685.025,
    "VEX_Total": 31079703.854,
    "VEX_Ratio": -0.062387,
    "CEX_Call": -24688630.413,
    "CEX_Put": 36266179.802,
    "CEX_Total": 11577549.389,
    "CEX_Ratio": -0.680762
}