{
    "timestamp": "2025-08-25 08:54:32",
    "cum_gam": null,
    "cum_vec": 7544.217372704239,
    "DEX_Call": 6216.831,
    "DEX_Put": -3045.004,
    "DEX_Total": 3171.827,
    "DEX_Ratio": 2.04165,
    "GEX_Call": 14647694.158,
    "GEX_Put": -10976723.493,
    "GEX_Total": 3670970.665,
    "GEX_Ratio": 1.334432,
    "VEX_Call": 147919.734,
    "VEX_Put": 26440489.643,
    "VEX_Total": 26588409.377,
    "VEX_Ratio": 0.005594,
    "CEX_Call": -10327220.0,
    "CEX_Put": 14632156.792,
    "CEX_Total": 4304936.792,
    "CEX_Ratio": -0.705789
}