{
    "timestamp": "2025-07-24 07:25:52",
    "cum_gam": null,
    "cum_vec": 7490.4056147059755,
    "DEX_Call": 9168.467,
    "DEX_Put": -3050.12,
    "DEX_Total": 6118.347,
    "DEX_Ratio": 3.005936,
    "GEX_Call": 15784033.419,
    "GEX_Put": -8619713.153,
    "GEX_Total": 7164320.266,
    "GEX_Ratio": 1.831155,
    "VEX_Call": 3689849.655,
    "VEX_Put": 28203139.502,
    "VEX_Total": 31892989.157,
    "VEX_Ratio": 0.130831,
    "CEX_Call": -9421402.13,
    "CEX_Put": 16128691.189,
    "CEX_Total": 6707289.059,
    "CEX_Ratio": -0.584139
}