{
    "timestamp": "2025-07-16 11:37:17",
    "cum_gam": null,
    "cum_vec": 7479.801625794112,
    "DEX_Call": 10286.366,
    "DEX_Put": -3907.748,
    "DEX_Total": 6378.618,
    "DEX_Ratio": 2.6323,
    "GEX_Call": 14437622.46,
    "GEX_Put": -12100954.263,
    "GEX_Total": 2336668.197,
    "GEX_Ratio": 1.193098,
    "VEX_Call": 3257854.02,
    "VEX_Put": 27122389.048,
    "VEX_Total": 30380243.068,
    "VEX_Ratio": 0.120117,
    "CEX_Call": -5580217.429,
    "CEX_Put": 30192329.035,
    "CEX_Total": 24612111.606,
    "CEX_Ratio": -0.184822
}