{
    "timestamp": "2025-11-13 11:50:12",
    "cum_gam": 6304.689465227587,
    "cum_vec": 7993.178829668853,
    "DEX_Call": 11240.267,
    "DEX_Put": -7436.667,
    "DEX_Total": 3803.6,
    "DEX_Ratio": 1.511466,
    "GEX_Call": 13661632.15,
    "GEX_Put": -15874835.474,
    "GEX_Total": -2213203.324,
    "GEX_Ratio": 0.860584,
    "VEX_Call": -3814699.644,
    "VEX_Put": 35002243.441,
    "VEX_Total": 31187543.797,
    "VEX_Ratio": -0.108984,
    "CEX_Call": -17870709.265,
    "CEX_Put": 20389578.148,
    "CEX_Total": 2518868.883,
    "CEX_Ratio": -0.876463
}