{
    "timestamp": "2025-11-13 13:23:53",
    "cum_gam": 6389.772630426165,
    "cum_vec": 7987.145986753424,
    "DEX_Call": 10954.082,
    "DEX_Put": -7795.597,
    "DEX_Total": 3158.485,
    "DEX_Ratio": 1.405163,
    "GEX_Call": 13126550.265,
    "GEX_Put": -15762270.11,
    "GEX_Total": -2635719.845,
    "GEX_Ratio": 0.832783,
    "VEX_Call": -4392540.906,
    "VEX_Put": 34369216.096,
    "VEX_Total": 29976675.19,
    "VEX_Ratio": -0.127805,
    "CEX_Call": -24090125.474,
    "CEX_Put": 12110259.835,
    "CEX_Total": -11979865.639,
    "CEX_Ratio": -1.989233
}