{
    "timestamp": "2025-08-13 08:59:43",
    "cum_gam": null,
    "cum_vec": 7576.105663668322,
    "DEX_Call": 9283.024,
    "DEX_Put": -3240.282,
    "DEX_Total": 6042.742,
    "DEX_Ratio": 2.864882,
    "GEX_Call": 19058250.812,
    "GEX_Put": -10508563.15,
    "GEX_Total": 8549687.662,
    "GEX_Ratio": 1.813592,
    "VEX_Call": 3174999.282,
    "VEX_Put": 30881576.218,
    "VEX_Total": 34056575.5,
    "VEX_Ratio": 0.102812,
    "CEX_Call": -7922762.334,
    "CEX_Put": 22241918.257,
    "CEX_Total": 14319155.923,
    "CEX_Ratio": -0.356209
}