{
    "timestamp": "2025-10-29 09:06:20",
    "cum_gam": null,
    "cum_vec": 8083.679608111442,
    "DEX_Call": 10785.323,
    "DEX_Put": -3961.527,
    "DEX_Total": 6823.796,
    "DEX_Ratio": 2.722517,
    "GEX_Call": 18117193.493,
    "GEX_Put": -11161920.27,
    "GEX_Total": 6955273.223,
    "GEX_Ratio": 1.623125,
    "VEX_Call": 3763359.248,
    "VEX_Put": 38055985.315,
    "VEX_Total": 41819344.563,
    "VEX_Ratio": 0.09889,
    "CEX_Call": -19201019.64,
    "CEX_Put": 36954376.578,
    "CEX_Total": 17753356.938,
    "CEX_Ratio": -0.519587
}