{
    "timestamp": "2025-08-27 11:22:17",
    "cum_gam": null,
    "cum_vec": 7546.51510016969,
    "DEX_Call": 7895.022,
    "DEX_Put": -3401.255,
    "DEX_Total": 4493.767,
    "DEX_Ratio": 2.321208,
    "GEX_Call": 17134592.603,
    "GEX_Put": -10896286.748,
    "GEX_Total": 6238305.855,
    "GEX_Ratio": 1.572517,
    "VEX_Call": 2183466.302,
    "VEX_Put": 29755599.74,
    "VEX_Total": 31939066.042,
    "VEX_Ratio": 0.07338,
    "CEX_Call": -15016890.727,
    "CEX_Put": 22050153.49,
    "CEX_Total": 7033262.763,
    "CEX_Ratio": -0.681033
}