{
    "timestamp": "2025-09-23 08:14:53",
    "cum_gam": null,
    "cum_vec": 7947.050775150717,
    "DEX_Call": 10080.397,
    "DEX_Put": -3669.407,
    "DEX_Total": 6410.99,
    "DEX_Ratio": 2.747146,
    "GEX_Call": 15962763.48,
    "GEX_Put": -10519200.163,
    "GEX_Total": 5443563.317,
    "GEX_Ratio": 1.517488,
    "VEX_Call": 1983082.169,
    "VEX_Put": 33613164.393,
    "VEX_Total": 35596246.562,
    "VEX_Ratio": 0.058997,
    "CEX_Call": -13331982.554,
    "CEX_Put": 18488657.651,
    "CEX_Total": 5156675.097,
    "CEX_Ratio": -0.72109
}