{
    "timestamp": "2025-11-21 12:56:40",
    "cum_gam": 6303.833098285192,
    "cum_vec": 7992.158041653756,
    "DEX_Call": 9750.0,
    "DEX_Put": -8661.012,
    "DEX_Total": 1088.988,
    "DEX_Ratio": 1.125734,
    "GEX_Call": 12477786.141,
    "GEX_Put": -14796728.619,
    "GEX_Total": -2318942.478,
    "GEX_Ratio": 0.84328,
    "VEX_Call": -6780101.964,
    "VEX_Put": 28231452.379,
    "VEX_Total": 21451350.415,
    "VEX_Ratio": -0.240161,
    "CEX_Call": -28513805.263,
    "CEX_Put": 31663973.787,
    "CEX_Total": 3150168.524,
    "CEX_Ratio": -0.900513
}