{
    "timestamp": "2025-09-11 08:41:00",
    "cum_gam": null,
    "cum_vec": 8108.974577727049,
    "DEX_Call": 12137.501,
    "DEX_Put": -3578.734,
    "DEX_Total": 8558.767,
    "DEX_Ratio": 3.391563,
    "GEX_Call": 20281990.828,
    "GEX_Put": -11254832.255,
    "GEX_Total": 9027158.573,
    "GEX_Ratio": 1.80207,
    "VEX_Call": 6401889.902,
    "VEX_Put": 39702170.007,
    "VEX_Total": 46104059.909,
    "VEX_Ratio": 0.161248,
    "CEX_Call": 1818794.06,
    "CEX_Put": 29638988.59,
    "CEX_Total": 31457782.65,
    "CEX_Ratio": 0.061365
}