{
    "timestamp": "2025-11-11 07:48:28",
    "cum_gam": null,
    "cum_vec": 7990.11722305055,
    "DEX_Call": 9599.748,
    "DEX_Put": -5007.989,
    "DEX_Total": 4591.759,
    "DEX_Ratio": 1.916887,
    "GEX_Call": 17643249.544,
    "GEX_Put": -13226991.419,
    "GEX_Total": 4416258.125,
    "GEX_Ratio": 1.333882,
    "VEX_Call": -2280219.929,
    "VEX_Put": 33305854.456,
    "VEX_Total": 31025634.527,
    "VEX_Ratio": -0.068463,
    "CEX_Call": -12666272.701,
    "CEX_Put": 18039738.275,
    "CEX_Total": 5373465.574,
    "CEX_Ratio": -0.702132
}