{
    "timestamp": "2025-09-04 08:24:54",
    "cum_gam": null,
    "cum_vec": 7527.326361310413,
    "DEX_Call": 7443.562,
    "DEX_Put": -3649.094,
    "DEX_Total": 3794.468,
    "DEX_Ratio": 2.039838,
    "GEX_Call": 18894719.134,
    "GEX_Put": -12489113.658,
    "GEX_Total": 6405605.476,
    "GEX_Ratio": 1.512895,
    "VEX_Call": 989324.112,
    "VEX_Put": 28064418.815,
    "VEX_Total": 29053742.927,
    "VEX_Ratio": 0.035252,
    "CEX_Call": -9365132.736,
    "CEX_Put": 24758424.91,
    "CEX_Total": 15393292.174,
    "CEX_Ratio": -0.37826
}