{
    "timestamp": "2025-08-12 11:36:39",
    "cum_gam": null,
    "cum_vec": 7584.133793649895,
    "DEX_Call": 9841.262,
    "DEX_Put": -2940.66,
    "DEX_Total": 6900.602,
    "DEX_Ratio": 3.346617,
    "GEX_Call": 18022872.603,
    "GEX_Put": -9070891.03,
    "GEX_Total": 8951981.573,
    "GEX_Ratio": 1.986891,
    "VEX_Call": 4028107.333,
    "VEX_Put": 28312406.621,
    "VEX_Total": 32340513.954,
    "VEX_Ratio": 0.142274,
    "CEX_Call": 1638829.162,
    "CEX_Put": 22917166.757,
    "CEX_Total": 24555995.919,
    "CEX_Ratio": 0.071511
}