{
    "timestamp": "2025-07-15 11:37:40",
    "cum_gam": null,
    "cum_vec": 7477.911903611532,
    "DEX_Call": 8629.216,
    "DEX_Put": -3577.908,
    "DEX_Total": 5051.308,
    "DEX_Ratio": 2.411805,
    "GEX_Call": 13862297.773,
    "GEX_Put": -10208847.067,
    "GEX_Total": 3653450.706,
    "GEX_Ratio": 1.357871,
    "VEX_Call": 2211352.66,
    "VEX_Put": 26436396.412,
    "VEX_Total": 28647749.072,
    "VEX_Ratio": 0.083648,
    "CEX_Call": -11738069.291,
    "CEX_Put": 19650755.206,
    "CEX_Total": 7912685.915,
    "CEX_Ratio": -0.597334
}