{
    "timestamp": "2025-11-18 11:13:19",
    "cum_gam": 6522.060424480922,
    "cum_vec": 7979.859611387652,
    "DEX_Call": 10303.453,
    "DEX_Put": -9179.237,
    "DEX_Total": 1124.216,
    "DEX_Ratio": 1.122474,
    "GEX_Call": 12891217.657,
    "GEX_Put": -16805560.597,
    "GEX_Total": -3914342.94,
    "GEX_Ratio": 0.76708,
    "VEX_Call": -6250857.412,
    "VEX_Put": 30483664.337,
    "VEX_Total": 24232806.925,
    "VEX_Ratio": -0.205056,
    "CEX_Call": -18257813.715,
    "CEX_Put": 23118896.291,
    "CEX_Total": 4861082.576,
    "CEX_Ratio": -0.789736
}