{
    "timestamp": "2025-09-30 12:36:21",
    "cum_gam": null,
    "cum_vec": 8031.261694950948,
    "DEX_Call": 9261.284,
    "DEX_Put": -4053.295,
    "DEX_Total": 5207.989,
    "DEX_Ratio": 2.284878,
    "GEX_Call": 15687775.494,
    "GEX_Put": -11547319.915,
    "GEX_Total": 4140455.579,
    "GEX_Ratio": 1.358564,
    "VEX_Call": 780397.386,
    "VEX_Put": 31663818.496,
    "VEX_Total": 32444215.882,
    "VEX_Ratio": 0.024646,
    "CEX_Call": -30064918.205,
    "CEX_Put": 41961816.038,
    "CEX_Total": 11896897.833,
    "CEX_Ratio": -0.716483
}