{
    "timestamp": "2025-09-24 09:47:40",
    "cum_gam": 6001.269682173211,
    "cum_vec": 7859.274805888001,
    "DEX_Call": 10168.413,
    "DEX_Put": -4808.797,
    "DEX_Total": 5359.616,
    "DEX_Ratio": 2.114544,
    "GEX_Call": 13117625.898,
    "GEX_Put": -14393642.439,
    "GEX_Total": -1276016.541,
    "GEX_Ratio": 0.911349,
    "VEX_Call": 1165424.064,
    "VEX_Put": 33515694.413,
    "VEX_Total": 34681118.477,
    "VEX_Ratio": 0.034772,
    "CEX_Call": -12323362.522,
    "CEX_Put": 19119312.081,
    "CEX_Total": 6795949.559,
    "CEX_Ratio": -0.644551
}