{
    "timestamp": "2025-09-16 10:36:05",
    "cum_gam": null,
    "cum_vec": 7851.439001917001,
    "DEX_Call": 18135.764,
    "DEX_Put": -3698.566,
    "DEX_Total": 14437.198,
    "DEX_Ratio": 4.903458,
    "GEX_Call": 19337205.133,
    "GEX_Put": -13858794.642,
    "GEX_Total": 5478410.491,
    "GEX_Ratio": 1.395302,
    "VEX_Call": 8985517.097,
    "VEX_Put": 38876467.523,
    "VEX_Total": 47861984.62,
    "VEX_Ratio": 0.23113,
    "CEX_Call": 2354263.962,
    "CEX_Put": 38419681.975,
    "CEX_Total": 40773945.937,
    "CEX_Ratio": 0.061278
}