{
    "timestamp": "2025-11-06 08:40:00",
    "cum_gam": 6300.259790469315,
    "cum_vec": 7952.594264855609,
    "DEX_Call": 10392.504,
    "DEX_Put": -6667.364,
    "DEX_Total": 3725.14,
    "DEX_Ratio": 1.558713,
    "GEX_Call": 12588208.655,
    "GEX_Put": -14642813.473,
    "GEX_Total": -2054604.818,
    "GEX_Ratio": 0.859685,
    "VEX_Call": -3956376.642,
    "VEX_Put": 32808710.412,
    "VEX_Total": 28852333.77,
    "VEX_Ratio": -0.120589,
    "CEX_Call": -14374127.436,
    "CEX_Put": 16304879.618,
    "CEX_Total": 1930752.182,
    "CEX_Ratio": -0.881584
}