{
    "timestamp": "2025-06-26 11:25:47",
    "cum_gam": 7033.523134373846,
    "cum_vec": 7136.884402229574,
    "DEX_Call": 6409.946,
    "DEX_Put": -3085.12,
    "DEX_Total": 3324.826,
    "DEX_Ratio": 2.077697,
    "GEX_Call": 14104707.667,
    "GEX_Put": -6906709.999,
    "GEX_Total": 7197997.668,
    "GEX_Ratio": 2.042175,
    "VEX_Call": 2093858.661,
    "VEX_Put": 24076554.171,
    "VEX_Total": 26170412.832,
    "VEX_Ratio": 0.086967,
    "CEX_Call": -1337080.393,
    "CEX_Put": 17157867.595,
    "CEX_Total": 15820787.202,
    "CEX_Ratio": -0.077928
}