{
    "timestamp": "2025-10-21 09:05:28",
    "cum_gam": null,
    "cum_vec": 8058.721344575339,
    "DEX_Call": 10748.757,
    "DEX_Put": -4603.397,
    "DEX_Total": 6145.36,
    "DEX_Ratio": 2.334962,
    "GEX_Call": 16397400.367,
    "GEX_Put": -11304638.133,
    "GEX_Total": 5092762.234,
    "GEX_Ratio": 1.450502,
    "VEX_Call": 557567.385,
    "VEX_Put": 37184850.505,
    "VEX_Total": 37742417.89,
    "VEX_Ratio": 0.014994,
    "CEX_Call": -10675178.877,
    "CEX_Put": 22157128.792,
    "CEX_Total": 11481949.915,
    "CEX_Ratio": -0.481794
}