{
    "timestamp": "2025-08-15 08:20:48",
    "cum_gam": null,
    "cum_vec": 7582.00159036692,
    "DEX_Call": 7457.427,
    "DEX_Put": -3388.464,
    "DEX_Total": 4068.963,
    "DEX_Ratio": 2.200828,
    "GEX_Call": 14341956.988,
    "GEX_Put": -10900245.494,
    "GEX_Total": 3441711.494,
    "GEX_Ratio": 1.315746,
    "VEX_Call": 2101372.618,
    "VEX_Put": 29548552.406,
    "VEX_Total": 31649925.024,
    "VEX_Ratio": 0.071116,
    "CEX_Call": -12217873.807,
    "CEX_Put": 18720546.318,
    "CEX_Total": 6502672.511,
    "CEX_Ratio": -0.652645
}