{
    "timestamp": "2025-10-16 08:10:30",
    "cum_gam": null,
    "cum_vec": 8085.431833418852,
    "DEX_Call": 13788.174,
    "DEX_Put": -5811.958,
    "DEX_Total": 7976.216,
    "DEX_Ratio": 2.37238,
    "GEX_Call": 18464157.8,
    "GEX_Put": -14751003.853,
    "GEX_Total": 3713153.947,
    "GEX_Ratio": 1.251722,
    "VEX_Call": 1076010.969,
    "VEX_Put": 40562570.535,
    "VEX_Total": 41638581.504,
    "VEX_Ratio": 0.026527,
    "CEX_Call": -8641650.618,
    "CEX_Put": 36547866.805,
    "CEX_Total": 27906216.187,
    "CEX_Ratio": -0.236447
}