{
    "timestamp": "2025-10-10 07:18:38",
    "cum_gam": null,
    "cum_vec": 8078.0170894583525,
    "DEX_Call": 11032.836,
    "DEX_Put": -4809.921,
    "DEX_Total": 6222.915,
    "DEX_Ratio": 2.293767,
    "GEX_Call": 17935389.767,
    "GEX_Put": -13375288.047,
    "GEX_Total": 4560101.72,
    "GEX_Ratio": 1.340935,
    "VEX_Call": 1384485.985,
    "VEX_Put": 37972825.364,
    "VEX_Total": 39357311.349,
    "VEX_Ratio": 0.03646,
    "CEX_Call": -10452816.179,
    "CEX_Put": 27160115.863,
    "CEX_Total": 16707299.684,
    "CEX_Ratio": -0.384859
}