{
    "timestamp": "2025-10-07 08:51:40",
    "cum_gam": null,
    "cum_vec": 8058.235266239884,
    "DEX_Call": 9797.522,
    "DEX_Put": -4720.102,
    "DEX_Total": 5077.42,
    "DEX_Ratio": 2.075701,
    "GEX_Call": 14038725.618,
    "GEX_Put": -13376299.74,
    "GEX_Total": 662425.878,
    "GEX_Ratio": 1.049522,
    "VEX_Call": -512917.898,
    "VEX_Put": 32964821.792,
    "VEX_Total": 32451903.894,
    "VEX_Ratio": -0.01556,
    "CEX_Call": -14582204.598,
    "CEX_Put": 24782841.735,
    "CEX_Total": 10200637.137,
    "CEX_Ratio": -0.588399
}