{
    "timestamp": "2025-11-13 13:03:46",
    "cum_gam": 6400.273142009119,
    "cum_vec": 7987.102347660925,
    "DEX_Call": 10983.231,
    "DEX_Put": -7658.685,
    "DEX_Total": 3324.546,
    "DEX_Ratio": 1.434088,
    "GEX_Call": 13280937.983,
    "GEX_Put": -15914272.017,
    "GEX_Total": -2633334.034,
    "GEX_Ratio": 0.83453,
    "VEX_Call": -4329174.893,
    "VEX_Put": 34453324.25,
    "VEX_Total": 30124149.357,
    "VEX_Ratio": -0.125653,
    "CEX_Call": -22384607.277,
    "CEX_Put": 16306956.183,
    "CEX_Total": -6077651.094,
    "CEX_Ratio": -1.372703
}