{
    "timestamp": "2025-09-19 08:41:52",
    "cum_gam": null,
    "cum_vec": 7821.559381253406,
    "DEX_Call": 8933.053,
    "DEX_Put": -3592.736,
    "DEX_Total": 5340.317,
    "DEX_Ratio": 2.486421,
    "GEX_Call": 14202206.245,
    "GEX_Put": -10654766.186,
    "GEX_Total": 3547440.059,
    "GEX_Ratio": 1.332944,
    "VEX_Call": 2528357.265,
    "VEX_Put": 32279300.667,
    "VEX_Total": 34807657.932,
    "VEX_Ratio": 0.078328,
    "CEX_Call": -4430148.239,
    "CEX_Put": 24896440.075,
    "CEX_Total": 20466291.836,
    "CEX_Ratio": -0.177943
}