{
    "timestamp": "2025-10-29 12:01:14",
    "cum_gam": null,
    "cum_vec": 8082.106714336604,
    "DEX_Call": 11678.464,
    "DEX_Put": -4062.465,
    "DEX_Total": 7615.999,
    "DEX_Ratio": 2.874724,
    "GEX_Call": 18221549.6,
    "GEX_Put": -11937530.843,
    "GEX_Total": 6284018.757,
    "GEX_Ratio": 1.526409,
    "VEX_Call": 3503110.491,
    "VEX_Put": 37010459.145,
    "VEX_Total": 40513569.636,
    "VEX_Ratio": 0.094652,
    "CEX_Call": -35864507.945,
    "CEX_Put": 52580332.19,
    "CEX_Total": 16715824.245,
    "CEX_Ratio": -0.68209
}