{
    "timestamp": "2025-10-14 10:37:32",
    "cum_gam": null,
    "cum_vec": 8081.595524516551,
    "DEX_Call": 12302.989,
    "DEX_Put": -6115.729,
    "DEX_Total": 6187.26,
    "DEX_Ratio": 2.011696,
    "GEX_Call": 16472786.97,
    "GEX_Put": -15065127.624,
    "GEX_Total": 1407659.346,
    "GEX_Ratio": 1.093438,
    "VEX_Call": -760115.355,
    "VEX_Put": 38531448.897,
    "VEX_Total": 37771333.542,
    "VEX_Ratio": -0.019727,
    "CEX_Call": -14683671.103,
    "CEX_Put": 31154784.089,
    "CEX_Total": 16471112.986,
    "CEX_Ratio": -0.471314
}