{
    "timestamp": "2025-09-17 09:26:03",
    "cum_gam": null,
    "cum_vec": 7857.239658366626,
    "DEX_Call": 18394.268,
    "DEX_Put": -4358.575,
    "DEX_Total": 14035.693,
    "DEX_Ratio": 4.220248,
    "GEX_Call": 18163535.291,
    "GEX_Put": -14511927.829,
    "GEX_Total": 3651607.462,
    "GEX_Ratio": 1.251628,
    "VEX_Call": 8350872.85,
    "VEX_Put": 39626948.962,
    "VEX_Total": 47977821.812,
    "VEX_Ratio": 0.210737,
    "CEX_Call": 3686586.893,
    "CEX_Put": 52217868.566,
    "CEX_Total": 55904455.459,
    "CEX_Ratio": 0.0706
}