{
    "timestamp": "2025-11-04 11:34:20",
    "cum_gam": 6178.90840874776,
    "cum_vec": 7966.797583331225,
    "DEX_Call": 9002.495,
    "DEX_Put": -6204.976,
    "DEX_Total": 2797.519,
    "DEX_Ratio": 1.450851,
    "GEX_Call": 12276460.926,
    "GEX_Put": -13976642.936,
    "GEX_Total": -1700182.01,
    "GEX_Ratio": 0.878355,
    "VEX_Call": -2602444.056,
    "VEX_Put": 33210001.786,
    "VEX_Total": 30607557.73,
    "VEX_Ratio": -0.078363,
    "CEX_Call": -12618567.95,
    "CEX_Put": 15593108.907,
    "CEX_Total": 2974540.957,
    "CEX_Ratio": -0.80924
}