{
    "timestamp": "2025-11-26 13:36:31",
    "cum_gam": null,
    "cum_vec": 8338.21857466286,
    "DEX_Call": 11944.904,
    "DEX_Put": -3804.699,
    "DEX_Total": 8140.205,
    "DEX_Ratio": 3.139514,
    "GEX_Call": 9474191.703,
    "GEX_Put": -8076934.539,
    "GEX_Total": 1397257.164,
    "GEX_Ratio": 1.172993,
    "VEX_Call": 5196174.977,
    "VEX_Put": 20017405.018,
    "VEX_Total": 25213579.995,
    "VEX_Ratio": 0.259583,
    "CEX_Call": 397799.23,
    "CEX_Put": 3590309.798,
    "CEX_Total": 3988109.028,
    "CEX_Ratio": 0.110798
}