{
    "timestamp": "2025-11-25 11:49:11",
    "cum_gam": null,
    "cum_vec": 8446.310374708843,
    "DEX_Call": 15470.441,
    "DEX_Put": -4530.104,
    "DEX_Total": 10940.337,
    "DEX_Ratio": 3.41503,
    "GEX_Call": 9003869.041,
    "GEX_Put": -8281427.739,
    "GEX_Total": 722441.302,
    "GEX_Ratio": 1.087236,
    "VEX_Call": 5100203.242,
    "VEX_Put": 18711029.95,
    "VEX_Total": 23811233.192,
    "VEX_Ratio": 0.272577,
    "CEX_Call": 419321.493,
    "CEX_Put": 3112080.242,
    "CEX_Total": 3531401.735,
    "CEX_Ratio": 0.13474
}