{
    "timestamp": "2025-11-17 12:31:31",
    "cum_gam": 6487.219598906951,
    "cum_vec": 7982.48172541273,
    "DEX_Call": 9834.723,
    "DEX_Put": -7577.11,
    "DEX_Total": 2257.613,
    "DEX_Ratio": 1.297952,
    "GEX_Call": 12146680.257,
    "GEX_Put": -15101601.347,
    "GEX_Total": -2954921.09,
    "GEX_Ratio": 0.804331,
    "VEX_Call": -5870988.277,
    "VEX_Put": 27552224.943,
    "VEX_Total": 21681236.666,
    "VEX_Ratio": -0.213086,
    "CEX_Call": -18657143.839,
    "CEX_Put": 19302082.648,
    "CEX_Total": 644938.809,
    "CEX_Ratio": -0.966587
}