{
    "timestamp": "2025-10-02 11:40:39",
    "cum_gam": null,
    "cum_vec": 8054.854217064052,
    "DEX_Call": 9542.246,
    "DEX_Put": -3748.415,
    "DEX_Total": 5793.831,
    "DEX_Ratio": 2.545675,
    "GEX_Call": 18479403.453,
    "GEX_Put": -10435224.566,
    "GEX_Total": 8044178.887,
    "GEX_Ratio": 1.770868,
    "VEX_Call": 1317424.885,
    "VEX_Put": 33388330.062,
    "VEX_Total": 34705754.947,
    "VEX_Ratio": 0.039458,
    "CEX_Call": -13712735.25,
    "CEX_Put": 27490006.61,
    "CEX_Total": 13777271.36,
    "CEX_Ratio": -0.498826
}