{
    "timestamp": "2025-08-20 11:11:07",
    "cum_gam": 6275.662914075575,
    "cum_vec": 7509.025356475845,
    "DEX_Call": 8486.184,
    "DEX_Put": -4972.731,
    "DEX_Total": 3513.453,
    "DEX_Ratio": 1.706544,
    "GEX_Call": 11441852.588,
    "GEX_Put": -14891781.634,
    "GEX_Total": -3449929.046,
    "GEX_Ratio": 0.768333,
    "VEX_Call": 1533813.929,
    "VEX_Put": 28579874.25,
    "VEX_Total": 30113688.179,
    "VEX_Ratio": 0.053668,
    "CEX_Call": -10126366.904,
    "CEX_Put": 12205018.006,
    "CEX_Total": 2078651.102,
    "CEX_Ratio": -0.829689
}