{
    "timestamp": "2025-10-31 06:30:36",
    "cum_gam": null,
    "cum_vec": null,
    "DEX_Call": 19945.688,
    "DEX_Put": -4468.983,
    "DEX_Total": 15476.705,
    "DEX_Ratio": 4.463138,
    "GEX_Call": 14085857.808,
    "GEX_Put": -13661089.626,
    "GEX_Total": 424768.182,
    "GEX_Ratio": 1.031093,
    "VEX_Call": 11618110.635,
    "VEX_Put": 34774677.731,
    "VEX_Total": 46392788.366,
    "VEX_Ratio": 0.334097,
    "CEX_Call": -6983005.481,
    "CEX_Put": 33384494.384,
    "CEX_Total": 26401488.903,
    "CEX_Ratio": -0.209169
}