{
    "timestamp": "2025-10-15 08:14:32",
    "cum_gam": null,
    "cum_vec": 8087.3362277076085,
    "DEX_Call": 13909.955,
    "DEX_Put": -5602.96,
    "DEX_Total": 8306.995,
    "DEX_Ratio": 2.482608,
    "GEX_Call": 18463507.977,
    "GEX_Put": -14051016.054,
    "GEX_Total": 4412491.923,
    "GEX_Ratio": 1.314034,
    "VEX_Call": 1373330.213,
    "VEX_Put": 40145446.269,
    "VEX_Total": 41518776.482,
    "VEX_Ratio": 0.034209,
    "CEX_Call": -6154947.751,
    "CEX_Put": 30055132.721,
    "CEX_Total": 23900184.97,
    "CEX_Ratio": -0.204789
}