{
    "timestamp": "2025-07-02 11:27:01",
    "cum_gam": null,
    "cum_vec": 7438.648675564703,
    "DEX_Call": 8447.287,
    "DEX_Put": -3077.273,
    "DEX_Total": 5370.014,
    "DEX_Ratio": 2.745056,
    "GEX_Call": 13306200.871,
    "GEX_Put": -7638639.66,
    "GEX_Total": 5667561.211,
    "GEX_Ratio": 1.741959,
    "VEX_Call": 4133992.094,
    "VEX_Put": 24445098.78,
    "VEX_Total": 28579090.874,
    "VEX_Ratio": 0.169113,
    "CEX_Call": -1423932.055,
    "CEX_Put": 18857716.035,
    "CEX_Total": 17433783.98,
    "CEX_Ratio": -0.075509
}