{
    "timestamp": "2025-10-07 12:18:45",
    "cum_gam": null,
    "cum_vec": 8059.413019945637,
    "DEX_Call": 9389.396,
    "DEX_Put": -4559.86,
    "DEX_Total": 4829.536,
    "DEX_Ratio": 2.059141,
    "GEX_Call": 14189779.889,
    "GEX_Put": -13724144.412,
    "GEX_Total": 465635.477,
    "GEX_Ratio": 1.033928,
    "VEX_Call": -41443.348,
    "VEX_Put": 32806950.946,
    "VEX_Total": 32765507.598,
    "VEX_Ratio": -0.001263,
    "CEX_Call": -17860167.212,
    "CEX_Put": 22149440.02,
    "CEX_Total": 4289272.808,
    "CEX_Ratio": -0.806348
}