{
    "timestamp": "2025-07-23 08:38:37",
    "cum_gam": null,
    "cum_vec": 7483.180644950253,
    "DEX_Call": 8581.023,
    "DEX_Put": -3371.273,
    "DEX_Total": 5209.75,
    "DEX_Ratio": 2.545336,
    "GEX_Call": 14911842.505,
    "GEX_Put": -9253270.383,
    "GEX_Total": 5658572.122,
    "GEX_Ratio": 1.611521,
    "VEX_Call": 3104952.453,
    "VEX_Put": 28062166.877,
    "VEX_Total": 31167119.33,
    "VEX_Ratio": 0.110645,
    "CEX_Call": -10930143.742,
    "CEX_Put": 17676592.363,
    "CEX_Total": 6746448.621,
    "CEX_Ratio": -0.61834
}