{
    "timestamp": "2025-08-14 10:47:52",
    "cum_gam": null,
    "cum_vec": 7569.866997704756,
    "DEX_Call": 11164.859,
    "DEX_Put": -2880.953,
    "DEX_Total": 8283.906,
    "DEX_Ratio": 3.875405,
    "GEX_Call": 17632847.082,
    "GEX_Put": -11410907.681,
    "GEX_Total": 6221939.401,
    "GEX_Ratio": 1.545262,
    "VEX_Call": 3103005.295,
    "VEX_Put": 28561232.534,
    "VEX_Total": 31664237.829,
    "VEX_Ratio": 0.108644,
    "CEX_Call": -7666869.193,
    "CEX_Put": 35360069.315,
    "CEX_Total": 27693200.122,
    "CEX_Ratio": -0.216823
}