{
    "timestamp": "2025-09-17 10:10:36",
    "cum_gam": null,
    "cum_vec": 7865.924321496209,
    "DEX_Call": 17022.069,
    "DEX_Put": -4553.874,
    "DEX_Total": 12468.195,
    "DEX_Ratio": 3.737931,
    "GEX_Call": 18242927.466,
    "GEX_Put": -14649608.096,
    "GEX_Total": 3593319.37,
    "GEX_Ratio": 1.245284,
    "VEX_Call": 8661533.565,
    "VEX_Put": 38986831.126,
    "VEX_Total": 47648364.691,
    "VEX_Ratio": 0.222166,
    "CEX_Call": 2251207.182,
    "CEX_Put": 52517750.728,
    "CEX_Total": 54768957.91,
    "CEX_Ratio": 0.042866
}