{
    "timestamp": "2025-07-09 09:58:09",
    "cum_gam": null,
    "cum_vec": 7481.406970753412,
    "DEX_Call": 8806.632,
    "DEX_Put": -3380.008,
    "DEX_Total": 5426.624,
    "DEX_Ratio": 2.605506,
    "GEX_Call": 13260830.951,
    "GEX_Put": -8847209.516,
    "GEX_Total": 4413621.435,
    "GEX_Ratio": 1.498872,
    "VEX_Call": 2274227.228,
    "VEX_Put": 25971342.379,
    "VEX_Total": 28245569.607,
    "VEX_Ratio": 0.087567,
    "CEX_Call": -8948038.547,
    "CEX_Put": 16785493.243,
    "CEX_Total": 7837454.696,
    "CEX_Ratio": -0.533082
}