{
    "timestamp": "2025-09-10 11:17:33",
    "cum_gam": null,
    "cum_vec": 8101.766658299929,
    "DEX_Call": 11664.387,
    "DEX_Put": -4104.31,
    "DEX_Total": 7560.077,
    "DEX_Ratio": 2.841985,
    "GEX_Call": 20548619.593,
    "GEX_Put": -13577874.249,
    "GEX_Total": 6970745.344,
    "GEX_Ratio": 1.51339,
    "VEX_Call": 4609507.409,
    "VEX_Put": 38756438.08,
    "VEX_Total": 43365945.489,
    "VEX_Ratio": 0.118935,
    "CEX_Call": -4227969.64,
    "CEX_Put": 29872691.243,
    "CEX_Total": 25644721.603,
    "CEX_Ratio": -0.141533
}