{
    "timestamp": "2025-07-23 12:20:12",
    "cum_gam": null,
    "cum_vec": 7496.364877407518,
    "DEX_Call": 9359.821,
    "DEX_Put": -3034.688,
    "DEX_Total": 6325.133,
    "DEX_Ratio": 3.084278,
    "GEX_Call": 16721694.133,
    "GEX_Put": -7973511.982,
    "GEX_Total": 8748182.151,
    "GEX_Ratio": 2.097155,
    "VEX_Call": 4664362.969,
    "VEX_Put": 27833047.899,
    "VEX_Total": 32497410.868,
    "VEX_Ratio": 0.167584,
    "CEX_Call": 9618786.966,
    "CEX_Put": 19599504.929,
    "CEX_Total": 29218291.895,
    "CEX_Ratio": 0.490767
}