{
    "timestamp": "2025-10-29 10:57:34",
    "cum_gam": null,
    "cum_vec": 8084.5042178559615,
    "DEX_Call": 10622.497,
    "DEX_Put": -3908.245,
    "DEX_Total": 6714.252,
    "DEX_Ratio": 2.717971,
    "GEX_Call": 18391993.383,
    "GEX_Put": -10942211.435,
    "GEX_Total": 7449781.948,
    "GEX_Ratio": 1.68083,
    "VEX_Call": 3739630.133,
    "VEX_Put": 37997233.449,
    "VEX_Total": 41736863.582,
    "VEX_Ratio": 0.098418,
    "CEX_Call": -30526034.017,
    "CEX_Put": 50344896.543,
    "CEX_Total": 19818862.526,
    "CEX_Ratio": -0.606338
}