{
    "timestamp": "2025-07-31 07:07:31",
    "cum_gam": null,
    "cum_vec": 7519.495883504639,
    "DEX_Call": 9291.438,
    "DEX_Put": -3248.727,
    "DEX_Total": 6042.711,
    "DEX_Ratio": 2.860024,
    "GEX_Call": 15319793.679,
    "GEX_Put": -9392326.564,
    "GEX_Total": 5927467.115,
    "GEX_Ratio": 1.631097,
    "VEX_Call": 4998126.286,
    "VEX_Put": 29676692.291,
    "VEX_Total": 34674818.577,
    "VEX_Ratio": 0.168419,
    "CEX_Call": -6026107.921,
    "CEX_Put": 19651188.463,
    "CEX_Total": 13625080.542,
    "CEX_Ratio": -0.306654
}