{
    "timestamp": "2025-10-07 09:39:51",
    "cum_gam": null,
    "cum_vec": 8058.640394218572,
    "DEX_Call": 9410.189,
    "DEX_Put": -4429.017,
    "DEX_Total": 4981.172,
    "DEX_Ratio": 2.124668,
    "GEX_Call": 14948840.51,
    "GEX_Put": -12944765.961,
    "GEX_Total": 2004074.549,
    "GEX_Ratio": 1.154817,
    "VEX_Call": -61809.399,
    "VEX_Put": 33133443.067,
    "VEX_Total": 33071633.668,
    "VEX_Ratio": -0.001865,
    "CEX_Call": -16061587.972,
    "CEX_Put": 23701022.669,
    "CEX_Total": 7639434.697,
    "CEX_Ratio": -0.677675
}