{
    "timestamp": "2026-07-22 11:15:07",
    "cum_gam": null,
    "cum_vec": 9181.004213483146,
    "DEX_Call": 10031.151,
    "DEX_Put": -8435.703,
    "DEX_Total": 1595.448,
    "DEX_Ratio": 1.18913,
    "GEX_Call": 17669048.414,
    "GEX_Put": -17045247.334,
    "GEX_Total": 623801.08,
    "GEX_Ratio": 1.036597,
    "VEX_Call": -6583757.107,
    "VEX_Put": 31139515.119,
    "VEX_Total": 24555758.012,
    "VEX_Ratio": -0.211428,
    "CEX_Call": -17627958.709,
    "CEX_Put": 19593991.624,
    "CEX_Total": 1966032.915,
    "CEX_Ratio": -0.899661
}