{
    "timestamp": "2025-10-30 07:13:26",
    "cum_gam": null,
    "cum_vec": 8068.473411791083,
    "DEX_Call": 10863.5,
    "DEX_Put": -4550.089,
    "DEX_Total": 6313.411,
    "DEX_Ratio": 2.387536,
    "GEX_Call": 15652553.41,
    "GEX_Put": -12147666.599,
    "GEX_Total": 3504886.811,
    "GEX_Ratio": 1.288523,
    "VEX_Call": 2341460.933,
    "VEX_Put": 36354487.944,
    "VEX_Total": 38695948.877,
    "VEX_Ratio": 0.064406,
    "CEX_Call": -9870509.585,
    "CEX_Put": 19465376.559,
    "CEX_Total": 9594866.974,
    "CEX_Ratio": -0.50708
}