{
    "timestamp": "2025-09-29 06:43:01",
    "cum_gam": null,
    "cum_vec": 8072.873288891232,
    "DEX_Call": 9902.445,
    "DEX_Put": -3193.235,
    "DEX_Total": 6709.21,
    "DEX_Ratio": 3.10107,
    "GEX_Call": 15115457.744,
    "GEX_Put": -10549425.204,
    "GEX_Total": 4566032.54,
    "GEX_Ratio": 1.432823,
    "VEX_Call": 562227.493,
    "VEX_Put": 27901042.067,
    "VEX_Total": 28463269.56,
    "VEX_Ratio": 0.020151,
    "CEX_Call": -6425764.703,
    "CEX_Put": 23588343.361,
    "CEX_Total": 17162578.658,
    "CEX_Ratio": -0.272413
}