{
    "timestamp": "2025-09-30 11:09:55",
    "cum_gam": null,
    "cum_vec": 8053.545325094654,
    "DEX_Call": 10373.961,
    "DEX_Put": -4250.452,
    "DEX_Total": 6123.509,
    "DEX_Ratio": 2.440672,
    "GEX_Call": 15559430.619,
    "GEX_Put": -13327419.605,
    "GEX_Total": 2232011.014,
    "GEX_Ratio": 1.167475,
    "VEX_Call": 1161908.405,
    "VEX_Put": 31027993.174,
    "VEX_Total": 32189901.579,
    "VEX_Ratio": 0.037447,
    "CEX_Call": 31556167.117,
    "CEX_Put": 34732375.0,
    "CEX_Total": 66288542.117,
    "CEX_Ratio": 0.908552
}