{
    "timestamp": "2025-09-17 09:46:12",
    "cum_gam": null,
    "cum_vec": 7852.607287943478,
    "DEX_Call": 18422.551,
    "DEX_Put": -4444.435,
    "DEX_Total": 13978.116,
    "DEX_Ratio": 4.145083,
    "GEX_Call": 18130617.348,
    "GEX_Put": -14782227.899,
    "GEX_Total": 3348389.449,
    "GEX_Ratio": 1.226515,
    "VEX_Call": 8182265.253,
    "VEX_Put": 39460989.427,
    "VEX_Total": 47643254.68,
    "VEX_Ratio": 0.207351,
    "CEX_Call": 1732856.508,
    "CEX_Put": 52459946.377,
    "CEX_Total": 54192802.885,
    "CEX_Ratio": 0.033032
}