{
    "timestamp": "2025-09-09 10:49:32",
    "cum_gam": null,
    "cum_vec": 7541.725328418449,
    "DEX_Call": 7349.158,
    "DEX_Put": -3170.679,
    "DEX_Total": 4178.479,
    "DEX_Ratio": 2.31785,
    "GEX_Call": 17793826.396,
    "GEX_Put": -12808188.737,
    "GEX_Total": 4985637.659,
    "GEX_Ratio": 1.389254,
    "VEX_Call": 1669121.228,
    "VEX_Put": 27360565.924,
    "VEX_Total": 29029687.152,
    "VEX_Ratio": 0.061005,
    "CEX_Call": -9230895.4,
    "CEX_Put": 23063841.852,
    "CEX_Total": 13832946.452,
    "CEX_Ratio": -0.400232
}