{
    "timestamp": "2025-07-18 10:50:52",
    "cum_gam": null,
    "cum_vec": 7471.441472675553,
    "DEX_Call": 7995.555,
    "DEX_Put": -3553.021,
    "DEX_Total": 4442.534,
    "DEX_Ratio": 2.250354,
    "GEX_Call": 14558062.213,
    "GEX_Put": -10378002.524,
    "GEX_Total": 4180059.689,
    "GEX_Ratio": 1.402781,
    "VEX_Call": 2506919.526,
    "VEX_Put": 26708116.187,
    "VEX_Total": 29215035.713,
    "VEX_Ratio": 0.093864,
    "CEX_Call": -19837980.03,
    "CEX_Put": 13930638.296,
    "CEX_Total": -5907341.734,
    "CEX_Ratio": -1.424054
}