{
    "timestamp": "2025-11-04 09:32:07",
    "cum_gam": 5403.4942428450395,
    "cum_vec": 7981.227477955132,
    "DEX_Call": 11090.369,
    "DEX_Put": -5567.353,
    "DEX_Total": 5523.016,
    "DEX_Ratio": 1.992036,
    "GEX_Call": 13328198.59,
    "GEX_Put": -13632732.937,
    "GEX_Total": -304534.347,
    "GEX_Ratio": 0.977662,
    "VEX_Call": -892903.338,
    "VEX_Put": 33749637.939,
    "VEX_Total": 32856734.601,
    "VEX_Ratio": -0.026457,
    "CEX_Call": -10652038.175,
    "CEX_Put": 16788998.385,
    "CEX_Total": 6136960.21,
    "CEX_Ratio": -0.634465
}