{
    "timestamp": "2025-10-29 07:27:40",
    "cum_gam": null,
    "cum_vec": 8087.528544201344,
    "DEX_Call": 11073.166,
    "DEX_Put": -3879.984,
    "DEX_Total": 7193.182,
    "DEX_Ratio": 2.853921,
    "GEX_Call": 18199247.347,
    "GEX_Put": -10661962.556,
    "GEX_Total": 7537284.791,
    "GEX_Ratio": 1.706932,
    "VEX_Call": 4691312.266,
    "VEX_Put": 38465489.425,
    "VEX_Total": 43156801.691,
    "VEX_Ratio": 0.121962,
    "CEX_Call": -12434766.207,
    "CEX_Put": 32653455.476,
    "CEX_Total": 20218689.269,
    "CEX_Ratio": -0.38081
}