{
    "timestamp": "2025-07-24 10:05:20",
    "cum_gam": null,
    "cum_vec": 7506.412426438888,
    "DEX_Call": 9685.779,
    "DEX_Put": -3021.743,
    "DEX_Total": 6664.036,
    "DEX_Ratio": 3.205362,
    "GEX_Call": 16059602.237,
    "GEX_Put": -8646865.173,
    "GEX_Total": 7412737.064,
    "GEX_Ratio": 1.857275,
    "VEX_Call": 4811662.914,
    "VEX_Put": 28350164.721,
    "VEX_Total": 33161827.635,
    "VEX_Ratio": 0.169723,
    "CEX_Call": -5030062.091,
    "CEX_Put": 19629842.057,
    "CEX_Total": 14599779.966,
    "CEX_Ratio": -0.256246
}