{
    "timestamp": "2025-06-27 10:33:38",
    "cum_gam": null,
    "cum_vec": 7264.824143221596,
    "DEX_Call": 7490.799,
    "DEX_Put": -2959.196,
    "DEX_Total": 4531.603,
    "DEX_Ratio": 2.531363,
    "GEX_Call": 14270732.471,
    "GEX_Put": -6973460.153,
    "GEX_Total": 7297272.318,
    "GEX_Ratio": 2.046435,
    "VEX_Call": 3925390.494,
    "VEX_Put": 24111252.953,
    "VEX_Total": 28036643.447,
    "VEX_Ratio": 0.162803,
    "CEX_Call": -9084250.549,
    "CEX_Put": 23341846.924,
    "CEX_Total": 14257596.375,
    "CEX_Ratio": -0.389183
}