{
    "timestamp": "2025-07-24 07:16:13",
    "cum_gam": null,
    "cum_vec": 7498.294048851451,
    "DEX_Call": 9408.122,
    "DEX_Put": -3084.365,
    "DEX_Total": 6323.757,
    "DEX_Ratio": 3.050262,
    "GEX_Call": 15619541.576,
    "GEX_Put": -8845067.19,
    "GEX_Total": 6774474.386,
    "GEX_Ratio": 1.765904,
    "VEX_Call": 4251008.018,
    "VEX_Put": 28303629.39,
    "VEX_Total": 32554637.408,
    "VEX_Ratio": 0.150193,
    "CEX_Call": -7250200.365,
    "CEX_Put": 16474346.801,
    "CEX_Total": 9224146.436,
    "CEX_Ratio": -0.44009
}