{
    "timestamp": "2025-10-02 11:47:12",
    "cum_gam": null,
    "cum_vec": 8055.479816674604,
    "DEX_Call": 9517.419,
    "DEX_Put": -3755.709,
    "DEX_Total": 5761.71,
    "DEX_Ratio": 2.53412,
    "GEX_Call": 18445401.146,
    "GEX_Put": -10535834.365,
    "GEX_Total": 7909566.781,
    "GEX_Ratio": 1.75073,
    "VEX_Call": 1311463.448,
    "VEX_Put": 33374600.789,
    "VEX_Total": 34686064.237,
    "VEX_Ratio": 0.039295,
    "CEX_Call": -14775023.505,
    "CEX_Put": 28536387.061,
    "CEX_Total": 13761363.556,
    "CEX_Ratio": -0.517761
}