{
    "timestamp": "2025-10-08 10:48:22",
    "cum_gam": null,
    "cum_vec": 8085.724222992362,
    "DEX_Call": 11558.236,
    "DEX_Put": -4479.862,
    "DEX_Total": 7078.374,
    "DEX_Ratio": 2.580043,
    "GEX_Call": 21011088.184,
    "GEX_Put": -12118124.192,
    "GEX_Total": 8892963.992,
    "GEX_Ratio": 1.733856,
    "VEX_Call": 2315607.361,
    "VEX_Put": 38545458.773,
    "VEX_Total": 40861066.134,
    "VEX_Ratio": 0.060075,
    "CEX_Call": -6211418.259,
    "CEX_Put": 33730294.032,
    "CEX_Total": 27518875.773,
    "CEX_Ratio": -0.18415
}