{
    "timestamp": "2025-11-26 10:10:55",
    "cum_gam": null,
    "cum_vec": 8431.233396853284,
    "DEX_Call": 16779.086,
    "DEX_Put": -3886.748,
    "DEX_Total": 12892.338,
    "DEX_Ratio": 4.316999,
    "GEX_Call": 9454739.227,
    "GEX_Put": -8115027.735,
    "GEX_Total": 1339711.492,
    "GEX_Ratio": 1.16509,
    "VEX_Call": 6734252.391,
    "VEX_Put": 20257965.843,
    "VEX_Total": 26992218.234,
    "VEX_Ratio": 0.332425,
    "CEX_Call": 824567.29,
    "CEX_Put": 3627342.115,
    "CEX_Total": 4451909.405,
    "CEX_Ratio": 0.22732
}