{
    "timestamp": "2025-10-09 09:30:44",
    "cum_gam": null,
    "cum_vec": 8086.591985418393,
    "DEX_Call": 11003.76,
    "DEX_Put": -4981.666,
    "DEX_Total": 6022.094,
    "DEX_Ratio": 2.208851,
    "GEX_Call": 17307689.016,
    "GEX_Put": -16384742.175,
    "GEX_Total": 922946.841,
    "GEX_Ratio": 1.05633,
    "VEX_Call": 472364.061,
    "VEX_Put": 38798946.768,
    "VEX_Total": 39271310.829,
    "VEX_Ratio": 0.012175,
    "CEX_Call": -19242138.116,
    "CEX_Put": 34929623.178,
    "CEX_Total": 15687485.062,
    "CEX_Ratio": -0.550883
}