{
    "timestamp": "2025-10-02 08:41:22",
    "cum_gam": null,
    "cum_vec": 8054.649441726872,
    "DEX_Call": 9811.603,
    "DEX_Put": -4108.061,
    "DEX_Total": 5703.542,
    "DEX_Ratio": 2.388378,
    "GEX_Call": 16418064.115,
    "GEX_Put": -12105275.735,
    "GEX_Total": 4312788.38,
    "GEX_Ratio": 1.356273,
    "VEX_Call": 599283.156,
    "VEX_Put": 33656202.94,
    "VEX_Total": 34255486.096,
    "VEX_Ratio": 0.017806,
    "CEX_Call": -14234576.862,
    "CEX_Put": 24265655.552,
    "CEX_Total": 10031078.69,
    "CEX_Ratio": -0.586614
}