{
    "timestamp": "2025-07-02 08:55:43",
    "cum_gam": null,
    "cum_vec": 7442.661474224982,
    "DEX_Call": 8292.3,
    "DEX_Put": -3136.295,
    "DEX_Total": 5156.005,
    "DEX_Ratio": 2.64398,
    "GEX_Call": 12904725.505,
    "GEX_Put": -7864108.757,
    "GEX_Total": 5040616.748,
    "GEX_Ratio": 1.640965,
    "VEX_Call": 3792400.349,
    "VEX_Put": 24609555.378,
    "VEX_Total": 28401955.727,
    "VEX_Ratio": 0.154103,
    "CEX_Call": -5529997.9,
    "CEX_Put": 17350243.508,
    "CEX_Total": 11820245.608,
    "CEX_Ratio": -0.318727
}