{
    "timestamp": "2025-10-30 09:36:35",
    "cum_gam": null,
    "cum_vec": 8065.912807383227,
    "DEX_Call": 10660.282,
    "DEX_Put": -4540.001,
    "DEX_Total": 6120.281,
    "DEX_Ratio": 2.348079,
    "GEX_Call": 15570780.075,
    "GEX_Put": -12423089.034,
    "GEX_Total": 3147691.041,
    "GEX_Ratio": 1.253374,
    "VEX_Call": 2120672.446,
    "VEX_Put": 35549421.538,
    "VEX_Total": 37670093.984,
    "VEX_Ratio": 0.059654,
    "CEX_Call": -10102669.496,
    "CEX_Put": 16839517.094,
    "CEX_Total": 6736847.598,
    "CEX_Ratio": -0.599938
}