{
    "timestamp": "2025-10-01 11:45:51",
    "cum_gam": null,
    "cum_vec": 8057.038142868336,
    "DEX_Call": 9776.961,
    "DEX_Put": -3667.875,
    "DEX_Total": 6109.086,
    "DEX_Ratio": 2.665565,
    "GEX_Call": 17834381.975,
    "GEX_Put": -9801967.182,
    "GEX_Total": 8032414.793,
    "GEX_Ratio": 1.81947,
    "VEX_Call": 1927317.556,
    "VEX_Put": 33119566.435,
    "VEX_Total": 35046883.991,
    "VEX_Ratio": 0.058193,
    "CEX_Call": -3577008.337,
    "CEX_Put": 26896990.287,
    "CEX_Total": 23319981.95,
    "CEX_Ratio": -0.132989
}