{
    "timestamp": "2025-09-25 08:41:36",
    "cum_gam": 6000.845187506819,
    "cum_vec": 7836.394888434655,
    "DEX_Call": 9242.464,
    "DEX_Put": -4958.186,
    "DEX_Total": 4284.278,
    "DEX_Ratio": 1.864082,
    "GEX_Call": 13110956.446,
    "GEX_Put": -14364598.786,
    "GEX_Total": -1253642.34,
    "GEX_Ratio": 0.912727,
    "VEX_Call": 44127.184,
    "VEX_Put": 32189852.973,
    "VEX_Total": 32233980.157,
    "VEX_Ratio": 0.001371,
    "CEX_Call": -9640559.312,
    "CEX_Put": 18530668.193,
    "CEX_Total": 8890108.881,
    "CEX_Ratio": -0.520249
}