{
    "timestamp": "2025-10-08 12:05:52",
    "cum_gam": null,
    "cum_vec": 8082.25091538635,
    "DEX_Call": 11557.543,
    "DEX_Put": -4468.355,
    "DEX_Total": 7089.188,
    "DEX_Ratio": 2.586532,
    "GEX_Call": 21439149.486,
    "GEX_Put": -12017803.0,
    "GEX_Total": 9421346.486,
    "GEX_Ratio": 1.783949,
    "VEX_Call": 2555922.636,
    "VEX_Put": 38205613.975,
    "VEX_Total": 40761536.611,
    "VEX_Ratio": 0.066899,
    "CEX_Call": -4183986.767,
    "CEX_Put": 31751808.142,
    "CEX_Total": 27567821.375,
    "CEX_Ratio": -0.131772
}