{
    "timestamp": "2025-09-22 12:38:03",
    "cum_gam": null,
    "cum_vec": 8003.418573819953,
    "DEX_Call": 9951.553,
    "DEX_Put": -3252.179,
    "DEX_Total": 6699.374,
    "DEX_Ratio": 3.059965,
    "GEX_Call": 15593611.093,
    "GEX_Put": -8413691.689,
    "GEX_Total": 7179919.404,
    "GEX_Ratio": 1.853361,
    "VEX_Call": 3359337.006,
    "VEX_Put": 31993882.665,
    "VEX_Total": 35353219.671,
    "VEX_Ratio": 0.104999,
    "CEX_Call": 5263794.946,
    "CEX_Put": 19795235.034,
    "CEX_Total": 25059029.98,
    "CEX_Ratio": 0.265912
}