{
    "timestamp": "2025-11-26 11:35:53",
    "cum_gam": null,
    "cum_vec": 8402.04828806497,
    "DEX_Call": 16704.936,
    "DEX_Put": -3925.257,
    "DEX_Total": 12779.679,
    "DEX_Ratio": 4.255756,
    "GEX_Call": 9487950.822,
    "GEX_Put": -8166964.665,
    "GEX_Total": 1320986.157,
    "GEX_Ratio": 1.161748,
    "VEX_Call": 6447845.924,
    "VEX_Put": 19986128.643,
    "VEX_Total": 26433974.567,
    "VEX_Ratio": 0.322616,
    "CEX_Call": 762797.57,
    "CEX_Put": 3561397.075,
    "CEX_Total": 4324194.645,
    "CEX_Ratio": 0.214185
}