{
    "timestamp": "2025-09-04 10:47:43",
    "cum_gam": null,
    "cum_vec": 7528.623025495047,
    "DEX_Call": 7605.161,
    "DEX_Put": -3525.289,
    "DEX_Total": 4079.872,
    "DEX_Ratio": 2.157316,
    "GEX_Call": 20780802.397,
    "GEX_Put": -12041033.007,
    "GEX_Total": 8739769.39,
    "GEX_Ratio": 1.725832,
    "VEX_Call": 1678212.606,
    "VEX_Put": 28202892.758,
    "VEX_Total": 29881105.364,
    "VEX_Ratio": 0.059505,
    "CEX_Call": -2802701.339,
    "CEX_Put": 29267559.665,
    "CEX_Total": 26464858.326,
    "CEX_Ratio": -0.095761
}