{
    "timestamp": "2025-09-05 11:45:39",
    "cum_gam": 6003.26870932441,
    "cum_vec": 7506.241382184038,
    "DEX_Call": 6930.563,
    "DEX_Put": -3831.66,
    "DEX_Total": 3098.903,
    "DEX_Ratio": 1.808763,
    "GEX_Call": 17101774.822,
    "GEX_Put": -18759355.598,
    "GEX_Total": -1657580.776,
    "GEX_Ratio": 0.91164,
    "VEX_Call": 353194.332,
    "VEX_Put": 29087709.815,
    "VEX_Total": 29440904.147,
    "VEX_Ratio": 0.012142,
    "CEX_Call": -33795613.271,
    "CEX_Put": 90705256.21,
    "CEX_Total": 56909642.939,
    "CEX_Ratio": -0.372587
}