{
    "timestamp": "2025-10-23 11:29:04",
    "cum_gam": null,
    "cum_vec": 8055.444312762934,
    "DEX_Call": 9113.044,
    "DEX_Put": -4680.518,
    "DEX_Total": 4432.526,
    "DEX_Ratio": 1.947016,
    "GEX_Call": 16885029.862,
    "GEX_Put": -11335461.455,
    "GEX_Total": 5549568.407,
    "GEX_Ratio": 1.489576,
    "VEX_Call": -654917.673,
    "VEX_Put": 37152107.821,
    "VEX_Total": 36497190.148,
    "VEX_Ratio": -0.017628,
    "CEX_Call": -14875900.705,
    "CEX_Put": 25402936.605,
    "CEX_Total": 10527035.9,
    "CEX_Ratio": -0.585598
}