{
    "timestamp": "2025-09-12 10:19:10",
    "cum_gam": null,
    "cum_vec": 8052.929430319506,
    "DEX_Call": 10470.209,
    "DEX_Put": -3497.938,
    "DEX_Total": 6972.271,
    "DEX_Ratio": 2.993252,
    "GEX_Call": 21495786.914,
    "GEX_Put": -13042081.869,
    "GEX_Total": 8453705.045,
    "GEX_Ratio": 1.648187,
    "VEX_Call": 4323284.802,
    "VEX_Put": 37655502.759,
    "VEX_Total": 41978787.561,
    "VEX_Ratio": 0.114812,
    "CEX_Call": -390045.32,
    "CEX_Put": 28897070.958,
    "CEX_Total": 28507025.638,
    "CEX_Ratio": -0.013498
}