{
    "timestamp": "2025-09-03 12:35:51",
    "cum_gam": null,
    "cum_vec": 7508.33443632075,
    "DEX_Call": 9232.051,
    "DEX_Put": -4440.21,
    "DEX_Total": 4791.841,
    "DEX_Ratio": 2.079192,
    "GEX_Call": 15113566.418,
    "GEX_Put": -13621229.412,
    "GEX_Total": 1492337.006,
    "GEX_Ratio": 1.10956,
    "VEX_Call": 1654147.468,
    "VEX_Put": 27185739.481,
    "VEX_Total": 28839886.949,
    "VEX_Ratio": 0.060846,
    "CEX_Call": -9198657.101,
    "CEX_Put": 25551880.507,
    "CEX_Total": 16353223.406,
    "CEX_Ratio": -0.359999
}