{
    "timestamp": "2025-09-22 07:29:04",
    "cum_gam": null,
    "cum_vec": 7885.824995349683,
    "DEX_Call": 9226.492,
    "DEX_Put": -3518.312,
    "DEX_Total": 5708.18,
    "DEX_Ratio": 2.62242,
    "GEX_Call": 14007079.922,
    "GEX_Put": -9724590.272,
    "GEX_Total": 4282489.65,
    "GEX_Ratio": 1.440377,
    "VEX_Call": 1910916.966,
    "VEX_Put": 31997856.982,
    "VEX_Total": 33908773.948,
    "VEX_Ratio": 0.05972,
    "CEX_Call": -6658774.575,
    "CEX_Put": 18544892.677,
    "CEX_Total": 11886118.102,
    "CEX_Ratio": -0.359062
}