{
    "timestamp": "2025-11-17 10:28:39",
    "cum_gam": null,
    "cum_vec": 7989.577967871623,
    "DEX_Call": 9269.238,
    "DEX_Put": -6286.409,
    "DEX_Total": 2982.829,
    "DEX_Ratio": 1.474489,
    "GEX_Call": 13977753.592,
    "GEX_Put": -13952232.184,
    "GEX_Total": 25521.408,
    "GEX_Ratio": 1.001829,
    "VEX_Call": -4631914.003,
    "VEX_Put": 29984430.581,
    "VEX_Total": 25352516.578,
    "VEX_Ratio": -0.154477,
    "CEX_Call": -12771477.747,
    "CEX_Put": 26481879.483,
    "CEX_Total": 13710401.736,
    "CEX_Ratio": -0.482272
}