{
    "timestamp": "2025-09-30 06:27:32",
    "cum_gam": null,
    "cum_vec": 7807.611272863116,
    "DEX_Call": 8282.765,
    "DEX_Put": -4420.827,
    "DEX_Total": 3861.938,
    "DEX_Ratio": 1.873578,
    "GEX_Call": 14891241.831,
    "GEX_Put": -12636741.839,
    "GEX_Total": 2254499.992,
    "GEX_Ratio": 1.178408,
    "VEX_Call": -1003450.318,
    "VEX_Put": 32363654.938,
    "VEX_Total": 31360204.62,
    "VEX_Ratio": -0.031005,
    "CEX_Call": -14339505.279,
    "CEX_Put": 34486676.722,
    "CEX_Total": 20147171.443,
    "CEX_Ratio": -0.415798
}