{
    "timestamp": "2025-09-10 09:10:06",
    "cum_gam": null,
    "cum_vec": 8103.0165360434075,
    "DEX_Call": 11098.147,
    "DEX_Put": -3917.824,
    "DEX_Total": 7180.323,
    "DEX_Ratio": 2.832732,
    "GEX_Call": 20696693.477,
    "GEX_Put": -13042309.423,
    "GEX_Total": 7654384.054,
    "GEX_Ratio": 1.586889,
    "VEX_Call": 4651397.521,
    "VEX_Put": 38848689.602,
    "VEX_Total": 43500087.123,
    "VEX_Ratio": 0.119731,
    "CEX_Call": -4079226.663,
    "CEX_Put": 24948334.66,
    "CEX_Total": 20869107.997,
    "CEX_Ratio": -0.163507
}