{
    "timestamp": "2026-07-22 10:38:07",
    "cum_gam": null,
    "cum_vec": 9181.389699241096,
    "DEX_Call": 10140.593,
    "DEX_Put": -8211.189,
    "DEX_Total": 1929.404,
    "DEX_Ratio": 1.234973,
    "GEX_Call": 18683323.654,
    "GEX_Put": -16374156.136,
    "GEX_Total": 2309167.518,
    "GEX_Ratio": 1.141025,
    "VEX_Call": -6674089.47,
    "VEX_Put": 31603497.538,
    "VEX_Total": 24929408.068,
    "VEX_Ratio": -0.211182,
    "CEX_Call": -20646818.162,
    "CEX_Put": 19411919.553,
    "CEX_Total": -1234898.609,
    "CEX_Ratio": -1.063615
}