{
    "timestamp": "2025-10-07 12:51:53",
    "cum_gam": null,
    "cum_vec": 8060.316531252258,
    "DEX_Call": 9487.358,
    "DEX_Put": -4428.198,
    "DEX_Total": 5059.16,
    "DEX_Ratio": 2.142487,
    "GEX_Call": 14637547.998,
    "GEX_Put": -13337865.388,
    "GEX_Total": 1299682.61,
    "GEX_Ratio": 1.097443,
    "VEX_Call": 302909.085,
    "VEX_Put": 32769199.571,
    "VEX_Total": 33072108.656,
    "VEX_Ratio": 0.009244,
    "CEX_Call": -24735129.061,
    "CEX_Put": 22420838.268,
    "CEX_Total": -2314290.793,
    "CEX_Ratio": -1.103221
}