{
    "timestamp": "2025-07-22 12:10:23",
    "cum_gam": null,
    "cum_vec": 7490.993510526792,
    "DEX_Call": 8527.234,
    "DEX_Put": -3485.077,
    "DEX_Total": 5042.157,
    "DEX_Ratio": 2.446785,
    "GEX_Call": 13173244.795,
    "GEX_Put": -10282795.946,
    "GEX_Total": 2890448.849,
    "GEX_Ratio": 1.281096,
    "VEX_Call": 3292949.207,
    "VEX_Put": 26961058.944,
    "VEX_Total": 30254008.151,
    "VEX_Ratio": 0.122137,
    "CEX_Call": -9732946.995,
    "CEX_Put": 21480004.315,
    "CEX_Total": 11747057.32,
    "CEX_Ratio": -0.453117
}