{
    "timestamp": "2025-09-30 10:51:56",
    "cum_gam": null,
    "cum_vec": 8052.356586123599,
    "DEX_Call": 10324.985,
    "DEX_Put": -4310.312,
    "DEX_Total": 6014.673,
    "DEX_Ratio": 2.395415,
    "GEX_Call": 15268279.171,
    "GEX_Put": -13417283.372,
    "GEX_Total": 1850995.799,
    "GEX_Ratio": 1.137956,
    "VEX_Call": 673621.589,
    "VEX_Put": 31119615.72,
    "VEX_Total": 31793237.309,
    "VEX_Ratio": 0.021646,
    "CEX_Call": 11245415.038,
    "CEX_Put": 32882135.252,
    "CEX_Total": 44127550.29,
    "CEX_Ratio": 0.341992
}