{
    "timestamp": "2025-10-29 09:07:35",
    "cum_gam": null,
    "cum_vec": 8083.940293962742,
    "DEX_Call": 11046.351,
    "DEX_Put": -3956.775,
    "DEX_Total": 7089.576,
    "DEX_Ratio": 2.791756,
    "GEX_Call": 18160568.769,
    "GEX_Put": -11160151.774,
    "GEX_Total": 7000416.995,
    "GEX_Ratio": 1.627269,
    "VEX_Call": 3967249.961,
    "VEX_Put": 38060618.656,
    "VEX_Total": 42027868.617,
    "VEX_Ratio": 0.104235,
    "CEX_Call": -16825120.501,
    "CEX_Put": 36894610.264,
    "CEX_Total": 20069489.763,
    "CEX_Ratio": -0.456032
}