{
    "timestamp": "2025-09-24 08:58:44",
    "cum_gam": 5841.7462962765885,
    "cum_vec": 7871.359746317299,
    "DEX_Call": 10416.567,
    "DEX_Put": -4767.243,
    "DEX_Total": 5649.324,
    "DEX_Ratio": 2.18503,
    "GEX_Call": 13148682.713,
    "GEX_Put": -14111424.77,
    "GEX_Total": -962742.057,
    "GEX_Ratio": 0.931776,
    "VEX_Call": 1550454.034,
    "VEX_Put": 33922240.196,
    "VEX_Total": 35472694.23,
    "VEX_Ratio": 0.045706,
    "CEX_Call": -9766258.589,
    "CEX_Put": 21494454.149,
    "CEX_Total": 11728195.56,
    "CEX_Ratio": -0.454362
}