{
    "timestamp": "2025-09-24 08:22:53",
    "cum_gam": null,
    "cum_vec": 7860.380323627921,
    "DEX_Call": 9805.393,
    "DEX_Put": -4416.107,
    "DEX_Total": 5389.286,
    "DEX_Ratio": 2.22037,
    "GEX_Call": 14058319.022,
    "GEX_Put": -13234187.051,
    "GEX_Total": 824131.971,
    "GEX_Ratio": 1.062273,
    "VEX_Call": 1452029.404,
    "VEX_Put": 33950460.829,
    "VEX_Total": 35402490.233,
    "VEX_Ratio": 0.042769,
    "CEX_Call": -10719654.106,
    "CEX_Put": 21390929.859,
    "CEX_Total": 10671275.753,
    "CEX_Ratio": -0.501131
}