{
    "timestamp": "2025-09-11 06:40:16",
    "cum_gam": null,
    "cum_vec": 8097.690475057825,
    "DEX_Call": 11513.758,
    "DEX_Put": -3987.808,
    "DEX_Total": 7525.95,
    "DEX_Ratio": 2.88724,
    "GEX_Call": 19553942.001,
    "GEX_Put": -13378152.526,
    "GEX_Total": 6175789.475,
    "GEX_Ratio": 1.461632,
    "VEX_Call": 4831316.725,
    "VEX_Put": 39155115.481,
    "VEX_Total": 43986432.206,
    "VEX_Ratio": 0.123389,
    "CEX_Call": -4528147.066,
    "CEX_Put": 25750087.57,
    "CEX_Total": 21221940.504,
    "CEX_Ratio": -0.17585
}