{
    "timestamp": "2025-09-24 07:24:22",
    "cum_gam": null,
    "cum_vec": 7872.539899063918,
    "DEX_Call": 10061.27,
    "DEX_Put": -4349.115,
    "DEX_Total": 5712.155,
    "DEX_Ratio": 2.313406,
    "GEX_Call": 14382614.225,
    "GEX_Put": -12872817.024,
    "GEX_Total": 1509797.201,
    "GEX_Ratio": 1.117286,
    "VEX_Call": 1660604.202,
    "VEX_Put": 34105356.628,
    "VEX_Total": 35765960.83,
    "VEX_Ratio": 0.04869,
    "CEX_Call": -9897035.794,
    "CEX_Put": 21729004.227,
    "CEX_Total": 11831968.433,
    "CEX_Ratio": -0.455476
}