{
    "timestamp": "2025-06-27 07:39:27",
    "cum_gam": null,
    "cum_vec": 7150.019692958473,
    "DEX_Call": 6833.975,
    "DEX_Put": -3024.411,
    "DEX_Total": 3809.564,
    "DEX_Ratio": 2.259605,
    "GEX_Call": 13882248.153,
    "GEX_Put": -7352335.608,
    "GEX_Total": 6529912.545,
    "GEX_Ratio": 1.888141,
    "VEX_Call": 2746496.941,
    "VEX_Put": 24535976.419,
    "VEX_Total": 27282473.36,
    "VEX_Ratio": 0.111938,
    "CEX_Call": 441271.365,
    "CEX_Put": 22881259.182,
    "CEX_Total": 23322530.547,
    "CEX_Ratio": 0.019285
}