{
    "timestamp": "2025-08-14 07:47:35",
    "cum_gam": null,
    "cum_vec": 7565.092860044229,
    "DEX_Call": 9262.812,
    "DEX_Put": -2821.878,
    "DEX_Total": 6440.934,
    "DEX_Ratio": 3.282499,
    "GEX_Call": 18246578.693,
    "GEX_Put": -10984198.461,
    "GEX_Total": 7262380.232,
    "GEX_Ratio": 1.661166,
    "VEX_Call": 3319480.511,
    "VEX_Put": 29036368.982,
    "VEX_Total": 32355849.493,
    "VEX_Ratio": 0.114321,
    "CEX_Call": -5230376.955,
    "CEX_Put": 32388960.915,
    "CEX_Total": 27158583.96,
    "CEX_Ratio": -0.161486
}