{
    "timestamp": "2025-09-19 08:39:21",
    "cum_gam": null,
    "cum_vec": 7827.896285381287,
    "DEX_Call": 8856.037,
    "DEX_Put": -3608.966,
    "DEX_Total": 5247.071,
    "DEX_Ratio": 2.453899,
    "GEX_Call": 14160663.883,
    "GEX_Put": -10658021.357,
    "GEX_Total": 3502642.526,
    "GEX_Ratio": 1.328639,
    "VEX_Call": 2318184.621,
    "VEX_Put": 32313819.296,
    "VEX_Total": 34632003.917,
    "VEX_Ratio": 0.07174,
    "CEX_Call": -5352121.196,
    "CEX_Put": 24827343.289,
    "CEX_Total": 19475222.093,
    "CEX_Ratio": -0.215574
}