{
    "timestamp": "2025-11-13 12:57:57",
    "cum_gam": 6350.135422243814,
    "cum_vec": 7993.491295169164,
    "DEX_Call": 11232.843,
    "DEX_Put": -7498.275,
    "DEX_Total": 3734.568,
    "DEX_Ratio": 1.498057,
    "GEX_Call": 13302553.123,
    "GEX_Put": -15686348.345,
    "GEX_Total": -2383795.222,
    "GEX_Ratio": 0.848034,
    "VEX_Call": -3788586.727,
    "VEX_Put": 34617557.519,
    "VEX_Total": 30828970.792,
    "VEX_Ratio": -0.109441,
    "CEX_Call": -19237732.981,
    "CEX_Put": 48348318.534,
    "CEX_Total": 29110585.553,
    "CEX_Ratio": -0.397899
}