{
    "timestamp": "2025-08-18 10:29:18",
    "cum_gam": null,
    "cum_vec": 7552.871661303161,
    "DEX_Call": 9378.593,
    "DEX_Put": -3484.23,
    "DEX_Total": 5894.363,
    "DEX_Ratio": 2.691726,
    "GEX_Call": 13712476.229,
    "GEX_Put": -11136848.875,
    "GEX_Total": 2575627.354,
    "GEX_Ratio": 1.231271,
    "VEX_Call": 2761044.157,
    "VEX_Put": 28513556.89,
    "VEX_Total": 31274601.047,
    "VEX_Ratio": 0.096833,
    "CEX_Call": -8260379.127,
    "CEX_Put": 16140329.396,
    "CEX_Total": 7879950.269,
    "CEX_Ratio": -0.511785
}