{
    "timestamp": "2025-08-13 12:51:09",
    "cum_gam": null,
    "cum_vec": 7571.084588052846,
    "DEX_Call": 8542.637,
    "DEX_Put": -3056.143,
    "DEX_Total": 5486.494,
    "DEX_Ratio": 2.795235,
    "GEX_Call": 19728577.595,
    "GEX_Put": -9377683.095,
    "GEX_Total": 10350894.5,
    "GEX_Ratio": 2.10378,
    "VEX_Call": 3383099.969,
    "VEX_Put": 30461879.926,
    "VEX_Total": 33844979.895,
    "VEX_Ratio": 0.11106,
    "CEX_Call": -22922593.465,
    "CEX_Put": 25364225.882,
    "CEX_Total": 2441632.417,
    "CEX_Ratio": -0.903737
}