{
    "timestamp": "2025-10-03 10:27:02",
    "cum_gam": null,
    "cum_vec": 8062.163945309283,
    "DEX_Call": 9927.731,
    "DEX_Put": -3843.195,
    "DEX_Total": 6084.536,
    "DEX_Ratio": 2.583197,
    "GEX_Call": 17262063.889,
    "GEX_Put": -10610884.661,
    "GEX_Total": 6651179.228,
    "GEX_Ratio": 1.626826,
    "VEX_Call": 1798365.449,
    "VEX_Put": 33687925.394,
    "VEX_Total": 35486290.843,
    "VEX_Ratio": 0.053383,
    "CEX_Call": 4271062.018,
    "CEX_Put": 42270572.658,
    "CEX_Total": 46541634.676,
    "CEX_Ratio": 0.101041
}