{
    "timestamp": "2026-07-20 09:14:47",
    "cum_gam": 6350.55696325202,
    "cum_vec": 9129.752750437476,
    "DEX_Call": 9437.882,
    "DEX_Put": -8402.256,
    "DEX_Total": 1035.626,
    "DEX_Ratio": 1.123256,
    "GEX_Call": 15673677.809,
    "GEX_Put": -16216289.163,
    "GEX_Total": -542611.354,
    "GEX_Ratio": 0.966539,
    "VEX_Call": -6581957.703,
    "VEX_Put": 29801030.669,
    "VEX_Total": 23219072.966,
    "VEX_Ratio": -0.220863,
    "CEX_Call": -15234174.436,
    "CEX_Put": 11917281.449,
    "CEX_Total": -3316892.987,
    "CEX_Ratio": -1.278326
}