{
    "timestamp": "2025-09-30 09:30:08",
    "cum_gam": null,
    "cum_vec": 8054.433239574654,
    "DEX_Call": 10438.68,
    "DEX_Put": -4346.25,
    "DEX_Total": 6092.43,
    "DEX_Ratio": 2.401767,
    "GEX_Call": 15136851.304,
    "GEX_Put": -13100721.877,
    "GEX_Total": 2036129.427,
    "GEX_Ratio": 1.155421,
    "VEX_Call": 482255.189,
    "VEX_Put": 31496278.089,
    "VEX_Total": 31978533.278,
    "VEX_Ratio": 0.015311,
    "CEX_Call": -3810428.612,
    "CEX_Put": 30349125.55,
    "CEX_Total": 26538696.938,
    "CEX_Ratio": -0.125553
}