{
    "timestamp": "2025-09-04 06:37:18",
    "cum_gam": null,
    "cum_vec": 7534.4356412115285,
    "DEX_Call": 7894.251,
    "DEX_Put": -3890.935,
    "DEX_Total": 4003.316,
    "DEX_Ratio": 2.028883,
    "GEX_Call": 17090796.63,
    "GEX_Put": -13344251.386,
    "GEX_Total": 3746545.244,
    "GEX_Ratio": 1.280761,
    "VEX_Call": 728882.711,
    "VEX_Put": 28191055.107,
    "VEX_Total": 28919937.818,
    "VEX_Ratio": 0.025855,
    "CEX_Call": -11822810.367,
    "CEX_Put": 25111687.807,
    "CEX_Total": 13288877.44,
    "CEX_Ratio": -0.470809
}