{
    "timestamp": "2025-08-19 08:05:35",
    "cum_gam": 4005.3034041284363,
    "cum_vec": 7545.3471985411215,
    "DEX_Call": 9351.33,
    "DEX_Put": -3910.38,
    "DEX_Total": 5440.95,
    "DEX_Ratio": 2.391412,
    "GEX_Call": 12829493.75,
    "GEX_Put": -12836055.908,
    "GEX_Total": -6562.158,
    "GEX_Ratio": 0.999489,
    "VEX_Call": 3208024.699,
    "VEX_Put": 28845761.808,
    "VEX_Total": 32053786.507,
    "VEX_Ratio": 0.111213,
    "CEX_Call": -9183873.206,
    "CEX_Put": 13164471.096,
    "CEX_Total": 3980597.89,
    "CEX_Ratio": -0.697626
}