{
    "timestamp": "2025-11-05 10:55:33",
    "cum_gam": null,
    "cum_vec": 7964.583675257346,
    "DEX_Call": 9522.576,
    "DEX_Put": -5106.571,
    "DEX_Total": 4416.005,
    "DEX_Ratio": 1.864769,
    "GEX_Call": 16321141.654,
    "GEX_Put": -13046620.916,
    "GEX_Total": 3274520.738,
    "GEX_Ratio": 1.250986,
    "VEX_Call": -857505.181,
    "VEX_Put": 34895852.355,
    "VEX_Total": 34038347.174,
    "VEX_Ratio": -0.024573,
    "CEX_Call": -14105319.169,
    "CEX_Put": 22249282.814,
    "CEX_Total": 8143963.645,
    "CEX_Ratio": -0.633967
}