{
    "timestamp": "2025-08-14 08:31:57",
    "cum_gam": null,
    "cum_vec": 7566.977231689453,
    "DEX_Call": 9843.302,
    "DEX_Put": -3246.831,
    "DEX_Total": 6596.471,
    "DEX_Ratio": 3.031664,
    "GEX_Call": 16403081.766,
    "GEX_Put": -12570339.124,
    "GEX_Total": 3832742.642,
    "GEX_Ratio": 1.304904,
    "VEX_Call": 2499202.218,
    "VEX_Put": 29051630.45,
    "VEX_Total": 31550832.668,
    "VEX_Ratio": 0.086026,
    "CEX_Call": -9738224.936,
    "CEX_Put": 31168156.503,
    "CEX_Total": 21429931.567,
    "CEX_Ratio": -0.312441
}