{
    "timestamp": "2025-07-18 09:42:16",
    "cum_gam": null,
    "cum_vec": 7475.697285543387,
    "DEX_Call": 8575.347,
    "DEX_Put": -3556.698,
    "DEX_Total": 5018.649,
    "DEX_Ratio": 2.411042,
    "GEX_Call": 14016264.307,
    "GEX_Put": -10389896.446,
    "GEX_Total": 3626367.861,
    "GEX_Ratio": 1.349028,
    "VEX_Call": 2974139.794,
    "VEX_Put": 26784317.431,
    "VEX_Total": 29758457.225,
    "VEX_Ratio": 0.11104,
    "CEX_Call": -4209001.726,
    "CEX_Put": 14099482.896,
    "CEX_Total": 9890481.17,
    "CEX_Ratio": -0.298522
}