{
    "timestamp": "2025-08-13 12:11:49",
    "cum_gam": null,
    "cum_vec": 7568.521611586213,
    "DEX_Call": 8081.242,
    "DEX_Put": -3111.818,
    "DEX_Total": 4969.424,
    "DEX_Ratio": 2.596952,
    "GEX_Call": 19378538.163,
    "GEX_Put": -9793327.854,
    "GEX_Total": 9585210.309,
    "GEX_Ratio": 1.978749,
    "VEX_Call": 2717053.772,
    "VEX_Put": 30422165.214,
    "VEX_Total": 33139218.986,
    "VEX_Ratio": 0.089312,
    "CEX_Call": -19481508.014,
    "CEX_Put": 24699930.933,
    "CEX_Total": 5218422.919,
    "CEX_Ratio": -0.788727
}