{
    "timestamp": "2025-07-07 07:48:23",
    "cum_gam": null,
    "cum_vec": 7458.745326462888,
    "DEX_Call": 6749.401,
    "DEX_Put": -3029.285,
    "DEX_Total": 3720.116,
    "DEX_Ratio": 2.228051,
    "GEX_Call": 10174177.829,
    "GEX_Put": -8090778.712,
    "GEX_Total": 2083399.117,
    "GEX_Ratio": 1.257503,
    "VEX_Call": 1616850.112,
    "VEX_Put": 23658822.717,
    "VEX_Total": 25275672.829,
    "VEX_Ratio": 0.06834,
    "CEX_Call": -7423035.8,
    "CEX_Put": 15219009.958,
    "CEX_Total": 7795974.158,
    "CEX_Ratio": -0.487748
}