{
    "timestamp": "2025-07-08 11:07:26",
    "cum_gam": null,
    "cum_vec": 7458.639071746726,
    "DEX_Call": 8352.066,
    "DEX_Put": -3244.603,
    "DEX_Total": 5107.463,
    "DEX_Ratio": 2.574141,
    "GEX_Call": 12303385.147,
    "GEX_Put": -9219927.29,
    "GEX_Total": 3083457.857,
    "GEX_Ratio": 1.334434,
    "VEX_Call": 3080458.601,
    "VEX_Put": 23779449.35,
    "VEX_Total": 26859907.951,
    "VEX_Ratio": 0.129543,
    "CEX_Call": -12625796.205,
    "CEX_Put": 25808978.064,
    "CEX_Total": 13183181.859,
    "CEX_Ratio": -0.489202
}