{
    "timestamp": "2025-06-26 09:28:02",
    "cum_gam": 7049.981132708337,
    "cum_vec": 7140.0922297045245,
    "DEX_Call": 6379.791,
    "DEX_Put": -3169.832,
    "DEX_Total": 3209.959,
    "DEX_Ratio": 2.012659,
    "GEX_Call": 13768520.911,
    "GEX_Put": -7330278.783,
    "GEX_Total": 6438242.128,
    "GEX_Ratio": 1.878308,
    "VEX_Call": 1791844.645,
    "VEX_Put": 24351802.328,
    "VEX_Total": 26143646.973,
    "VEX_Ratio": 0.073582,
    "CEX_Call": -2848257.676,
    "CEX_Put": 16496553.333,
    "CEX_Total": 13648295.657,
    "CEX_Ratio": -0.172658
}