{
    "timestamp": "2026-07-22 12:14:45",
    "cum_gam": null,
    "cum_vec": 9173.360720065382,
    "DEX_Call": 9980.392,
    "DEX_Put": -8439.591,
    "DEX_Total": 1540.801,
    "DEX_Ratio": 1.182568,
    "GEX_Call": 17602594.069,
    "GEX_Put": -17477548.408,
    "GEX_Total": 125045.661,
    "GEX_Ratio": 1.007155,
    "VEX_Call": -6285544.074,
    "VEX_Put": 30771342.421,
    "VEX_Total": 24485798.347,
    "VEX_Ratio": -0.204266,
    "CEX_Call": -19462528.157,
    "CEX_Put": 19935691.919,
    "CEX_Total": 473163.762,
    "CEX_Ratio": -0.976265
}