{
    "timestamp": "2025-07-31 11:38:11",
    "cum_gam": null,
    "cum_vec": 7519.006767390147,
    "DEX_Call": 9745.173,
    "DEX_Put": -3972.165,
    "DEX_Total": 5773.008,
    "DEX_Ratio": 2.453366,
    "GEX_Call": 13469614.502,
    "GEX_Put": -11471921.801,
    "GEX_Total": 1997692.701,
    "GEX_Ratio": 1.174138,
    "VEX_Call": 4070636.83,
    "VEX_Put": 29682655.554,
    "VEX_Total": 33753292.384,
    "VEX_Ratio": 0.137139,
    "CEX_Call": -16207775.045,
    "CEX_Put": 30646568.206,
    "CEX_Total": 14438793.161,
    "CEX_Ratio": -0.528861
}