{
    "timestamp": "2026-07-20 12:01:56",
    "cum_gam": 7294.245594074573,
    "cum_vec": 9098.08781214035,
    "DEX_Call": 8910.694,
    "DEX_Put": -9124.848,
    "DEX_Total": -214.154,
    "DEX_Ratio": 0.976531,
    "GEX_Call": 13381218.209,
    "GEX_Put": -16810026.473,
    "GEX_Total": -3428808.264,
    "GEX_Ratio": 0.796026,
    "VEX_Call": -7012852.56,
    "VEX_Put": 27673186.197,
    "VEX_Total": 20660333.637,
    "VEX_Ratio": -0.253417,
    "CEX_Call": -15665252.703,
    "CEX_Put": 7161437.582,
    "CEX_Total": -8503815.121,
    "CEX_Ratio": -2.187445
}