{
    "timestamp": "2025-10-29 10:42:46",
    "cum_gam": null,
    "cum_vec": 8083.152315029482,
    "DEX_Call": 10751.166,
    "DEX_Put": -3921.886,
    "DEX_Total": 6829.28,
    "DEX_Ratio": 2.741325,
    "GEX_Call": 18305132.634,
    "GEX_Put": -10968253.382,
    "GEX_Total": 7336879.252,
    "GEX_Ratio": 1.66892,
    "VEX_Call": 3851316.165,
    "VEX_Put": 38078414.665,
    "VEX_Total": 41929730.83,
    "VEX_Ratio": 0.101142,
    "CEX_Call": -28422972.693,
    "CEX_Put": 47703443.303,
    "CEX_Total": 19280470.61,
    "CEX_Ratio": -0.595826
}