{
    "timestamp": "2025-11-04 12:46:41",
    "cum_gam": 6175.001723428739,
    "cum_vec": 7960.6384215076405,
    "DEX_Call": 9018.61,
    "DEX_Put": -6004.157,
    "DEX_Total": 3014.453,
    "DEX_Ratio": 1.502061,
    "GEX_Call": 12269009.074,
    "GEX_Put": -13934886.112,
    "GEX_Total": -1665877.038,
    "GEX_Ratio": 0.880453,
    "VEX_Call": -2477252.902,
    "VEX_Put": 32881579.645,
    "VEX_Total": 30404326.743,
    "VEX_Ratio": -0.075339,
    "CEX_Call": -15049703.914,
    "CEX_Put": 26905998.895,
    "CEX_Total": 11856294.981,
    "CEX_Ratio": -0.559344
}