{
    "timestamp": "2025-08-29 06:45:28",
    "cum_gam": null,
    "cum_vec": 7535.429045664509,
    "DEX_Call": 6740.331,
    "DEX_Put": -3564.479,
    "DEX_Total": 3175.852,
    "DEX_Ratio": 1.890972,
    "GEX_Call": 15690905.105,
    "GEX_Put": -12715940.836,
    "GEX_Total": 2974964.269,
    "GEX_Ratio": 1.233955,
    "VEX_Call": 732137.333,
    "VEX_Put": 28982104.116,
    "VEX_Total": 29714241.449,
    "VEX_Ratio": 0.025262,
    "CEX_Call": -12111314.89,
    "CEX_Put": 23248098.226,
    "CEX_Total": 11136783.336,
    "CEX_Ratio": -0.520959
}