{
    "timestamp": "2025-09-08 07:30:57",
    "cum_gam": null,
    "cum_vec": 7551.87759986324,
    "DEX_Call": 7463.218,
    "DEX_Put": -3251.558,
    "DEX_Total": 4211.66,
    "DEX_Ratio": 2.295274,
    "GEX_Call": 16964319.542,
    "GEX_Put": -12701022.521,
    "GEX_Total": 4263297.021,
    "GEX_Ratio": 1.335666,
    "VEX_Call": 2231449.229,
    "VEX_Put": 27159160.522,
    "VEX_Total": 29390609.751,
    "VEX_Ratio": 0.082162,
    "CEX_Call": -6126140.971,
    "CEX_Put": 21429830.197,
    "CEX_Total": 15303689.226,
    "CEX_Ratio": -0.28587
}