{
    "timestamp": "2025-10-01 10:12:01",
    "cum_gam": null,
    "cum_vec": 8053.8039450525375,
    "DEX_Call": 9337.201,
    "DEX_Put": -3899.604,
    "DEX_Total": 5437.597,
    "DEX_Ratio": 2.394397,
    "GEX_Call": 16976470.304,
    "GEX_Put": -11267212.74,
    "GEX_Total": 5709257.564,
    "GEX_Ratio": 1.506714,
    "VEX_Call": 997242.49,
    "VEX_Put": 33132643.525,
    "VEX_Total": 34129886.015,
    "VEX_Ratio": 0.030098,
    "CEX_Call": -12479510.274,
    "CEX_Put": 23803481.371,
    "CEX_Total": 11323971.097,
    "CEX_Ratio": -0.524272
}