{
    "timestamp": "2025-07-16 08:55:20",
    "cum_gam": 5403.465512950976,
    "cum_vec": 7483.322016731065,
    "DEX_Call": 10283.125,
    "DEX_Put": -4760.979,
    "DEX_Total": 5522.146,
    "DEX_Ratio": 2.159876,
    "GEX_Call": 12450951.056,
    "GEX_Put": -13224258.354,
    "GEX_Total": -773307.298,
    "GEX_Ratio": 0.941524,
    "VEX_Call": 1954843.792,
    "VEX_Put": 28027904.153,
    "VEX_Total": 29982747.945,
    "VEX_Ratio": 0.069746,
    "CEX_Call": -4806104.975,
    "CEX_Put": 27705969.034,
    "CEX_Total": 22899864.059,
    "CEX_Ratio": -0.173468
}