{
    "timestamp": "2025-09-09 06:45:12",
    "cum_gam": null,
    "cum_vec": 7545.222630789145,
    "DEX_Call": 7381.427,
    "DEX_Put": -3355.048,
    "DEX_Total": 4026.379,
    "DEX_Ratio": 2.200096,
    "GEX_Call": 16902181.962,
    "GEX_Put": -13069019.284,
    "GEX_Total": 3833162.678,
    "GEX_Ratio": 1.293301,
    "VEX_Call": 1338718.554,
    "VEX_Put": 27731872.5,
    "VEX_Total": 29070591.054,
    "VEX_Ratio": 0.048274,
    "CEX_Call": -7524549.342,
    "CEX_Put": 20687060.895,
    "CEX_Total": 13162511.553,
    "CEX_Ratio": -0.363732
}