{
    "timestamp": "2025-11-19 12:12:14",
    "cum_gam": 6454.7725168193365,
    "cum_vec": 7978.070351777308,
    "DEX_Call": 11020.962,
    "DEX_Put": -9772.389,
    "DEX_Total": 1248.573,
    "DEX_Ratio": 1.127765,
    "GEX_Call": 13420729.493,
    "GEX_Put": -16790875.408,
    "GEX_Total": -3370145.915,
    "GEX_Ratio": 0.799287,
    "VEX_Call": -7077593.863,
    "VEX_Put": 29249117.327,
    "VEX_Total": 22171523.464,
    "VEX_Ratio": -0.241976,
    "CEX_Call": -23396128.437,
    "CEX_Put": 22530693.269,
    "CEX_Total": -865435.168,
    "CEX_Ratio": -1.038411
}