{
    "timestamp": "2025-08-05 09:46:34",
    "cum_gam": 5901.930293751026,
    "cum_vec": 7503.625024361723,
    "DEX_Call": 8368.596,
    "DEX_Put": -5184.456,
    "DEX_Total": 3184.14,
    "DEX_Ratio": 1.614171,
    "GEX_Call": 12355248.496,
    "GEX_Put": -14094167.218,
    "GEX_Total": -1738918.722,
    "GEX_Ratio": 0.876621,
    "VEX_Call": 1409814.707,
    "VEX_Put": 28668601.557,
    "VEX_Total": 30078416.264,
    "VEX_Ratio": 0.049176,
    "CEX_Call": -13045304.936,
    "CEX_Put": 15970087.838,
    "CEX_Total": 2924782.902,
    "CEX_Ratio": -0.816859
}