{
    "timestamp": "2025-07-07 09:27:56",
    "cum_gam": null,
    "cum_vec": 7475.116613334351,
    "DEX_Call": 7626.627,
    "DEX_Put": -3217.64,
    "DEX_Total": 4408.987,
    "DEX_Ratio": 2.370255,
    "GEX_Call": 9730769.039,
    "GEX_Put": -8960012.965,
    "GEX_Total": 770756.074,
    "GEX_Ratio": 1.086022,
    "VEX_Call": 2090805.826,
    "VEX_Put": 23437274.862,
    "VEX_Total": 25528080.688,
    "VEX_Ratio": 0.089209,
    "CEX_Call": 240562.981,
    "CEX_Put": 15368694.208,
    "CEX_Total": 15609257.189,
    "CEX_Ratio": 0.015653
}