{
    "timestamp": "2025-08-01 09:19:18",
    "cum_gam": 7004.904911598646,
    "cum_vec": 7490.322482553101,
    "DEX_Call": 7717.58,
    "DEX_Put": -6223.592,
    "DEX_Total": 1493.988,
    "DEX_Ratio": 1.240052,
    "GEX_Call": 10168489.278,
    "GEX_Put": -14158715.843,
    "GEX_Total": -3990226.565,
    "GEX_Ratio": 0.718179,
    "VEX_Call": 838467.002,
    "VEX_Put": 27101913.767,
    "VEX_Total": 27940380.769,
    "VEX_Ratio": 0.030938,
    "CEX_Call": -9534087.447,
    "CEX_Put": -3273682.897,
    "CEX_Total": -12807770.344,
    "CEX_Ratio": -2.912343
}