{
    "timestamp": "2025-07-08 10:52:26",
    "cum_gam": null,
    "cum_vec": 7456.692395925517,
    "DEX_Call": 8320.934,
    "DEX_Put": -3309.172,
    "DEX_Total": 5011.762,
    "DEX_Ratio": 2.514506,
    "GEX_Call": 12005287.248,
    "GEX_Put": -9640326.839,
    "GEX_Total": 2364960.409,
    "GEX_Ratio": 1.24532,
    "VEX_Call": 3063618.619,
    "VEX_Put": 23764485.542,
    "VEX_Total": 26828104.161,
    "VEX_Ratio": 0.128916,
    "CEX_Call": -10754744.934,
    "CEX_Put": 27050198.203,
    "CEX_Total": 16295453.269,
    "CEX_Ratio": -0.397585
}