{
    "timestamp": "2025-07-01 11:40:21",
    "cum_gam": null,
    "cum_vec": 7442.666194800116,
    "DEX_Call": 8416.32,
    "DEX_Put": -3089.775,
    "DEX_Total": 5326.545,
    "DEX_Ratio": 2.723926,
    "GEX_Call": 13563826.541,
    "GEX_Put": -8971610.418,
    "GEX_Total": 4592216.123,
    "GEX_Ratio": 1.511861,
    "VEX_Call": 3725161.371,
    "VEX_Put": 24056948.957,
    "VEX_Total": 27782110.328,
    "VEX_Ratio": 0.154848,
    "CEX_Call": -17740780.563,
    "CEX_Put": 42766316.852,
    "CEX_Total": 25025536.289,
    "CEX_Ratio": -0.414831
}