{
    "timestamp": "2025-08-21 12:51:44",
    "cum_gam": 5946.732447737451,
    "cum_vec": 7512.351936629317,
    "DEX_Call": 8651.53,
    "DEX_Put": -5017.082,
    "DEX_Total": 3634.448,
    "DEX_Ratio": 1.724415,
    "GEX_Call": 11806012.593,
    "GEX_Put": -13385210.255,
    "GEX_Total": -1579197.662,
    "GEX_Ratio": 0.882019,
    "VEX_Call": 1582642.835,
    "VEX_Put": 28191177.775,
    "VEX_Total": 29773820.61,
    "VEX_Ratio": 0.05614,
    "CEX_Call": -11226664.261,
    "CEX_Put": 25929946.728,
    "CEX_Total": 14703282.467,
    "CEX_Ratio": -0.432961
}