{
    "timestamp": "2025-10-08 12:25:37",
    "cum_gam": null,
    "cum_vec": 8083.915913843493,
    "DEX_Call": 11411.02,
    "DEX_Put": -4441.886,
    "DEX_Total": 6969.134,
    "DEX_Ratio": 2.568958,
    "GEX_Call": 20584443.301,
    "GEX_Put": -11663732.873,
    "GEX_Total": 8920710.428,
    "GEX_Ratio": 1.764825,
    "VEX_Call": 2441441.823,
    "VEX_Put": 38164249.387,
    "VEX_Total": 40605691.21,
    "VEX_Ratio": 0.063972,
    "CEX_Call": -16151663.441,
    "CEX_Put": 26999597.118,
    "CEX_Total": 10847933.677,
    "CEX_Ratio": -0.598219
}