{
    "timestamp": "2025-11-19 12:32:09",
    "cum_gam": 6502.835684971582,
    "cum_vec": 7976.804784128953,
    "DEX_Call": 10016.916,
    "DEX_Put": -10095.042,
    "DEX_Total": -78.126,
    "DEX_Ratio": 0.992261,
    "GEX_Call": 12762927.898,
    "GEX_Put": -16856402.275,
    "GEX_Total": -4093474.377,
    "GEX_Ratio": 0.757156,
    "VEX_Call": -7805457.012,
    "VEX_Put": 28226653.341,
    "VEX_Total": 20421196.329,
    "VEX_Ratio": -0.276528,
    "CEX_Call": -26700971.14,
    "CEX_Put": 5961080.966,
    "CEX_Total": -20739890.174,
    "CEX_Ratio": -4.479216
}