{
    "timestamp": "2025-09-12 07:32:45",
    "cum_gam": null,
    "cum_vec": 8056.2922761148375,
    "DEX_Call": 10321.349,
    "DEX_Put": -3608.662,
    "DEX_Total": 6712.687,
    "DEX_Ratio": 2.86016,
    "GEX_Call": 20573045.64,
    "GEX_Put": -13046560.988,
    "GEX_Total": 7526484.652,
    "GEX_Ratio": 1.576894,
    "VEX_Call": 4049577.854,
    "VEX_Put": 38275119.892,
    "VEX_Total": 42324697.746,
    "VEX_Ratio": 0.105802,
    "CEX_Call": -8711344.279,
    "CEX_Put": 26794851.823,
    "CEX_Total": 18083507.544,
    "CEX_Ratio": -0.325113
}