{
    "timestamp": "2025-08-21 07:44:26",
    "cum_gam": 5851.44903710327,
    "cum_vec": 7522.6810902329125,
    "DEX_Call": 8764.39,
    "DEX_Put": -4953.718,
    "DEX_Total": 3810.672,
    "DEX_Ratio": 1.769255,
    "GEX_Call": 12263484.904,
    "GEX_Put": -13519041.976,
    "GEX_Total": -1255557.072,
    "GEX_Ratio": 0.907127,
    "VEX_Call": 1429503.889,
    "VEX_Put": 28708437.513,
    "VEX_Total": 30137941.402,
    "VEX_Ratio": 0.049794,
    "CEX_Call": -9636289.315,
    "CEX_Put": 17505864.121,
    "CEX_Total": 7869574.806,
    "CEX_Ratio": -0.550461
}