{
    "timestamp": "2026-07-22 10:53:45",
    "cum_gam": null,
    "cum_vec": 9188.763738425623,
    "DEX_Call": 10143.967,
    "DEX_Put": -8261.407,
    "DEX_Total": 1882.56,
    "DEX_Ratio": 1.227874,
    "GEX_Call": 18460906.508,
    "GEX_Put": -16556766.747,
    "GEX_Total": 1904139.761,
    "GEX_Ratio": 1.115007,
    "VEX_Call": -6519808.516,
    "VEX_Put": 31503982.84,
    "VEX_Total": 24984174.324,
    "VEX_Ratio": -0.206952,
    "CEX_Call": -20462937.22,
    "CEX_Put": 20337067.404,
    "CEX_Total": -125869.816,
    "CEX_Ratio": -1.006189
}