{
    "timestamp": "2025-09-04 07:21:16",
    "cum_gam": null,
    "cum_vec": 7523.039756296454,
    "DEX_Call": 7639.147,
    "DEX_Put": -4005.578,
    "DEX_Total": 3633.569,
    "DEX_Ratio": 1.907127,
    "GEX_Call": 16542384.125,
    "GEX_Put": -13822377.667,
    "GEX_Total": 2720006.458,
    "GEX_Ratio": 1.196783,
    "VEX_Call": 232278.174,
    "VEX_Put": 27950978.219,
    "VEX_Total": 28183256.393,
    "VEX_Ratio": 0.00831,
    "CEX_Call": -13443441.272,
    "CEX_Put": 24849511.627,
    "CEX_Total": 11406070.355,
    "CEX_Ratio": -0.540994
}