{
    "timestamp": "2025-07-07 12:44:45",
    "cum_gam": null,
    "cum_vec": 7448.643132264216,
    "DEX_Call": 6529.915,
    "DEX_Put": -3296.701,
    "DEX_Total": 3233.214,
    "DEX_Ratio": 1.980742,
    "GEX_Call": 9711111.012,
    "GEX_Put": -8917905.807,
    "GEX_Total": 793205.205,
    "GEX_Ratio": 1.088945,
    "VEX_Call": 1038443.665,
    "VEX_Put": 22907829.837,
    "VEX_Total": 23946273.502,
    "VEX_Ratio": 0.045331,
    "CEX_Call": 979736.584,
    "CEX_Put": 15457195.21,
    "CEX_Total": 16436931.794,
    "CEX_Ratio": 0.063384
}