{
    "timestamp": "2025-07-23 10:15:42",
    "cum_gam": 7022.736478253114,
    "cum_vec": 7211.275640590723,
    "DEX_Call": 2169.431,
    "DEX_Put": -760.112,
    "DEX_Total": 1409.319,
    "DEX_Ratio": 2.854094,
    "GEX_Call": 3848134.227,
    "GEX_Put": -2499418.274,
    "GEX_Total": 1348715.953,
    "GEX_Ratio": 1.539612,
    "VEX_Call": -153255.028,
    "VEX_Put": 8029361.151,
    "VEX_Total": 7876106.123,
    "VEX_Ratio": -0.019087,
    "CEX_Call": -701698.999,
    "CEX_Put": 2274064.87,
    "CEX_Total": 1572365.871,
    "CEX_Ratio": -0.308566
}