{
    "timestamp": "2025-08-12 10:53:52",
    "cum_gam": null,
    "cum_vec": null,
    "DEX_Call": 330.133,
    "DEX_Put": -107.449,
    "DEX_Total": 222.684,
    "DEX_Ratio": 3.072462,
    "GEX_Call": 1457050.532,
    "GEX_Put": -705294.027,
    "GEX_Total": 751756.505,
    "GEX_Ratio": 2.065877,
    "VEX_Call": -112860.099,
    "VEX_Put": 1321322.516,
    "VEX_Total": 1208462.417,
    "VEX_Ratio": -0.085414,
    "CEX_Call": -329248.212,
    "CEX_Put": 987357.64,
    "CEX_Total": 658109.428,
    "CEX_Ratio": -0.333464
}