{
    "timestamp": "2025-11-19 08:12:53",
    "cum_gam": 8599.502069322298,
    "cum_vec": 8800.0,
    "DEX_Call": 375.737,
    "DEX_Put": -654.225,
    "DEX_Total": -278.488,
    "DEX_Ratio": 0.574324,
    "GEX_Call": 1245497.191,
    "GEX_Put": -1733552.846,
    "GEX_Total": -488055.655,
    "GEX_Ratio": 0.718465,
    "VEX_Call": -1223245.728,
    "VEX_Put": 1767335.479,
    "VEX_Total": 544089.751,
    "VEX_Ratio": -0.692141,
    "CEX_Call": -1327169.956,
    "CEX_Put": 1266568.962,
    "CEX_Total": -60600.994,
    "CEX_Ratio": -1.047847
}