{
    "timestamp": "2025-09-30 09:38:23",
    "cum_gam": null,
    "cum_vec": null,
    "DEX_Call": 249.506,
    "DEX_Put": -179.36,
    "DEX_Total": 70.146,
    "DEX_Ratio": 1.391091,
    "GEX_Call": 1125953.161,
    "GEX_Put": -1052075.837,
    "GEX_Total": 73877.324,
    "GEX_Ratio": 1.070221,
    "VEX_Call": -322770.843,
    "VEX_Put": 1351170.127,
    "VEX_Total": 1028399.284,
    "VEX_Ratio": -0.238882,
    "CEX_Call": -454415.615,
    "CEX_Put": 954716.582,
    "CEX_Total": 500300.967,
    "CEX_Ratio": -0.475969
}