{
    "timestamp": "2025-10-08 11:48:44",
    "cum_gam": 7003.813050384359,
    "cum_vec": 9118.713866243548,
    "DEX_Call": 2038.5,
    "DEX_Put": -821.747,
    "DEX_Total": 1216.753,
    "DEX_Ratio": 2.480691,
    "GEX_Call": 5343455.606,
    "GEX_Put": -3334775.056,
    "GEX_Total": 2008680.55,
    "GEX_Ratio": 1.602344,
    "VEX_Call": 354033.069,
    "VEX_Put": 5387240.867,
    "VEX_Total": 5741273.936,
    "VEX_Ratio": 0.065717,
    "CEX_Call": -649128.506,
    "CEX_Put": 3869604.773,
    "CEX_Total": 3220476.267,
    "CEX_Ratio": -0.167751
}