{
    "timestamp": "2026-07-23 11:16:21",
    "cum_gam": 11984.432456236926,
    "cum_vec": 11984.432456236926,
    "DEX_Call": 2339.308,
    "DEX_Put": -3475.765,
    "DEX_Total": -1136.457,
    "DEX_Ratio": 0.673034,
    "GEX_Call": 3540944.115,
    "GEX_Put": -5056860.587,
    "GEX_Total": -1515916.472,
    "GEX_Ratio": 0.700226,
    "VEX_Call": -2912461.745,
    "VEX_Put": 10335373.687,
    "VEX_Total": 7422911.942,
    "VEX_Ratio": -0.281795,
    "CEX_Call": -1361260.17,
    "CEX_Put": 1665526.475,
    "CEX_Total": 304266.305,
    "CEX_Ratio": -0.817315
}