{
    "timestamp": "2025-10-22 09:15:38",
    "cum_gam": null,
    "cum_vec": 7519.760727114592,
    "DEX_Call": 2132.715,
    "DEX_Put": -1293.47,
    "DEX_Total": 839.245,
    "DEX_Ratio": 1.648832,
    "GEX_Call": 3119111.9,
    "GEX_Put": -2851220.354,
    "GEX_Total": 267891.546,
    "GEX_Ratio": 1.093957,
    "VEX_Call": -1802311.002,
    "VEX_Put": 9386719.961,
    "VEX_Total": 7584408.959,
    "VEX_Ratio": -0.192006,
    "CEX_Call": -1017300.952,
    "CEX_Put": 2032037.015,
    "CEX_Total": 1014736.063,
    "CEX_Ratio": -0.500631
}