{
    "timestamp": "2025-10-21 10:18:58",
    "cum_gam": 8792.307692307691,
    "cum_vec": 8792.307692307691,
    "DEX_Call": 656.126,
    "DEX_Put": -320.234,
    "DEX_Total": 335.892,
    "DEX_Ratio": 2.048895,
    "GEX_Call": 2123028.836,
    "GEX_Put": -1462320.688,
    "GEX_Total": 660708.148,
    "GEX_Ratio": 1.451822,
    "VEX_Call": -450692.462,
    "VEX_Put": 2877957.153,
    "VEX_Total": 2427264.691,
    "VEX_Ratio": -0.156602,
    "CEX_Call": -710463.061,
    "CEX_Put": 1943387.656,
    "CEX_Total": 1232924.595,
    "CEX_Ratio": -0.36558
}