{
    "timestamp": "2025-10-27 09:28:04",
    "cum_gam": null,
    "cum_vec": 8800.0,
    "DEX_Call": 500.791,
    "DEX_Put": -128.84,
    "DEX_Total": 371.951,
    "DEX_Ratio": 3.886922,
    "GEX_Call": 1486962.786,
    "GEX_Put": -676661.482,
    "GEX_Total": 810301.304,
    "GEX_Ratio": 2.197499,
    "VEX_Call": 89739.109,
    "VEX_Put": 1528705.163,
    "VEX_Total": 1618444.272,
    "VEX_Ratio": 0.058703,
    "CEX_Call": -155757.689,
    "CEX_Put": 948436.014,
    "CEX_Total": 792678.325,
    "CEX_Ratio": -0.164226
}