{
    "timestamp": "2025-10-09 09:23:57",
    "cum_gam": null,
    "cum_vec": 7521.711755024398,
    "DEX_Call": 1226.53,
    "DEX_Put": -783.213,
    "DEX_Total": 443.317,
    "DEX_Ratio": 1.566024,
    "GEX_Call": 1764073.525,
    "GEX_Put": -1589236.108,
    "GEX_Total": 174837.417,
    "GEX_Ratio": 1.110013,
    "VEX_Call": -769336.991,
    "VEX_Put": 7264291.229,
    "VEX_Total": 6494954.238,
    "VEX_Ratio": -0.105907,
    "CEX_Call": -404754.168,
    "CEX_Put": 969899.123,
    "CEX_Total": 565144.955,
    "CEX_Ratio": -0.417316
}