{
    "timestamp": "2025-09-02 06:49:28",
    "cum_gam": 6102.670346726399,
    "cum_vec": 9060.580919032644,
    "DEX_Call": 1287.829,
    "DEX_Put": -1135.507,
    "DEX_Total": 152.322,
    "DEX_Ratio": 1.134144,
    "GEX_Call": 1241474.644,
    "GEX_Put": -1888714.762,
    "GEX_Total": -647240.118,
    "GEX_Ratio": 0.657312,
    "VEX_Call": 176285.169,
    "VEX_Put": 7457327.214,
    "VEX_Total": 7633612.383,
    "VEX_Ratio": 0.023639,
    "CEX_Call": -163084.624,
    "CEX_Put": 939431.971,
    "CEX_Total": 776347.347,
    "CEX_Ratio": -0.173599
}