{
    "timestamp": "2025-06-30 08:24:52",
    "cum_gam": null,
    "cum_vec": 7222.873303208996,
    "DEX_Call": 3042.889,
    "DEX_Put": -814.1,
    "DEX_Total": 2228.789,
    "DEX_Ratio": 3.737734,
    "GEX_Call": 6346529.305,
    "GEX_Put": -3454807.571,
    "GEX_Total": 2891721.734,
    "GEX_Ratio": 1.837014,
    "VEX_Call": 1022093.27,
    "VEX_Put": 7942635.211,
    "VEX_Total": 8964728.481,
    "VEX_Ratio": 0.128684,
    "CEX_Call": -605000.612,
    "CEX_Put": 5514343.162,
    "CEX_Total": 4909342.55,
    "CEX_Ratio": -0.109714
}