{
    "timestamp": "2025-09-10 11:06:11",
    "cum_gam": 7009.05494192681,
    "cum_vec": 7556.5251450376945,
    "DEX_Call": 4000.865,
    "DEX_Put": -1179.326,
    "DEX_Total": 2821.539,
    "DEX_Ratio": 3.392501,
    "GEX_Call": 8220133.41,
    "GEX_Put": -5966153.112,
    "GEX_Total": 2253980.298,
    "GEX_Ratio": 1.377795,
    "VEX_Call": 2725143.728,
    "VEX_Put": 10071920.501,
    "VEX_Total": 12797064.229,
    "VEX_Ratio": 0.270568,
    "CEX_Call": 670266.843,
    "CEX_Put": 7170897.796,
    "CEX_Total": 7841164.639,
    "CEX_Ratio": 0.09347
}