{
    "timestamp": "2025-08-01 08:30:44",
    "cum_gam": 7020.173729021293,
    "cum_vec": 7485.443212797387,
    "DEX_Call": 4833.092,
    "DEX_Put": -3050.515,
    "DEX_Total": 1782.577,
    "DEX_Ratio": 1.584353,
    "GEX_Call": 4558272.478,
    "GEX_Put": -4508372.94,
    "GEX_Total": 49899.538,
    "GEX_Ratio": 1.011068,
    "VEX_Call": 2299821.982,
    "VEX_Put": 13856969.054,
    "VEX_Total": 16156791.036,
    "VEX_Ratio": 0.165969,
    "CEX_Call": -358890.319,
    "CEX_Put": 1384124.057,
    "CEX_Total": 1025233.738,
    "CEX_Ratio": -0.259291
}