{
    "timestamp": "2025-09-26 07:10:08",
    "cum_gam": 6501.952848207622,
    "cum_vec": 6925.912549928242,
    "DEX_Call": 505.042,
    "DEX_Put": -684.439,
    "DEX_Total": -179.397,
    "DEX_Ratio": 0.737892,
    "GEX_Call": 3261688.307,
    "GEX_Put": -3971253.859,
    "GEX_Total": -709565.552,
    "GEX_Ratio": 0.821325,
    "VEX_Call": -927252.745,
    "VEX_Put": 2776665.849,
    "VEX_Total": 1849413.104,
    "VEX_Ratio": -0.333945,
    "CEX_Call": -1793570.806,
    "CEX_Put": 3514038.406,
    "CEX_Total": 1720467.6,
    "CEX_Ratio": -0.510402
}