{
    "timestamp": "2025-09-08 09:16:49",
    "cum_gam": 5408.408891178744,
    "cum_vec": 7636.849122005104,
    "DEX_Call": 1542.434,
    "DEX_Put": -904.741,
    "DEX_Total": 637.693,
    "DEX_Ratio": 1.704835,
    "GEX_Call": 1775589.164,
    "GEX_Put": -1969663.992,
    "GEX_Total": -194074.828,
    "GEX_Ratio": 0.901468,
    "VEX_Call": 169948.066,
    "VEX_Put": 8602577.713,
    "VEX_Total": 8772525.779,
    "VEX_Ratio": 0.019755,
    "CEX_Call": -253602.419,
    "CEX_Put": 1300154.837,
    "CEX_Total": 1046552.418,
    "CEX_Ratio": -0.195056
}