{
    "timestamp": "2026-07-22 09:15:48",
    "cum_gam": null,
    "cum_vec": null,
    "DEX_Call": 577.582,
    "DEX_Put": -493.612,
    "DEX_Total": 83.97,
    "DEX_Ratio": 1.170113,
    "GEX_Call": 3389080.536,
    "GEX_Put": -2464813.685,
    "GEX_Total": 924266.851,
    "GEX_Ratio": 1.374984,
    "VEX_Call": -2023412.964,
    "VEX_Put": 2964984.798,
    "VEX_Total": 941571.834,
    "VEX_Ratio": -0.682436,
    "CEX_Call": -2129121.762,
    "CEX_Put": 1941020.594,
    "CEX_Total": -188101.168,
    "CEX_Ratio": -1.096908
}