{
    "timestamp": "2025-09-16 08:13:28",
    "cum_gam": null,
    "cum_vec": null,
    "DEX_Call": 310.955,
    "DEX_Put": -141.632,
    "DEX_Total": 169.323,
    "DEX_Ratio": 2.195514,
    "GEX_Call": 1063233.903,
    "GEX_Put": -778399.663,
    "GEX_Total": 284834.24,
    "GEX_Ratio": 1.365923,
    "VEX_Call": -99551.608,
    "VEX_Put": 1306773.77,
    "VEX_Total": 1207222.162,
    "VEX_Ratio": -0.076181,
    "CEX_Call": -250787.744,
    "CEX_Put": 950260.949,
    "CEX_Total": 699473.205,
    "CEX_Ratio": -0.263915
}