{
    "timestamp": "2025-10-27 07:08:12",
    "cum_gam": null,
    "cum_vec": 8800.0,
    "DEX_Call": 500.686,
    "DEX_Put": -128.219,
    "DEX_Total": 372.467,
    "DEX_Ratio": 3.904928,
    "GEX_Call": 1489418.091,
    "GEX_Put": -671709.785,
    "GEX_Total": 817708.306,
    "GEX_Ratio": 2.217354,
    "VEX_Call": 96466.741,
    "VEX_Put": 1530067.633,
    "VEX_Total": 1626534.374,
    "VEX_Ratio": 0.063047,
    "CEX_Call": -152485.494,
    "CEX_Put": 939201.287,
    "CEX_Total": 786715.793,
    "CEX_Ratio": -0.162357
}