{
    "timestamp": "2025-09-02 06:33:10",
    "cum_gam": 6381.8780901973205,
    "cum_vec": 6381.8780901973205,
    "DEX_Call": 133.499,
    "DEX_Put": -337.39,
    "DEX_Total": -203.891,
    "DEX_Ratio": 0.395682,
    "GEX_Call": 508206.552,
    "GEX_Put": -1029605.69,
    "GEX_Total": -521399.138,
    "GEX_Ratio": 0.493593,
    "VEX_Call": -483443.205,
    "VEX_Put": 996710.64,
    "VEX_Total": 513267.435,
    "VEX_Ratio": -0.485039,
    "CEX_Call": -494346.34,
    "CEX_Put": 609109.227,
    "CEX_Total": 114762.887,
    "CEX_Ratio": -0.811589
}