{
    "timestamp": "2025-09-08 12:38:27",
    "cum_gam": 7009.473718410271,
    "cum_vec": 7508.432693529935,
    "DEX_Call": 3537.778,
    "DEX_Put": -1443.303,
    "DEX_Total": 2094.475,
    "DEX_Ratio": 2.451168,
    "GEX_Call": 7418274.94,
    "GEX_Put": -6184309.309,
    "GEX_Total": 1233965.631,
    "GEX_Ratio": 1.199532,
    "VEX_Call": 2131985.743,
    "VEX_Put": 9477283.811,
    "VEX_Total": 11609269.554,
    "VEX_Ratio": 0.224957,
    "CEX_Call": 152234.696,
    "CEX_Put": 5222920.836,
    "CEX_Total": 5375155.532,
    "CEX_Ratio": 0.029147
}