{
    "timestamp": "2025-11-19 11:48:27",
    "cum_gam": 8599.109619033718,
    "cum_vec": 8800.0,
    "DEX_Call": 302.581,
    "DEX_Put": -784.96,
    "DEX_Total": -482.379,
    "DEX_Ratio": 0.385473,
    "GEX_Call": 965404.321,
    "GEX_Put": -1758695.725,
    "GEX_Total": -793291.404,
    "GEX_Ratio": 0.548932,
    "VEX_Call": -1229589.441,
    "VEX_Put": 1448832.373,
    "VEX_Total": 219242.932,
    "VEX_Ratio": -0.848676,
    "CEX_Call": -1308478.661,
    "CEX_Put": 1004336.442,
    "CEX_Total": -304142.219,
    "CEX_Ratio": -1.302829
}