{
    "timestamp": "2025-11-11 12:04:41",
    "cum_gam": null,
    "cum_vec": 7783.205278149818,
    "DEX_Call": 1445.059,
    "DEX_Put": -793.469,
    "DEX_Total": 651.59,
    "DEX_Ratio": 1.821192,
    "GEX_Call": 4257963.781,
    "GEX_Put": -2903387.485,
    "GEX_Total": 1354576.296,
    "GEX_Ratio": 1.46655,
    "VEX_Call": -779539.256,
    "VEX_Put": 4491361.772,
    "VEX_Total": 3711822.516,
    "VEX_Ratio": -0.173564,
    "CEX_Call": -1233939.733,
    "CEX_Put": 2764592.604,
    "CEX_Total": 1530652.871,
    "CEX_Ratio": -0.446337
}