{
    "timestamp": "2025-09-09 08:32:45",
    "cum_gam": null,
    "cum_vec": 9034.419838648546,
    "DEX_Call": 1620.735,
    "DEX_Put": -947.761,
    "DEX_Total": 672.974,
    "DEX_Ratio": 1.710067,
    "GEX_Call": 2128665.538,
    "GEX_Put": -2095113.822,
    "GEX_Total": 33551.716,
    "GEX_Ratio": 1.016014,
    "VEX_Call": -294178.582,
    "VEX_Put": 9005367.249,
    "VEX_Total": 8711188.667,
    "VEX_Ratio": -0.032667,
    "CEX_Call": -395880.527,
    "CEX_Put": 1404622.524,
    "CEX_Total": 1008741.997,
    "CEX_Ratio": -0.281841
}