{
    "timestamp": "2025-07-21 11:19:19",
    "cum_gam": null,
    "cum_vec": 6824.735472187368,
    "DEX_Call": 507.216,
    "DEX_Put": -151.43,
    "DEX_Total": 355.786,
    "DEX_Ratio": 3.349508,
    "GEX_Call": 1725555.43,
    "GEX_Put": -781257.325,
    "GEX_Total": 944298.105,
    "GEX_Ratio": 2.20869,
    "VEX_Call": -397640.423,
    "VEX_Put": 1500764.735,
    "VEX_Total": 1103124.312,
    "VEX_Ratio": -0.264959,
    "CEX_Call": -552708.668,
    "CEX_Put": 987498.65,
    "CEX_Total": 434789.982,
    "CEX_Ratio": -0.559706
}