{
    "timestamp": "2025-11-05 11:59:30",
    "cum_gam": null,
    "cum_vec": null,
    "DEX_Call": 335.371,
    "DEX_Put": -257.085,
    "DEX_Total": 78.286,
    "DEX_Ratio": 1.304514,
    "GEX_Call": 1650642.357,
    "GEX_Put": -1355267.877,
    "GEX_Total": 295374.48,
    "GEX_Ratio": 1.217945,
    "VEX_Call": -695786.733,
    "VEX_Put": 1445506.623,
    "VEX_Total": 749719.89,
    "VEX_Ratio": -0.481345,
    "CEX_Call": -877716.367,
    "CEX_Put": 1145962.286,
    "CEX_Total": 268245.919,
    "CEX_Ratio": -0.765921
}