{
    "timestamp": "2025-07-07 09:06:12",
    "cum_gam": null,
    "cum_vec": 8453.471010168118,
    "DEX_Call": 1819.24,
    "DEX_Put": -401.082,
    "DEX_Total": 1418.158,
    "DEX_Ratio": 4.535831,
    "GEX_Call": 2786096.802,
    "GEX_Put": -1668733.796,
    "GEX_Total": 1117363.006,
    "GEX_Ratio": 1.669587,
    "VEX_Call": 998441.288,
    "VEX_Put": 3760978.692,
    "VEX_Total": 4759419.98,
    "VEX_Ratio": 0.265474,
    "CEX_Call": 221029.317,
    "CEX_Put": 2301719.42,
    "CEX_Total": 2522748.737,
    "CEX_Ratio": 0.096028
}