{
    "timestamp": "2025-08-27 12:20:08",
    "cum_gam": null,
    "cum_vec": 8400.0,
    "DEX_Call": 304.574,
    "DEX_Put": -140.752,
    "DEX_Total": 163.822,
    "DEX_Ratio": 2.163905,
    "GEX_Call": 1567342.587,
    "GEX_Put": -935397.103,
    "GEX_Total": 631945.484,
    "GEX_Ratio": 1.675591,
    "VEX_Call": -307920.781,
    "VEX_Put": 1281167.856,
    "VEX_Total": 973247.075,
    "VEX_Ratio": -0.240344,
    "CEX_Call": -535576.96,
    "CEX_Put": 1023357.129,
    "CEX_Total": 487780.169,
    "CEX_Ratio": -0.523353
}