{
    "timestamp": "2025-09-23 11:18:53",
    "cum_gam": null,
    "cum_vec": 8721.26161045591,
    "DEX_Call": 2276.666,
    "DEX_Put": -1386.874,
    "DEX_Total": 889.792,
    "DEX_Ratio": 1.641581,
    "GEX_Call": 4291868.442,
    "GEX_Put": -3773074.489,
    "GEX_Total": 518793.953,
    "GEX_Ratio": 1.137499,
    "VEX_Call": -682653.528,
    "VEX_Put": 11476840.722,
    "VEX_Total": 10794187.194,
    "VEX_Ratio": -0.059481,
    "CEX_Call": -898275.672,
    "CEX_Put": 3096997.006,
    "CEX_Total": 2198721.334,
    "CEX_Ratio": -0.290047
}