{
    "timestamp": "2025-11-07 13:47:33",
    "cum_gam": 6703.3577371085275,
    "cum_vec": 6703.3577371085275,
    "DEX_Call": 166.674,
    "DEX_Put": -597.897,
    "DEX_Total": -431.223,
    "DEX_Ratio": 0.278767,
    "GEX_Call": 1197474.755,
    "GEX_Put": -2305402.468,
    "GEX_Total": -1107927.713,
    "GEX_Ratio": 0.519421,
    "VEX_Call": -1081463.181,
    "VEX_Put": 983787.637,
    "VEX_Total": -97675.544,
    "VEX_Ratio": -1.099285,
    "CEX_Call": -1568428.203,
    "CEX_Put": 932680.747,
    "CEX_Total": -635747.456,
    "CEX_Ratio": -1.681635
}