{
    "timestamp": "2025-09-12 07:33:44",
    "cum_gam": null,
    "cum_vec": 7886.51982177365,
    "DEX_Call": 1493.81,
    "DEX_Put": -875.671,
    "DEX_Total": 618.139,
    "DEX_Ratio": 1.705903,
    "GEX_Call": 2562766.744,
    "GEX_Put": -2175801.939,
    "GEX_Total": 386964.805,
    "GEX_Ratio": 1.177849,
    "VEX_Call": -176992.092,
    "VEX_Put": 10036799.894,
    "VEX_Total": 9859807.802,
    "VEX_Ratio": -0.017634,
    "CEX_Call": -424797.962,
    "CEX_Put": 1701448.243,
    "CEX_Total": 1276650.281,
    "CEX_Ratio": -0.249668
}