{
    "timestamp": "2025-09-19 11:33:13",
    "cum_gam": 8182.865168539326,
    "cum_vec": 8600.0,
    "DEX_Call": 378.41,
    "DEX_Put": -148.272,
    "DEX_Total": 230.138,
    "DEX_Ratio": 2.552134,
    "GEX_Call": 2353730.654,
    "GEX_Put": -1410895.744,
    "GEX_Total": 942834.91,
    "GEX_Ratio": 1.668253,
    "VEX_Call": -181033.434,
    "VEX_Put": 1654293.344,
    "VEX_Total": 1473259.91,
    "VEX_Ratio": -0.109432,
    "CEX_Call": -637955.716,
    "CEX_Put": 2109260.428,
    "CEX_Total": 1471304.712,
    "CEX_Ratio": -0.302455
}