{
    "timestamp": "2025-07-03 09:17:28",
    "cum_gam": null,
    "cum_vec": 7353.4372811382655,
    "DEX_Call": 1456.125,
    "DEX_Put": -512.996,
    "DEX_Total": 943.129,
    "DEX_Ratio": 2.838472,
    "GEX_Call": 1690298.016,
    "GEX_Put": -1088926.418,
    "GEX_Total": 601371.598,
    "GEX_Ratio": 1.552261,
    "VEX_Call": 273182.886,
    "VEX_Put": 6023063.743,
    "VEX_Total": 6296246.629,
    "VEX_Ratio": 0.045356,
    "CEX_Call": -222996.537,
    "CEX_Put": 870956.814,
    "CEX_Total": 647960.277,
    "CEX_Ratio": -0.256036
}