{
    "timestamp": "2025-10-03 10:49:25",
    "cum_gam": null,
    "cum_vec": null,
    "DEX_Call": 438.796,
    "DEX_Put": -194.244,
    "DEX_Total": 244.552,
    "DEX_Ratio": 2.258994,
    "GEX_Call": 2730046.064,
    "GEX_Put": -1735912.533,
    "GEX_Total": 994133.531,
    "GEX_Ratio": 1.572686,
    "VEX_Call": -337092.396,
    "VEX_Put": 2003138.536,
    "VEX_Total": 1666046.14,
    "VEX_Ratio": -0.168282,
    "CEX_Call": -906536.881,
    "CEX_Put": 2465260.228,
    "CEX_Total": 1558723.347,
    "CEX_Ratio": -0.367725
}