{
    "timestamp": "2025-10-27 07:52:20",
    "cum_gam": null,
    "cum_vec": 8800.0,
    "DEX_Call": 487.112,
    "DEX_Put": -135.55,
    "DEX_Total": 351.562,
    "DEX_Ratio": 3.593596,
    "GEX_Call": 1479669.482,
    "GEX_Put": -696612.086,
    "GEX_Total": 783057.396,
    "GEX_Ratio": 2.124094,
    "VEX_Call": 35864.244,
    "VEX_Put": 1551144.997,
    "VEX_Total": 1587009.241,
    "VEX_Ratio": 0.023121,
    "CEX_Call": -192866.315,
    "CEX_Put": 954445.615,
    "CEX_Total": 761579.3,
    "CEX_Ratio": -0.202072
}