{
    "timestamp": "2025-11-21 13:24:55",
    "cum_gam": 5403.504031266856,
    "cum_vec": 7709.628504601379,
    "DEX_Call": 6223.437,
    "DEX_Put": -5519.202,
    "DEX_Total": 704.235,
    "DEX_Ratio": 1.127597,
    "GEX_Call": 7806868.09,
    "GEX_Put": -8083568.255,
    "GEX_Total": -276700.165,
    "GEX_Ratio": 0.96577,
    "VEX_Call": -5243552.351,
    "VEX_Put": 16171341.415,
    "VEX_Total": 10927789.064,
    "VEX_Ratio": -0.32425,
    "CEX_Call": -2649131.009,
    "CEX_Put": 2976599.77,
    "CEX_Total": 327468.761,
    "CEX_Ratio": -0.889986
}