{
    "timestamp": "2025-07-16 11:02:28",
    "cum_gam": 7022.195691655986,
    "cum_vec": 7113.328858502278,
    "DEX_Call": 1611.105,
    "DEX_Put": -875.468,
    "DEX_Total": 735.637,
    "DEX_Ratio": 1.840279,
    "GEX_Call": 2532276.028,
    "GEX_Put": -2060495.494,
    "GEX_Total": 471780.534,
    "GEX_Ratio": 1.228965,
    "VEX_Call": -619772.543,
    "VEX_Put": 7969757.699,
    "VEX_Total": 7349985.156,
    "VEX_Ratio": -0.077766,
    "CEX_Call": -597314.484,
    "CEX_Put": 1635930.854,
    "CEX_Total": 1038616.37,
    "CEX_Ratio": -0.365122
}