{
    "timestamp": "2026-07-23 12:27:38",
    "cum_gam": 11981.674565560821,
    "cum_vec": 11981.674565560821,
    "DEX_Call": 2346.953,
    "DEX_Put": -3434.931,
    "DEX_Total": -1087.978,
    "DEX_Ratio": 0.683261,
    "GEX_Call": 3579775.895,
    "GEX_Put": -5093393.191,
    "GEX_Total": -1513617.296,
    "GEX_Ratio": 0.702827,
    "VEX_Call": -2824110.746,
    "VEX_Put": 10355391.552,
    "VEX_Total": 7531280.806,
    "VEX_Ratio": -0.272719,
    "CEX_Call": -1345392.486,
    "CEX_Put": 1668411.225,
    "CEX_Total": 323018.739,
    "CEX_Ratio": -0.806391
}