{
    "timestamp": "2025-10-01 07:39:01",
    "cum_gam": null,
    "cum_vec": 7519.558207913077,
    "DEX_Call": 1375.024,
    "DEX_Put": -619.95,
    "DEX_Total": 755.074,
    "DEX_Ratio": 2.21796,
    "GEX_Call": 1358287.793,
    "GEX_Put": -1142630.669,
    "GEX_Total": 215657.124,
    "GEX_Ratio": 1.188737,
    "VEX_Call": -475690.499,
    "VEX_Put": 5859755.363,
    "VEX_Total": 5384064.864,
    "VEX_Ratio": -0.081179,
    "CEX_Call": -274183.638,
    "CEX_Put": 633072.988,
    "CEX_Total": 358889.35,
    "CEX_Ratio": -0.4331
}