{
    "timestamp": "2025-10-24 10:46:48",
    "cum_gam": 8792.794547224927,
    "cum_vec": 8792.794547224927,
    "DEX_Call": 1001.075,
    "DEX_Put": -296.23,
    "DEX_Total": 704.845,
    "DEX_Ratio": 3.379384,
    "GEX_Call": 4187507.177,
    "GEX_Put": -1832949.048,
    "GEX_Total": 2354558.129,
    "GEX_Ratio": 2.284574,
    "VEX_Call": -21709.662,
    "VEX_Put": 3253292.176,
    "VEX_Total": 3231582.514,
    "VEX_Ratio": -0.006673,
    "CEX_Call": -672019.792,
    "CEX_Put": 3794339.099,
    "CEX_Total": 3122319.307,
    "CEX_Ratio": -0.177111
}