{
    "timestamp": "2025-10-29 08:37:06",
    "cum_gam": null,
    "cum_vec": 8800.0,
    "DEX_Call": 686.217,
    "DEX_Put": -219.619,
    "DEX_Total": 466.598,
    "DEX_Ratio": 3.124579,
    "GEX_Call": 1946915.457,
    "GEX_Put": -1206072.062,
    "GEX_Total": 740843.395,
    "GEX_Ratio": 1.614261,
    "VEX_Call": 123609.291,
    "VEX_Put": 1880851.324,
    "VEX_Total": 2004460.615,
    "VEX_Ratio": 0.06572,
    "CEX_Call": -216244.574,
    "CEX_Put": 1560801.313,
    "CEX_Total": 1344556.739,
    "CEX_Ratio": -0.138547
}