{
    "timestamp": "2026-07-22 11:44:23",
    "cum_gam": 11995.153048810162,
    "cum_vec": 11995.153048810162,
    "DEX_Call": 2737.666,
    "DEX_Put": -2713.293,
    "DEX_Total": 24.373,
    "DEX_Ratio": 1.008983,
    "GEX_Call": 4284922.471,
    "GEX_Put": -4544598.297,
    "GEX_Total": -259675.826,
    "GEX_Ratio": 0.942861,
    "VEX_Call": -2941510.162,
    "VEX_Put": 11057946.334,
    "VEX_Total": 8116436.172,
    "VEX_Ratio": -0.266009,
    "CEX_Call": -1396207.646,
    "CEX_Put": 1828770.358,
    "CEX_Total": 432562.712,
    "CEX_Ratio": -0.763468
}