{
    "timestamp": "2025-11-19 10:51:28",
    "cum_gam": 5326.642869408774,
    "cum_vec": 7712.976661213624,
    "DEX_Call": 6452.816,
    "DEX_Put": -5237.164,
    "DEX_Total": 1215.652,
    "DEX_Ratio": 1.23212,
    "GEX_Call": 7026680.688,
    "GEX_Put": -7266998.92,
    "GEX_Total": -240318.232,
    "GEX_Ratio": 0.96693,
    "VEX_Call": -4187371.596,
    "VEX_Put": 16191067.734,
    "VEX_Total": 12003696.138,
    "VEX_Ratio": -0.258622,
    "CEX_Call": -2135879.05,
    "CEX_Put": 2704327.72,
    "CEX_Total": 568448.67,
    "CEX_Ratio": -0.7898
}