{
    "timestamp": "2025-11-05 09:05:40",
    "cum_gam": 6391.333436672961,
    "cum_vec": 6391.333436672961,
    "DEX_Call": 277.605,
    "DEX_Put": -324.428,
    "DEX_Total": -46.823,
    "DEX_Ratio": 0.855675,
    "GEX_Call": 1377393.071,
    "GEX_Put": -1427299.386,
    "GEX_Total": -49906.315,
    "GEX_Ratio": 0.965034,
    "VEX_Call": -846767.028,
    "VEX_Put": 1290430.94,
    "VEX_Total": 443663.912,
    "VEX_Ratio": -0.656189,
    "CEX_Call": -962230.053,
    "CEX_Put": 971826.909,
    "CEX_Total": 9596.856,
    "CEX_Ratio": -0.990125
}