{
    "timestamp": "2025-10-09 12:39:19",
    "cum_gam": null,
    "cum_vec": 7520.706677086174,
    "DEX_Call": 1219.751,
    "DEX_Put": -770.058,
    "DEX_Total": 449.693,
    "DEX_Ratio": 1.583973,
    "GEX_Call": 1776521.402,
    "GEX_Put": -1592074.451,
    "GEX_Total": 184446.951,
    "GEX_Ratio": 1.115853,
    "VEX_Call": -731402.321,
    "VEX_Put": 7206748.496,
    "VEX_Total": 6475346.175,
    "VEX_Ratio": -0.101489,
    "CEX_Call": -401118.985,
    "CEX_Put": 963277.059,
    "CEX_Total": 562158.074,
    "CEX_Ratio": -0.416411
}