{
    "timestamp": "2025-08-01 12:41:13",
    "cum_gam": 7020.391759269632,
    "cum_vec": 7478.830126233849,
    "DEX_Call": 4819.129,
    "DEX_Put": -3097.496,
    "DEX_Total": 1721.633,
    "DEX_Ratio": 1.555814,
    "GEX_Call": 4527723.823,
    "GEX_Put": -4487792.813,
    "GEX_Total": 39931.01,
    "GEX_Ratio": 1.008898,
    "VEX_Call": 2268624.263,
    "VEX_Put": 14036630.186,
    "VEX_Total": 16305254.449,
    "VEX_Ratio": 0.161622,
    "CEX_Call": -357672.962,
    "CEX_Put": 1424342.301,
    "CEX_Total": 1066669.339,
    "CEX_Ratio": -0.251114
}