{
    "timestamp": "2025-11-10 08:52:20",
    "cum_gam": 7001.807919591889,
    "cum_vec": 7718.856904755254,
    "DEX_Call": 1153.891,
    "DEX_Put": -964.962,
    "DEX_Total": 188.929,
    "DEX_Ratio": 1.195789,
    "GEX_Call": 3205568.702,
    "GEX_Put": -2757749.046,
    "GEX_Total": 447819.656,
    "GEX_Ratio": 1.162386,
    "VEX_Call": -783616.463,
    "VEX_Put": 3808441.667,
    "VEX_Total": 3024825.204,
    "VEX_Ratio": -0.205758,
    "CEX_Call": -1028432.26,
    "CEX_Put": 1995504.743,
    "CEX_Total": 967072.483,
    "CEX_Ratio": -0.515375
}