{
    "timestamp": "2025-08-08 10:17:57",
    "cum_gam": 7017.682051986593,
    "cum_vec": 7490.461081616423,
    "DEX_Call": 5703.989,
    "DEX_Put": -2149.241,
    "DEX_Total": 3554.748,
    "DEX_Ratio": 2.653955,
    "GEX_Call": 5141066.994,
    "GEX_Put": -4478874.041,
    "GEX_Total": 662192.953,
    "GEX_Ratio": 1.147848,
    "VEX_Call": 4480362.08,
    "VEX_Put": 16672283.757,
    "VEX_Total": 21152645.837,
    "VEX_Ratio": 0.268731,
    "CEX_Call": -45629.285,
    "CEX_Put": 2161750.486,
    "CEX_Total": 2116121.201,
    "CEX_Ratio": -0.021108
}