{
    "timestamp": "2025-08-27 10:38:26",
    "cum_gam": null,
    "cum_vec": 8400.0,
    "DEX_Call": 307.928,
    "DEX_Put": -141.193,
    "DEX_Total": 166.735,
    "DEX_Ratio": 2.180901,
    "GEX_Call": 1567066.84,
    "GEX_Put": -921656.619,
    "GEX_Total": 645410.221,
    "GEX_Ratio": 1.700272,
    "VEX_Call": -308880.722,
    "VEX_Put": 1274600.848,
    "VEX_Total": 965720.126,
    "VEX_Ratio": -0.242335,
    "CEX_Call": -533928.528,
    "CEX_Put": 1008699.019,
    "CEX_Total": 474770.491,
    "CEX_Ratio": -0.529324
}