{
    "timestamp": "2025-09-17 08:27:42",
    "cum_gam": null,
    "cum_vec": null,
    "DEX_Call": 341.04,
    "DEX_Put": -184.798,
    "DEX_Total": 156.242,
    "DEX_Ratio": 1.845475,
    "GEX_Call": 1152466.837,
    "GEX_Put": -960050.728,
    "GEX_Total": 192416.109,
    "GEX_Ratio": 1.200423,
    "VEX_Call": -221541.89,
    "VEX_Put": 1465749.155,
    "VEX_Total": 1244207.265,
    "VEX_Ratio": -0.151146,
    "CEX_Call": -401465.066,
    "CEX_Put": 1241803.22,
    "CEX_Total": 840338.154,
    "CEX_Ratio": -0.323292
}