{
    "timestamp": "2025-11-12 10:51:28",
    "cum_gam": null,
    "cum_vec": 7917.0380606089775,
    "DEX_Call": 5839.933,
    "DEX_Put": -2689.251,
    "DEX_Total": 3150.682,
    "DEX_Ratio": 2.171583,
    "GEX_Call": 7178343.593,
    "GEX_Put": -5384589.249,
    "GEX_Total": 1793754.344,
    "GEX_Ratio": 1.333127,
    "VEX_Call": 1658484.955,
    "VEX_Put": 19575041.526,
    "VEX_Total": 21233526.481,
    "VEX_Ratio": 0.084724,
    "CEX_Call": -843408.164,
    "CEX_Put": 2697780.697,
    "CEX_Total": 1854372.533,
    "CEX_Ratio": -0.31263
}