{
    "timestamp": "2025-10-01 08:34:14",
    "cum_gam": null,
    "cum_vec": null,
    "DEX_Call": 312.796,
    "DEX_Put": -170.083,
    "DEX_Total": 142.713,
    "DEX_Ratio": 1.839079,
    "GEX_Call": 1511244.205,
    "GEX_Put": -1148020.302,
    "GEX_Total": 363223.903,
    "GEX_Ratio": 1.316392,
    "VEX_Call": -258730.39,
    "VEX_Put": 1628452.954,
    "VEX_Total": 1369722.564,
    "VEX_Ratio": -0.158881,
    "CEX_Call": -500838.758,
    "CEX_Put": 1358939.661,
    "CEX_Total": 858100.903,
    "CEX_Ratio": -0.368551
}