{
    "timestamp": "2025-11-13 11:45:50",
    "cum_gam": 6522.883552273364,
    "cum_vec": 7776.185317972768,
    "DEX_Call": 1202.722,
    "DEX_Put": -1418.082,
    "DEX_Total": -215.36,
    "DEX_Ratio": 0.848133,
    "GEX_Call": 3293911.228,
    "GEX_Put": -3972802.6,
    "GEX_Total": -678891.372,
    "GEX_Ratio": 0.829115,
    "VEX_Call": -1651417.409,
    "VEX_Put": 4654750.357,
    "VEX_Total": 3003332.948,
    "VEX_Ratio": -0.354781,
    "CEX_Call": -2168102.634,
    "CEX_Put": 3674617.409,
    "CEX_Total": 1506514.775,
    "CEX_Ratio": -0.590021
}