{
    "timestamp": "2025-09-03 12:55:02",
    "cum_gam": 6004.557368280818,
    "cum_vec": 6004.557368280818,
    "DEX_Call": 180.981,
    "DEX_Put": -227.569,
    "DEX_Total": -46.588,
    "DEX_Ratio": 0.79528,
    "GEX_Call": 1139104.304,
    "GEX_Put": -1179711.912,
    "GEX_Total": -40607.608,
    "GEX_Ratio": 0.965578,
    "VEX_Call": -483591.649,
    "VEX_Put": 1120546.769,
    "VEX_Total": 636955.12,
    "VEX_Ratio": -0.431568,
    "CEX_Call": -675070.886,
    "CEX_Put": 907816.154,
    "CEX_Total": 232745.268,
    "CEX_Ratio": -0.743621
}