{
    "timestamp": "2025-09-09 09:58:38",
    "cum_gam": null,
    "cum_vec": 9030.273732470334,
    "DEX_Call": 1633.067,
    "DEX_Put": -930.801,
    "DEX_Total": 702.266,
    "DEX_Ratio": 1.754475,
    "GEX_Call": 2138739.326,
    "GEX_Put": -2077205.687,
    "GEX_Total": 61533.639,
    "GEX_Ratio": 1.029623,
    "VEX_Call": -294392.572,
    "VEX_Put": 8973505.743,
    "VEX_Total": 8679113.171,
    "VEX_Ratio": -0.032807,
    "CEX_Call": -396880.269,
    "CEX_Put": 1402017.998,
    "CEX_Total": 1005137.729,
    "CEX_Ratio": -0.283078
}