{
    "timestamp": "2025-10-06 08:11:52",
    "cum_gam": null,
    "cum_vec": 7521.4872228687245,
    "DEX_Call": 1102.26,
    "DEX_Put": -579.672,
    "DEX_Total": 522.588,
    "DEX_Ratio": 1.901524,
    "GEX_Call": 1495810.609,
    "GEX_Put": -1115307.238,
    "GEX_Total": 380503.371,
    "GEX_Ratio": 1.341165,
    "VEX_Call": -550676.041,
    "VEX_Put": 5159881.006,
    "VEX_Total": 4609204.965,
    "VEX_Ratio": -0.106723,
    "CEX_Call": -314708.963,
    "CEX_Put": 630640.866,
    "CEX_Total": 315931.903,
    "CEX_Ratio": -0.49903
}