{
    "timestamp": "2025-09-17 09:50:15",
    "cum_gam": null,
    "cum_vec": 8067.817072076115,
    "DEX_Call": 2262.95,
    "DEX_Put": -1137.588,
    "DEX_Total": 1125.362,
    "DEX_Ratio": 1.989253,
    "GEX_Call": 2949193.497,
    "GEX_Put": -2762672.924,
    "GEX_Total": 186520.573,
    "GEX_Ratio": 1.067515,
    "VEX_Call": -152129.616,
    "VEX_Put": 11386812.591,
    "VEX_Total": 11234682.975,
    "VEX_Ratio": -0.01336,
    "CEX_Call": -497194.4,
    "CEX_Put": 2294853.376,
    "CEX_Total": 1797658.976,
    "CEX_Ratio": -0.216656
}