{
    "timestamp": "2025-09-17 08:42:16",
    "cum_gam": null,
    "cum_vec": 8074.3436860371985,
    "DEX_Call": 2257.211,
    "DEX_Put": -1107.638,
    "DEX_Total": 1149.573,
    "DEX_Ratio": 2.03786,
    "GEX_Call": 2966079.145,
    "GEX_Put": -2719600.098,
    "GEX_Total": 246479.047,
    "GEX_Ratio": 1.090631,
    "VEX_Call": -137725.767,
    "VEX_Put": 11366128.902,
    "VEX_Total": 11228403.135,
    "VEX_Ratio": -0.012117,
    "CEX_Call": -491274.59,
    "CEX_Put": 2293023.741,
    "CEX_Total": 1801749.151,
    "CEX_Ratio": -0.214247
}