{
    "timestamp": "2025-10-27 07:22:51",
    "cum_gam": 11999.781971792601,
    "cum_vec": 11999.781971792601,
    "DEX_Call": 2198.361,
    "DEX_Put": -705.356,
    "DEX_Total": 1493.005,
    "DEX_Ratio": 3.116669,
    "GEX_Call": 4726206.918,
    "GEX_Put": -2453897.82,
    "GEX_Total": 2272309.098,
    "GEX_Ratio": 1.926,
    "VEX_Call": -544277.739,
    "VEX_Put": 8782566.529,
    "VEX_Total": 8238288.79,
    "VEX_Ratio": -0.061973,
    "CEX_Call": -837951.708,
    "CEX_Put": 2647072.317,
    "CEX_Total": 1809120.609,
    "CEX_Ratio": -0.316558
}