{
    "timestamp": "2025-10-31 09:09:03",
    "cum_gam": null,
    "cum_vec": 7621.995514707178,
    "DEX_Call": 2498.822,
    "DEX_Put": -1476.576,
    "DEX_Total": 1022.246,
    "DEX_Ratio": 1.692308,
    "GEX_Call": 6365226.947,
    "GEX_Put": -5226070.651,
    "GEX_Total": 1139156.296,
    "GEX_Ratio": 1.217976,
    "VEX_Call": -1633462.481,
    "VEX_Put": 9504779.1,
    "VEX_Total": 7871316.619,
    "VEX_Ratio": -0.171857,
    "CEX_Call": -2154110.895,
    "CEX_Put": 4034963.725,
    "CEX_Total": 1880852.83,
    "CEX_Ratio": -0.533861
}