{
    "timestamp": "2025-07-31 07:28:42",
    "cum_gam": 7009.628727382098,
    "cum_vec": 7434.588216079376,
    "DEX_Call": 2442.177,
    "DEX_Put": -918.272,
    "DEX_Total": 1523.905,
    "DEX_Ratio": 2.659536,
    "GEX_Call": 7124505.955,
    "GEX_Put": -4325585.14,
    "GEX_Total": 2798920.815,
    "GEX_Ratio": 1.647062,
    "VEX_Call": -481203.365,
    "VEX_Put": 8792152.643,
    "VEX_Total": 8310949.278,
    "VEX_Ratio": -0.054731,
    "CEX_Call": -2307051.604,
    "CEX_Put": 7307600.683,
    "CEX_Total": 5000549.079,
    "CEX_Ratio": -0.315706
}