{
    "timestamp": "2025-10-29 10:22:42",
    "cum_gam": null,
    "cum_vec": 7624.014982745817,
    "DEX_Call": 2901.882,
    "DEX_Put": -941.623,
    "DEX_Total": 1960.259,
    "DEX_Ratio": 3.081788,
    "GEX_Call": 5716777.429,
    "GEX_Put": -3268861.67,
    "GEX_Total": 2447915.759,
    "GEX_Ratio": 1.748859,
    "VEX_Call": 331396.368,
    "VEX_Put": 9481340.972,
    "VEX_Total": 9812737.34,
    "VEX_Ratio": 0.034952,
    "CEX_Call": -705017.767,
    "CEX_Put": 3531094.024,
    "CEX_Total": 2826076.257,
    "CEX_Ratio": -0.19966
}