{
    "timestamp": "2025-07-02 12:54:06",
    "cum_gam": null,
    "cum_vec": 7317.152126057235,
    "DEX_Call": 1365.558,
    "DEX_Put": -571.071,
    "DEX_Total": 794.487,
    "DEX_Ratio": 2.391223,
    "GEX_Call": 1628609.614,
    "GEX_Put": -1164387.039,
    "GEX_Total": 464222.575,
    "GEX_Ratio": 1.398684,
    "VEX_Call": -18993.826,
    "VEX_Put": 5949576.904,
    "VEX_Total": 5930583.078,
    "VEX_Ratio": -0.003192,
    "CEX_Call": -262734.446,
    "CEX_Put": 836123.341,
    "CEX_Total": 573388.895,
    "CEX_Ratio": -0.314229
}