{
    "timestamp": "2025-11-11 11:46:15",
    "cum_gam": null,
    "cum_vec": 7781.30530557976,
    "DEX_Call": 1438.599,
    "DEX_Put": -788.26,
    "DEX_Total": 650.339,
    "DEX_Ratio": 1.825031,
    "GEX_Call": 4272339.531,
    "GEX_Put": -2884591.32,
    "GEX_Total": 1387748.211,
    "GEX_Ratio": 1.48109,
    "VEX_Call": -775255.205,
    "VEX_Put": 4525675.217,
    "VEX_Total": 3750420.012,
    "VEX_Ratio": -0.171302,
    "CEX_Call": -1231113.762,
    "CEX_Put": 2786781.982,
    "CEX_Total": 1555668.22,
    "CEX_Ratio": -0.441769
}