{
    "timestamp": "2025-10-02 09:03:52",
    "cum_gam": null,
    "cum_vec": null,
    "DEX_Call": 394.131,
    "DEX_Put": -178.314,
    "DEX_Total": 215.817,
    "DEX_Ratio": 2.21032,
    "GEX_Call": 2004088.61,
    "GEX_Put": -1343327.713,
    "GEX_Total": 660760.897,
    "GEX_Ratio": 1.491884,
    "VEX_Call": -296901.276,
    "VEX_Put": 1842672.789,
    "VEX_Total": 1545771.513,
    "VEX_Ratio": -0.161125,
    "CEX_Call": -670610.302,
    "CEX_Put": 1842919.389,
    "CEX_Total": 1172309.087,
    "CEX_Ratio": -0.363885
}