{
    "timestamp": "2025-07-11 11:22:18",
    "cum_gam": 7033.6508912108175,
    "cum_vec": 7180.173894017875,
    "DEX_Call": 1530.515,
    "DEX_Put": -662.135,
    "DEX_Total": 868.38,
    "DEX_Ratio": 2.311485,
    "GEX_Call": 2216915.822,
    "GEX_Put": -1581049.363,
    "GEX_Total": 635866.459,
    "GEX_Ratio": 1.40218,
    "VEX_Call": -329949.65,
    "VEX_Put": 6831129.622,
    "VEX_Total": 6501179.972,
    "VEX_Ratio": -0.048301,
    "CEX_Call": -440154.846,
    "CEX_Put": 1208431.918,
    "CEX_Total": 768277.072,
    "CEX_Ratio": -0.364236
}