{
    "timestamp": "2025-11-21 11:28:11",
    "cum_gam": 6629.51859693411,
    "cum_vec": 7573.097225632212,
    "DEX_Call": 275.203,
    "DEX_Put": -966.0,
    "DEX_Total": -690.797,
    "DEX_Ratio": 0.284889,
    "GEX_Call": 1093296.963,
    "GEX_Put": -2382688.741,
    "GEX_Total": -1289391.778,
    "GEX_Ratio": 0.45885,
    "VEX_Call": -1201121.189,
    "VEX_Put": 1335895.569,
    "VEX_Total": 134774.38,
    "VEX_Ratio": -0.899113,
    "CEX_Call": -1755115.421,
    "CEX_Put": 1305600.793,
    "CEX_Total": -449514.628,
    "CEX_Ratio": -1.344297
}