{
    "timestamp": "2025-11-19 11:28:12",
    "cum_gam": 8598.568102444704,
    "cum_vec": 8800.0,
    "DEX_Call": 309.305,
    "DEX_Put": -767.96,
    "DEX_Total": -458.655,
    "DEX_Ratio": 0.402762,
    "GEX_Call": 995971.271,
    "GEX_Put": -1762195.162,
    "GEX_Total": -766223.891,
    "GEX_Ratio": 0.565188,
    "VEX_Call": -1228662.722,
    "VEX_Put": 1481781.522,
    "VEX_Total": 253118.8,
    "VEX_Ratio": -0.829179,
    "CEX_Call": -1309866.544,
    "CEX_Put": 1031888.507,
    "CEX_Total": -277978.037,
    "CEX_Ratio": -1.269388
}