{
    "timestamp": "2025-07-22 07:12:04",
    "cum_gam": 7022.842791315305,
    "cum_vec": 7213.163336761713,
    "DEX_Call": 1978.028,
    "DEX_Put": -957.498,
    "DEX_Total": 1020.53,
    "DEX_Ratio": 2.06583,
    "GEX_Call": 3417053.591,
    "GEX_Put": -2636709.903,
    "GEX_Total": 780343.688,
    "GEX_Ratio": 1.295954,
    "VEX_Call": -589995.155,
    "VEX_Put": 8323099.415,
    "VEX_Total": 7733104.26,
    "VEX_Ratio": -0.070886,
    "CEX_Call": -813081.343,
    "CEX_Put": 2194019.029,
    "CEX_Total": 1380937.686,
    "CEX_Ratio": -0.37059
}