{
    "timestamp": "2025-11-04 13:20:50",
    "cum_gam": null,
    "cum_vec": 7802.748733254403,
    "DEX_Call": 5017.617,
    "DEX_Put": -2971.237,
    "DEX_Total": 2046.38,
    "DEX_Ratio": 1.68873,
    "GEX_Call": 5714722.542,
    "GEX_Put": -4739971.097,
    "GEX_Total": 974751.445,
    "GEX_Ratio": 1.205645,
    "VEX_Call": 230199.912,
    "VEX_Put": 18144228.029,
    "VEX_Total": 18374427.941,
    "VEX_Ratio": 0.012687,
    "CEX_Call": -851712.205,
    "CEX_Put": 1961225.972,
    "CEX_Total": 1109513.767,
    "CEX_Ratio": -0.434275
}