{
    "timestamp": "2025-10-10 09:33:31",
    "cum_gam": 7004.634288897597,
    "cum_vec": 8818.205993658587,
    "DEX_Call": 1438.1,
    "DEX_Put": -1641.814,
    "DEX_Total": -203.714,
    "DEX_Ratio": 0.875921,
    "GEX_Call": 4097547.504,
    "GEX_Put": -5453319.301,
    "GEX_Total": -1355771.797,
    "GEX_Ratio": 0.751386,
    "VEX_Call": -1119038.091,
    "VEX_Put": 5869407.833,
    "VEX_Total": 4750369.742,
    "VEX_Ratio": -0.190656,
    "CEX_Call": -2026579.678,
    "CEX_Put": 5408455.052,
    "CEX_Total": 3381875.374,
    "CEX_Ratio": -0.374706
}