{
    "timestamp": "2025-11-11 10:14:21",
    "cum_gam": null,
    "cum_vec": 7788.091040262487,
    "DEX_Call": 1371.99,
    "DEX_Put": -888.597,
    "DEX_Total": 483.393,
    "DEX_Ratio": 1.543996,
    "GEX_Call": 4062610.281,
    "GEX_Put": -3069022.544,
    "GEX_Total": 993587.737,
    "GEX_Ratio": 1.323747,
    "VEX_Call": -1006466.143,
    "VEX_Put": 4543014.815,
    "VEX_Total": 3536548.672,
    "VEX_Ratio": -0.221541,
    "CEX_Call": -1373386.27,
    "CEX_Put": 2754673.07,
    "CEX_Total": 1381286.8,
    "CEX_Ratio": -0.498566
}