{
    "timestamp": "2025-07-07 11:11:57",
    "cum_gam": null,
    "cum_vec": 7294.581871608048,
    "DEX_Call": 1353.264,
    "DEX_Put": -597.463,
    "DEX_Total": 755.801,
    "DEX_Ratio": 2.265017,
    "GEX_Call": 1662929.251,
    "GEX_Put": -1213908.192,
    "GEX_Total": 449021.059,
    "GEX_Ratio": 1.369897,
    "VEX_Call": -136795.048,
    "VEX_Put": 5671607.812,
    "VEX_Total": 5534812.764,
    "VEX_Ratio": -0.024119,
    "CEX_Call": -302092.353,
    "CEX_Put": 916016.978,
    "CEX_Total": 613924.625,
    "CEX_Ratio": -0.329789
}