{
    "timestamp": "2025-08-19 10:32:27",
    "cum_gam": 7007.582042359114,
    "cum_vec": 7482.057739077974,
    "DEX_Call": 6165.374,
    "DEX_Put": -2366.535,
    "DEX_Total": 3798.839,
    "DEX_Ratio": 2.605233,
    "GEX_Call": 6707568.514,
    "GEX_Put": -5936104.355,
    "GEX_Total": 771464.159,
    "GEX_Ratio": 1.129961,
    "VEX_Call": 3549590.649,
    "VEX_Put": 16999362.225,
    "VEX_Total": 20548952.874,
    "VEX_Ratio": 0.208807,
    "CEX_Call": -302594.727,
    "CEX_Put": 3071785.288,
    "CEX_Total": 2769190.561,
    "CEX_Ratio": -0.098508
}