{
    "timestamp": "2025-11-05 13:50:06",
    "cum_gam": null,
    "cum_vec": null,
    "DEX_Call": 298.751,
    "DEX_Put": -284.025,
    "DEX_Total": 14.726,
    "DEX_Ratio": 1.051848,
    "GEX_Call": 1516348.879,
    "GEX_Put": -1434548.766,
    "GEX_Total": 81800.113,
    "GEX_Ratio": 1.057021,
    "VEX_Call": -724862.454,
    "VEX_Put": 1320802.069,
    "VEX_Total": 595939.615,
    "VEX_Ratio": -0.548805,
    "CEX_Call": -888124.065,
    "CEX_Put": 1031491.851,
    "CEX_Total": 143367.786,
    "CEX_Ratio": -0.861009
}