{
    "timestamp": "2025-09-19 11:52:14",
    "cum_gam": null,
    "cum_vec": 8036.884838442419,
    "DEX_Call": 2026.669,
    "DEX_Put": -1025.143,
    "DEX_Total": 1001.526,
    "DEX_Ratio": 1.976962,
    "GEX_Call": 3637414.137,
    "GEX_Put": -2848764.47,
    "GEX_Total": 788649.667,
    "GEX_Ratio": 1.276839,
    "VEX_Call": -78754.26,
    "VEX_Put": 11249036.433,
    "VEX_Total": 11170282.173,
    "VEX_Ratio": -0.007001,
    "CEX_Call": -553255.129,
    "CEX_Put": 2503570.756,
    "CEX_Total": 1950315.627,
    "CEX_Ratio": -0.220986
}