{
    "timestamp": "2025-08-26 09:56:44",
    "cum_gam": 7008.43522453437,
    "cum_vec": 7483.353716272279,
    "DEX_Call": 4724.807,
    "DEX_Put": -2268.286,
    "DEX_Total": 2456.521,
    "DEX_Ratio": 2.082986,
    "GEX_Call": 8225375.015,
    "GEX_Put": -7052729.452,
    "GEX_Total": 1172645.563,
    "GEX_Ratio": 1.166268,
    "VEX_Call": 1501987.478,
    "VEX_Put": 16875037.581,
    "VEX_Total": 18377025.059,
    "VEX_Ratio": 0.089006,
    "CEX_Call": -1088742.49,
    "CEX_Put": 4326388.736,
    "CEX_Total": 3237646.246,
    "CEX_Ratio": -0.251652
}