{
    "timestamp": "2025-09-25 12:13:48",
    "cum_gam": 5904.040946898072,
    "cum_vec": 8767.956283031453,
    "DEX_Call": 1994.626,
    "DEX_Put": -1758.847,
    "DEX_Total": 235.779,
    "DEX_Ratio": 1.134053,
    "GEX_Call": 4612747.406,
    "GEX_Put": -4976934.177,
    "GEX_Total": -364186.771,
    "GEX_Ratio": 0.926825,
    "VEX_Call": -1779500.255,
    "VEX_Put": 10809864.019,
    "VEX_Total": 9030363.764,
    "VEX_Ratio": -0.164618,
    "CEX_Call": -1589475.334,
    "CEX_Put": 3034495.006,
    "CEX_Total": 1445019.672,
    "CEX_Ratio": -0.523802
}