{
    "timestamp": "2025-10-01 12:35:08",
    "cum_gam": null,
    "cum_vec": null,
    "DEX_Call": 368.932,
    "DEX_Put": -133.377,
    "DEX_Total": 235.555,
    "DEX_Ratio": 2.766084,
    "GEX_Call": 1640325.099,
    "GEX_Put": -985663.05,
    "GEX_Total": 654662.049,
    "GEX_Ratio": 1.664184,
    "VEX_Call": -64485.576,
    "VEX_Put": 1629311.074,
    "VEX_Total": 1564825.498,
    "VEX_Ratio": -0.039578,
    "CEX_Call": -331945.838,
    "CEX_Put": 1414629.871,
    "CEX_Total": 1082684.033,
    "CEX_Ratio": -0.234652
}