{
    "timestamp": "2025-10-14 12:43:36",
    "cum_gam": 6554.071529322226,
    "cum_vec": 8195.306423494703,
    "DEX_Call": 198.557,
    "DEX_Put": -398.386,
    "DEX_Total": -199.829,
    "DEX_Ratio": 0.498404,
    "GEX_Call": 909819.857,
    "GEX_Put": -1309017.117,
    "GEX_Total": -399197.26,
    "GEX_Ratio": 0.69504,
    "VEX_Call": -721063.445,
    "VEX_Put": 1332744.925,
    "VEX_Total": 611681.48,
    "VEX_Ratio": -0.541036,
    "CEX_Call": -763847.57,
    "CEX_Put": 859967.049,
    "CEX_Total": 96119.479,
    "CEX_Ratio": -0.888229
}