{
    "timestamp": "2025-11-03 12:48:00",
    "cum_gam": null,
    "cum_vec": null,
    "DEX_Call": 295.348,
    "DEX_Put": -173.399,
    "DEX_Total": 121.949,
    "DEX_Ratio": 1.703285,
    "GEX_Call": 1059563.02,
    "GEX_Put": -804106.628,
    "GEX_Total": 255456.392,
    "GEX_Ratio": 1.31769,
    "VEX_Call": -337123.191,
    "VEX_Put": 1046318.858,
    "VEX_Total": 709195.667,
    "VEX_Ratio": -0.322199,
    "CEX_Call": -388921.962,
    "CEX_Put": 605593.59,
    "CEX_Total": 216671.628,
    "CEX_Ratio": -0.642216
}