{
    "timestamp": "2025-07-11 12:34:12",
    "cum_gam": 7040.382250896136,
    "cum_vec": 7171.397189849046,
    "DEX_Call": 1538.48,
    "DEX_Put": -667.547,
    "DEX_Total": 870.933,
    "DEX_Ratio": 2.304677,
    "GEX_Call": 2213255.55,
    "GEX_Put": -1586439.071,
    "GEX_Total": 626816.479,
    "GEX_Ratio": 1.395109,
    "VEX_Call": -308999.007,
    "VEX_Put": 6915563.543,
    "VEX_Total": 6606564.536,
    "VEX_Ratio": -0.044682,
    "CEX_Call": -435225.12,
    "CEX_Put": 1229119.724,
    "CEX_Total": 793894.604,
    "CEX_Ratio": -0.354095
}