{
    "timestamp": "2025-10-24 08:33:51",
    "cum_gam": null,
    "cum_vec": 7592.723279527036,
    "DEX_Call": 2040.465,
    "DEX_Put": -951.258,
    "DEX_Total": 1089.207,
    "DEX_Ratio": 2.145017,
    "GEX_Call": 4291854.03,
    "GEX_Put": -2634196.226,
    "GEX_Total": 1657657.804,
    "GEX_Ratio": 1.629284,
    "VEX_Call": -788235.116,
    "VEX_Put": 9412921.061,
    "VEX_Total": 8624685.945,
    "VEX_Ratio": -0.08374,
    "CEX_Call": -900315.74,
    "CEX_Put": 2324463.859,
    "CEX_Total": 1424148.119,
    "CEX_Ratio": -0.387322
}