{
    "timestamp": "2025-10-20 09:12:20",
    "cum_gam": 8793.585337915234,
    "cum_vec": 8793.585337915234,
    "DEX_Call": 660.725,
    "DEX_Put": -362.496,
    "DEX_Total": 298.229,
    "DEX_Ratio": 1.82271,
    "GEX_Call": 1758189.517,
    "GEX_Put": -1378639.27,
    "GEX_Total": 379550.247,
    "GEX_Ratio": 1.275308,
    "VEX_Call": -435686.43,
    "VEX_Put": 3112881.337,
    "VEX_Total": 2677194.907,
    "VEX_Ratio": -0.139962,
    "CEX_Call": -592936.611,
    "CEX_Put": 1850171.555,
    "CEX_Total": 1257234.944,
    "CEX_Ratio": -0.320477
}