{
    "timestamp": "2025-07-07 10:51:29",
    "cum_gam": null,
    "cum_vec": 7287.258533598653,
    "DEX_Call": 1353.514,
    "DEX_Put": -603.905,
    "DEX_Total": 749.609,
    "DEX_Ratio": 2.24127,
    "GEX_Call": 1663336.015,
    "GEX_Put": -1216941.558,
    "GEX_Total": 446394.457,
    "GEX_Ratio": 1.366817,
    "VEX_Call": -142709.223,
    "VEX_Put": 5688599.427,
    "VEX_Total": 5545890.204,
    "VEX_Ratio": -0.025087,
    "CEX_Call": -303334.488,
    "CEX_Put": 919012.094,
    "CEX_Total": 615677.606,
    "CEX_Ratio": -0.330066
}