{
    "timestamp": "2025-06-30 11:01:13",
    "cum_gam": null,
    "cum_vec": 8000.0,
    "DEX_Call": 387.345,
    "DEX_Put": -111.359,
    "DEX_Total": 275.986,
    "DEX_Ratio": 3.478345,
    "GEX_Call": 1051051.462,
    "GEX_Put": -611409.513,
    "GEX_Total": 439641.949,
    "GEX_Ratio": 1.719063,
    "VEX_Call": 34148.324,
    "VEX_Put": 916509.856,
    "VEX_Total": 950658.18,
    "VEX_Ratio": 0.037259,
    "CEX_Call": -119400.69,
    "CEX_Put": 618907.427,
    "CEX_Total": 499506.737,
    "CEX_Ratio": -0.192922
}