{
    "timestamp": "2025-11-03 08:31:07",
    "cum_gam": 11938.896287664391,
    "cum_vec": 11938.896287664391,
    "DEX_Call": 4889.857,
    "DEX_Put": -2499.019,
    "DEX_Total": 2390.838,
    "DEX_Ratio": 1.956711,
    "GEX_Call": 4739808.406,
    "GEX_Put": -4094708.753,
    "GEX_Total": 645099.653,
    "GEX_Ratio": 1.157545,
    "VEX_Call": 2076878.927,
    "VEX_Put": 18092532.077,
    "VEX_Total": 20169411.004,
    "VEX_Ratio": 0.114792,
    "CEX_Call": -439541.504,
    "CEX_Put": 1968128.56,
    "CEX_Total": 1528587.056,
    "CEX_Ratio": -0.22333
}