{
    "timestamp": "2025-10-31 10:17:29",
    "cum_gam": 6676.395856531573,
    "cum_vec": 6676.395856531573,
    "DEX_Call": 440.725,
    "DEX_Put": -506.497,
    "DEX_Total": -65.772,
    "DEX_Ratio": 0.870143,
    "GEX_Call": 2127002.722,
    "GEX_Put": -2490200.505,
    "GEX_Total": -363197.783,
    "GEX_Ratio": 0.854149,
    "VEX_Call": -831482.546,
    "VEX_Put": 1587312.412,
    "VEX_Total": 755829.866,
    "VEX_Ratio": -0.52383,
    "CEX_Call": -1390499.558,
    "CEX_Put": 1615418.211,
    "CEX_Total": 224918.653,
    "CEX_Ratio": -0.860768
}