{
    "timestamp": "2025-07-01 10:59:58",
    "cum_gam": null,
    "cum_vec": 7313.91755017039,
    "DEX_Call": 1337.314,
    "DEX_Put": -551.455,
    "DEX_Total": 785.859,
    "DEX_Ratio": 2.425065,
    "GEX_Call": 1557412.969,
    "GEX_Put": -1106575.746,
    "GEX_Total": 450837.223,
    "GEX_Ratio": 1.407417,
    "VEX_Call": -42648.584,
    "VEX_Put": 5388270.294,
    "VEX_Total": 5345621.71,
    "VEX_Ratio": -0.007915,
    "CEX_Call": -254180.213,
    "CEX_Put": 730308.482,
    "CEX_Total": 476128.269,
    "CEX_Ratio": -0.348045
}