{
    "timestamp": "2025-11-12 13:09:32",
    "cum_gam": null,
    "cum_vec": 7822.715122195368,
    "DEX_Call": 5701.352,
    "DEX_Put": -2693.04,
    "DEX_Total": 3008.312,
    "DEX_Ratio": 2.117069,
    "GEX_Call": 7212146.703,
    "GEX_Put": -5399195.548,
    "GEX_Total": 1812951.155,
    "GEX_Ratio": 1.335782,
    "VEX_Call": 1594431.147,
    "VEX_Put": 19519186.417,
    "VEX_Total": 21113617.564,
    "VEX_Ratio": 0.081685,
    "CEX_Call": -858797.752,
    "CEX_Put": 2694348.698,
    "CEX_Total": 1835550.946,
    "CEX_Ratio": -0.31874
}