{
    "timestamp": "2025-07-25 09:20:46",
    "cum_gam": null,
    "cum_vec": 6820.261703765123,
    "DEX_Call": 557.99,
    "DEX_Put": -168.838,
    "DEX_Total": 389.152,
    "DEX_Ratio": 3.304884,
    "GEX_Call": 3533660.807,
    "GEX_Put": -1449374.431,
    "GEX_Total": 2084286.376,
    "GEX_Ratio": 2.438059,
    "VEX_Call": -533929.689,
    "VEX_Put": 1622899.025,
    "VEX_Total": 1088969.336,
    "VEX_Ratio": -0.328997,
    "CEX_Call": -1312443.878,
    "CEX_Put": 1931078.536,
    "CEX_Total": 618634.658,
    "CEX_Ratio": -0.679643
}