{
    "timestamp": "2025-11-26 13:51:31",
    "cum_gam": 8399.365043688365,
    "cum_vec": 8510.243902439024,
    "DEX_Call": 562.679,
    "DEX_Put": -146.92,
    "DEX_Total": 415.759,
    "DEX_Ratio": 3.829833,
    "GEX_Call": 2456699.574,
    "GEX_Put": -869580.159,
    "GEX_Total": 1587119.415,
    "GEX_Ratio": 2.825156,
    "VEX_Call": -341820.804,
    "VEX_Put": 1461148.743,
    "VEX_Total": 1119327.939,
    "VEX_Ratio": -0.23394,
    "CEX_Call": -549238.525,
    "CEX_Put": 1269807.974,
    "CEX_Total": 720569.449,
    "CEX_Ratio": -0.432537
}