{
    "timestamp": "2025-11-20 10:18:11",
    "cum_gam": 5703.044861200546,
    "cum_vec": 7807.880369195153,
    "DEX_Call": 6599.941,
    "DEX_Put": -6009.158,
    "DEX_Total": 590.783,
    "DEX_Ratio": 1.098314,
    "GEX_Call": 6766456.106,
    "GEX_Put": -7460555.853,
    "GEX_Total": -694099.747,
    "GEX_Ratio": 0.906964,
    "VEX_Call": -4572565.709,
    "VEX_Put": 17127277.824,
    "VEX_Total": 12554712.115,
    "VEX_Ratio": -0.266976,
    "CEX_Call": -2269265.473,
    "CEX_Put": 3153833.165,
    "CEX_Total": 884567.692,
    "CEX_Ratio": -0.719526
}