{
    "timestamp": "2025-09-18 08:02:45",
    "cum_gam": 8073.267326732674,
    "cum_vec": 8073.267326732674,
    "DEX_Call": 388.26,
    "DEX_Put": -135.996,
    "DEX_Total": 252.264,
    "DEX_Ratio": 2.854937,
    "GEX_Call": 1660516.259,
    "GEX_Put": -1003667.554,
    "GEX_Total": 656848.705,
    "GEX_Ratio": 1.654448,
    "VEX_Call": -114589.9,
    "VEX_Put": 1593653.248,
    "VEX_Total": 1479063.348,
    "VEX_Ratio": -0.071904,
    "CEX_Call": -403760.142,
    "CEX_Put": 1602733.476,
    "CEX_Total": 1198973.334,
    "CEX_Ratio": -0.25192
}