{
    "timestamp": "2025-08-22 07:41:01",
    "cum_gam": null,
    "cum_vec": 7785.349685117667,
    "DEX_Call": 625.667,
    "DEX_Put": -232.217,
    "DEX_Total": 393.45,
    "DEX_Ratio": 2.69432,
    "GEX_Call": 3159041.142,
    "GEX_Put": -1718896.098,
    "GEX_Total": 1440145.044,
    "GEX_Ratio": 1.837831,
    "VEX_Call": -368504.758,
    "VEX_Put": 2138059.387,
    "VEX_Total": 1769554.629,
    "VEX_Ratio": -0.172355,
    "CEX_Call": -1026418.531,
    "CEX_Put": 2395930.565,
    "CEX_Total": 1369512.034,
    "CEX_Ratio": -0.428401
}