{
    "timestamp": "2025-08-15 11:56:38",
    "cum_gam": 7006.614455758425,
    "cum_vec": 7535.807752185541,
    "DEX_Call": 4451.898,
    "DEX_Put": -1941.695,
    "DEX_Total": 2510.203,
    "DEX_Ratio": 2.29279,
    "GEX_Call": 5629749.665,
    "GEX_Put": -4919956.864,
    "GEX_Total": 709792.801,
    "GEX_Ratio": 1.144268,
    "VEX_Call": 2846377.113,
    "VEX_Put": 17584066.709,
    "VEX_Total": 20430443.822,
    "VEX_Ratio": 0.161873,
    "CEX_Call": -322571.576,
    "CEX_Put": 2847736.052,
    "CEX_Total": 2525164.476,
    "CEX_Ratio": -0.113273
}