{
    "timestamp": "2025-07-03 09:27:17",
    "cum_gam": null,
    "cum_vec": 8000.0,
    "DEX_Call": 462.354,
    "DEX_Put": -88.848,
    "DEX_Total": 373.506,
    "DEX_Ratio": 5.203876,
    "GEX_Call": 2029424.622,
    "GEX_Put": -770652.352,
    "GEX_Total": 1258772.27,
    "GEX_Ratio": 2.633385,
    "VEX_Call": 107418.048,
    "VEX_Put": 1318891.987,
    "VEX_Total": 1426310.035,
    "VEX_Ratio": 0.081446,
    "CEX_Call": -230266.014,
    "CEX_Put": 1452033.753,
    "CEX_Total": 1221767.739,
    "CEX_Ratio": -0.158582
}