{
    "timestamp": "2025-11-07 12:12:33",
    "cum_gam": null,
    "cum_vec": 7805.460377861865,
    "DEX_Call": 6379.286,
    "DEX_Put": -3892.743,
    "DEX_Total": 2486.543,
    "DEX_Ratio": 1.638764,
    "GEX_Call": 6148404.455,
    "GEX_Put": -5619658.637,
    "GEX_Total": 528745.818,
    "GEX_Ratio": 1.094089,
    "VEX_Call": -1607611.955,
    "VEX_Put": 16992045.583,
    "VEX_Total": 15384433.628,
    "VEX_Ratio": -0.09461,
    "CEX_Call": -1209544.123,
    "CEX_Put": 1890007.495,
    "CEX_Total": 680463.372,
    "CEX_Ratio": -0.639968
}