{
    "timestamp": "2025-09-04 08:39:25",
    "cum_gam": null,
    "cum_vec": null,
    "DEX_Call": 299.12,
    "DEX_Put": -178.594,
    "DEX_Total": 120.526,
    "DEX_Ratio": 1.67486,
    "GEX_Call": 1789242.125,
    "GEX_Put": -1191531.602,
    "GEX_Total": 597710.523,
    "GEX_Ratio": 1.501632,
    "VEX_Call": -491765.789,
    "VEX_Put": 1302794.73,
    "VEX_Total": 811028.941,
    "VEX_Ratio": -0.37747,
    "CEX_Call": -869795.147,
    "CEX_Put": 1285880.961,
    "CEX_Total": 416085.814,
    "CEX_Ratio": -0.67642
}