{
    "timestamp": "2025-10-22 12:42:36",
    "cum_gam": 8793.068035943517,
    "cum_vec": 8793.068035943517,
    "DEX_Call": 551.611,
    "DEX_Put": -451.886,
    "DEX_Total": 99.725,
    "DEX_Ratio": 1.220686,
    "GEX_Call": 1977064.462,
    "GEX_Put": -1911757.328,
    "GEX_Total": 65307.134,
    "GEX_Ratio": 1.034161,
    "VEX_Call": -702174.493,
    "VEX_Put": 2860034.22,
    "VEX_Total": 2157859.727,
    "VEX_Ratio": -0.245513,
    "CEX_Call": -990272.08,
    "CEX_Put": 2194412.679,
    "CEX_Total": 1204140.599,
    "CEX_Ratio": -0.45127
}