{
    "timestamp": "2025-08-04 08:09:44",
    "cum_gam": 7019.584192859477,
    "cum_vec": 7498.184965748614,
    "DEX_Call": 4800.561,
    "DEX_Put": -2375.724,
    "DEX_Total": 2424.837,
    "DEX_Ratio": 2.020673,
    "GEX_Call": 4533366.95,
    "GEX_Put": -4167451.499,
    "GEX_Total": 365915.451,
    "GEX_Ratio": 1.087803,
    "VEX_Call": 3464604.571,
    "VEX_Put": 14700377.196,
    "VEX_Total": 18164981.767,
    "VEX_Ratio": 0.235681,
    "CEX_Call": -158713.994,
    "CEX_Put": 1684203.583,
    "CEX_Total": 1525489.589,
    "CEX_Ratio": -0.094237
}