{
    "timestamp": "2025-11-07 13:29:59",
    "cum_gam": 6705.569243059705,
    "cum_vec": 8797.628194421246,
    "DEX_Call": 151.44,
    "DEX_Put": -622.107,
    "DEX_Total": -470.667,
    "DEX_Ratio": 0.243431,
    "GEX_Call": 1129642.026,
    "GEX_Put": -2328817.528,
    "GEX_Total": -1199175.502,
    "GEX_Ratio": 0.485071,
    "VEX_Call": -1067885.337,
    "VEX_Put": 1000338.206,
    "VEX_Total": -67547.131,
    "VEX_Ratio": -1.067524,
    "CEX_Call": -1540286.263,
    "CEX_Put": 941495.526,
    "CEX_Total": -598790.737,
    "CEX_Ratio": -1.636
}