{
    "timestamp": "2025-11-18 13:01:54",
    "cum_gam": 8599.078240673538,
    "cum_vec": 8800.0,
    "DEX_Call": 295.399,
    "DEX_Put": -658.133,
    "DEX_Total": -362.734,
    "DEX_Ratio": 0.448844,
    "GEX_Call": 924323.998,
    "GEX_Put": -1548061.273,
    "GEX_Total": -623737.275,
    "GEX_Ratio": 0.597085,
    "VEX_Call": -1132913.202,
    "VEX_Put": 1446734.634,
    "VEX_Total": 313821.432,
    "VEX_Ratio": -0.783083,
    "CEX_Call": -1069937.576,
    "CEX_Put": 870695.141,
    "CEX_Total": -199242.435,
    "CEX_Ratio": -1.228831
}