{
    "timestamp": "2025-07-17 08:54:07",
    "cum_gam": 7020.926303611196,
    "cum_vec": 7119.199068106958,
    "DEX_Call": 1804.007,
    "DEX_Put": -782.603,
    "DEX_Total": 1021.404,
    "DEX_Ratio": 2.305137,
    "GEX_Call": 2834525.652,
    "GEX_Put": -2011493.922,
    "GEX_Total": 823031.73,
    "GEX_Ratio": 1.409164,
    "VEX_Call": -352715.698,
    "VEX_Put": 8033372.13,
    "VEX_Total": 7680656.432,
    "VEX_Ratio": -0.043906,
    "CEX_Call": -572698.424,
    "CEX_Put": 1720264.265,
    "CEX_Total": 1147565.841,
    "CEX_Ratio": -0.332913
}