{
    "timestamp": "2025-11-05 12:29:52",
    "cum_gam": null,
    "cum_vec": 7810.700463698037,
    "DEX_Call": 5287.671,
    "DEX_Put": -2686.346,
    "DEX_Total": 2601.325,
    "DEX_Ratio": 1.968351,
    "GEX_Call": 6036652.781,
    "GEX_Put": -4772130.182,
    "GEX_Total": 1264522.599,
    "GEX_Ratio": 1.264981,
    "VEX_Call": 1458401.156,
    "VEX_Put": 19045055.678,
    "VEX_Total": 20503456.834,
    "VEX_Ratio": 0.076576,
    "CEX_Call": -724480.461,
    "CEX_Put": 2139180.502,
    "CEX_Total": 1414700.041,
    "CEX_Ratio": -0.338672
}