{
    "timestamp": "2025-11-18 10:12:16",
    "cum_gam": 5501.111613575987,
    "cum_vec": 7804.722750203738,
    "DEX_Call": 6292.48,
    "DEX_Put": -5143.725,
    "DEX_Total": 1148.755,
    "DEX_Ratio": 1.223331,
    "GEX_Call": 6679107.268,
    "GEX_Put": -7010035.351,
    "GEX_Total": -330928.083,
    "GEX_Ratio": 0.952792,
    "VEX_Call": -4008752.807,
    "VEX_Put": 15636019.513,
    "VEX_Total": 11627266.706,
    "VEX_Ratio": -0.256379,
    "CEX_Call": -2001781.519,
    "CEX_Put": 2451854.757,
    "CEX_Total": 450073.238,
    "CEX_Ratio": -0.816436
}