{
    "timestamp": "2025-08-21 10:18:58",
    "cum_gam": 7008.888689355218,
    "cum_vec": 7482.902095540287,
    "DEX_Call": 5988.463,
    "DEX_Put": -3085.546,
    "DEX_Total": 2902.917,
    "DEX_Ratio": 1.940811,
    "GEX_Call": 6995679.099,
    "GEX_Put": -6792595.293,
    "GEX_Total": 203083.806,
    "GEX_Ratio": 1.029898,
    "VEX_Call": 2614678.705,
    "VEX_Put": 16389569.728,
    "VEX_Total": 19004248.433,
    "VEX_Ratio": 0.159533,
    "CEX_Call": -577068.815,
    "CEX_Put": 3129852.269,
    "CEX_Total": 2552783.454,
    "CEX_Ratio": -0.184376
}