{
    "timestamp": "2025-11-06 12:37:53",
    "cum_gam": 6677.026411468567,
    "cum_vec": 6677.026411468567,
    "DEX_Call": 213.112,
    "DEX_Put": -428.816,
    "DEX_Total": -215.704,
    "DEX_Ratio": 0.496978,
    "GEX_Call": 1278726.395,
    "GEX_Put": -1761764.13,
    "GEX_Total": -483037.735,
    "GEX_Ratio": 0.725822,
    "VEX_Call": -1047816.305,
    "VEX_Put": 1097323.942,
    "VEX_Total": 49507.637,
    "VEX_Ratio": -0.954883,
    "CEX_Call": -1291134.853,
    "CEX_Put": 912147.05,
    "CEX_Total": -378987.803,
    "CEX_Ratio": -1.41549
}