{
    "timestamp": "2025-09-30 12:02:36",
    "cum_gam": null,
    "cum_vec": 8872.751152302126,
    "DEX_Call": 2709.486,
    "DEX_Put": -1559.251,
    "DEX_Total": 1150.235,
    "DEX_Ratio": 1.737684,
    "GEX_Call": 8102834.995,
    "GEX_Put": -6797694.904,
    "GEX_Total": 1305140.091,
    "GEX_Ratio": 1.191997,
    "VEX_Call": -1151584.713,
    "VEX_Put": 11730734.757,
    "VEX_Total": 10579150.044,
    "VEX_Ratio": -0.098168,
    "CEX_Call": -2533471.574,
    "CEX_Put": 8176071.736,
    "CEX_Total": 5642600.162,
    "CEX_Ratio": -0.309864
}