{
    "timestamp": "2025-11-17 10:45:56",
    "cum_gam": 8599.515839808726,
    "cum_vec": 8800.0,
    "DEX_Call": 281.119,
    "DEX_Put": -487.678,
    "DEX_Total": -206.559,
    "DEX_Ratio": 0.576444,
    "GEX_Call": 1037125.432,
    "GEX_Put": -1300762.206,
    "GEX_Total": -263636.774,
    "GEX_Ratio": 0.797321,
    "VEX_Call": -980210.529,
    "VEX_Put": 1567244.227,
    "VEX_Total": 587033.698,
    "VEX_Ratio": -0.625436,
    "CEX_Call": -865563.271,
    "CEX_Put": 825647.963,
    "CEX_Total": -39915.308,
    "CEX_Ratio": -1.048344
}