{
    "timestamp": "2025-09-30 07:56:53",
    "cum_gam": null,
    "cum_vec": null,
    "DEX_Call": 238.059,
    "DEX_Put": -179.656,
    "DEX_Total": 58.403,
    "DEX_Ratio": 1.325082,
    "GEX_Call": 1125769.822,
    "GEX_Put": -1057989.51,
    "GEX_Total": 67780.312,
    "GEX_Ratio": 1.064065,
    "VEX_Call": -336294.312,
    "VEX_Put": 1300836.058,
    "VEX_Total": 964541.746,
    "VEX_Ratio": -0.258522,
    "CEX_Call": -462840.697,
    "CEX_Put": 901990.718,
    "CEX_Total": 439150.021,
    "CEX_Ratio": -0.513132
}