{
    "timestamp": "2025-06-26 07:49:43",
    "cum_gam": 6422.391576654261,
    "cum_vec": 6429.76325672367,
    "DEX_Call": 924.802,
    "DEX_Put": -191.603,
    "DEX_Total": 733.199,
    "DEX_Ratio": 4.826657,
    "GEX_Call": 2771357.087,
    "GEX_Put": -1235543.713,
    "GEX_Total": 1535813.374,
    "GEX_Ratio": 2.243026,
    "VEX_Call": 2156.422,
    "VEX_Put": 1682344.634,
    "VEX_Total": 1684501.056,
    "VEX_Ratio": 0.001282,
    "CEX_Call": -407189.523,
    "CEX_Put": 2247297.935,
    "CEX_Total": 1840108.412,
    "CEX_Ratio": -0.181191
}