{
    "timestamp": "2025-09-08 11:40:12",
    "cum_gam": 5503.459481091629,
    "cum_vec": 7628.712527489486,
    "DEX_Call": 1519.913,
    "DEX_Put": -915.535,
    "DEX_Total": 604.378,
    "DEX_Ratio": 1.660136,
    "GEX_Call": 1776842.669,
    "GEX_Put": -1993276.763,
    "GEX_Total": -216434.094,
    "GEX_Ratio": 0.891418,
    "VEX_Call": 191272.971,
    "VEX_Put": 8581564.54,
    "VEX_Total": 8772837.511,
    "VEX_Ratio": 0.022289,
    "CEX_Call": -250618.682,
    "CEX_Put": 1298246.723,
    "CEX_Total": 1047628.041,
    "CEX_Ratio": -0.193044
}