{
    "timestamp": "2025-07-29 12:13:09",
    "cum_gam": null,
    "cum_vec": 8200.0,
    "DEX_Call": 236.114,
    "DEX_Put": -144.718,
    "DEX_Total": 91.396,
    "DEX_Ratio": 1.631545,
    "GEX_Call": 988141.266,
    "GEX_Put": -765539.602,
    "GEX_Total": 222601.664,
    "GEX_Ratio": 1.290777,
    "VEX_Call": -255705.763,
    "VEX_Put": 929786.69,
    "VEX_Total": 674080.927,
    "VEX_Ratio": -0.275016,
    "CEX_Call": -394871.376,
    "CEX_Put": 702348.97,
    "CEX_Total": 307477.594,
    "CEX_Ratio": -0.562215
}