{
    "timestamp": "2025-11-10 11:16:48",
    "cum_gam": 7001.496285846345,
    "cum_vec": 7716.0451604384,
    "DEX_Call": 1251.736,
    "DEX_Put": -857.719,
    "DEX_Total": 394.017,
    "DEX_Ratio": 1.459378,
    "GEX_Call": 3368667.397,
    "GEX_Put": -2667655.564,
    "GEX_Total": 701011.833,
    "GEX_Ratio": 1.262782,
    "VEX_Call": -393382.81,
    "VEX_Put": 3884215.507,
    "VEX_Total": 3490832.697,
    "VEX_Ratio": -0.101277,
    "CEX_Call": -805869.978,
    "CEX_Put": 2077483.837,
    "CEX_Total": 1271613.859,
    "CEX_Ratio": -0.387907
}