{
    "timestamp": "2025-09-22 12:18:05",
    "cum_gam": null,
    "cum_vec": 7106.126423797,
    "DEX_Call": 1083.892,
    "DEX_Put": -294.809,
    "DEX_Total": 789.083,
    "DEX_Ratio": 3.676591,
    "GEX_Call": 2334464.04,
    "GEX_Put": -1448672.555,
    "GEX_Total": 885791.485,
    "GEX_Ratio": 1.61145,
    "VEX_Call": 450968.177,
    "VEX_Put": 2885710.823,
    "VEX_Total": 3336679.0,
    "VEX_Ratio": 0.156276,
    "CEX_Call": -1437.485,
    "CEX_Put": 2028615.886,
    "CEX_Total": 2027178.401,
    "CEX_Ratio": -0.000709
}