{
    "timestamp": "2025-07-18 10:36:32",
    "cum_gam": 7022.584158486092,
    "cum_vec": 7115.955430393746,
    "DEX_Call": 1828.913,
    "DEX_Put": -818.927,
    "DEX_Total": 1009.986,
    "DEX_Ratio": 2.233304,
    "GEX_Call": 3056564.683,
    "GEX_Put": -2176026.554,
    "GEX_Total": 880538.129,
    "GEX_Ratio": 1.404654,
    "VEX_Call": -426424.497,
    "VEX_Put": 8200342.009,
    "VEX_Total": 7773917.512,
    "VEX_Ratio": -0.052001,
    "CEX_Call": -636205.284,
    "CEX_Put": 1823776.033,
    "CEX_Total": 1187570.749,
    "CEX_Ratio": -0.34884
}