{
    "timestamp": "2025-10-14 08:14:32",
    "cum_gam": 6576.147289485342,
    "cum_vec": 8194.883645691309,
    "DEX_Call": 179.755,
    "DEX_Put": -432.035,
    "DEX_Total": -252.28,
    "DEX_Ratio": 0.416066,
    "GEX_Call": 827935.275,
    "GEX_Put": -1292713.711,
    "GEX_Total": -464778.436,
    "GEX_Ratio": 0.640463,
    "VEX_Call": -771879.285,
    "VEX_Put": 1218901.971,
    "VEX_Total": 447022.686,
    "VEX_Ratio": -0.633258,
    "CEX_Call": -779006.68,
    "CEX_Put": 747570.943,
    "CEX_Total": -31435.737,
    "CEX_Ratio": -1.042051
}