{
    "timestamp": "2025-10-08 12:08:59",
    "cum_gam": null,
    "cum_vec": 7521.934910999119,
    "DEX_Call": 1228.238,
    "DEX_Put": -708.554,
    "DEX_Total": 519.684,
    "DEX_Ratio": 1.733443,
    "GEX_Call": 1711485.776,
    "GEX_Put": -1442009.092,
    "GEX_Total": 269476.684,
    "GEX_Ratio": 1.186876,
    "VEX_Call": -556449.668,
    "VEX_Put": 7114245.782,
    "VEX_Total": 6557796.114,
    "VEX_Ratio": -0.078216,
    "CEX_Call": -356017.394,
    "CEX_Put": 934322.146,
    "CEX_Total": 578304.752,
    "CEX_Ratio": -0.381044
}