{
    "timestamp": "2025-09-24 09:21:51",
    "cum_gam": null,
    "cum_vec": 7029.800883182021,
    "DEX_Call": 981.061,
    "DEX_Put": -607.627,
    "DEX_Total": 373.434,
    "DEX_Ratio": 1.614578,
    "GEX_Call": 2999038.953,
    "GEX_Put": -2876643.539,
    "GEX_Total": 122395.414,
    "GEX_Ratio": 1.042548,
    "VEX_Call": -71948.48,
    "VEX_Put": 2898539.72,
    "VEX_Total": 2826591.24,
    "VEX_Ratio": -0.024822,
    "CEX_Call": -484562.167,
    "CEX_Put": 2557043.31,
    "CEX_Total": 2072481.143,
    "CEX_Ratio": -0.189501
}