{
    "timestamp": "2025-08-18 10:31:52",
    "cum_gam": 7006.879804349776,
    "cum_vec": 7502.246299779214,
    "DEX_Call": 6452.612,
    "DEX_Put": -1999.206,
    "DEX_Total": 4453.406,
    "DEX_Ratio": 3.227587,
    "GEX_Call": 6335909.407,
    "GEX_Put": -5204249.793,
    "GEX_Total": 1131659.614,
    "GEX_Ratio": 1.217449,
    "VEX_Call": 4117470.888,
    "VEX_Put": 16656010.819,
    "VEX_Total": 20773481.707,
    "VEX_Ratio": 0.247206,
    "CEX_Call": -116035.876,
    "CEX_Put": 2953233.36,
    "CEX_Total": 2837197.484,
    "CEX_Ratio": -0.039291
}