{
    "timestamp": "2025-09-05 06:37:48",
    "cum_gam": null,
    "cum_vec": 9040.52268659859,
    "DEX_Call": 1662.929,
    "DEX_Put": -835.133,
    "DEX_Total": 827.796,
    "DEX_Ratio": 1.991215,
    "GEX_Call": 1975083.152,
    "GEX_Put": -1793264.926,
    "GEX_Total": 181818.226,
    "GEX_Ratio": 1.101389,
    "VEX_Call": -87687.485,
    "VEX_Put": 8699815.047,
    "VEX_Total": 8612127.562,
    "VEX_Ratio": -0.010079,
    "CEX_Call": -322130.794,
    "CEX_Put": 1206984.534,
    "CEX_Total": 884853.74,
    "CEX_Ratio": -0.266889
}