{
    "timestamp": "2025-09-29 11:38:12",
    "cum_gam": null,
    "cum_vec": null,
    "DEX_Call": 220.235,
    "DEX_Put": -147.688,
    "DEX_Total": 72.547,
    "DEX_Ratio": 1.491218,
    "GEX_Call": 918052.718,
    "GEX_Put": -843445.135,
    "GEX_Total": 74607.583,
    "GEX_Ratio": 1.088456,
    "VEX_Call": -206430.514,
    "VEX_Put": 1144206.594,
    "VEX_Total": 937776.08,
    "VEX_Ratio": -0.180414,
    "CEX_Call": -295303.412,
    "CEX_Put": 691947.665,
    "CEX_Total": 396644.253,
    "CEX_Ratio": -0.426771
}