{
    "timestamp": "2026-07-21 10:36:30",
    "cum_gam": null,
    "cum_vec": null,
    "DEX_Call": 513.643,
    "DEX_Put": -511.223,
    "DEX_Total": 2.42,
    "DEX_Ratio": 1.004734,
    "GEX_Call": 2751066.333,
    "GEX_Put": -2281095.317,
    "GEX_Total": 469971.016,
    "GEX_Ratio": 1.206029,
    "VEX_Call": -1915749.017,
    "VEX_Put": 2691547.436,
    "VEX_Total": 775798.419,
    "VEX_Ratio": -0.711765,
    "CEX_Call": -1732278.057,
    "CEX_Put": 1502084.327,
    "CEX_Total": -230193.73,
    "CEX_Ratio": -1.15325
}