{
    "timestamp": "2026-07-20 08:39:32",
    "cum_gam": 8002.538094001202,
    "cum_vec": 10462.735208535403,
    "DEX_Call": 2495.777,
    "DEX_Put": -2715.653,
    "DEX_Total": -219.876,
    "DEX_Ratio": 0.919034,
    "GEX_Call": 3711376.24,
    "GEX_Put": -4240333.69,
    "GEX_Total": -528957.45,
    "GEX_Ratio": 0.875256,
    "VEX_Call": -2685317.015,
    "VEX_Put": 10876429.399,
    "VEX_Total": 8191112.384,
    "VEX_Ratio": -0.246893,
    "CEX_Call": -1196279.99,
    "CEX_Put": 1619841.563,
    "CEX_Total": 423561.573,
    "CEX_Ratio": -0.738517
}