{
    "timestamp": "2025-11-12 09:58:42",
    "cum_gam": null,
    "cum_vec": 7776.570625290661,
    "DEX_Call": 1498.257,
    "DEX_Put": -849.518,
    "DEX_Total": 648.739,
    "DEX_Ratio": 1.763655,
    "GEX_Call": 4333054.995,
    "GEX_Put": -3106856.184,
    "GEX_Total": 1226198.811,
    "GEX_Ratio": 1.394675,
    "VEX_Call": -994374.738,
    "VEX_Put": 4463429.657,
    "VEX_Total": 3469054.919,
    "VEX_Ratio": -0.222783,
    "CEX_Call": -1518984.703,
    "CEX_Put": 3108821.917,
    "CEX_Total": 1589837.214,
    "CEX_Ratio": -0.488605
}