{
    "timestamp": "2025-09-16 11:39:17",
    "cum_gam": null,
    "cum_vec": 7898.589785649267,
    "DEX_Call": 2266.13,
    "DEX_Put": -963.487,
    "DEX_Total": 1302.643,
    "DEX_Ratio": 2.352009,
    "GEX_Call": 2861430.887,
    "GEX_Put": -2422096.193,
    "GEX_Total": 439334.694,
    "GEX_Ratio": 1.181386,
    "VEX_Call": -50714.82,
    "VEX_Put": 10695502.975,
    "VEX_Total": 10644788.155,
    "VEX_Ratio": -0.004742,
    "CEX_Call": -441384.747,
    "CEX_Put": 2120201.193,
    "CEX_Total": 1678816.446,
    "CEX_Ratio": -0.208181
}