{
    "timestamp": "2025-07-01 09:59:17",
    "cum_gam": null,
    "cum_vec": 7304.736244351545,
    "DEX_Call": 1276.018,
    "DEX_Put": -571.503,
    "DEX_Total": 704.515,
    "DEX_Ratio": 2.232741,
    "GEX_Call": 1550529.243,
    "GEX_Put": -1126756.599,
    "GEX_Total": 423772.644,
    "GEX_Ratio": 1.3761,
    "VEX_Call": -144827.35,
    "VEX_Put": 5406743.603,
    "VEX_Total": 5261916.253,
    "VEX_Ratio": -0.026786,
    "CEX_Call": -269531.411,
    "CEX_Put": 732101.481,
    "CEX_Total": 462570.07,
    "CEX_Ratio": -0.368161
}