{
    "timestamp": "2025-09-04 07:09:33",
    "cum_gam": 5277.549147785349,
    "cum_vec": 9040.161717512858,
    "DEX_Call": 1470.385,
    "DEX_Put": -959.249,
    "DEX_Total": 511.136,
    "DEX_Ratio": 1.53285,
    "GEX_Call": 1791809.043,
    "GEX_Put": -1861127.297,
    "GEX_Total": -69318.254,
    "GEX_Ratio": 0.962755,
    "VEX_Call": -254408.13,
    "VEX_Put": 8013160.603,
    "VEX_Total": 7758752.473,
    "VEX_Ratio": -0.031749,
    "CEX_Call": -324170.762,
    "CEX_Put": 1074575.786,
    "CEX_Total": 750405.024,
    "CEX_Ratio": -0.301673
}