{
    "timestamp": "2025-08-22 12:22:32",
    "cum_gam": null,
    "cum_vec": 8176.764705882353,
    "DEX_Call": 572.124,
    "DEX_Put": -201.813,
    "DEX_Total": 370.311,
    "DEX_Ratio": 2.834921,
    "GEX_Call": 3262401.66,
    "GEX_Put": -1658378.56,
    "GEX_Total": 1604023.1,
    "GEX_Ratio": 1.967224,
    "VEX_Call": -356610.477,
    "VEX_Put": 1818328.995,
    "VEX_Total": 1461718.518,
    "VEX_Ratio": -0.19612,
    "CEX_Call": -1053955.521,
    "CEX_Put": 2073081.692,
    "CEX_Total": 1019126.171,
    "CEX_Ratio": -0.5084
}