{
    "timestamp": "2025-10-03 10:31:14",
    "cum_gam": null,
    "cum_vec": 7521.029190946305,
    "DEX_Call": 1527.659,
    "DEX_Put": -648.267,
    "DEX_Total": 879.392,
    "DEX_Ratio": 2.356527,
    "GEX_Call": 1490908.95,
    "GEX_Put": -1219123.779,
    "GEX_Total": 271785.171,
    "GEX_Ratio": 1.222935,
    "VEX_Call": -412844.953,
    "VEX_Put": 6240157.277,
    "VEX_Total": 5827312.324,
    "VEX_Ratio": -0.066159,
    "CEX_Call": -288276.253,
    "CEX_Put": 711535.901,
    "CEX_Total": 423259.648,
    "CEX_Ratio": -0.405146
}