{
    "timestamp": "2025-11-04 10:30:46",
    "cum_gam": 6602.182941849071,
    "cum_vec": 6602.182941849071,
    "DEX_Call": 221.58,
    "DEX_Put": -302.866,
    "DEX_Total": -81.286,
    "DEX_Ratio": 0.731611,
    "GEX_Call": 971900.778,
    "GEX_Put": -1161783.304,
    "GEX_Total": -189882.526,
    "GEX_Ratio": 0.836559,
    "VEX_Call": -661091.271,
    "VEX_Put": 1103236.312,
    "VEX_Total": 442145.041,
    "VEX_Ratio": -0.599229,
    "CEX_Call": -675985.336,
    "CEX_Put": 714123.276,
    "CEX_Total": 38137.94,
    "CEX_Ratio": -0.946595
}