{
    "timestamp": "2025-10-21 07:04:07",
    "cum_gam": 8792.167832167832,
    "cum_vec": 8792.167832167832,
    "DEX_Call": 678.545,
    "DEX_Put": -375.237,
    "DEX_Total": 303.308,
    "DEX_Ratio": 1.80831,
    "GEX_Call": 1941842.997,
    "GEX_Put": -1523724.611,
    "GEX_Total": 418118.386,
    "GEX_Ratio": 1.274405,
    "VEX_Call": -602464.092,
    "VEX_Put": 2981226.232,
    "VEX_Total": 2378762.14,
    "VEX_Ratio": -0.202086,
    "CEX_Call": -806127.887,
    "CEX_Put": 1977826.022,
    "CEX_Total": 1171698.135,
    "CEX_Ratio": -0.407583
}