{
    "timestamp": "2025-10-27 10:47:42",
    "cum_gam": 11999.79274611399,
    "cum_vec": 11999.79274611399,
    "DEX_Call": 2243.132,
    "DEX_Put": -665.712,
    "DEX_Total": 1577.42,
    "DEX_Ratio": 3.369523,
    "GEX_Call": 4755397.948,
    "GEX_Put": -2339771.927,
    "GEX_Total": 2415626.021,
    "GEX_Ratio": 2.032419,
    "VEX_Call": -353510.655,
    "VEX_Put": 8683056.387,
    "VEX_Total": 8329545.732,
    "VEX_Ratio": -0.040713,
    "CEX_Call": -737208.966,
    "CEX_Put": 2648789.275,
    "CEX_Total": 1911580.309,
    "CEX_Ratio": -0.278319
}