{
    "timestamp": "2026-07-23 10:43:10",
    "cum_gam": 7409.714321003075,
    "cum_vec": 7409.714321003075,
    "DEX_Call": 270.165,
    "DEX_Put": -999.631,
    "DEX_Total": -729.466,
    "DEX_Ratio": 0.270265,
    "GEX_Call": 1476116.206,
    "GEX_Put": -3122543.806,
    "GEX_Total": -1646427.6,
    "GEX_Ratio": 0.472729,
    "VEX_Call": -1989809.94,
    "VEX_Put": 1959533.748,
    "VEX_Total": -30276.192,
    "VEX_Ratio": -1.015451,
    "CEX_Call": -2053169.753,
    "CEX_Put": 1215452.822,
    "CEX_Total": -837716.931,
    "CEX_Ratio": -1.689222
}