{
    "timestamp": "2025-09-24 08:33:00",
    "cum_gam": null,
    "cum_vec": 7029.130006906077,
    "DEX_Call": 1008.484,
    "DEX_Put": -524.105,
    "DEX_Total": 484.379,
    "DEX_Ratio": 1.924202,
    "GEX_Call": 3017827.128,
    "GEX_Put": -2631400.841,
    "GEX_Total": 386426.287,
    "GEX_Ratio": 1.146852,
    "VEX_Call": -83689.821,
    "VEX_Put": 3058993.598,
    "VEX_Total": 2975303.777,
    "VEX_Ratio": -0.027359,
    "CEX_Call": -530721.305,
    "CEX_Put": 2718237.589,
    "CEX_Total": 2187516.284,
    "CEX_Ratio": -0.195245
}