{
    "timestamp": "2025-08-22 12:34:39",
    "cum_gam": 7008.404477139229,
    "cum_vec": 7495.870416303384,
    "DEX_Call": 4314.337,
    "DEX_Put": -2021.914,
    "DEX_Total": 2292.423,
    "DEX_Ratio": 2.133789,
    "GEX_Call": 7134704.12,
    "GEX_Put": -5848937.764,
    "GEX_Total": 1285766.356,
    "GEX_Ratio": 1.219829,
    "VEX_Call": 2250174.457,
    "VEX_Put": 17087335.522,
    "VEX_Total": 19337509.979,
    "VEX_Ratio": 0.131687,
    "CEX_Call": -594433.393,
    "CEX_Put": 3601308.333,
    "CEX_Total": 3006874.94,
    "CEX_Ratio": -0.16506
}