{
    "timestamp": "2025-09-04 08:51:05",
    "cum_gam": null,
    "cum_vec": 9038.799479829637,
    "DEX_Call": 1490.952,
    "DEX_Put": -898.605,
    "DEX_Total": 592.347,
    "DEX_Ratio": 1.659185,
    "GEX_Call": 1831016.757,
    "GEX_Put": -1796664.876,
    "GEX_Total": 34351.881,
    "GEX_Ratio": 1.01912,
    "VEX_Call": -170119.025,
    "VEX_Put": 7974432.413,
    "VEX_Total": 7804313.388,
    "VEX_Ratio": -0.021333,
    "CEX_Call": -315329.367,
    "CEX_Put": 1072437.636,
    "CEX_Total": 757108.269,
    "CEX_Ratio": -0.29403
}