{
    "timestamp": "2025-10-21 07:05:30",
    "cum_gam": 8791.954022988506,
    "cum_vec": 8791.954022988506,
    "DEX_Call": 677.858,
    "DEX_Put": -369.184,
    "DEX_Total": 308.674,
    "DEX_Ratio": 1.836098,
    "GEX_Call": 1964535.35,
    "GEX_Put": -1510189.873,
    "GEX_Total": 454345.477,
    "GEX_Ratio": 1.300853,
    "VEX_Call": -587077.093,
    "VEX_Put": 2979286.29,
    "VEX_Total": 2392209.197,
    "VEX_Ratio": -0.197053,
    "CEX_Call": -796281.616,
    "CEX_Put": 1978977.659,
    "CEX_Total": 1182696.043,
    "CEX_Ratio": -0.40237
}