{
    "timestamp": "2025-11-05 13:06:21",
    "cum_gam": null,
    "cum_vec": 7809.267145974994,
    "DEX_Call": 5226.723,
    "DEX_Put": -2675.443,
    "DEX_Total": 2551.28,
    "DEX_Ratio": 1.953592,
    "GEX_Call": 6060690.567,
    "GEX_Put": -4762770.462,
    "GEX_Total": 1297920.105,
    "GEX_Ratio": 1.272514,
    "VEX_Call": 1465468.404,
    "VEX_Put": 19060476.115,
    "VEX_Total": 20525944.519,
    "VEX_Ratio": 0.076885,
    "CEX_Call": -727181.17,
    "CEX_Put": 2143997.371,
    "CEX_Total": 1416816.201,
    "CEX_Ratio": -0.339171
}