{
    "timestamp": "2025-07-21 07:24:39",
    "cum_gam": null,
    "cum_vec": 6822.461334928261,
    "DEX_Call": 510.994,
    "DEX_Put": -158.12,
    "DEX_Total": 352.874,
    "DEX_Ratio": 3.231685,
    "GEX_Call": 1708465.218,
    "GEX_Put": -789633.654,
    "GEX_Total": 918831.564,
    "GEX_Ratio": 2.163618,
    "VEX_Call": -426117.998,
    "VEX_Put": 1569144.414,
    "VEX_Total": 1143026.416,
    "VEX_Ratio": -0.271561,
    "CEX_Call": -566789.068,
    "CEX_Put": 1017971.726,
    "CEX_Total": 451182.658,
    "CEX_Ratio": -0.556783
}