{
    "timestamp": "2025-11-10 09:09:10",
    "cum_gam": null,
    "cum_vec": 7723.580319353525,
    "DEX_Call": 4916.997,
    "DEX_Put": -2734.454,
    "DEX_Total": 2182.543,
    "DEX_Ratio": 1.798164,
    "GEX_Call": 6602351.931,
    "GEX_Put": -4865901.494,
    "GEX_Total": 1736450.437,
    "GEX_Ratio": 1.356861,
    "VEX_Call": -661308.914,
    "VEX_Put": 16365404.81,
    "VEX_Total": 15704095.896,
    "VEX_Ratio": -0.040409,
    "CEX_Call": -1148860.844,
    "CEX_Put": 2089085.423,
    "CEX_Total": 940224.579,
    "CEX_Ratio": -0.549935
}