{
    "timestamp": "2025-10-03 09:35:59",
    "cum_gam": null,
    "cum_vec": null,
    "DEX_Call": 502.75,
    "DEX_Put": -131.245,
    "DEX_Total": 371.505,
    "DEX_Ratio": 3.830622,
    "GEX_Call": 3122940.337,
    "GEX_Put": -1327627.7,
    "GEX_Total": 1795312.637,
    "GEX_Ratio": 2.352271,
    "VEX_Call": -159665.49,
    "VEX_Put": 1854769.284,
    "VEX_Total": 1695103.794,
    "VEX_Ratio": -0.086084,
    "CEX_Call": -745941.769,
    "CEX_Put": 2258186.453,
    "CEX_Total": 1512244.684,
    "CEX_Ratio": -0.330328
}