{
    "timestamp": "2025-10-14 08:43:06",
    "cum_gam": 5778.242723438818,
    "cum_vec": 7519.443995164626,
    "DEX_Call": 1719.057,
    "DEX_Put": -1265.454,
    "DEX_Total": 453.603,
    "DEX_Ratio": 1.358451,
    "GEX_Call": 1910921.39,
    "GEX_Put": -2178855.778,
    "GEX_Total": -267934.388,
    "GEX_Ratio": 0.87703,
    "VEX_Call": -1125825.271,
    "VEX_Put": 8349574.027,
    "VEX_Total": 7223748.756,
    "VEX_Ratio": -0.134836,
    "CEX_Call": -554038.533,
    "CEX_Put": 1323933.523,
    "CEX_Total": 769894.99,
    "CEX_Ratio": -0.418479
}