{
    "timestamp": "2025-07-29 11:15:29",
    "cum_gam": null,
    "cum_vec": 8200.0,
    "DEX_Call": 236.912,
    "DEX_Put": -141.88,
    "DEX_Total": 95.032,
    "DEX_Ratio": 1.669805,
    "GEX_Call": 994933.191,
    "GEX_Put": -760430.783,
    "GEX_Total": 234502.408,
    "GEX_Ratio": 1.308381,
    "VEX_Call": -256523.051,
    "VEX_Put": 916342.361,
    "VEX_Total": 659819.31,
    "VEX_Ratio": -0.279942,
    "CEX_Call": -395541.659,
    "CEX_Put": 686528.323,
    "CEX_Total": 290986.664,
    "CEX_Ratio": -0.576148
}