{
    "timestamp": "2025-11-25 11:26:28",
    "cum_gam": null,
    "cum_vec": 9321.08692623434,
    "DEX_Call": 2940.464,
    "DEX_Put": -936.062,
    "DEX_Total": 2004.402,
    "DEX_Ratio": 3.141313,
    "GEX_Call": 1438536.295,
    "GEX_Put": -1386076.409,
    "GEX_Total": 52459.886,
    "GEX_Ratio": 1.037848,
    "VEX_Call": 701098.367,
    "VEX_Put": 5389856.966,
    "VEX_Total": 6090955.333,
    "VEX_Ratio": 0.130077,
    "CEX_Call": -42017.156,
    "CEX_Put": 593764.286,
    "CEX_Total": 551747.13,
    "CEX_Ratio": -0.070764
}