{
    "timestamp": "2025-08-11 08:23:10",
    "cum_gam": null,
    "cum_vec": null,
    "DEX_Call": 241.995,
    "DEX_Put": -146.365,
    "DEX_Total": 95.63,
    "DEX_Ratio": 1.653367,
    "GEX_Call": 999658.093,
    "GEX_Put": -721081.928,
    "GEX_Total": 278576.165,
    "GEX_Ratio": 1.386331,
    "VEX_Call": -277006.402,
    "VEX_Put": 1230226.646,
    "VEX_Total": 953220.244,
    "VEX_Ratio": -0.225167,
    "CEX_Call": -369956.307,
    "CEX_Put": 766123.565,
    "CEX_Total": 396167.258,
    "CEX_Ratio": -0.482894
}