{
    "timestamp": "2025-08-26 11:21:42",
    "cum_gam": 7008.463729564357,
    "cum_vec": 7483.176492822076,
    "DEX_Call": 6856.359,
    "DEX_Put": -2272.351,
    "DEX_Total": 4584.008,
    "DEX_Ratio": 3.017298,
    "GEX_Call": 8299115.568,
    "GEX_Put": -7032353.59,
    "GEX_Total": 1266761.978,
    "GEX_Ratio": 1.180133,
    "VEX_Call": 2027231.476,
    "VEX_Put": 17141725.091,
    "VEX_Total": 19168956.567,
    "VEX_Ratio": 0.118263,
    "CEX_Call": -938966.277,
    "CEX_Put": 4438898.662,
    "CEX_Total": 3499932.385,
    "CEX_Ratio": -0.211531
}