{
    "timestamp": "2025-08-14 12:12:08",
    "cum_gam": null,
    "cum_vec": 7516.89880731666,
    "DEX_Call": 3942.964,
    "DEX_Put": -1562.995,
    "DEX_Total": 2379.969,
    "DEX_Ratio": 2.522698,
    "GEX_Call": 5121735.81,
    "GEX_Put": -4150022.929,
    "GEX_Total": 971712.881,
    "GEX_Ratio": 1.234146,
    "VEX_Call": 2856628.226,
    "VEX_Put": 15972940.461,
    "VEX_Total": 18829568.687,
    "VEX_Ratio": 0.178842,
    "CEX_Call": -255341.433,
    "CEX_Put": 2543400.605,
    "CEX_Total": 2288059.172,
    "CEX_Ratio": -0.100394
}