{
    "timestamp": "2025-09-29 08:55:31",
    "cum_gam": null,
    "cum_vec": null,
    "DEX_Call": 219.45,
    "DEX_Put": -153.265,
    "DEX_Total": 66.185,
    "DEX_Ratio": 1.431834,
    "GEX_Call": 901513.696,
    "GEX_Put": -851464.232,
    "GEX_Total": 50049.464,
    "GEX_Ratio": 1.05878,
    "VEX_Call": -221541.558,
    "VEX_Put": 1162726.19,
    "VEX_Total": 941184.632,
    "VEX_Ratio": -0.190536,
    "CEX_Call": -302242.003,
    "CEX_Put": 693953.408,
    "CEX_Total": 391711.405,
    "CEX_Ratio": -0.435536
}