{
    "timestamp": "2025-11-03 08:45:10",
    "cum_gam": 11938.243886153075,
    "cum_vec": 11938.243886153075,
    "DEX_Call": 5088.484,
    "DEX_Put": -2385.676,
    "DEX_Total": 2702.808,
    "DEX_Ratio": 2.132932,
    "GEX_Call": 4727129.721,
    "GEX_Put": -4053695.656,
    "GEX_Total": 673434.065,
    "GEX_Ratio": 1.166128,
    "VEX_Call": 2619186.854,
    "VEX_Put": 18197798.022,
    "VEX_Total": 20816984.876,
    "VEX_Ratio": 0.143929,
    "CEX_Call": -362003.69,
    "CEX_Put": 1983136.482,
    "CEX_Total": 1621132.792,
    "CEX_Ratio": -0.182541
}