{
    "timestamp": "2025-10-21 09:50:16",
    "cum_gam": null,
    "cum_vec": 7520.642810843242,
    "DEX_Call": 1712.054,
    "DEX_Put": -1070.432,
    "DEX_Total": 641.622,
    "DEX_Ratio": 1.599405,
    "GEX_Call": 3245311.032,
    "GEX_Put": -2507079.213,
    "GEX_Total": 738231.819,
    "GEX_Ratio": 1.294459,
    "VEX_Call": -1209676.945,
    "VEX_Put": 9427848.904,
    "VEX_Total": 8218171.959,
    "VEX_Ratio": -0.128309,
    "CEX_Call": -841056.918,
    "CEX_Put": 1965492.418,
    "CEX_Total": 1124435.5,
    "CEX_Ratio": -0.427912
}