{
    "timestamp": "2025-07-18 12:39:29",
    "cum_gam": 7020.12149636588,
    "cum_vec": 7119.993978097079,
    "DEX_Call": 1860.036,
    "DEX_Put": -818.335,
    "DEX_Total": 1041.701,
    "DEX_Ratio": 2.272952,
    "GEX_Call": 3056250.591,
    "GEX_Put": -2197393.971,
    "GEX_Total": 858856.62,
    "GEX_Ratio": 1.390852,
    "VEX_Call": -387819.602,
    "VEX_Put": 8204956.975,
    "VEX_Total": 7817137.373,
    "VEX_Ratio": -0.047267,
    "CEX_Call": -626547.573,
    "CEX_Put": 1828935.591,
    "CEX_Total": 1202388.018,
    "CEX_Ratio": -0.342575
}