{
    "timestamp": "2025-09-03 10:30:43",
    "cum_gam": 5308.392697435334,
    "cum_vec": 9036.8688233203,
    "DEX_Call": 1479.04,
    "DEX_Put": -982.311,
    "DEX_Total": 496.729,
    "DEX_Ratio": 1.505674,
    "GEX_Call": 1716685.308,
    "GEX_Put": -1835278.383,
    "GEX_Total": -118593.075,
    "GEX_Ratio": 0.935381,
    "VEX_Call": -242372.905,
    "VEX_Put": 7861121.222,
    "VEX_Total": 7618748.317,
    "VEX_Ratio": -0.030832,
    "CEX_Call": -307442.662,
    "CEX_Put": 1030415.854,
    "CEX_Total": 722973.192,
    "CEX_Ratio": -0.298368
}