{
    "timestamp": "2025-08-27 08:25:40",
    "cum_gam": 7008.172403600839,
    "cum_vec": 7484.880090926312,
    "DEX_Call": 4585.661,
    "DEX_Put": -2096.635,
    "DEX_Total": 2489.026,
    "DEX_Ratio": 2.187153,
    "GEX_Call": 8751705.806,
    "GEX_Put": -6852948.714,
    "GEX_Total": 1898757.092,
    "GEX_Ratio": 1.277072,
    "VEX_Call": 2123375.491,
    "VEX_Put": 17361035.424,
    "VEX_Total": 19484410.915,
    "VEX_Ratio": 0.122307,
    "CEX_Call": -953192.752,
    "CEX_Put": 4891168.276,
    "CEX_Total": 3937975.524,
    "CEX_Ratio": -0.19488
}