{
    "timestamp": "2025-11-04 11:22:36",
    "cum_gam": null,
    "cum_vec": 7812.922739623415,
    "DEX_Call": 6830.473,
    "DEX_Put": -3006.429,
    "DEX_Total": 3824.044,
    "DEX_Ratio": 2.271956,
    "GEX_Call": 5704034.717,
    "GEX_Put": -4747000.735,
    "GEX_Total": 957033.982,
    "GEX_Ratio": 1.201608,
    "VEX_Call": 1081857.448,
    "VEX_Put": 18122468.604,
    "VEX_Total": 19204326.052,
    "VEX_Ratio": 0.059697,
    "CEX_Call": -723412.308,
    "CEX_Put": 1953553.288,
    "CEX_Total": 1230140.98,
    "CEX_Ratio": -0.370306
}