{
    "timestamp": "2025-07-02 08:08:59",
    "cum_gam": null,
    "cum_vec": 8000.0,
    "DEX_Call": 381.008,
    "DEX_Put": -135.037,
    "DEX_Total": 245.971,
    "DEX_Ratio": 2.821508,
    "GEX_Call": 1534513.767,
    "GEX_Put": -910728.664,
    "GEX_Total": 623785.103,
    "GEX_Ratio": 1.68493,
    "VEX_Call": -136848.589,
    "VEX_Put": 1160508.962,
    "VEX_Total": 1023660.373,
    "VEX_Ratio": -0.117921,
    "CEX_Call": -414826.79,
    "CEX_Put": 1027925.801,
    "CEX_Total": 613099.011,
    "CEX_Ratio": -0.403557
}