{
    "timestamp": "2025-10-23 12:04:53",
    "cum_gam": null,
    "cum_vec": 7551.437264077924,
    "DEX_Call": 1724.88,
    "DEX_Put": -1126.497,
    "DEX_Total": 598.383,
    "DEX_Ratio": 1.531189,
    "GEX_Call": 3667148.701,
    "GEX_Put": -2833391.87,
    "GEX_Total": 833756.831,
    "GEX_Ratio": 1.294261,
    "VEX_Call": -1507807.615,
    "VEX_Put": 9358519.243,
    "VEX_Total": 7850711.628,
    "VEX_Ratio": -0.161116,
    "CEX_Call": -1036418.369,
    "CEX_Put": 2168377.857,
    "CEX_Total": 1131959.488,
    "CEX_Ratio": -0.477969
}