{
    "timestamp": "2025-10-02 10:07:03",
    "cum_gam": null,
    "cum_vec": 7520.18832905036,
    "DEX_Call": 1086.761,
    "DEX_Put": -621.5,
    "DEX_Total": 465.261,
    "DEX_Ratio": 1.74861,
    "GEX_Call": 1406415.547,
    "GEX_Put": -1162243.492,
    "GEX_Total": 244172.055,
    "GEX_Ratio": 1.210087,
    "VEX_Call": -513227.265,
    "VEX_Put": 6064617.978,
    "VEX_Total": 5551390.713,
    "VEX_Ratio": -0.084626,
    "CEX_Call": -287417.671,
    "CEX_Put": 676454.102,
    "CEX_Total": 389036.431,
    "CEX_Ratio": -0.424889
}