{
    "timestamp": "2025-10-22 10:09:22",
    "cum_gam": null,
    "cum_vec": 7515.978624296464,
    "DEX_Call": 2148.101,
    "DEX_Put": -1370.991,
    "DEX_Total": 777.11,
    "DEX_Ratio": 1.566824,
    "GEX_Call": 3032685.86,
    "GEX_Put": -2878041.99,
    "GEX_Total": 154643.87,
    "GEX_Ratio": 1.053732,
    "VEX_Call": -1840471.13,
    "VEX_Put": 9500269.073,
    "VEX_Total": 7659797.943,
    "VEX_Ratio": -0.193728,
    "CEX_Call": -1023968.35,
    "CEX_Put": 2064453.761,
    "CEX_Total": 1040485.411,
    "CEX_Ratio": -0.496
}