{
    "timestamp": "2025-07-29 09:40:02",
    "cum_gam": 7009.577269643051,
    "cum_vec": 7400.988206441375,
    "DEX_Call": 2630.09,
    "DEX_Put": -960.462,
    "DEX_Total": 1669.628,
    "DEX_Ratio": 2.738359,
    "GEX_Call": 5494949.527,
    "GEX_Put": -3903812.166,
    "GEX_Total": 1591137.361,
    "GEX_Ratio": 1.407586,
    "VEX_Call": -417975.242,
    "VEX_Put": 8070730.952,
    "VEX_Total": 7652755.71,
    "VEX_Ratio": -0.051789,
    "CEX_Call": -1532065.664,
    "CEX_Put": 3975858.155,
    "CEX_Total": 2443792.491,
    "CEX_Ratio": -0.385342
}