{
    "timestamp": "2025-10-30 08:20:43",
    "cum_gam": null,
    "cum_vec": 7623.635041057181,
    "DEX_Call": 2699.457,
    "DEX_Put": -1156.585,
    "DEX_Total": 1542.872,
    "DEX_Ratio": 2.333989,
    "GEX_Call": 6134876.598,
    "GEX_Put": -4228718.612,
    "GEX_Total": 1906157.986,
    "GEX_Ratio": 1.450765,
    "VEX_Call": -646313.854,
    "VEX_Put": 9114721.321,
    "VEX_Total": 8468407.467,
    "VEX_Ratio": -0.070909,
    "CEX_Call": -1429290.278,
    "CEX_Put": 3557931.295,
    "CEX_Total": 2128641.017,
    "CEX_Ratio": -0.401719
}