{
    "timestamp": "2025-07-25 07:31:48",
    "cum_gam": null,
    "cum_vec": 6820.705438036349,
    "DEX_Call": 545.388,
    "DEX_Put": -183.884,
    "DEX_Total": 361.504,
    "DEX_Ratio": 2.965935,
    "GEX_Call": 3370078.146,
    "GEX_Put": -1542336.934,
    "GEX_Total": 1827741.212,
    "GEX_Ratio": 2.185047,
    "VEX_Call": -593263.548,
    "VEX_Put": 1621655.717,
    "VEX_Total": 1028392.169,
    "VEX_Ratio": -0.365838,
    "CEX_Call": -1355807.524,
    "CEX_Put": 1879823.79,
    "CEX_Total": 524016.266,
    "CEX_Ratio": -0.721242
}