{
    "timestamp": "2025-10-09 08:37:03",
    "cum_gam": 7004.1497825336855,
    "cum_vec": 8959.356849412097,
    "DEX_Call": 1817.351,
    "DEX_Put": -971.642,
    "DEX_Total": 845.709,
    "DEX_Ratio": 1.870392,
    "GEX_Call": 5403282.273,
    "GEX_Put": -4073365.214,
    "GEX_Total": 1329917.059,
    "GEX_Ratio": 1.326491,
    "VEX_Call": -181643.994,
    "VEX_Put": 5544732.377,
    "VEX_Total": 5363088.383,
    "VEX_Ratio": -0.03276,
    "CEX_Call": -1159205.879,
    "CEX_Put": 4503479.588,
    "CEX_Total": 3344273.709,
    "CEX_Ratio": -0.257402
}