{
    "timestamp": "2025-11-03 08:14:36",
    "cum_gam": 11899.657757496741,
    "cum_vec": 11899.657757496741,
    "DEX_Call": 4813.848,
    "DEX_Put": -2336.748,
    "DEX_Total": 2477.1,
    "DEX_Ratio": 2.060063,
    "GEX_Call": 4752973.24,
    "GEX_Put": -3984499.74,
    "GEX_Total": 768473.5,
    "GEX_Ratio": 1.192866,
    "VEX_Call": 2626679.368,
    "VEX_Put": 18245275.998,
    "VEX_Total": 20871955.366,
    "VEX_Ratio": 0.143965,
    "CEX_Call": -366281.352,
    "CEX_Put": 1995418.358,
    "CEX_Total": 1629137.006,
    "CEX_Ratio": -0.183561
}