{
    "timestamp": "2025-08-18 09:39:38",
    "cum_gam": 7007.003850234662,
    "cum_vec": 7501.278428598182,
    "DEX_Call": 6372.402,
    "DEX_Put": -2070.107,
    "DEX_Total": 4302.295,
    "DEX_Ratio": 3.078296,
    "GEX_Call": 6333569.249,
    "GEX_Put": -5274418.811,
    "GEX_Total": 1059150.438,
    "GEX_Ratio": 1.200809,
    "VEX_Call": 3752469.532,
    "VEX_Put": 16622064.765,
    "VEX_Total": 20374534.297,
    "VEX_Ratio": 0.225752,
    "CEX_Call": -200002.339,
    "CEX_Put": 2932875.617,
    "CEX_Total": 2732873.278,
    "CEX_Ratio": -0.068193
}