{
    "timestamp": "2025-09-08 07:38:37",
    "cum_gam": 5379.8852306758345,
    "cum_vec": 9043.713043713044,
    "DEX_Call": 1540.316,
    "DEX_Put": -898.615,
    "DEX_Total": 641.701,
    "DEX_Ratio": 1.7141,
    "GEX_Call": 1780412.02,
    "GEX_Put": -1961082.756,
    "GEX_Total": -180670.736,
    "GEX_Ratio": 0.907872,
    "VEX_Call": 241824.797,
    "VEX_Put": 8573850.592,
    "VEX_Total": 8815675.389,
    "VEX_Ratio": 0.028205,
    "CEX_Call": -241178.147,
    "CEX_Put": 1292014.03,
    "CEX_Total": 1050835.883,
    "CEX_Ratio": -0.186668
}