{
    "timestamp": "2025-09-08 10:52:01",
    "cum_gam": 7009.405673086,
    "cum_vec": 7564.982982542289,
    "DEX_Call": 3198.458,
    "DEX_Put": -1445.694,
    "DEX_Total": 1752.764,
    "DEX_Ratio": 2.212403,
    "GEX_Call": 7357402.859,
    "GEX_Put": -6136823.368,
    "GEX_Total": 1220579.491,
    "GEX_Ratio": 1.198894,
    "VEX_Call": 1748091.522,
    "VEX_Put": 9587787.854,
    "VEX_Total": 11335879.376,
    "VEX_Ratio": 0.182325,
    "CEX_Call": -93219.608,
    "CEX_Put": 5259562.468,
    "CEX_Total": 5166342.86,
    "CEX_Ratio": -0.017724
}