{
    "timestamp": "2025-09-09 07:56:30",
    "cum_gam": null,
    "cum_vec": 9028.227089610346,
    "DEX_Call": 1619.076,
    "DEX_Put": -955.432,
    "DEX_Total": 663.644,
    "DEX_Ratio": 1.694601,
    "GEX_Call": 2117457.067,
    "GEX_Put": -2095791.481,
    "GEX_Total": 21665.586,
    "GEX_Ratio": 1.010338,
    "VEX_Call": -350771.957,
    "VEX_Put": 9042654.35,
    "VEX_Total": 8691882.393,
    "VEX_Ratio": -0.038791,
    "CEX_Call": -404611.008,
    "CEX_Put": 1411350.993,
    "CEX_Total": 1006739.985,
    "CEX_Ratio": -0.286683
}