{
    "timestamp": "2025-10-21 09:50:15",
    "cum_gam": 8795.017793594307,
    "cum_vec": 8795.017793594307,
    "DEX_Call": 664.701,
    "DEX_Put": -294.581,
    "DEX_Total": 370.12,
    "DEX_Ratio": 2.256429,
    "GEX_Call": 2207106.005,
    "GEX_Put": -1402272.843,
    "GEX_Total": 804833.162,
    "GEX_Ratio": 1.573949,
    "VEX_Call": -377460.272,
    "VEX_Put": 2873329.256,
    "VEX_Total": 2495868.984,
    "VEX_Ratio": -0.131367,
    "CEX_Call": -661723.734,
    "CEX_Put": 1943095.129,
    "CEX_Total": 1281371.395,
    "CEX_Ratio": -0.340551
}