{
    "timestamp": "2025-11-12 09:47:44",
    "cum_gam": null,
    "cum_vec": 7786.5122265425925,
    "DEX_Call": 1400.763,
    "DEX_Put": -857.93,
    "DEX_Total": 542.833,
    "DEX_Ratio": 1.632724,
    "GEX_Call": 4322248.589,
    "GEX_Put": -3115784.514,
    "GEX_Total": 1206464.075,
    "GEX_Ratio": 1.38721,
    "VEX_Call": -1104707.591,
    "VEX_Put": 4472242.376,
    "VEX_Total": 3367534.785,
    "VEX_Ratio": -0.247014,
    "CEX_Call": -1601355.71,
    "CEX_Put": 3111749.349,
    "CEX_Total": 1510393.639,
    "CEX_Ratio": -0.514616
}