{
    "timestamp": "2025-09-08 08:06:09",
    "cum_gam": 5355.234404738396,
    "cum_vec": 7635.897723869422,
    "DEX_Call": 1560.055,
    "DEX_Put": -881.386,
    "DEX_Total": 678.669,
    "DEX_Ratio": 1.770002,
    "GEX_Call": 1782313.529,
    "GEX_Put": -1939381.849,
    "GEX_Total": -157068.32,
    "GEX_Ratio": 0.919011,
    "VEX_Call": 239368.321,
    "VEX_Put": 8558692.715,
    "VEX_Total": 8798061.036,
    "VEX_Ratio": 0.027968,
    "CEX_Call": -241210.955,
    "CEX_Put": 1291269.964,
    "CEX_Total": 1050059.009,
    "CEX_Ratio": -0.186801
}