{
    "timestamp": "2025-07-15 11:42:33",
    "cum_gam": 7988.1040892193305,
    "cum_vec": 7988.1040892193305,
    "DEX_Call": 241.438,
    "DEX_Put": -118.657,
    "DEX_Total": 122.781,
    "DEX_Ratio": 2.034756,
    "GEX_Call": 1030674.007,
    "GEX_Put": -687488.485,
    "GEX_Total": 343185.522,
    "GEX_Ratio": 1.499187,
    "VEX_Call": -208779.349,
    "VEX_Put": 804008.509,
    "VEX_Total": 595229.16,
    "VEX_Ratio": -0.259673,
    "CEX_Call": -342020.738,
    "CEX_Put": 610824.339,
    "CEX_Total": 268803.601,
    "CEX_Ratio": -0.559933
}