{
    "timestamp": "2025-08-26 12:37:35",
    "cum_gam": 7008.3531069214205,
    "cum_vec": 7489.436924180762,
    "DEX_Call": 4889.038,
    "DEX_Put": -2176.829,
    "DEX_Total": 2712.209,
    "DEX_Ratio": 2.245945,
    "GEX_Call": 8236823.875,
    "GEX_Put": -6830880.75,
    "GEX_Total": 1405943.125,
    "GEX_Ratio": 1.205822,
    "VEX_Call": 1986817.164,
    "VEX_Put": 17294132.23,
    "VEX_Total": 19280949.394,
    "VEX_Ratio": 0.114884,
    "CEX_Call": -917769.263,
    "CEX_Put": 4531174.574,
    "CEX_Total": 3613405.311,
    "CEX_Ratio": -0.202546
}