{
    "timestamp": "2026-07-21 09:15:12",
    "cum_gam": null,
    "cum_vec": null,
    "DEX_Call": 500.378,
    "DEX_Put": -522.841,
    "DEX_Total": -22.463,
    "DEX_Ratio": 0.957037,
    "GEX_Call": 2705019.665,
    "GEX_Put": -2278458.506,
    "GEX_Total": 426561.159,
    "GEX_Ratio": 1.187215,
    "VEX_Call": -1931020.131,
    "VEX_Put": 2715730.139,
    "VEX_Total": 784710.008,
    "VEX_Ratio": -0.71105,
    "CEX_Call": -1728728.179,
    "CEX_Put": 1506939.727,
    "CEX_Total": -221788.452,
    "CEX_Ratio": -1.147178
}