{
    "timestamp": "2025-07-03 08:08:39",
    "cum_gam": null,
    "cum_vec": 7349.253393238065,
    "DEX_Call": 1482.897,
    "DEX_Put": -510.674,
    "DEX_Total": 972.223,
    "DEX_Ratio": 2.903804,
    "GEX_Call": 1691295.738,
    "GEX_Put": -1092789.541,
    "GEX_Total": 598506.197,
    "GEX_Ratio": 1.547687,
    "VEX_Call": 295935.19,
    "VEX_Put": 5986781.953,
    "VEX_Total": 6282717.143,
    "VEX_Ratio": 0.049431,
    "CEX_Call": -219499.196,
    "CEX_Put": 862746.036,
    "CEX_Total": 643246.84,
    "CEX_Ratio": -0.254419
}