{
    "timestamp": "2025-09-24 12:28:36",
    "cum_gam": null,
    "cum_vec": 8791.016435104711,
    "DEX_Call": 2153.484,
    "DEX_Put": -1503.607,
    "DEX_Total": 649.877,
    "DEX_Ratio": 1.432212,
    "GEX_Call": 4521514.192,
    "GEX_Put": -4306470.667,
    "GEX_Total": 215043.525,
    "GEX_Ratio": 1.049935,
    "VEX_Call": -1096636.251,
    "VEX_Put": 10887892.028,
    "VEX_Total": 9791255.777,
    "VEX_Ratio": -0.100721,
    "CEX_Call": -1156299.157,
    "CEX_Put": 2997988.98,
    "CEX_Total": 1841689.823,
    "CEX_Ratio": -0.385692
}