{
    "timestamp": "2025-11-05 09:14:13",
    "cum_gam": 6374.346803923788,
    "cum_vec": 6374.346803923788,
    "DEX_Call": 274.039,
    "DEX_Put": -326.776,
    "DEX_Total": -52.737,
    "DEX_Ratio": 0.838614,
    "GEX_Call": 1376741.474,
    "GEX_Put": -1423843.972,
    "GEX_Total": -47102.498,
    "GEX_Ratio": 0.966919,
    "VEX_Call": -851415.915,
    "VEX_Put": 1287449.076,
    "VEX_Total": 436033.161,
    "VEX_Ratio": -0.66132,
    "CEX_Call": -967056.445,
    "CEX_Put": 970433.252,
    "CEX_Total": 3376.807,
    "CEX_Ratio": -0.99652
}