{
    "timestamp": "2025-07-09 11:28:38",
    "cum_gam": null,
    "cum_vec": 7199.08530876231,
    "DEX_Call": 1443.82,
    "DEX_Put": -618.093,
    "DEX_Total": 825.727,
    "DEX_Ratio": 2.335927,
    "GEX_Call": 2001292.608,
    "GEX_Put": -1448048.003,
    "GEX_Total": 553244.605,
    "GEX_Ratio": 1.382062,
    "VEX_Call": -276233.999,
    "VEX_Put": 6500437.004,
    "VEX_Total": 6224203.005,
    "VEX_Ratio": -0.042495,
    "CEX_Call": -387938.417,
    "CEX_Put": 1082509.417,
    "CEX_Total": 694571.0,
    "CEX_Ratio": -0.35837
}