{
    "timestamp": "2025-08-06 06:40:33",
    "cum_gam": 7018.897324575427,
    "cum_vec": 7493.035809379322,
    "DEX_Call": 5177.91,
    "DEX_Put": -2652.355,
    "DEX_Total": 2525.555,
    "DEX_Ratio": 1.952193,
    "GEX_Call": 5003906.114,
    "GEX_Put": -4671281.079,
    "GEX_Total": 332625.035,
    "GEX_Ratio": 1.071206,
    "VEX_Call": 3526261.132,
    "VEX_Put": 15594685.208,
    "VEX_Total": 19120946.34,
    "VEX_Ratio": 0.226119,
    "CEX_Call": -199523.668,
    "CEX_Put": 1851593.681,
    "CEX_Total": 1652070.013,
    "CEX_Ratio": -0.107758
}