{
    "timestamp": "2025-07-21 07:50:49",
    "cum_gam": 7004.91858322666,
    "cum_vec": 7376.900424147859,
    "DEX_Call": 2097.599,
    "DEX_Put": -766.063,
    "DEX_Total": 1331.536,
    "DEX_Ratio": 2.738155,
    "GEX_Call": 3434139.367,
    "GEX_Put": -2251803.682,
    "GEX_Total": 1182335.685,
    "GEX_Ratio": 1.525062,
    "VEX_Call": -59998.054,
    "VEX_Put": 8325028.733,
    "VEX_Total": 8265030.679,
    "VEX_Ratio": -0.007207,
    "CEX_Call": -595296.213,
    "CEX_Put": 2139968.166,
    "CEX_Total": 1544671.953,
    "CEX_Ratio": -0.27818
}