{
    "timestamp": "2025-10-28 12:48:58",
    "cum_gam": null,
    "cum_vec": 7624.732573725887,
    "DEX_Call": 2777.182,
    "DEX_Put": -812.763,
    "DEX_Total": 1964.419,
    "DEX_Ratio": 3.416964,
    "GEX_Call": 5366162.238,
    "GEX_Put": -2718220.432,
    "GEX_Total": 2647941.806,
    "GEX_Ratio": 1.974145,
    "VEX_Call": 492561.571,
    "VEX_Put": 9101740.652,
    "VEX_Total": 9594302.223,
    "VEX_Ratio": 0.054117,
    "CEX_Call": -520797.564,
    "CEX_Put": 3041638.193,
    "CEX_Total": 2520840.629,
    "CEX_Ratio": -0.171223
}