{
    "timestamp": "2025-11-04 11:45:12",
    "cum_gam": null,
    "cum_vec": 7811.818688296115,
    "DEX_Call": 6843.737,
    "DEX_Put": -3002.241,
    "DEX_Total": 3841.496,
    "DEX_Ratio": 2.279543,
    "GEX_Call": 5720806.364,
    "GEX_Put": -4752116.105,
    "GEX_Total": 968690.259,
    "GEX_Ratio": 1.203844,
    "VEX_Call": 1168713.312,
    "VEX_Put": 18141172.022,
    "VEX_Total": 19309885.334,
    "VEX_Ratio": 0.064423,
    "CEX_Call": -714117.514,
    "CEX_Put": 1956425.775,
    "CEX_Total": 1242308.261,
    "CEX_Ratio": -0.365011
}