{
    "timestamp": "2025-09-04 06:47:31",
    "cum_gam": 5003.873903630928,
    "cum_vec": 9036.245306633291,
    "DEX_Call": 1514.414,
    "DEX_Put": -936.022,
    "DEX_Total": 578.392,
    "DEX_Ratio": 1.617926,
    "GEX_Call": 1805958.94,
    "GEX_Put": -1832898.252,
    "GEX_Total": -26939.312,
    "GEX_Ratio": 0.985302,
    "VEX_Call": -178148.516,
    "VEX_Put": 8019760.93,
    "VEX_Total": 7841612.414,
    "VEX_Ratio": -0.022214,
    "CEX_Call": -313358.732,
    "CEX_Put": 1076168.59,
    "CEX_Total": 762809.858,
    "CEX_Ratio": -0.29118
}