{
    "timestamp": "2026-07-22 09:53:17",
    "cum_gam": null,
    "cum_vec": null,
    "DEX_Call": 564.994,
    "DEX_Put": -498.247,
    "DEX_Total": 66.747,
    "DEX_Ratio": 1.133964,
    "GEX_Call": 3353293.434,
    "GEX_Put": -2491227.833,
    "GEX_Total": 862065.601,
    "GEX_Ratio": 1.34604,
    "VEX_Call": -2005651.514,
    "VEX_Put": 2927922.217,
    "VEX_Total": 922270.703,
    "VEX_Ratio": -0.685008,
    "CEX_Call": -2114214.224,
    "CEX_Put": 1915275.417,
    "CEX_Total": -198938.807,
    "CEX_Ratio": -1.10387
}