{
    "timestamp": "2025-10-30 10:12:39",
    "cum_gam": 8785.046728971962,
    "cum_vec": 8785.046728971962,
    "DEX_Call": 531.426,
    "DEX_Put": -340.977,
    "DEX_Total": 190.449,
    "DEX_Ratio": 1.558539,
    "GEX_Call": 2161920.468,
    "GEX_Put": -1944130.172,
    "GEX_Total": 217790.296,
    "GEX_Ratio": 1.112025,
    "VEX_Call": -444056.603,
    "VEX_Put": 1588973.315,
    "VEX_Total": 1144916.712,
    "VEX_Ratio": -0.279461,
    "CEX_Call": -841944.988,
    "CEX_Put": 1425359.284,
    "CEX_Total": 583414.296,
    "CEX_Ratio": -0.59069
}