{
    "timestamp": "2025-10-01 11:34:33",
    "cum_gam": null,
    "cum_vec": 7520.365062458091,
    "DEX_Call": 1081.95,
    "DEX_Put": -576.404,
    "DEX_Total": 505.546,
    "DEX_Ratio": 1.877069,
    "GEX_Call": 1378407.871,
    "GEX_Put": -1090635.109,
    "GEX_Total": 287772.762,
    "GEX_Ratio": 1.263858,
    "VEX_Call": -411412.032,
    "VEX_Put": 5856896.858,
    "VEX_Total": 5445484.826,
    "VEX_Ratio": -0.070244,
    "CEX_Call": -268285.241,
    "CEX_Put": 638952.139,
    "CEX_Total": 370666.898,
    "CEX_Ratio": -0.419883
}