{
    "timestamp": "2025-11-18 10:25:27",
    "cum_gam": 5503.241985342222,
    "cum_vec": 7800.533040151917,
    "DEX_Call": 6207.662,
    "DEX_Put": -5203.536,
    "DEX_Total": 1004.126,
    "DEX_Ratio": 1.19297,
    "GEX_Call": 6619194.875,
    "GEX_Put": -6976985.381,
    "GEX_Total": -357790.506,
    "GEX_Ratio": 0.948718,
    "VEX_Call": -4196249.183,
    "VEX_Put": 15524547.925,
    "VEX_Total": 11328298.742,
    "VEX_Ratio": -0.270298,
    "CEX_Call": -2034278.806,
    "CEX_Put": 2435673.559,
    "CEX_Total": 401394.753,
    "CEX_Ratio": -0.835202
}