{
    "timestamp": "2025-09-18 06:45:18",
    "cum_gam": null,
    "cum_vec": 8061.029520842605,
    "DEX_Call": 1756.842,
    "DEX_Put": -1026.487,
    "DEX_Total": 730.355,
    "DEX_Ratio": 1.711509,
    "GEX_Call": 3214462.339,
    "GEX_Put": -2765478.403,
    "GEX_Total": 448983.936,
    "GEX_Ratio": 1.162353,
    "VEX_Call": -379388.904,
    "VEX_Put": 11038036.813,
    "VEX_Total": 10658647.909,
    "VEX_Ratio": -0.034371,
    "CEX_Call": -578428.851,
    "CEX_Put": 2308399.22,
    "CEX_Total": 1729970.369,
    "CEX_Ratio": -0.250576
}