{
    "timestamp": "2025-11-03 09:28:16",
    "cum_gam": 11938.674948240166,
    "cum_vec": 11938.674948240166,
    "DEX_Call": 4893.296,
    "DEX_Put": -2374.775,
    "DEX_Total": 2518.521,
    "DEX_Ratio": 2.06053,
    "GEX_Call": 4753532.418,
    "GEX_Put": -4039677.764,
    "GEX_Total": 713854.654,
    "GEX_Ratio": 1.176711,
    "VEX_Call": 2538561.556,
    "VEX_Put": 18185050.055,
    "VEX_Total": 20723611.611,
    "VEX_Ratio": 0.139596,
    "CEX_Call": -377009.529,
    "CEX_Put": 1984355.669,
    "CEX_Total": 1607346.14,
    "CEX_Ratio": -0.189991
}