{
    "timestamp": "2025-10-14 09:38:27",
    "cum_gam": 5407.676910296774,
    "cum_vec": 7520.750507519125,
    "DEX_Call": 1791.539,
    "DEX_Put": -1142.363,
    "DEX_Total": 649.176,
    "DEX_Ratio": 1.568275,
    "GEX_Call": 2026143.254,
    "GEX_Put": -2105299.701,
    "GEX_Total": -79156.447,
    "GEX_Ratio": 0.962401,
    "VEX_Call": -1026100.522,
    "VEX_Put": 8464036.412,
    "VEX_Total": 7437935.89,
    "VEX_Ratio": -0.121231,
    "CEX_Call": -548333.909,
    "CEX_Put": 1351739.033,
    "CEX_Total": 803405.124,
    "CEX_Ratio": -0.405651
}