{
    "timestamp": "2025-10-10 08:00:42",
    "cum_gam": null,
    "cum_vec": 7520.8590245765745,
    "DEX_Call": 1061.59,
    "DEX_Put": -878.008,
    "DEX_Total": 183.582,
    "DEX_Ratio": 1.209089,
    "GEX_Call": 1844240.409,
    "GEX_Put": -1720396.209,
    "GEX_Total": 123844.2,
    "GEX_Ratio": 1.071986,
    "VEX_Call": -1108429.924,
    "VEX_Put": 7472991.279,
    "VEX_Total": 6364561.355,
    "VEX_Ratio": -0.148325,
    "CEX_Call": -482678.314,
    "CEX_Put": 1022317.559,
    "CEX_Total": 539639.245,
    "CEX_Ratio": -0.472141
}