{
    "timestamp": "2025-10-23 09:12:32",
    "cum_gam": 8792.964824120603,
    "cum_vec": 8792.964824120603,
    "DEX_Call": 667.751,
    "DEX_Put": -425.179,
    "DEX_Total": 242.572,
    "DEX_Ratio": 1.570517,
    "GEX_Call": 2616931.376,
    "GEX_Put": -2168069.302,
    "GEX_Total": 448862.074,
    "GEX_Ratio": 1.207033,
    "VEX_Call": -640814.519,
    "VEX_Put": 3148379.944,
    "VEX_Total": 2507565.425,
    "VEX_Ratio": -0.203538,
    "CEX_Call": -1136417.919,
    "CEX_Put": 2845867.08,
    "CEX_Total": 1709449.161,
    "CEX_Ratio": -0.399322
}