{
    "timestamp": "2025-09-02 09:30:36",
    "cum_gam": 6083.256390750394,
    "cum_vec": 7630.680928776415,
    "DEX_Call": 1239.475,
    "DEX_Put": -1167.285,
    "DEX_Total": 72.19,
    "DEX_Ratio": 1.061844,
    "GEX_Call": 1244004.226,
    "GEX_Put": -1894207.733,
    "GEX_Total": -650203.507,
    "GEX_Ratio": 0.656741,
    "VEX_Call": 86240.99,
    "VEX_Put": 7406225.181,
    "VEX_Total": 7492466.171,
    "VEX_Ratio": 0.011644,
    "CEX_Call": -177695.489,
    "CEX_Put": 937677.742,
    "CEX_Total": 759982.253,
    "CEX_Ratio": -0.189506
}