{
    "timestamp": "2026-07-21 12:49:10",
    "cum_gam": null,
    "cum_vec": null,
    "DEX_Call": 500.867,
    "DEX_Put": -510.466,
    "DEX_Total": -9.599,
    "DEX_Ratio": 0.981196,
    "GEX_Call": 2749498.187,
    "GEX_Put": -2287509.463,
    "GEX_Total": 461988.724,
    "GEX_Ratio": 1.201961,
    "VEX_Call": -1883368.744,
    "VEX_Put": 2654046.22,
    "VEX_Total": 770677.476,
    "VEX_Ratio": -0.709622,
    "CEX_Call": -1720440.485,
    "CEX_Put": 1495402.691,
    "CEX_Total": -225037.794,
    "CEX_Ratio": -1.150486
}