{
    "timestamp": "2025-10-22 09:13:32",
    "cum_gam": null,
    "cum_vec": 7519.362314120156,
    "DEX_Call": 1582.035,
    "DEX_Put": -1291.508,
    "DEX_Total": 290.527,
    "DEX_Ratio": 1.224952,
    "GEX_Call": 3115324.602,
    "GEX_Put": -2846880.703,
    "GEX_Total": 268443.899,
    "GEX_Ratio": 1.094294,
    "VEX_Call": -1862214.287,
    "VEX_Put": 9387488.592,
    "VEX_Total": 7525274.305,
    "VEX_Ratio": -0.198372,
    "CEX_Call": -1030271.98,
    "CEX_Put": 2032558.532,
    "CEX_Total": 1002286.552,
    "CEX_Ratio": -0.506884
}