{
    "timestamp": "2025-09-23 07:53:06",
    "cum_gam": null,
    "cum_vec": 7219.595961553368,
    "DEX_Call": 1162.521,
    "DEX_Put": -355.338,
    "DEX_Total": 807.183,
    "DEX_Ratio": 3.271592,
    "GEX_Call": 2958629.865,
    "GEX_Put": -1907713.821,
    "GEX_Total": 1050916.044,
    "GEX_Ratio": 1.550877,
    "VEX_Call": 153824.575,
    "VEX_Put": 3164927.228,
    "VEX_Total": 3318751.803,
    "VEX_Ratio": 0.048603,
    "CEX_Call": -343014.757,
    "CEX_Put": 2458509.863,
    "CEX_Total": 2115495.106,
    "CEX_Ratio": -0.139521
}