{
    "timestamp": "2025-08-14 12:34:56",
    "cum_gam": null,
    "cum_vec": 8400.0,
    "DEX_Call": 420.904,
    "DEX_Put": -137.915,
    "DEX_Total": 282.989,
    "DEX_Ratio": 3.051909,
    "GEX_Call": 2319271.706,
    "GEX_Put": -1099662.163,
    "GEX_Total": 1219609.543,
    "GEX_Ratio": 2.109077,
    "VEX_Call": -207636.841,
    "VEX_Put": 1458438.232,
    "VEX_Total": 1250801.391,
    "VEX_Ratio": -0.142369,
    "CEX_Call": -610342.262,
    "CEX_Put": 1494376.82,
    "CEX_Total": 884034.558,
    "CEX_Ratio": -0.408426
}