{
    "timestamp": "2025-08-22 12:18:33",
    "cum_gam": null,
    "cum_vec": 8244.258872651357,
    "DEX_Call": 658.106,
    "DEX_Put": -203.253,
    "DEX_Total": 454.853,
    "DEX_Ratio": 3.237866,
    "GEX_Call": 3271221.089,
    "GEX_Put": -1661102.147,
    "GEX_Total": 1610118.942,
    "GEX_Ratio": 1.969308,
    "VEX_Call": -323743.694,
    "VEX_Put": 1811913.39,
    "VEX_Total": 1488169.696,
    "VEX_Ratio": -0.178675,
    "CEX_Call": -1024130.108,
    "CEX_Put": 2065577.407,
    "CEX_Total": 1041447.299,
    "CEX_Ratio": -0.495808
}