{
    "timestamp": "2025-09-16 10:56:28",
    "cum_gam": null,
    "cum_vec": 8015.417054603209,
    "DEX_Call": 2256.682,
    "DEX_Put": -963.337,
    "DEX_Total": 1293.345,
    "DEX_Ratio": 2.342568,
    "GEX_Call": 2877665.035,
    "GEX_Put": -2431011.208,
    "GEX_Total": 446653.827,
    "GEX_Ratio": 1.183732,
    "VEX_Call": 81425.773,
    "VEX_Put": 10668785.014,
    "VEX_Total": 10750210.787,
    "VEX_Ratio": 0.007632,
    "CEX_Call": -415392.292,
    "CEX_Put": 2109465.715,
    "CEX_Total": 1694073.423,
    "CEX_Ratio": -0.196918
}