{
    "timestamp": "2025-08-06 11:56:09",
    "cum_gam": 7009.8784980847995,
    "cum_vec": 7218.5069617795525,
    "DEX_Call": 1092.134,
    "DEX_Put": -662.919,
    "DEX_Total": 429.215,
    "DEX_Ratio": 1.647462,
    "GEX_Call": 3886081.269,
    "GEX_Put": -2869278.09,
    "GEX_Total": 1016803.179,
    "GEX_Ratio": 1.354376,
    "VEX_Call": -771969.707,
    "VEX_Put": 4254157.682,
    "VEX_Total": 3482187.975,
    "VEX_Ratio": -0.181462,
    "CEX_Call": -1351928.007,
    "CEX_Put": 3207376.537,
    "CEX_Total": 1855448.53,
    "CEX_Ratio": -0.421506
}