{
    "timestamp": "2025-11-10 13:55:34",
    "cum_gam": null,
    "cum_vec": 7814.301704445943,
    "DEX_Call": 5369.285,
    "DEX_Put": -2369.002,
    "DEX_Total": 3000.283,
    "DEX_Ratio": 2.266476,
    "GEX_Call": 6748867.469,
    "GEX_Put": -4546163.732,
    "GEX_Total": 2202703.737,
    "GEX_Ratio": 1.484519,
    "VEX_Call": 1506493.595,
    "VEX_Put": 17248197.019,
    "VEX_Total": 18754690.614,
    "VEX_Ratio": 0.087342,
    "CEX_Call": -804417.891,
    "CEX_Put": 2279460.427,
    "CEX_Total": 1475042.536,
    "CEX_Ratio": -0.352898
}