{
    "timestamp": "2025-10-28 10:53:52",
    "cum_gam": null,
    "cum_vec": 8800.0,
    "DEX_Call": 639.949,
    "DEX_Put": -138.516,
    "DEX_Total": 501.433,
    "DEX_Ratio": 4.620037,
    "GEX_Call": 1768685.674,
    "GEX_Put": -783869.025,
    "GEX_Total": 984816.649,
    "GEX_Ratio": 2.256354,
    "VEX_Call": 279797.503,
    "VEX_Put": 1644567.846,
    "VEX_Total": 1924365.349,
    "VEX_Ratio": 0.170134,
    "CEX_Call": -49395.485,
    "CEX_Put": 1191673.817,
    "CEX_Total": 1142278.332,
    "CEX_Ratio": -0.041451
}