{
    "timestamp": "2025-07-25 08:35:34",
    "cum_gam": 7009.079050899895,
    "cum_vec": 7208.866698253131,
    "DEX_Call": 1857.074,
    "DEX_Put": -714.643,
    "DEX_Total": 1142.431,
    "DEX_Ratio": 2.598604,
    "GEX_Call": 4587130.981,
    "GEX_Put": -2670069.197,
    "GEX_Total": 1917061.784,
    "GEX_Ratio": 1.717982,
    "VEX_Call": -341682.158,
    "VEX_Put": 8079553.785,
    "VEX_Total": 7737871.627,
    "VEX_Ratio": -0.04229,
    "CEX_Call": -857125.818,
    "CEX_Put": 2625322.595,
    "CEX_Total": 1768196.777,
    "CEX_Ratio": -0.326484
}