{
    "timestamp": "2025-09-08 09:34:25",
    "cum_gam": 7009.377084566633,
    "cum_vec": 7583.769317753487,
    "DEX_Call": 3575.441,
    "DEX_Put": -1415.926,
    "DEX_Total": 2159.515,
    "DEX_Ratio": 2.525161,
    "GEX_Call": 7393522.078,
    "GEX_Put": -6072767.024,
    "GEX_Total": 1320755.054,
    "GEX_Ratio": 1.217488,
    "VEX_Call": 2139357.554,
    "VEX_Put": 9713189.467,
    "VEX_Total": 11852547.021,
    "VEX_Ratio": 0.220253,
    "CEX_Call": 145961.48,
    "CEX_Put": 5316355.592,
    "CEX_Total": 5462317.072,
    "CEX_Ratio": 0.027455
}