{
    "timestamp": "2025-10-30 08:31:30",
    "cum_gam": 8785.964912280702,
    "cum_vec": 8785.964912280702,
    "DEX_Call": 578.749,
    "DEX_Put": -314.477,
    "DEX_Total": 264.272,
    "DEX_Ratio": 1.840354,
    "GEX_Call": 2199740.338,
    "GEX_Put": -1817182.488,
    "GEX_Total": 382557.85,
    "GEX_Ratio": 1.210523,
    "VEX_Call": -360048.644,
    "VEX_Put": 1729899.732,
    "VEX_Total": 1369851.088,
    "VEX_Ratio": -0.208133,
    "CEX_Call": -762537.449,
    "CEX_Put": 1600634.509,
    "CEX_Total": 838097.06,
    "CEX_Ratio": -0.476397
}