{
    "timestamp": "2025-08-22 11:43:50",
    "cum_gam": 7008.372887629535,
    "cum_vec": 7495.734233863345,
    "DEX_Call": 4364.705,
    "DEX_Put": -2000.867,
    "DEX_Total": 2363.838,
    "DEX_Ratio": 2.181407,
    "GEX_Call": 7105167.661,
    "GEX_Put": -5811623.5,
    "GEX_Total": 1293544.161,
    "GEX_Ratio": 1.222579,
    "VEX_Call": 2346128.97,
    "VEX_Put": 17026651.226,
    "VEX_Total": 19372780.196,
    "VEX_Ratio": 0.137792,
    "CEX_Call": -563131.934,
    "CEX_Put": 3585102.228,
    "CEX_Total": 3021970.294,
    "CEX_Ratio": -0.157076
}