{
    "timestamp": "2025-08-19 10:55:22",
    "cum_gam": 7007.6569918145915,
    "cum_vec": 7485.857167355548,
    "DEX_Call": 6165.87,
    "DEX_Put": -2375.463,
    "DEX_Total": 3790.407,
    "DEX_Ratio": 2.59565,
    "GEX_Call": 6694214.771,
    "GEX_Put": -5934628.694,
    "GEX_Total": 759586.077,
    "GEX_Ratio": 1.127992,
    "VEX_Call": 3445383.336,
    "VEX_Put": 16996114.306,
    "VEX_Total": 20441497.642,
    "VEX_Ratio": 0.202716,
    "CEX_Call": -324578.768,
    "CEX_Put": 3073376.253,
    "CEX_Total": 2748797.485,
    "CEX_Ratio": -0.10561
}