{
    "timestamp": "2025-07-18 07:33:11",
    "cum_gam": 7021.26462901943,
    "cum_vec": 7118.82028660283,
    "DEX_Call": 1884.968,
    "DEX_Put": -810.975,
    "DEX_Total": 1073.993,
    "DEX_Ratio": 2.324323,
    "GEX_Call": 3050363.814,
    "GEX_Put": -2177823.07,
    "GEX_Total": 872540.744,
    "GEX_Ratio": 1.400648,
    "VEX_Call": -365660.006,
    "VEX_Put": 8165240.275,
    "VEX_Total": 7799580.269,
    "VEX_Ratio": -0.044783,
    "CEX_Call": -617245.803,
    "CEX_Put": 1804831.847,
    "CEX_Total": 1187586.044,
    "CEX_Ratio": -0.341996
}