{
    "timestamp": "2025-11-25 13:35:22",
    "cum_gam": 8395.929933024214,
    "cum_vec": 8653.061224489797,
    "DEX_Call": 385.394,
    "DEX_Put": -211.862,
    "DEX_Total": 173.532,
    "DEX_Ratio": 1.81908,
    "GEX_Call": 1613872.367,
    "GEX_Put": -987131.329,
    "GEX_Total": 626741.038,
    "GEX_Ratio": 1.634912,
    "VEX_Call": -524031.081,
    "VEX_Put": 1709218.143,
    "VEX_Total": 1185187.062,
    "VEX_Ratio": -0.306591,
    "CEX_Call": -580290.267,
    "CEX_Put": 1276549.322,
    "CEX_Total": 696259.055,
    "CEX_Ratio": -0.454577
}