{
    "timestamp": "2025-09-22 06:30:26",
    "cum_gam": null,
    "cum_vec": 7050.259589044405,
    "DEX_Call": 947.404,
    "DEX_Put": -377.348,
    "DEX_Total": 570.056,
    "DEX_Ratio": 2.51069,
    "GEX_Call": 2332283.919,
    "GEX_Put": -1691416.569,
    "GEX_Total": 640867.35,
    "GEX_Ratio": 1.378894,
    "VEX_Call": 217824.908,
    "VEX_Put": 3043217.384,
    "VEX_Total": 3261042.292,
    "VEX_Ratio": 0.071577,
    "CEX_Call": -181982.391,
    "CEX_Put": 2075756.265,
    "CEX_Total": 1893773.874,
    "CEX_Ratio": -0.08767
}