{
    "timestamp": "2025-09-17 06:26:32",
    "cum_gam": null,
    "cum_vec": null,
    "DEX_Call": 379.079,
    "DEX_Put": -177.479,
    "DEX_Total": 201.6,
    "DEX_Ratio": 2.135909,
    "GEX_Call": 1159597.779,
    "GEX_Put": -946684.354,
    "GEX_Total": 212913.425,
    "GEX_Ratio": 1.224904,
    "VEX_Call": -137211.655,
    "VEX_Put": 1526027.698,
    "VEX_Total": 1388816.043,
    "VEX_Ratio": -0.089914,
    "CEX_Call": -320340.546,
    "CEX_Put": 1283844.701,
    "CEX_Total": 963504.155,
    "CEX_Ratio": -0.249517
}