{
    "timestamp": "2025-11-12 07:33:17",
    "cum_gam": null,
    "cum_vec": 7955.4241587510905,
    "DEX_Call": 5977.296,
    "DEX_Put": -2583.138,
    "DEX_Total": 3394.158,
    "DEX_Ratio": 2.313967,
    "GEX_Call": 7211467.236,
    "GEX_Put": -5303373.622,
    "GEX_Total": 1908093.614,
    "GEX_Ratio": 1.359789,
    "VEX_Call": 2154240.275,
    "VEX_Put": 19592323.008,
    "VEX_Total": 21746563.283,
    "VEX_Ratio": 0.109953,
    "CEX_Call": -760894.899,
    "CEX_Put": 2691789.296,
    "CEX_Total": 1930894.397,
    "CEX_Ratio": -0.282673
}