{
    "timestamp": "2025-10-02 06:40:23",
    "cum_gam": null,
    "cum_vec": 7521.0243752339475,
    "DEX_Call": 1072.6,
    "DEX_Put": -591.317,
    "DEX_Total": 481.283,
    "DEX_Ratio": 1.813917,
    "GEX_Call": 1435080.914,
    "GEX_Put": -1131974.234,
    "GEX_Total": 303106.68,
    "GEX_Ratio": 1.267768,
    "VEX_Call": -461332.771,
    "VEX_Put": 6051227.133,
    "VEX_Total": 5589894.362,
    "VEX_Ratio": -0.076238,
    "CEX_Call": -284227.639,
    "CEX_Put": 674075.196,
    "CEX_Total": 389847.557,
    "CEX_Ratio": -0.421656
}