{
    "timestamp": "2025-09-04 11:15:32",
    "cum_gam": null,
    "cum_vec": null,
    "DEX_Call": 312.647,
    "DEX_Put": -153.813,
    "DEX_Total": 158.834,
    "DEX_Ratio": 2.032644,
    "GEX_Call": 1945162.885,
    "GEX_Put": -1099478.403,
    "GEX_Total": 845684.482,
    "GEX_Ratio": 1.769169,
    "VEX_Call": -395592.723,
    "VEX_Put": 1324647.725,
    "VEX_Total": 929055.002,
    "VEX_Ratio": -0.29864,
    "CEX_Call": -776537.484,
    "CEX_Put": 1355444.839,
    "CEX_Total": 578907.355,
    "CEX_Ratio": -0.572902
}