{
    "timestamp": "2025-06-26 06:56:30",
    "cum_gam": null,
    "cum_vec": 6721.724035893476,
    "DEX_Call": 2075.888,
    "DEX_Put": -935.025,
    "DEX_Total": 1140.863,
    "DEX_Ratio": 2.220142,
    "GEX_Call": 4545276.46,
    "GEX_Put": -3078354.161,
    "GEX_Total": 1466922.299,
    "GEX_Ratio": 1.476528,
    "VEX_Call": -28708.318,
    "VEX_Put": 8285961.404,
    "VEX_Total": 8257253.086,
    "VEX_Ratio": -0.003465,
    "CEX_Call": -809753.651,
    "CEX_Put": 3010583.662,
    "CEX_Total": 2200830.011,
    "CEX_Ratio": -0.268969
}