{
    "timestamp": "2025-10-23 09:41:13",
    "cum_gam": null,
    "cum_vec": 7543.2872004895735,
    "DEX_Call": 1682.926,
    "DEX_Put": -1204.36,
    "DEX_Total": 478.566,
    "DEX_Ratio": 1.397361,
    "GEX_Call": 3547185.328,
    "GEX_Put": -2914625.266,
    "GEX_Total": 632560.062,
    "GEX_Ratio": 1.21703,
    "VEX_Call": -1675854.691,
    "VEX_Put": 9455332.67,
    "VEX_Total": 7779477.979,
    "VEX_Ratio": -0.177239,
    "CEX_Call": -1073454.165,
    "CEX_Put": 2172976.831,
    "CEX_Total": 1099522.666,
    "CEX_Ratio": -0.494002
}