{
    "timestamp": "2025-09-03 08:15:12",
    "cum_gam": null,
    "cum_vec": null,
    "DEX_Call": 200.233,
    "DEX_Put": -218.901,
    "DEX_Total": -18.668,
    "DEX_Ratio": 0.914719,
    "GEX_Call": 1186759.839,
    "GEX_Put": -1138711.222,
    "GEX_Total": 48048.617,
    "GEX_Ratio": 1.042196,
    "VEX_Call": -479959.623,
    "VEX_Put": 1233182.016,
    "VEX_Total": 753222.393,
    "VEX_Ratio": -0.389204,
    "CEX_Call": -664830.278,
    "CEX_Put": 988949.929,
    "CEX_Total": 324119.651,
    "CEX_Ratio": -0.672259
}