{
    "timestamp": "2025-08-25 12:27:00",
    "cum_gam": null,
    "cum_vec": 7480.169910550972,
    "DEX_Call": 3979.212,
    "DEX_Put": -1842.295,
    "DEX_Total": 2136.917,
    "DEX_Ratio": 2.159921,
    "GEX_Call": 7564530.867,
    "GEX_Put": -6132404.114,
    "GEX_Total": 1432126.753,
    "GEX_Ratio": 1.233534,
    "VEX_Call": 1328927.223,
    "VEX_Put": 15643196.456,
    "VEX_Total": 16972123.679,
    "VEX_Ratio": 0.084952,
    "CEX_Call": -942038.814,
    "CEX_Put": 3813056.613,
    "CEX_Total": 2871017.799,
    "CEX_Ratio": -0.247056
}