{
    "timestamp": "2025-09-08 09:48:53",
    "cum_gam": 5506.012752015872,
    "cum_vec": 7642.315392315392,
    "DEX_Call": 1539.253,
    "DEX_Put": -923.395,
    "DEX_Total": 615.858,
    "DEX_Ratio": 1.66695,
    "GEX_Call": 1775239.525,
    "GEX_Put": -1999670.054,
    "GEX_Total": -224430.529,
    "GEX_Ratio": 0.887766,
    "VEX_Call": 225021.04,
    "VEX_Put": 8622837.737,
    "VEX_Total": 8847858.777,
    "VEX_Ratio": 0.026096,
    "CEX_Call": -244396.61,
    "CEX_Put": 1302744.568,
    "CEX_Total": 1058347.958,
    "CEX_Ratio": -0.187601
}