{
    "timestamp": "2025-11-11 13:48:38",
    "cum_gam": null,
    "cum_vec": 7927.523549120685,
    "DEX_Call": 5724.325,
    "DEX_Put": -2604.515,
    "DEX_Total": 3119.81,
    "DEX_Ratio": 2.197847,
    "GEX_Call": 7153749.258,
    "GEX_Put": -5233601.172,
    "GEX_Total": 1920148.086,
    "GEX_Ratio": 1.366889,
    "VEX_Call": 1793528.709,
    "VEX_Put": 19202115.164,
    "VEX_Total": 20995643.873,
    "VEX_Ratio": 0.093403,
    "CEX_Call": -816713.626,
    "CEX_Put": 2572526.299,
    "CEX_Total": 1755812.673,
    "CEX_Ratio": -0.317475
}