{
    "timestamp": "2025-07-07 12:26:02",
    "cum_gam": null,
    "cum_vec": 8413.638928879931,
    "DEX_Call": 1701.391,
    "DEX_Put": -455.004,
    "DEX_Total": 1246.387,
    "DEX_Ratio": 3.739288,
    "GEX_Call": 2828863.178,
    "GEX_Put": -1816002.238,
    "GEX_Total": 1012860.94,
    "GEX_Ratio": 1.557742,
    "VEX_Call": 901228.455,
    "VEX_Put": 3737925.601,
    "VEX_Total": 4639154.056,
    "VEX_Ratio": 0.241104,
    "CEX_Call": 150689.505,
    "CEX_Put": 2298847.699,
    "CEX_Total": 2449537.204,
    "CEX_Ratio": 0.06555
}