{
    "timestamp": "2025-10-01 08:48:57",
    "cum_gam": null,
    "cum_vec": 7519.698062887087,
    "DEX_Call": 1047.202,
    "DEX_Put": -600.697,
    "DEX_Total": 446.505,
    "DEX_Ratio": 1.743312,
    "GEX_Call": 1364575.089,
    "GEX_Put": -1118733.78,
    "GEX_Total": 245841.309,
    "GEX_Ratio": 1.21975,
    "VEX_Call": -504218.06,
    "VEX_Put": 5872041.91,
    "VEX_Total": 5367823.85,
    "VEX_Ratio": -0.085868,
    "CEX_Call": -278695.586,
    "CEX_Put": 637284.676,
    "CEX_Total": 358589.09,
    "CEX_Ratio": -0.437317
}