{
    "timestamp": "2026-07-21 10:00:53",
    "cum_gam": 11987.638793357572,
    "cum_vec": 11987.638793357572,
    "DEX_Call": 2720.774,
    "DEX_Put": -2641.614,
    "DEX_Total": 79.16,
    "DEX_Ratio": 1.029967,
    "GEX_Call": 4136693.603,
    "GEX_Put": -4332328.034,
    "GEX_Total": -195634.431,
    "GEX_Ratio": 0.954843,
    "VEX_Call": -2993046.698,
    "VEX_Put": 11068033.125,
    "VEX_Total": 8074986.427,
    "VEX_Ratio": -0.270423,
    "CEX_Call": -1341237.547,
    "CEX_Put": 1748932.201,
    "CEX_Total": 407694.654,
    "CEX_Ratio": -0.766889
}