{
    "timestamp": "2025-06-30 06:58:08",
    "cum_gam": null,
    "cum_vec": 8000.0,
    "DEX_Call": 353.627,
    "DEX_Put": -110.955,
    "DEX_Total": 242.672,
    "DEX_Ratio": 3.187121,
    "GEX_Call": 1032794.916,
    "GEX_Put": -592960.924,
    "GEX_Total": 439833.992,
    "GEX_Ratio": 1.741759,
    "VEX_Call": 9273.368,
    "VEX_Put": 976259.411,
    "VEX_Total": 985532.779,
    "VEX_Ratio": 0.009499,
    "CEX_Call": -147239.83,
    "CEX_Put": 656681.474,
    "CEX_Total": 509441.644,
    "CEX_Ratio": -0.224218
}