{
    "timestamp": "2025-07-31 08:07:11",
    "cum_gam": null,
    "cum_vec": 8200.0,
    "DEX_Call": 314.883,
    "DEX_Put": -161.16,
    "DEX_Total": 153.723,
    "DEX_Ratio": 1.953853,
    "GEX_Call": 1581742.465,
    "GEX_Put": -1098979.711,
    "GEX_Total": 482762.754,
    "GEX_Ratio": 1.439283,
    "VEX_Call": -391139.462,
    "VEX_Put": 1216817.554,
    "VEX_Total": 825678.092,
    "VEX_Ratio": -0.321445,
    "CEX_Call": -778194.53,
    "CEX_Put": 1281764.462,
    "CEX_Total": 503569.932,
    "CEX_Ratio": -0.607128
}