{
    "timestamp": "2025-07-17 11:12:21",
    "cum_gam": 7986.440677966101,
    "cum_vec": 7986.440677966101,
    "DEX_Call": 322.724,
    "DEX_Put": -102.224,
    "DEX_Total": 220.5,
    "DEX_Ratio": 3.157028,
    "GEX_Call": 1811453.272,
    "GEX_Put": -862427.919,
    "GEX_Total": 949025.353,
    "GEX_Ratio": 2.100411,
    "VEX_Call": -382823.653,
    "VEX_Put": 990181.903,
    "VEX_Total": 607358.25,
    "VEX_Ratio": -0.38662,
    "CEX_Call": -670541.855,
    "CEX_Put": 1069239.021,
    "CEX_Total": 398697.166,
    "CEX_Ratio": -0.627121
}