{
    "timestamp": "2025-09-04 07:45:56",
    "cum_gam": null,
    "cum_vec": null,
    "DEX_Call": 257.367,
    "DEX_Put": -188.16,
    "DEX_Total": 69.207,
    "DEX_Ratio": 1.367809,
    "GEX_Call": 1729134.183,
    "GEX_Put": -1221845.285,
    "GEX_Total": 507288.898,
    "GEX_Ratio": 1.415183,
    "VEX_Call": -531202.369,
    "VEX_Put": 1281967.747,
    "VEX_Total": 750765.378,
    "VEX_Ratio": -0.414365,
    "CEX_Call": -901273.252,
    "CEX_Put": 1246969.104,
    "CEX_Total": 345695.852,
    "CEX_Ratio": -0.722771
}