{
    "timestamp": "2025-11-07 11:23:08",
    "cum_gam": 6714.975012859658,
    "cum_vec": 8799.89350372737,
    "DEX_Call": 114.772,
    "DEX_Put": -758.561,
    "DEX_Total": -643.789,
    "DEX_Ratio": 0.151302,
    "GEX_Call": 819941.416,
    "GEX_Put": -2327907.211,
    "GEX_Total": -1507965.795,
    "GEX_Ratio": 0.352223,
    "VEX_Call": -1062654.784,
    "VEX_Put": 689369.401,
    "VEX_Total": -373285.383,
    "VEX_Ratio": -1.541488,
    "CEX_Call": -1464303.612,
    "CEX_Put": 479190.602,
    "CEX_Total": -985113.01,
    "CEX_Ratio": -3.055785
}