{
    "timestamp": "2025-08-13 10:32:34",
    "cum_gam": 7005.762469324317,
    "cum_vec": 7536.892277306527,
    "DEX_Call": 4240.391,
    "DEX_Put": -1775.291,
    "DEX_Total": 2465.1,
    "DEX_Ratio": 2.388561,
    "GEX_Call": 5054195.563,
    "GEX_Put": -4372237.288,
    "GEX_Total": 681958.275,
    "GEX_Ratio": 1.155975,
    "VEX_Call": 2955796.534,
    "VEX_Put": 17163646.096,
    "VEX_Total": 20119442.63,
    "VEX_Ratio": 0.172213,
    "CEX_Call": -236179.694,
    "CEX_Put": 2625855.956,
    "CEX_Total": 2389676.262,
    "CEX_Ratio": -0.089944
}