{
    "timestamp": "2025-08-11 12:14:43",
    "cum_gam": 7016.00524912856,
    "cum_vec": 7515.014178535387,
    "DEX_Call": 5637.577,
    "DEX_Put": -2128.376,
    "DEX_Total": 3509.201,
    "DEX_Ratio": 2.648769,
    "GEX_Call": 5350312.942,
    "GEX_Put": -4621583.162,
    "GEX_Total": 728729.78,
    "GEX_Ratio": 1.15768,
    "VEX_Call": 4158586.474,
    "VEX_Put": 16297961.169,
    "VEX_Total": 20456547.643,
    "VEX_Ratio": 0.25516,
    "CEX_Call": -87517.868,
    "CEX_Put": 2303377.733,
    "CEX_Total": 2215859.865,
    "CEX_Ratio": -0.037995
}