{
    "timestamp": "2025-11-18 09:06:34",
    "cum_gam": 5776.485479714941,
    "cum_vec": 7803.713301817484,
    "DEX_Call": 6200.427,
    "DEX_Put": -5557.093,
    "DEX_Total": 643.334,
    "DEX_Ratio": 1.115768,
    "GEX_Call": 6295920.088,
    "GEX_Put": -6952657.456,
    "GEX_Total": -656737.368,
    "GEX_Ratio": 0.905542,
    "VEX_Call": -4718184.993,
    "VEX_Put": 14774061.775,
    "VEX_Total": 10055876.782,
    "VEX_Ratio": -0.319356,
    "CEX_Call": -2101966.565,
    "CEX_Put": 2275904.102,
    "CEX_Total": 173937.537,
    "CEX_Ratio": -0.923574
}