{
    "timestamp": "2025-09-17 12:39:47",
    "cum_gam": null,
    "cum_vec": 8007.013616862526,
    "DEX_Call": 2280.997,
    "DEX_Put": -1031.686,
    "DEX_Total": 1249.311,
    "DEX_Ratio": 2.210941,
    "GEX_Call": 3047383.535,
    "GEX_Put": -2686306.258,
    "GEX_Total": 361077.277,
    "GEX_Ratio": 1.134414,
    "VEX_Call": -244707.376,
    "VEX_Put": 11050831.956,
    "VEX_Total": 10806124.58,
    "VEX_Ratio": -0.022144,
    "CEX_Call": -521877.255,
    "CEX_Put": 2232116.468,
    "CEX_Total": 1710239.213,
    "CEX_Ratio": -0.233804
}