{
    "timestamp": "2026-07-23 10:05:07",
    "cum_gam": 11985.689452139291,
    "cum_vec": 11985.689452139291,
    "DEX_Call": 2365.493,
    "DEX_Put": -3407.182,
    "DEX_Total": -1041.689,
    "DEX_Ratio": 0.694267,
    "GEX_Call": 3650193.725,
    "GEX_Put": -5016454.462,
    "GEX_Total": -1366260.737,
    "GEX_Ratio": 0.727644,
    "VEX_Call": -3008253.713,
    "VEX_Put": 10603837.746,
    "VEX_Total": 7595584.033,
    "VEX_Ratio": -0.283695,
    "CEX_Call": -1398115.61,
    "CEX_Put": 1741961.43,
    "CEX_Total": 343845.82,
    "CEX_Ratio": -0.80261
}