{
    "timestamp": "2025-11-19 08:21:00",
    "cum_gam": 8599.324739103744,
    "cum_vec": 8800.0,
    "DEX_Call": 309.864,
    "DEX_Put": -654.553,
    "DEX_Total": -344.689,
    "DEX_Ratio": 0.473398,
    "GEX_Call": 1243324.667,
    "GEX_Put": -1730189.302,
    "GEX_Total": -486864.635,
    "GEX_Ratio": 0.718606,
    "VEX_Call": -1244246.062,
    "VEX_Put": 1761916.375,
    "VEX_Total": 517670.313,
    "VEX_Ratio": -0.706189,
    "CEX_Call": -1343201.051,
    "CEX_Put": 1264193.48,
    "CEX_Total": -79007.571,
    "CEX_Ratio": -1.062496
}