{
    "timestamp": "2025-10-23 09:59:07",
    "cum_gam": 8792.533333333333,
    "cum_vec": 8792.533333333333,
    "DEX_Call": 684.472,
    "DEX_Put": -410.251,
    "DEX_Total": 274.221,
    "DEX_Ratio": 1.668423,
    "GEX_Call": 2690388.669,
    "GEX_Put": -2129929.188,
    "GEX_Total": 560459.481,
    "GEX_Ratio": 1.263135,
    "VEX_Call": -597417.592,
    "VEX_Put": 3190583.866,
    "VEX_Total": 2593166.274,
    "VEX_Ratio": -0.187244,
    "CEX_Call": -1100792.958,
    "CEX_Put": 2916219.814,
    "CEX_Total": 1815426.856,
    "CEX_Ratio": -0.377473
}