{
    "timestamp": "2025-07-10 09:58:43",
    "cum_gam": null,
    "cum_vec": 8426.98206791301,
    "DEX_Call": 1231.345,
    "DEX_Put": -316.908,
    "DEX_Total": 914.437,
    "DEX_Ratio": 3.885497,
    "GEX_Call": 3754355.384,
    "GEX_Put": -1916467.233,
    "GEX_Total": 1837888.151,
    "GEX_Ratio": 1.958998,
    "VEX_Call": 97771.95,
    "VEX_Put": 3014176.693,
    "VEX_Total": 3111948.643,
    "VEX_Ratio": 0.032437,
    "CEX_Call": -585351.992,
    "CEX_Put": 2712809.21,
    "CEX_Total": 2127457.218,
    "CEX_Ratio": -0.215773
}