{
    "timestamp": "2025-11-10 10:21:54",
    "cum_gam": 7001.9556905779145,
    "cum_vec": 7705.303586190242,
    "DEX_Call": 1154.614,
    "DEX_Put": -944.256,
    "DEX_Total": 210.358,
    "DEX_Ratio": 1.222776,
    "GEX_Call": 3260044.868,
    "GEX_Put": -2780127.458,
    "GEX_Total": 479917.41,
    "GEX_Ratio": 1.172624,
    "VEX_Call": -742855.229,
    "VEX_Put": 3726381.63,
    "VEX_Total": 2983526.401,
    "VEX_Ratio": -0.19935,
    "CEX_Call": -1013551.642,
    "CEX_Put": 1954026.43,
    "CEX_Total": 940474.788,
    "CEX_Ratio": -0.518699
}