{
    "timestamp": "2025-11-19 09:40:52",
    "cum_gam": 5009.670198637165,
    "cum_vec": 7723.213363726244,
    "DEX_Call": 6512.995,
    "DEX_Put": -5182.465,
    "DEX_Total": 1330.53,
    "DEX_Ratio": 1.256737,
    "GEX_Call": 7102050.176,
    "GEX_Put": -7245251.533,
    "GEX_Total": -143201.357,
    "GEX_Ratio": 0.980235,
    "VEX_Call": -4201479.372,
    "VEX_Put": 16290495.78,
    "VEX_Total": 12089016.408,
    "VEX_Ratio": -0.25791,
    "CEX_Call": -2149497.133,
    "CEX_Put": 2721280.279,
    "CEX_Total": 571783.146,
    "CEX_Ratio": -0.789885
}