{
    "timestamp": "2025-09-02 11:01:23",
    "cum_gam": 6372.096183047433,
    "cum_vec": 6372.096183047433,
    "DEX_Call": 124.416,
    "DEX_Put": -291.133,
    "DEX_Total": -166.717,
    "DEX_Ratio": 0.427351,
    "GEX_Call": 607398.821,
    "GEX_Put": -1042496.973,
    "GEX_Total": -435098.152,
    "GEX_Ratio": 0.582638,
    "VEX_Call": -477402.145,
    "VEX_Put": 1009391.195,
    "VEX_Total": 531989.05,
    "VEX_Ratio": -0.47296,
    "CEX_Call": -511517.781,
    "CEX_Put": 642785.089,
    "CEX_Total": 131267.308,
    "CEX_Ratio": -0.795784
}