{
    "timestamp": "2025-07-02 06:59:18",
    "cum_gam": null,
    "cum_vec": 7304.395929794337,
    "DEX_Call": 1359.399,
    "DEX_Put": -624.014,
    "DEX_Total": 735.385,
    "DEX_Ratio": 2.178475,
    "GEX_Call": 1595789.458,
    "GEX_Put": -1229112.133,
    "GEX_Total": 366677.325,
    "GEX_Ratio": 1.298327,
    "VEX_Call": -157683.756,
    "VEX_Put": 6035756.419,
    "VEX_Total": 5878072.663,
    "VEX_Ratio": -0.026125,
    "CEX_Call": -281132.102,
    "CEX_Put": 841892.551,
    "CEX_Total": 560760.449,
    "CEX_Ratio": -0.333929
}