{
    "timestamp": "2025-11-06 09:46:10",
    "cum_gam": 6700.105545252646,
    "cum_vec": 6700.105545252646,
    "DEX_Call": 169.091,
    "DEX_Put": -533.796,
    "DEX_Total": -364.705,
    "DEX_Ratio": 0.316771,
    "GEX_Call": 989120.774,
    "GEX_Put": -1749554.244,
    "GEX_Total": -760433.47,
    "GEX_Ratio": 0.565356,
    "VEX_Call": -1089535.011,
    "VEX_Put": 978505.272,
    "VEX_Total": -111029.739,
    "VEX_Ratio": -1.113469,
    "CEX_Call": -1277794.877,
    "CEX_Put": 760139.246,
    "CEX_Total": -517655.631,
    "CEX_Ratio": -1.681001
}