{
    "timestamp": "2025-07-16 12:36:46",
    "cum_gam": 7023.154428357717,
    "cum_vec": 7113.541412013966,
    "DEX_Call": 1665.799,
    "DEX_Put": -832.355,
    "DEX_Total": 833.444,
    "DEX_Ratio": 2.001308,
    "GEX_Call": 2573965.101,
    "GEX_Put": -2019247.04,
    "GEX_Total": 554718.061,
    "GEX_Ratio": 1.274715,
    "VEX_Call": -525591.113,
    "VEX_Put": 7838643.124,
    "VEX_Total": 7313052.011,
    "VEX_Ratio": -0.067051,
    "CEX_Call": -578030.327,
    "CEX_Put": 1612512.231,
    "CEX_Total": 1034481.904,
    "CEX_Ratio": -0.358466
}