{
    "timestamp": "2025-10-03 07:23:04",
    "cum_gam": null,
    "cum_vec": null,
    "DEX_Call": 447.217,
    "DEX_Put": -163.647,
    "DEX_Total": 283.57,
    "DEX_Ratio": 2.732815,
    "GEX_Call": 2863484.692,
    "GEX_Put": -1512062.363,
    "GEX_Total": 1351422.329,
    "GEX_Ratio": 1.893761,
    "VEX_Call": -270239.6,
    "VEX_Put": 1911497.74,
    "VEX_Total": 1641258.14,
    "VEX_Ratio": -0.141376,
    "CEX_Call": -836430.491,
    "CEX_Put": 2267992.269,
    "CEX_Total": 1431561.778,
    "CEX_Ratio": -0.368798
}