{
    "timestamp": "2025-09-17 12:29:17",
    "cum_gam": null,
    "cum_vec": 8055.40168267441,
    "DEX_Call": 2306.892,
    "DEX_Put": -994.017,
    "DEX_Total": 1312.875,
    "DEX_Ratio": 2.320777,
    "GEX_Call": 3079600.712,
    "GEX_Put": -2642943.315,
    "GEX_Total": 436657.397,
    "GEX_Ratio": 1.165216,
    "VEX_Call": -106536.81,
    "VEX_Put": 10838830.145,
    "VEX_Total": 10732293.335,
    "VEX_Ratio": -0.009829,
    "CEX_Call": -490971.374,
    "CEX_Put": 2180650.512,
    "CEX_Total": 1689679.138,
    "CEX_Ratio": -0.225149
}