{
    "timestamp": "2025-07-07 10:04:08",
    "cum_gam": 8328.412969283276,
    "cum_vec": 8401.930333149274,
    "DEX_Call": 1765.829,
    "DEX_Put": -470.322,
    "DEX_Total": 1295.507,
    "DEX_Ratio": 3.754511,
    "GEX_Call": 2799692.432,
    "GEX_Put": -1815838.711,
    "GEX_Total": 983853.721,
    "GEX_Ratio": 1.541818,
    "VEX_Call": 939703.866,
    "VEX_Put": 3894861.616,
    "VEX_Total": 4834565.482,
    "VEX_Ratio": 0.241268,
    "CEX_Call": 176454.649,
    "CEX_Put": 2383906.479,
    "CEX_Total": 2560361.128,
    "CEX_Ratio": 0.074019
}