{
    "timestamp": "2025-10-08 11:02:09",
    "cum_gam": null,
    "cum_vec": 7522.003373419329,
    "DEX_Call": 1256.38,
    "DEX_Put": -699.853,
    "DEX_Total": 556.527,
    "DEX_Ratio": 1.795206,
    "GEX_Call": 1713617.588,
    "GEX_Put": -1438297.184,
    "GEX_Total": 275320.404,
    "GEX_Ratio": 1.191421,
    "VEX_Call": -526171.156,
    "VEX_Put": 7078280.989,
    "VEX_Total": 6552109.833,
    "VEX_Ratio": -0.074336,
    "CEX_Call": -351415.16,
    "CEX_Put": 927447.485,
    "CEX_Total": 576032.325,
    "CEX_Ratio": -0.378906
}