{
    "timestamp": "2025-11-18 09:50:30",
    "cum_gam": 5253.485223075405,
    "cum_vec": 7800.2603337783075,
    "DEX_Call": 6365.481,
    "DEX_Put": -5027.928,
    "DEX_Total": 1337.553,
    "DEX_Ratio": 1.266025,
    "GEX_Call": 6780605.694,
    "GEX_Put": -6974054.976,
    "GEX_Total": -193449.282,
    "GEX_Ratio": 0.972262,
    "VEX_Call": -3902748.473,
    "VEX_Put": 15841707.359,
    "VEX_Total": 11938958.886,
    "VEX_Ratio": -0.246359,
    "CEX_Call": -1993563.679,
    "CEX_Put": 2496447.214,
    "CEX_Total": 502883.535,
    "CEX_Ratio": -0.79856
}