{
    "timestamp": "2025-10-09 07:13:49",
    "cum_gam": null,
    "cum_vec": 7522.312872168125,
    "DEX_Call": 1233.547,
    "DEX_Put": -763.257,
    "DEX_Total": 470.29,
    "DEX_Ratio": 1.616162,
    "GEX_Call": 1789572.499,
    "GEX_Put": -1561126.874,
    "GEX_Total": 228445.625,
    "GEX_Ratio": 1.146334,
    "VEX_Call": -694002.08,
    "VEX_Put": 7336792.609,
    "VEX_Total": 6642790.529,
    "VEX_Ratio": -0.094592,
    "CEX_Call": -394872.738,
    "CEX_Put": 981853.931,
    "CEX_Total": 586981.193,
    "CEX_Ratio": -0.402171
}