{
    "timestamp": "2025-07-10 08:34:12",
    "cum_gam": null,
    "cum_vec": 8180.491527040346,
    "DEX_Call": 998.51,
    "DEX_Put": -326.154,
    "DEX_Total": 672.356,
    "DEX_Ratio": 3.061468,
    "GEX_Call": 3656748.045,
    "GEX_Put": -1934053.278,
    "GEX_Total": 1722694.767,
    "GEX_Ratio": 1.890717,
    "VEX_Call": -82204.938,
    "VEX_Put": 3099561.402,
    "VEX_Total": 3017356.464,
    "VEX_Ratio": -0.026521,
    "CEX_Call": -737431.736,
    "CEX_Put": 2769142.71,
    "CEX_Total": 2031710.974,
    "CEX_Ratio": -0.266303
}