{
    "timestamp": "2025-10-21 11:38:27",
    "cum_gam": 8792.011412268188,
    "cum_vec": 8792.011412268188,
    "DEX_Call": 659.965,
    "DEX_Put": -296.165,
    "DEX_Total": 363.8,
    "DEX_Ratio": 2.228369,
    "GEX_Call": 2191168.659,
    "GEX_Put": -1433384.323,
    "GEX_Total": 757784.336,
    "GEX_Ratio": 1.528668,
    "VEX_Call": -378980.515,
    "VEX_Put": 2739770.563,
    "VEX_Total": 2360790.048,
    "VEX_Ratio": -0.138326,
    "CEX_Call": -663025.369,
    "CEX_Put": 1855791.114,
    "CEX_Total": 1192765.745,
    "CEX_Ratio": -0.357274
}