{
    "timestamp": "2025-07-17 12:50:36",
    "cum_gam": 7019.995336852111,
    "cum_vec": 7120.661813714959,
    "DEX_Call": 1873.579,
    "DEX_Put": -750.024,
    "DEX_Total": 1123.555,
    "DEX_Ratio": 2.498025,
    "GEX_Call": 2891392.749,
    "GEX_Put": -1972388.273,
    "GEX_Total": 919004.476,
    "GEX_Ratio": 1.465935,
    "VEX_Call": -162159.677,
    "VEX_Put": 8016533.453,
    "VEX_Total": 7854373.776,
    "VEX_Ratio": -0.020228,
    "CEX_Call": -528760.671,
    "CEX_Put": 1732800.257,
    "CEX_Total": 1204039.586,
    "CEX_Ratio": -0.305148
}