{
    "timestamp": "2025-06-30 06:52:26",
    "cum_gam": null,
    "cum_vec": 8000.0,
    "DEX_Call": 389.764,
    "DEX_Put": -112.42,
    "DEX_Total": 277.344,
    "DEX_Ratio": 3.467034,
    "GEX_Call": 1037702.245,
    "GEX_Put": -601528.739,
    "GEX_Total": 436173.506,
    "GEX_Ratio": 1.725108,
    "VEX_Call": 25093.944,
    "VEX_Put": 978749.371,
    "VEX_Total": 1003843.315,
    "VEX_Ratio": 0.025639,
    "CEX_Call": -130341.079,
    "CEX_Put": 657189.816,
    "CEX_Total": 526848.737,
    "CEX_Ratio": -0.198331
}