{
    "timestamp": "2025-09-29 07:40:11",
    "cum_gam": null,
    "cum_vec": 8854.940604084859,
    "DEX_Call": 2445.621,
    "DEX_Put": -1065.516,
    "DEX_Total": 1380.105,
    "DEX_Ratio": 2.295246,
    "GEX_Call": 6946135.946,
    "GEX_Put": -5027199.97,
    "GEX_Total": 1918935.976,
    "GEX_Ratio": 1.381711,
    "VEX_Call": -1180301.899,
    "VEX_Put": 10530726.346,
    "VEX_Total": 9350424.447,
    "VEX_Ratio": -0.112082,
    "CEX_Call": -1919210.624,
    "CEX_Put": 5441684.098,
    "CEX_Total": 3522473.474,
    "CEX_Ratio": -0.352687
}