{
    "timestamp": "2025-07-16 10:05:27",
    "cum_gam": 7980.722891566265,
    "cum_vec": 7980.722891566265,
    "DEX_Call": 272.985,
    "DEX_Put": -169.869,
    "DEX_Total": 103.116,
    "DEX_Ratio": 1.607032,
    "GEX_Call": 1112654.426,
    "GEX_Put": -952780.396,
    "GEX_Total": 159874.03,
    "GEX_Ratio": 1.167797,
    "VEX_Call": -304325.513,
    "VEX_Put": 934432.714,
    "VEX_Total": 630107.201,
    "VEX_Ratio": -0.325679,
    "CEX_Call": -483340.942,
    "CEX_Put": 815788.249,
    "CEX_Total": 332447.307,
    "CEX_Ratio": -0.592483
}