{
    "timestamp": "2025-11-07 13:45:39",
    "cum_gam": null,
    "cum_vec": 7808.543487502599,
    "DEX_Call": 4850.974,
    "DEX_Put": -3554.326,
    "DEX_Total": 1296.648,
    "DEX_Ratio": 1.364808,
    "GEX_Call": 6180209.645,
    "GEX_Put": -5434314.144,
    "GEX_Total": 745895.501,
    "GEX_Ratio": 1.137257,
    "VEX_Call": -2357594.027,
    "VEX_Put": 17660397.189,
    "VEX_Total": 15302803.162,
    "VEX_Ratio": -0.133496,
    "CEX_Call": -1339330.378,
    "CEX_Put": 2012552.59,
    "CEX_Total": 673222.212,
    "CEX_Ratio": -0.665488
}