{
    "timestamp": "2025-11-05 11:49:50",
    "cum_gam": null,
    "cum_vec": 7809.029390406422,
    "DEX_Call": 5256.842,
    "DEX_Put": -2666.865,
    "DEX_Total": 2589.977,
    "DEX_Ratio": 1.971169,
    "GEX_Call": 6036340.694,
    "GEX_Put": -4731087.183,
    "GEX_Total": 1305253.511,
    "GEX_Ratio": 1.275889,
    "VEX_Call": 1553159.067,
    "VEX_Put": 19143298.149,
    "VEX_Total": 20696457.216,
    "VEX_Ratio": 0.081133,
    "CEX_Call": -710911.326,
    "CEX_Put": 2156881.625,
    "CEX_Total": 1445970.299,
    "CEX_Ratio": -0.329601
}