{
    "timestamp": "2025-09-25 11:35:23",
    "cum_gam": 6003.677077324795,
    "cum_vec": 8758.06526029785,
    "DEX_Call": 2533.0,
    "DEX_Put": -1830.848,
    "DEX_Total": 702.152,
    "DEX_Ratio": 1.383512,
    "GEX_Call": 4537126.338,
    "GEX_Put": -5071949.749,
    "GEX_Total": -534823.411,
    "GEX_Ratio": 0.894553,
    "VEX_Call": -1659492.256,
    "VEX_Put": 10722391.303,
    "VEX_Total": 9062899.047,
    "VEX_Ratio": -0.154769,
    "CEX_Call": -1574541.51,
    "CEX_Put": 2949350.408,
    "CEX_Total": 1374808.898,
    "CEX_Ratio": -0.53386
}