{
    "timestamp": "2025-11-20 11:34:01",
    "cum_gam": 8599.212864050376,
    "cum_vec": 8800.0,
    "DEX_Call": 287.943,
    "DEX_Put": -884.146,
    "DEX_Total": -596.203,
    "DEX_Ratio": 0.325674,
    "GEX_Call": 973570.509,
    "GEX_Put": -1884222.191,
    "GEX_Total": -910651.682,
    "GEX_Ratio": 0.516696,
    "VEX_Call": -1385037.402,
    "VEX_Put": 1441807.815,
    "VEX_Total": 56770.413,
    "VEX_Ratio": -0.960626,
    "CEX_Call": -1673695.651,
    "CEX_Put": 1198066.759,
    "CEX_Total": -475628.892,
    "CEX_Ratio": -1.396997
}