{
    "timestamp": "2025-08-08 09:52:06",
    "cum_gam": 7009.8932063865395,
    "cum_vec": 7206.444638904617,
    "DEX_Call": 1155.511,
    "DEX_Put": -510.746,
    "DEX_Total": 644.765,
    "DEX_Ratio": 2.262399,
    "GEX_Call": 5676842.695,
    "GEX_Put": -2917953.645,
    "GEX_Total": 2758889.05,
    "GEX_Ratio": 1.945488,
    "VEX_Call": -810273.279,
    "VEX_Put": 3792615.346,
    "VEX_Total": 2982342.067,
    "VEX_Ratio": -0.213645,
    "CEX_Call": -2058564.497,
    "CEX_Put": 4009741.921,
    "CEX_Total": 1951177.424,
    "CEX_Ratio": -0.513391
}