{
    "timestamp": "2025-08-19 11:32:42",
    "cum_gam": 7007.556674705066,
    "cum_vec": 7488.363195259212,
    "DEX_Call": 6098.294,
    "DEX_Put": -2440.391,
    "DEX_Total": 3657.903,
    "DEX_Ratio": 2.4989,
    "GEX_Call": 6698793.111,
    "GEX_Put": -5990218.89,
    "GEX_Total": 708574.221,
    "GEX_Ratio": 1.118289,
    "VEX_Call": 3392781.062,
    "VEX_Put": 16931553.809,
    "VEX_Total": 20324334.871,
    "VEX_Ratio": 0.200382,
    "CEX_Call": -339159.203,
    "CEX_Put": 3055926.498,
    "CEX_Total": 2716767.295,
    "CEX_Ratio": -0.110984
}