{
    "timestamp": "2025-09-08 07:53:50",
    "cum_gam": 5357.054001272183,
    "cum_vec": 7632.182997661613,
    "DEX_Call": 1555.761,
    "DEX_Put": -886.763,
    "DEX_Total": 668.998,
    "DEX_Ratio": 1.754427,
    "GEX_Call": 1780099.046,
    "GEX_Put": -1945431.829,
    "GEX_Total": -165332.783,
    "GEX_Ratio": 0.915015,
    "VEX_Call": 223463.372,
    "VEX_Put": 8575878.78,
    "VEX_Total": 8799342.152,
    "VEX_Ratio": 0.026057,
    "CEX_Call": -243900.746,
    "CEX_Put": 1294109.607,
    "CEX_Total": 1050208.861,
    "CEX_Ratio": -0.18847
}