{
    "timestamp": "2025-08-14 07:39:58",
    "cum_gam": null,
    "cum_vec": 8400.0,
    "DEX_Call": 427.827,
    "DEX_Put": -142.819,
    "DEX_Total": 285.008,
    "DEX_Ratio": 2.995589,
    "GEX_Call": 2274079.257,
    "GEX_Put": -1099084.76,
    "GEX_Total": 1174994.497,
    "GEX_Ratio": 2.069066,
    "VEX_Call": -222593.807,
    "VEX_Put": 1456111.318,
    "VEX_Total": 1233517.511,
    "VEX_Ratio": -0.152869,
    "CEX_Call": -613008.35,
    "CEX_Put": 1441648.133,
    "CEX_Total": 828639.783,
    "CEX_Ratio": -0.425214
}