{
    "timestamp": "2025-11-24 12:37:07",
    "cum_gam": 8399.4531688166,
    "cum_vec": 8559.183673469388,
    "DEX_Call": 223.332,
    "DEX_Put": -302.578,
    "DEX_Total": -79.246,
    "DEX_Ratio": 0.738097,
    "GEX_Call": 925608.107,
    "GEX_Put": -967716.212,
    "GEX_Total": -42108.105,
    "GEX_Ratio": 0.956487,
    "VEX_Call": -649397.27,
    "VEX_Put": 1662506.69,
    "VEX_Total": 1013109.42,
    "VEX_Ratio": -0.390613,
    "CEX_Call": -619946.064,
    "CEX_Put": 1009836.351,
    "CEX_Total": 389890.287,
    "CEX_Ratio": -0.613907
}