{
    "timestamp": "2025-07-10 10:55:39",
    "cum_gam": null,
    "cum_vec": 8435.773640361778,
    "DEX_Call": 2382.438,
    "DEX_Put": -301.53,
    "DEX_Total": 2080.908,
    "DEX_Ratio": 7.901164,
    "GEX_Call": 3976619.448,
    "GEX_Put": -1832420.747,
    "GEX_Total": 2144198.701,
    "GEX_Ratio": 2.170145,
    "VEX_Call": 984965.867,
    "VEX_Put": 3056128.222,
    "VEX_Total": 4041094.089,
    "VEX_Ratio": 0.322292,
    "CEX_Call": 232451.49,
    "CEX_Put": 2786613.999,
    "CEX_Total": 3019065.489,
    "CEX_Ratio": 0.083417
}