{
    "timestamp": "2025-11-03 13:36:20",
    "cum_gam": 11936.740778601245,
    "cum_vec": 11936.740778601245,
    "DEX_Call": 4790.766,
    "DEX_Put": -2292.009,
    "DEX_Total": 2498.757,
    "DEX_Ratio": 2.090204,
    "GEX_Call": 4805595.454,
    "GEX_Put": -4035915.26,
    "GEX_Total": 769680.194,
    "GEX_Ratio": 1.190708,
    "VEX_Call": 2672637.994,
    "VEX_Put": 17926764.925,
    "VEX_Total": 20599402.919,
    "VEX_Ratio": 0.149086,
    "CEX_Call": -365492.157,
    "CEX_Put": 1953229.263,
    "CEX_Total": 1587737.106,
    "CEX_Ratio": -0.187122
}