{
    "timestamp": "2025-07-24 08:09:30",
    "cum_gam": null,
    "cum_vec": 6824.852240880289,
    "DEX_Call": 635.81,
    "DEX_Put": -146.816,
    "DEX_Total": 488.994,
    "DEX_Ratio": 4.330659,
    "GEX_Call": 2889846.022,
    "GEX_Put": -1098306.571,
    "GEX_Total": 1791539.451,
    "GEX_Ratio": 2.631183,
    "VEX_Call": -424475.307,
    "VEX_Put": 1587881.166,
    "VEX_Total": 1163405.859,
    "VEX_Ratio": -0.267322,
    "CEX_Call": -913867.176,
    "CEX_Put": 1581023.448,
    "CEX_Total": 667156.272,
    "CEX_Ratio": -0.578023
}