{
    "timestamp": "2025-10-06 06:29:02",
    "cum_gam": null,
    "cum_vec": 7520.7813068904925,
    "DEX_Call": 1444.242,
    "DEX_Put": -619.962,
    "DEX_Total": 824.28,
    "DEX_Ratio": 2.329565,
    "GEX_Call": 1469094.187,
    "GEX_Put": -1143986.147,
    "GEX_Total": 325108.04,
    "GEX_Ratio": 1.284189,
    "VEX_Call": -574786.31,
    "VEX_Put": 5218172.89,
    "VEX_Total": 4643386.58,
    "VEX_Ratio": -0.110151,
    "CEX_Call": -314977.403,
    "CEX_Put": 637142.892,
    "CEX_Total": 322165.489,
    "CEX_Ratio": -0.494359
}