{
    "timestamp": "2025-08-05 11:36:07",
    "cum_gam": 7018.586870539679,
    "cum_vec": 7488.300550554065,
    "DEX_Call": 5170.15,
    "DEX_Put": -2592.493,
    "DEX_Total": 2577.657,
    "DEX_Ratio": 1.994277,
    "GEX_Call": 4968384.501,
    "GEX_Put": -4554022.202,
    "GEX_Total": 414362.299,
    "GEX_Ratio": 1.090988,
    "VEX_Call": 3581768.313,
    "VEX_Put": 15049141.347,
    "VEX_Total": 18630909.66,
    "VEX_Ratio": 0.238005,
    "CEX_Call": -194377.046,
    "CEX_Put": 1734441.308,
    "CEX_Total": 1540064.262,
    "CEX_Ratio": -0.112069
}