{
    "timestamp": "2025-09-16 10:31:18",
    "cum_gam": null,
    "cum_vec": null,
    "DEX_Call": 318.747,
    "DEX_Put": -137.592,
    "DEX_Total": 181.155,
    "DEX_Ratio": 2.31661,
    "GEX_Call": 1069473.683,
    "GEX_Put": -764364.893,
    "GEX_Total": 305108.79,
    "GEX_Ratio": 1.399166,
    "VEX_Call": -78632.122,
    "VEX_Put": 1308464.662,
    "VEX_Total": 1229832.54,
    "VEX_Ratio": -0.060095,
    "CEX_Call": -235303.537,
    "CEX_Put": 967155.299,
    "CEX_Total": 731851.762,
    "CEX_Ratio": -0.243294
}