{
    "timestamp": "2025-11-11 11:45:01",
    "cum_gam": null,
    "cum_vec": 7786.947750998256,
    "DEX_Call": 1511.836,
    "DEX_Put": -797.52,
    "DEX_Total": 714.316,
    "DEX_Ratio": 1.895672,
    "GEX_Call": 4249161.016,
    "GEX_Put": -2909526.878,
    "GEX_Total": 1339634.138,
    "GEX_Ratio": 1.46043,
    "VEX_Call": -756070.741,
    "VEX_Put": 4521697.218,
    "VEX_Total": 3765626.477,
    "VEX_Ratio": -0.16721,
    "CEX_Call": -1216138.357,
    "CEX_Put": 2780340.913,
    "CEX_Total": 1564202.556,
    "CEX_Ratio": -0.437406
}