{
    "timestamp": "2025-10-22 10:49:59",
    "cum_gam": 8795.242451967064,
    "cum_vec": 8795.242451967064,
    "DEX_Call": 466.96,
    "DEX_Put": -581.861,
    "DEX_Total": -114.901,
    "DEX_Ratio": 0.802528,
    "GEX_Call": 1696107.106,
    "GEX_Put": -1976895.75,
    "GEX_Total": -280788.644,
    "GEX_Ratio": 0.857965,
    "VEX_Call": -1017899.223,
    "VEX_Put": 2941664.214,
    "VEX_Total": 1923764.991,
    "VEX_Ratio": -0.346028,
    "CEX_Call": -1232892.104,
    "CEX_Put": 2223947.404,
    "CEX_Total": 991055.3,
    "CEX_Ratio": -0.554371
}