{
    "timestamp": "2025-11-03 10:58:17",
    "cum_gam": null,
    "cum_vec": null,
    "DEX_Call": 301.616,
    "DEX_Put": -168.146,
    "DEX_Total": 133.47,
    "DEX_Ratio": 1.793774,
    "GEX_Call": 1082312.27,
    "GEX_Put": -779522.615,
    "GEX_Total": 302789.655,
    "GEX_Ratio": 1.38843,
    "VEX_Call": -324974.835,
    "VEX_Put": 1083265.227,
    "VEX_Total": 758290.392,
    "VEX_Ratio": -0.299996,
    "CEX_Call": -383690.315,
    "CEX_Put": 629349.935,
    "CEX_Total": 245659.62,
    "CEX_Ratio": -0.609661
}