{
    "timestamp": "2025-11-03 11:55:45",
    "cum_gam": 11938.720013144923,
    "cum_vec": 11938.720013144923,
    "DEX_Call": 4876.588,
    "DEX_Put": -2232.188,
    "DEX_Total": 2644.4,
    "DEX_Ratio": 2.184667,
    "GEX_Call": 4818789.525,
    "GEX_Put": -4006786.905,
    "GEX_Total": 812002.62,
    "GEX_Ratio": 1.202657,
    "VEX_Call": 2922771.662,
    "VEX_Put": 18012753.343,
    "VEX_Total": 20935525.005,
    "VEX_Ratio": 0.162261,
    "CEX_Call": -333729.843,
    "CEX_Put": 1962793.223,
    "CEX_Total": 1629063.38,
    "CEX_Ratio": -0.170028
}