{
    "timestamp": "2025-07-24 09:48:33",
    "cum_gam": 7021.154140871186,
    "cum_vec": 7346.03009974402,
    "DEX_Call": 2390.141,
    "DEX_Put": -704.28,
    "DEX_Total": 1685.861,
    "DEX_Ratio": 3.393737,
    "GEX_Call": 4277006.78,
    "GEX_Put": -2500857.105,
    "GEX_Total": 1776149.675,
    "GEX_Ratio": 1.710216,
    "VEX_Call": 26095.152,
    "VEX_Put": 8093812.561,
    "VEX_Total": 8119907.713,
    "VEX_Ratio": 0.003224,
    "CEX_Call": -681405.282,
    "CEX_Put": 2473631.5,
    "CEX_Total": 1792226.218,
    "CEX_Ratio": -0.275468
}