{
    "timestamp": "2025-09-11 08:11:18",
    "cum_gam": 7009.16275591172,
    "cum_vec": 7517.097620151996,
    "DEX_Call": 4524.558,
    "DEX_Put": -970.643,
    "DEX_Total": 3553.915,
    "DEX_Ratio": 4.661403,
    "GEX_Call": 8397743.969,
    "GEX_Put": -5213551.554,
    "GEX_Total": 3184192.415,
    "GEX_Ratio": 1.610753,
    "VEX_Call": 3584666.478,
    "VEX_Put": 10435743.512,
    "VEX_Total": 14020409.99,
    "VEX_Ratio": 0.343499,
    "CEX_Call": 1643096.042,
    "CEX_Put": 8553423.74,
    "CEX_Total": 10196519.782,
    "CEX_Ratio": 0.192098
}