{
    "timestamp": "2025-10-15 11:30:24",
    "cum_gam": 6428.601636517384,
    "cum_vec": 6428.601636517384,
    "DEX_Call": 267.145,
    "DEX_Put": -381.685,
    "DEX_Total": -114.54,
    "DEX_Ratio": 0.69991,
    "GEX_Call": 1206997.29,
    "GEX_Put": -1420418.091,
    "GEX_Total": -213420.801,
    "GEX_Ratio": 0.849748,
    "VEX_Call": -781449.963,
    "VEX_Put": 1630186.514,
    "VEX_Total": 848736.551,
    "VEX_Ratio": -0.479362,
    "CEX_Call": -957959.324,
    "CEX_Put": 1273512.1,
    "CEX_Total": 315552.776,
    "CEX_Ratio": -0.752218
}