{
    "timestamp": "2025-07-21 08:47:52",
    "cum_gam": 7012.368052775968,
    "cum_vec": 7360.969800270967,
    "DEX_Call": 2184.695,
    "DEX_Put": -743.576,
    "DEX_Total": 1441.119,
    "DEX_Ratio": 2.938092,
    "GEX_Call": 3443094.881,
    "GEX_Put": -2226408.104,
    "GEX_Total": 1216686.777,
    "GEX_Ratio": 1.54648,
    "VEX_Call": 68614.018,
    "VEX_Put": 8229625.918,
    "VEX_Total": 8298239.936,
    "VEX_Ratio": 0.008337,
    "CEX_Call": -554601.4,
    "CEX_Put": 2118481.793,
    "CEX_Total": 1563880.393,
    "CEX_Ratio": -0.261792
}