{
    "timestamp": "2025-08-20 10:57:34",
    "cum_gam": 6203.6476333404835,
    "cum_vec": 8294.915254237289,
    "DEX_Call": 456.816,
    "DEX_Put": -426.597,
    "DEX_Total": 30.219,
    "DEX_Ratio": 1.070837,
    "GEX_Call": 1558159.032,
    "GEX_Put": -1879642.909,
    "GEX_Total": -321483.877,
    "GEX_Ratio": 0.828965,
    "VEX_Call": -641419.469,
    "VEX_Put": 1893685.618,
    "VEX_Total": 1252266.149,
    "VEX_Ratio": -0.338715,
    "CEX_Call": -885143.77,
    "CEX_Put": 1427961.154,
    "CEX_Total": 542817.384,
    "CEX_Ratio": -0.619865
}