{
    "timestamp": "2025-08-13 12:27:15",
    "cum_gam": 7005.634905163076,
    "cum_vec": 7555.161263186231,
    "DEX_Call": 4273.433,
    "DEX_Put": -1701.933,
    "DEX_Total": 2571.5,
    "DEX_Ratio": 2.510929,
    "GEX_Call": 5003908.418,
    "GEX_Put": -4298210.191,
    "GEX_Total": 705698.227,
    "GEX_Ratio": 1.164184,
    "VEX_Call": 2989497.642,
    "VEX_Put": 17055779.383,
    "VEX_Total": 20045277.025,
    "VEX_Ratio": 0.175278,
    "CEX_Call": -219455.926,
    "CEX_Put": 2619665.055,
    "CEX_Total": 2400209.129,
    "CEX_Ratio": -0.083773
}