{
    "timestamp": "2025-10-09 12:28:55",
    "cum_gam": 7004.392436151684,
    "cum_vec": 9034.828709719946,
    "DEX_Call": 1770.444,
    "DEX_Put": -944.217,
    "DEX_Total": 826.227,
    "DEX_Ratio": 1.875039,
    "GEX_Call": 5406705.709,
    "GEX_Put": -4052094.843,
    "GEX_Total": 1354610.866,
    "GEX_Ratio": 1.334299,
    "VEX_Call": -66752.949,
    "VEX_Put": 5435465.625,
    "VEX_Total": 5368712.676,
    "VEX_Ratio": -0.012281,
    "CEX_Call": -1047015.688,
    "CEX_Put": 4531232.191,
    "CEX_Total": 3484216.503,
    "CEX_Ratio": -0.231066
}