{
    "timestamp": "2025-08-27 07:01:02",
    "cum_gam": 7008.21113563352,
    "cum_vec": 7488.782862732042,
    "DEX_Call": 4488.052,
    "DEX_Put": -2192.075,
    "DEX_Total": 2295.977,
    "DEX_Ratio": 2.047399,
    "GEX_Call": 8704247.339,
    "GEX_Put": -7089085.518,
    "GEX_Total": 1615161.821,
    "GEX_Ratio": 1.227838,
    "VEX_Call": 1705696.487,
    "VEX_Put": 17286038.534,
    "VEX_Total": 18991735.021,
    "VEX_Ratio": 0.098675,
    "CEX_Call": -1113210.067,
    "CEX_Put": 4808125.016,
    "CEX_Total": 3694914.949,
    "CEX_Ratio": -0.231527
}