{
    "timestamp": "2025-10-15 08:45:11",
    "cum_gam": 4104.617050365185,
    "cum_vec": 7521.7330922579995,
    "DEX_Call": 1969.836,
    "DEX_Put": -1173.887,
    "DEX_Total": 795.949,
    "DEX_Ratio": 1.678046,
    "GEX_Call": 2186936.404,
    "GEX_Put": -2188180.862,
    "GEX_Total": -1244.458,
    "GEX_Ratio": 0.999431,
    "VEX_Call": -931531.225,
    "VEX_Put": 9136560.639,
    "VEX_Total": 8205029.414,
    "VEX_Ratio": -0.101956,
    "CEX_Call": -567767.609,
    "CEX_Put": 1511619.732,
    "CEX_Total": 943852.123,
    "CEX_Ratio": -0.375602
}