{
    "timestamp": "2025-09-02 07:50:03",
    "cum_gam": 6376.472905000157,
    "cum_vec": 6376.472905000157,
    "DEX_Call": 119.676,
    "DEX_Put": -308.927,
    "DEX_Total": -189.251,
    "DEX_Ratio": 0.387392,
    "GEX_Call": 562910.199,
    "GEX_Put": -1026868.741,
    "GEX_Total": -463958.542,
    "GEX_Ratio": 0.548181,
    "VEX_Call": -480654.4,
    "VEX_Put": 984503.147,
    "VEX_Total": 503848.747,
    "VEX_Ratio": -0.48822,
    "CEX_Call": -501069.031,
    "CEX_Put": 611195.894,
    "CEX_Total": 110126.863,
    "CEX_Ratio": -0.819817
}