{
    "timestamp": "2025-10-13 09:15:44",
    "cum_gam": 6587.181775765877,
    "cum_vec": 6587.181775765877,
    "DEX_Call": 184.763,
    "DEX_Put": -343.128,
    "DEX_Total": -158.365,
    "DEX_Ratio": 0.538467,
    "GEX_Call": 763985.196,
    "GEX_Put": -1099500.9,
    "GEX_Total": -335515.704,
    "GEX_Ratio": 0.694847,
    "VEX_Call": -594332.262,
    "VEX_Put": 1140532.875,
    "VEX_Total": 546200.613,
    "VEX_Ratio": -0.521101,
    "CEX_Call": -559655.283,
    "CEX_Put": 608145.22,
    "CEX_Total": 48489.937,
    "CEX_Ratio": -0.920266
}