{
    "timestamp": "2025-07-28 12:15:12",
    "cum_gam": 7009.25843632588,
    "cum_vec": 7214.195883624819,
    "DEX_Call": 2556.408,
    "DEX_Put": -786.656,
    "DEX_Total": 1769.752,
    "DEX_Ratio": 3.249715,
    "GEX_Call": 5002416.403,
    "GEX_Put": -3231024.75,
    "GEX_Total": 1771391.653,
    "GEX_Ratio": 1.548245,
    "VEX_Call": -427977.219,
    "VEX_Put": 8030591.599,
    "VEX_Total": 7602614.38,
    "VEX_Ratio": -0.053293,
    "CEX_Call": -1129159.316,
    "CEX_Put": 3467725.905,
    "CEX_Total": 2338566.589,
    "CEX_Ratio": -0.32562
}