{
    "timestamp": "2025-11-24 08:26:05",
    "cum_gam": null,
    "cum_vec": 7711.310990536616,
    "DEX_Call": 6796.374,
    "DEX_Put": -5295.185,
    "DEX_Total": 1501.189,
    "DEX_Ratio": 1.283501,
    "GEX_Call": 8884120.512,
    "GEX_Put": -8737721.054,
    "GEX_Total": 146399.458,
    "GEX_Ratio": 1.016755,
    "VEX_Call": -4651748.459,
    "VEX_Put": 16546481.936,
    "VEX_Total": 11894733.477,
    "VEX_Ratio": -0.281132,
    "CEX_Call": -2895106.691,
    "CEX_Put": 3686612.179,
    "CEX_Total": 791505.488,
    "CEX_Ratio": -0.785303
}