{
    "timestamp": "2025-09-09 07:11:05",
    "cum_gam": 7009.222423687966,
    "cum_vec": 7484.076663452266,
    "DEX_Call": 3799.688,
    "DEX_Put": -1429.612,
    "DEX_Total": 2370.076,
    "DEX_Ratio": 2.657846,
    "GEX_Call": 7756766.987,
    "GEX_Put": -6392426.284,
    "GEX_Total": 1364340.703,
    "GEX_Ratio": 1.213431,
    "VEX_Call": 2435631.276,
    "VEX_Put": 9904682.763,
    "VEX_Total": 12340314.039,
    "VEX_Ratio": 0.245907,
    "CEX_Call": 359200.031,
    "CEX_Put": 6015437.995,
    "CEX_Total": 6374638.026,
    "CEX_Ratio": 0.059713
}