{
    "timestamp": "2025-08-26 09:58:04",
    "cum_gam": 7008.424432919731,
    "cum_vec": 7483.559282319074,
    "DEX_Call": 4725.314,
    "DEX_Put": -2269.459,
    "DEX_Total": 2455.855,
    "DEX_Ratio": 2.082132,
    "GEX_Call": 8215350.746,
    "GEX_Put": -7054338.207,
    "GEX_Total": 1161012.539,
    "GEX_Ratio": 1.164581,
    "VEX_Call": 1479149.08,
    "VEX_Put": 16876352.781,
    "VEX_Total": 18355501.861,
    "VEX_Ratio": 0.087646,
    "CEX_Call": -1094144.249,
    "CEX_Put": 4326933.627,
    "CEX_Total": 3232789.378,
    "CEX_Ratio": -0.252868
}