{
    "timestamp": "2025-09-18 06:43:01",
    "cum_gam": null,
    "cum_vec": 8014.033912281606,
    "DEX_Call": 1718.014,
    "DEX_Put": -1022.479,
    "DEX_Total": 695.535,
    "DEX_Ratio": 1.680244,
    "GEX_Call": 3229796.255,
    "GEX_Put": -2741929.77,
    "GEX_Total": 487866.485,
    "GEX_Ratio": 1.177928,
    "VEX_Call": -415120.991,
    "VEX_Put": 11063827.542,
    "VEX_Total": 10648706.551,
    "VEX_Ratio": -0.037521,
    "CEX_Call": -586693.944,
    "CEX_Put": 2317583.083,
    "CEX_Total": 1730889.139,
    "CEX_Ratio": -0.253149
}