{
    "timestamp": "2025-10-27 12:48:19",
    "cum_gam": null,
    "cum_vec": 8800.0,
    "DEX_Call": 530.853,
    "DEX_Put": -114.41,
    "DEX_Total": 416.443,
    "DEX_Ratio": 4.639918,
    "GEX_Call": 1474075.057,
    "GEX_Put": -622387.986,
    "GEX_Total": 851687.071,
    "GEX_Ratio": 2.368418,
    "VEX_Call": 209205.932,
    "VEX_Put": 1465610.738,
    "VEX_Total": 1674816.67,
    "VEX_Ratio": 0.142743,
    "CEX_Call": -67812.326,
    "CEX_Put": 925356.591,
    "CEX_Total": 857544.265,
    "CEX_Ratio": -0.073282
}