{
    "timestamp": "2025-08-26 08:41:58",
    "cum_gam": null,
    "cum_vec": 8400.0,
    "DEX_Call": 216.805,
    "DEX_Put": -166.245,
    "DEX_Total": 50.56,
    "DEX_Ratio": 1.304129,
    "GEX_Call": 1184874.973,
    "GEX_Put": -922821.379,
    "GEX_Total": 262053.594,
    "GEX_Ratio": 1.28397,
    "VEX_Call": -423437.68,
    "VEX_Put": 1083177.545,
    "VEX_Total": 659739.865,
    "VEX_Ratio": -0.390922,
    "CEX_Call": -530220.121,
    "CEX_Put": 708385.192,
    "CEX_Total": 178165.071,
    "CEX_Ratio": -0.748491
}