{
    "timestamp": "2025-07-02 09:14:59",
    "cum_gam": null,
    "cum_vec": 7314.643047029823,
    "DEX_Call": 1345.017,
    "DEX_Put": -584.805,
    "DEX_Total": 760.212,
    "DEX_Ratio": 2.299941,
    "GEX_Call": 1617537.32,
    "GEX_Put": -1179771.357,
    "GEX_Total": 437765.963,
    "GEX_Ratio": 1.37106,
    "VEX_Call": -91379.204,
    "VEX_Put": 5930949.943,
    "VEX_Total": 5839570.739,
    "VEX_Ratio": -0.015407,
    "CEX_Call": -273146.161,
    "CEX_Put": 828442.785,
    "CEX_Total": 555296.624,
    "CEX_Ratio": -0.32971
}