{
    "timestamp": "2025-09-24 08:09:46",
    "cum_gam": null,
    "cum_vec": 7046.915015088492,
    "DEX_Call": 1039.446,
    "DEX_Put": -511.863,
    "DEX_Total": 527.583,
    "DEX_Ratio": 2.030711,
    "GEX_Call": 3040727.063,
    "GEX_Put": -2585985.499,
    "GEX_Total": 454741.564,
    "GEX_Ratio": 1.175848,
    "VEX_Call": -30035.855,
    "VEX_Put": 3036352.82,
    "VEX_Total": 3006316.965,
    "VEX_Ratio": -0.009892,
    "CEX_Call": -480884.183,
    "CEX_Put": 2693127.988,
    "CEX_Total": 2212243.805,
    "CEX_Ratio": -0.17856
}