{
    "timestamp": "2025-10-30 12:35:18",
    "cum_gam": null,
    "cum_vec": 7624.22546362496,
    "DEX_Call": 2424.467,
    "DEX_Put": -1373.508,
    "DEX_Total": 1050.959,
    "DEX_Ratio": 1.765164,
    "GEX_Call": 5805081.761,
    "GEX_Put": -4673779.43,
    "GEX_Total": 1131302.331,
    "GEX_Ratio": 1.242053,
    "VEX_Call": -1442654.632,
    "VEX_Put": 8819718.793,
    "VEX_Total": 7377064.161,
    "VEX_Ratio": -0.163571,
    "CEX_Call": -1794105.409,
    "CEX_Put": 3213125.278,
    "CEX_Total": 1419019.869,
    "CEX_Ratio": -0.558368
}