{
    "timestamp": "2025-10-30 08:58:57",
    "cum_gam": null,
    "cum_vec": 7622.921380798483,
    "DEX_Call": 2613.678,
    "DEX_Put": -1248.931,
    "DEX_Total": 1364.747,
    "DEX_Ratio": 2.092732,
    "GEX_Call": 5980303.212,
    "GEX_Put": -4400870.217,
    "GEX_Total": 1579432.995,
    "GEX_Ratio": 1.358891,
    "VEX_Call": -999648.97,
    "VEX_Put": 9034228.72,
    "VEX_Total": 8034579.75,
    "VEX_Ratio": -0.110651,
    "CEX_Call": -1610152.856,
    "CEX_Put": 3434441.141,
    "CEX_Total": 1824288.285,
    "CEX_Ratio": -0.468825
}