{
    "timestamp": "2025-08-06 10:05:21",
    "cum_gam": 7017.4997322237705,
    "cum_vec": 7492.613200182162,
    "DEX_Call": 5433.912,
    "DEX_Put": -2366.08,
    "DEX_Total": 3067.832,
    "DEX_Ratio": 2.296588,
    "GEX_Call": 4976520.8,
    "GEX_Put": -4473640.309,
    "GEX_Total": 502880.491,
    "GEX_Ratio": 1.11241,
    "VEX_Call": 4251295.14,
    "VEX_Put": 16096586.927,
    "VEX_Total": 20347882.067,
    "VEX_Ratio": 0.264112,
    "CEX_Call": -80217.817,
    "CEX_Put": 1955421.192,
    "CEX_Total": 1875203.375,
    "CEX_Ratio": -0.041023
}