{
    "timestamp": "2025-09-29 12:31:42",
    "cum_gam": null,
    "cum_vec": null,
    "DEX_Call": 214.861,
    "DEX_Put": -159.086,
    "DEX_Total": 55.775,
    "DEX_Ratio": 1.350597,
    "GEX_Call": 884730.816,
    "GEX_Put": -868982.068,
    "GEX_Total": 15748.748,
    "GEX_Ratio": 1.018123,
    "VEX_Call": -231664.829,
    "VEX_Put": 1146040.641,
    "VEX_Total": 914375.812,
    "VEX_Ratio": -0.202144,
    "CEX_Call": -309850.141,
    "CEX_Put": 693267.241,
    "CEX_Total": 383417.1,
    "CEX_Ratio": -0.446942
}