{
    "timestamp": "2025-07-18 09:43:50",
    "cum_gam": 7987.250996015936,
    "cum_vec": 7987.250996015936,
    "DEX_Call": 297.281,
    "DEX_Put": -131.451,
    "DEX_Total": 165.83,
    "DEX_Ratio": 2.261535,
    "GEX_Call": 2146899.811,
    "GEX_Put": -1257624.541,
    "GEX_Total": 889275.27,
    "GEX_Ratio": 1.707107,
    "VEX_Call": -523405.718,
    "VEX_Put": 1042119.921,
    "VEX_Total": 518714.203,
    "VEX_Ratio": -0.502251,
    "CEX_Call": -1034575.562,
    "CEX_Put": 1317743.182,
    "CEX_Total": 283167.62,
    "CEX_Ratio": -0.785112
}