{
    "timestamp": "2025-11-19 10:13:45",
    "cum_gam": 8599.360454787706,
    "cum_vec": 8800.0,
    "DEX_Call": 297.738,
    "DEX_Put": -795.474,
    "DEX_Total": -497.736,
    "DEX_Ratio": 0.37429,
    "GEX_Call": 947225.994,
    "GEX_Put": -1753323.675,
    "GEX_Total": -806097.681,
    "GEX_Ratio": 0.540246,
    "VEX_Call": -1241729.896,
    "VEX_Put": 1445784.068,
    "VEX_Total": 204054.172,
    "VEX_Ratio": -0.858863,
    "CEX_Call": -1303078.698,
    "CEX_Put": 991785.093,
    "CEX_Total": -311293.605,
    "CEX_Ratio": -1.313872
}