{
    "timestamp": "2025-10-24 07:16:07",
    "cum_gam": 8793.381037567084,
    "cum_vec": 8793.381037567084,
    "DEX_Call": 965.148,
    "DEX_Put": -308.16,
    "DEX_Total": 656.988,
    "DEX_Ratio": 3.13197,
    "GEX_Call": 4052805.083,
    "GEX_Put": -1872166.159,
    "GEX_Total": 2180638.924,
    "GEX_Ratio": 2.164768,
    "VEX_Call": -70737.832,
    "VEX_Put": 3236136.248,
    "VEX_Total": 3165398.416,
    "VEX_Ratio": -0.021859,
    "CEX_Call": -710935.993,
    "CEX_Put": 3666125.742,
    "CEX_Total": 2955189.749,
    "CEX_Ratio": -0.19392
}