{
    "timestamp": "2025-09-08 06:30:11",
    "cum_gam": 7009.202684429985,
    "cum_vec": 7661.483863913843,
    "DEX_Call": 3515.578,
    "DEX_Put": -1582.7,
    "DEX_Total": 1932.878,
    "DEX_Ratio": 2.221254,
    "GEX_Call": 7274261.728,
    "GEX_Put": -6223461.294,
    "GEX_Total": 1050800.434,
    "GEX_Ratio": 1.168845,
    "VEX_Call": 2017859.4,
    "VEX_Put": 10198672.454,
    "VEX_Total": 12216531.854,
    "VEX_Ratio": 0.197855,
    "CEX_Call": 68074.725,
    "CEX_Put": 5545641.913,
    "CEX_Total": 5613716.638,
    "CEX_Ratio": 0.012275
}