{
    "timestamp": "2025-08-22 07:17:04",
    "cum_gam": 7008.480997023345,
    "cum_vec": 7494.7657831686665,
    "DEX_Call": 6181.304,
    "DEX_Put": -2049.716,
    "DEX_Total": 4131.588,
    "DEX_Ratio": 3.015688,
    "GEX_Call": 7004472.04,
    "GEX_Put": -5758387.263,
    "GEX_Total": 1246084.777,
    "GEX_Ratio": 1.216395,
    "VEX_Call": 2439374.67,
    "VEX_Put": 17355542.175,
    "VEX_Total": 19794916.845,
    "VEX_Ratio": 0.140553,
    "CEX_Call": -526281.027,
    "CEX_Put": 3663476.428,
    "CEX_Total": 3137195.401,
    "CEX_Ratio": -0.143656
}