{
    "timestamp": "2025-10-02 10:05:55",
    "cum_gam": null,
    "cum_vec": 7520.32741308966,
    "DEX_Call": 1115.783,
    "DEX_Put": -623.738,
    "DEX_Total": 492.045,
    "DEX_Ratio": 1.788865,
    "GEX_Call": 1405487.603,
    "GEX_Put": -1165318.435,
    "GEX_Total": 240169.168,
    "GEX_Ratio": 1.206097,
    "VEX_Call": -509630.501,
    "VEX_Put": 6063276.723,
    "VEX_Total": 5553646.222,
    "VEX_Ratio": -0.084052,
    "CEX_Call": -286971.657,
    "CEX_Put": 676051.623,
    "CEX_Total": 389079.966,
    "CEX_Ratio": -0.424482
}