{
    "timestamp": "2025-09-05 12:38:24",
    "cum_gam": 5101.305592881055,
    "cum_vec": 9035.85050416484,
    "DEX_Call": 1532.319,
    "DEX_Put": -943.207,
    "DEX_Total": 589.112,
    "DEX_Ratio": 1.624584,
    "GEX_Call": 1912257.634,
    "GEX_Put": -1957591.843,
    "GEX_Total": -45334.209,
    "GEX_Ratio": 0.976842,
    "VEX_Call": -245381.222,
    "VEX_Put": 8744959.976,
    "VEX_Total": 8499578.754,
    "VEX_Ratio": -0.02806,
    "CEX_Call": -342558.574,
    "CEX_Put": 1212312.589,
    "CEX_Total": 869754.015,
    "CEX_Ratio": -0.282566
}