{
    "timestamp": "2025-07-18 10:24:07",
    "cum_gam": 7972.649572649572,
    "cum_vec": 7972.649572649572,
    "DEX_Call": 290.179,
    "DEX_Put": -135.846,
    "DEX_Total": 154.333,
    "DEX_Ratio": 2.136088,
    "GEX_Call": 2117771.485,
    "GEX_Put": -1299403.023,
    "GEX_Total": 818368.462,
    "GEX_Ratio": 1.629803,
    "VEX_Call": -515002.803,
    "VEX_Put": 1024323.943,
    "VEX_Total": 509321.14,
    "VEX_Ratio": -0.502773,
    "CEX_Call": -1015046.588,
    "CEX_Put": 1286407.785,
    "CEX_Total": 271361.197,
    "CEX_Ratio": -0.789055
}