{
    "timestamp": "2025-10-20 12:14:56",
    "cum_gam": null,
    "cum_vec": 7519.442309729681,
    "DEX_Call": 1548.568,
    "DEX_Put": -1075.595,
    "DEX_Total": 472.973,
    "DEX_Ratio": 1.439731,
    "GEX_Call": 2820964.422,
    "GEX_Put": -2364487.938,
    "GEX_Total": 456476.484,
    "GEX_Ratio": 1.193055,
    "VEX_Call": -1337944.669,
    "VEX_Put": 8987722.96,
    "VEX_Total": 7649778.291,
    "VEX_Ratio": -0.148864,
    "CEX_Call": -782260.277,
    "CEX_Put": 1816064.376,
    "CEX_Total": 1033804.099,
    "CEX_Ratio": -0.430745
}