{
    "timestamp": "2025-11-25 11:23:37",
    "cum_gam": null,
    "cum_vec": 9328.022090187273,
    "DEX_Call": 2928.918,
    "DEX_Put": -941.978,
    "DEX_Total": 1986.94,
    "DEX_Ratio": 3.109327,
    "GEX_Call": 1435100.642,
    "GEX_Put": -1390563.87,
    "GEX_Total": 44536.772,
    "GEX_Ratio": 1.032028,
    "VEX_Call": 739109.41,
    "VEX_Put": 5379352.689,
    "VEX_Total": 6118462.099,
    "VEX_Ratio": 0.137397,
    "CEX_Call": -36712.254,
    "CEX_Put": 592174.029,
    "CEX_Total": 555461.775,
    "CEX_Ratio": -0.061996
}