{
    "timestamp": "2025-08-25 10:01:03",
    "cum_gam": null,
    "cum_vec": 7492.489586100765,
    "DEX_Call": 3922.546,
    "DEX_Put": -1712.68,
    "DEX_Total": 2209.866,
    "DEX_Ratio": 2.290297,
    "GEX_Call": 7574067.101,
    "GEX_Put": -5917932.373,
    "GEX_Total": 1656134.728,
    "GEX_Ratio": 1.27985,
    "VEX_Call": 1635611.662,
    "VEX_Put": 15465155.125,
    "VEX_Total": 17100766.787,
    "VEX_Ratio": 0.105761,
    "CEX_Call": -831082.35,
    "CEX_Put": 3761610.808,
    "CEX_Total": 2930528.458,
    "CEX_Ratio": -0.220938
}