{
    "timestamp": "2025-09-09 09:04:53",
    "cum_gam": null,
    "cum_vec": 9035.154287886398,
    "DEX_Call": 1612.67,
    "DEX_Put": -958.036,
    "DEX_Total": 654.634,
    "DEX_Ratio": 1.683308,
    "GEX_Call": 2121828.164,
    "GEX_Put": -2110659.315,
    "GEX_Total": 11168.849,
    "GEX_Ratio": 1.005292,
    "VEX_Call": -296321.917,
    "VEX_Put": 9020660.931,
    "VEX_Total": 8724339.014,
    "VEX_Ratio": -0.032849,
    "CEX_Call": -395704.635,
    "CEX_Put": 1407798.759,
    "CEX_Total": 1012094.124,
    "CEX_Ratio": -0.28108
}