{
    "timestamp": "2025-08-29 06:53:01",
    "cum_gam": 7008.754463995595,
    "cum_vec": 7470.635406288825,
    "DEX_Call": 4329.121,
    "DEX_Put": -2254.376,
    "DEX_Total": 2074.745,
    "DEX_Ratio": 1.920319,
    "GEX_Call": 10020529.271,
    "GEX_Put": -8267300.564,
    "GEX_Total": 1753228.707,
    "GEX_Ratio": 1.212068,
    "VEX_Call": 1285574.407,
    "VEX_Put": 17233504.081,
    "VEX_Total": 18519078.488,
    "VEX_Ratio": 0.074597,
    "CEX_Call": -1670601.141,
    "CEX_Put": 5652794.659,
    "CEX_Total": 3982193.518,
    "CEX_Ratio": -0.295535
}