{
    "timestamp": "2025-09-25 08:44:01",
    "cum_gam": 5352.4696935983,
    "cum_vec": 8700.320317266625,
    "DEX_Call": 2050.034,
    "DEX_Put": -1672.645,
    "DEX_Total": 377.389,
    "DEX_Ratio": 1.225624,
    "GEX_Call": 4768420.038,
    "GEX_Put": -4885092.177,
    "GEX_Total": -116672.139,
    "GEX_Ratio": 0.976117,
    "VEX_Call": -1669607.219,
    "VEX_Put": 10907878.349,
    "VEX_Total": 9238271.13,
    "VEX_Ratio": -0.153064,
    "CEX_Call": -1552789.827,
    "CEX_Put": 3111964.763,
    "CEX_Total": 1559174.936,
    "CEX_Ratio": -0.498974
}