{
    "timestamp": "2025-08-08 07:43:20",
    "cum_gam": 7009.847834083806,
    "cum_vec": 7322.18096809681,
    "DEX_Call": 1194.373,
    "DEX_Put": -525.988,
    "DEX_Total": 668.385,
    "DEX_Ratio": 2.270723,
    "GEX_Call": 5579995.683,
    "GEX_Put": -2973764.64,
    "GEX_Total": 2606231.043,
    "GEX_Ratio": 1.876408,
    "VEX_Call": -815507.505,
    "VEX_Put": 3834490.925,
    "VEX_Total": 3018983.42,
    "VEX_Ratio": -0.212677,
    "CEX_Call": -2039229.653,
    "CEX_Put": 3962827.451,
    "CEX_Total": 1923597.798,
    "CEX_Ratio": -0.51459
}