{
    "timestamp": "2025-09-23 11:36:36",
    "cum_gam": null,
    "cum_vec": 8679.468865119696,
    "DEX_Call": 2287.519,
    "DEX_Put": -1347.882,
    "DEX_Total": 939.637,
    "DEX_Ratio": 1.697121,
    "GEX_Call": 4323125.946,
    "GEX_Put": -3709665.135,
    "GEX_Total": 613460.811,
    "GEX_Ratio": 1.165368,
    "VEX_Call": -585234.658,
    "VEX_Put": 11450822.654,
    "VEX_Total": 10865587.996,
    "VEX_Ratio": -0.051109,
    "CEX_Call": -854726.231,
    "CEX_Put": 3104378.532,
    "CEX_Total": 2249652.301,
    "CEX_Ratio": -0.275329
}