{
    "timestamp": "2026-07-22 10:32:29",
    "cum_gam": 11996.561041513141,
    "cum_vec": 11996.561041513141,
    "DEX_Call": 2750.981,
    "DEX_Put": -2661.969,
    "DEX_Total": 89.012,
    "DEX_Ratio": 1.033438,
    "GEX_Call": 4359089.492,
    "GEX_Put": -4499031.26,
    "GEX_Total": -139941.768,
    "GEX_Ratio": 0.968895,
    "VEX_Call": -3101533.556,
    "VEX_Put": 11082096.346,
    "VEX_Total": 7980562.79,
    "VEX_Ratio": -0.279869,
    "CEX_Call": -1435065.745,
    "CEX_Put": 1840010.883,
    "CEX_Total": 404945.138,
    "CEX_Ratio": -0.779922
}