{
    "timestamp": "2025-10-27 07:42:24",
    "cum_gam": 11999.78091195399,
    "cum_vec": 11999.78091195399,
    "DEX_Call": 2194.207,
    "DEX_Put": -691.169,
    "DEX_Total": 1503.038,
    "DEX_Ratio": 3.174632,
    "GEX_Call": 4752038.269,
    "GEX_Put": -2409131.961,
    "GEX_Total": 2342906.308,
    "GEX_Ratio": 1.972511,
    "VEX_Call": -487093.577,
    "VEX_Put": 8786123.755,
    "VEX_Total": 8299030.178,
    "VEX_Ratio": -0.055439,
    "CEX_Call": -803968.734,
    "CEX_Put": 2655061.426,
    "CEX_Total": 1851092.692,
    "CEX_Ratio": -0.302806
}