{
    "timestamp": "2025-07-15 11:31:13",
    "cum_gam": 7043.403043399069,
    "cum_vec": 7166.1777852274,
    "DEX_Call": 1647.192,
    "DEX_Put": -746.114,
    "DEX_Total": 901.078,
    "DEX_Ratio": 2.207695,
    "GEX_Call": 2454366.934,
    "GEX_Put": -1827705.914,
    "GEX_Total": 626661.02,
    "GEX_Ratio": 1.342868,
    "VEX_Call": -420807.697,
    "VEX_Put": 7181045.061,
    "VEX_Total": 6760237.364,
    "VEX_Ratio": -0.0586,
    "CEX_Call": -522433.476,
    "CEX_Put": 1457060.511,
    "CEX_Total": 934627.035,
    "CEX_Ratio": -0.358553
}