{
    "timestamp": "2025-06-30 12:20:14",
    "cum_gam": null,
    "cum_vec": 7230.3125434388985,
    "DEX_Call": 3159.188,
    "DEX_Put": -722.381,
    "DEX_Total": 2436.807,
    "DEX_Ratio": 4.373299,
    "GEX_Call": 6479679.355,
    "GEX_Put": -3181193.432,
    "GEX_Total": 3298485.923,
    "GEX_Ratio": 2.036871,
    "VEX_Call": 1359856.437,
    "VEX_Put": 7374281.002,
    "VEX_Total": 8734137.439,
    "VEX_Ratio": 0.184405,
    "CEX_Call": 4342.737,
    "CEX_Put": 5100228.144,
    "CEX_Total": 5104570.881,
    "CEX_Ratio": 0.000851
}