{
    "timestamp": "2025-10-14 12:25:59",
    "cum_gam": 5229.183327758361,
    "cum_vec": 7521.2563491167675,
    "DEX_Call": 1794.161,
    "DEX_Put": -1117.903,
    "DEX_Total": 676.258,
    "DEX_Ratio": 1.604934,
    "GEX_Call": 2053671.616,
    "GEX_Put": -2094592.44,
    "GEX_Total": -40920.824,
    "GEX_Ratio": 0.980464,
    "VEX_Call": -1042595.293,
    "VEX_Put": 8541686.671,
    "VEX_Total": 7499091.378,
    "VEX_Ratio": -0.12206,
    "CEX_Call": -555030.783,
    "CEX_Put": 1374446.118,
    "CEX_Total": 819415.335,
    "CEX_Ratio": -0.403821
}