{
    "timestamp": "2025-10-02 10:36:24",
    "cum_gam": null,
    "cum_vec": 7520.432776556932,
    "DEX_Call": 1098.559,
    "DEX_Put": -616.438,
    "DEX_Total": 482.121,
    "DEX_Ratio": 1.782108,
    "GEX_Call": 1412721.943,
    "GEX_Put": -1155985.61,
    "GEX_Total": 256736.333,
    "GEX_Ratio": 1.222093,
    "VEX_Call": -490070.142,
    "VEX_Put": 6070660.54,
    "VEX_Total": 5580590.398,
    "VEX_Ratio": -0.080728,
    "CEX_Call": -285197.682,
    "CEX_Put": 678123.135,
    "CEX_Total": 392925.453,
    "CEX_Ratio": -0.420569
}