{
    "timestamp": "2025-10-20 12:19:12",
    "cum_gam": null,
    "cum_vec": 7519.612176466757,
    "DEX_Call": 1604.514,
    "DEX_Put": -1084.832,
    "DEX_Total": 519.682,
    "DEX_Ratio": 1.479044,
    "GEX_Call": 2813964.006,
    "GEX_Put": -2371717.066,
    "GEX_Total": 442246.94,
    "GEX_Ratio": 1.186467,
    "VEX_Call": -1340058.814,
    "VEX_Put": 8997918.953,
    "VEX_Total": 7657860.139,
    "VEX_Ratio": -0.14893,
    "CEX_Call": -783977.062,
    "CEX_Put": 1817669.944,
    "CEX_Total": 1033692.882,
    "CEX_Ratio": -0.431309
}