{
    "timestamp": "2025-09-25 10:09:52",
    "cum_gam": 5842.745057153944,
    "cum_vec": 8727.217767758793,
    "DEX_Call": 2003.18,
    "DEX_Put": -1722.736,
    "DEX_Total": 280.444,
    "DEX_Ratio": 1.16279,
    "GEX_Call": 4680348.319,
    "GEX_Put": -4968138.304,
    "GEX_Total": -287789.985,
    "GEX_Ratio": 0.942073,
    "VEX_Call": -1824500.343,
    "VEX_Put": 10687003.384,
    "VEX_Total": 8862503.041,
    "VEX_Ratio": -0.170721,
    "CEX_Call": -1613907.051,
    "CEX_Put": 2990831.726,
    "CEX_Total": 1376924.675,
    "CEX_Ratio": -0.539618
}