{
    "timestamp": "2025-10-08 12:30:07",
    "cum_gam": 7004.081226998082,
    "cum_vec": 9018.370617386874,
    "DEX_Call": 1939.106,
    "DEX_Put": -798.987,
    "DEX_Total": 1140.119,
    "DEX_Ratio": 2.426956,
    "GEX_Call": 5383422.602,
    "GEX_Put": -3264796.917,
    "GEX_Total": 2118625.685,
    "GEX_Ratio": 1.64893,
    "VEX_Call": 460934.067,
    "VEX_Put": 5357986.701,
    "VEX_Total": 5818920.768,
    "VEX_Ratio": 0.086027,
    "CEX_Call": -560713.543,
    "CEX_Put": 3870473.314,
    "CEX_Total": 3309759.771,
    "CEX_Ratio": -0.14487
}