{
    "timestamp": "2025-08-25 06:32:57",
    "cum_gam": null,
    "cum_vec": 7493.674080719338,
    "DEX_Call": 6274.0,
    "DEX_Put": -1911.744,
    "DEX_Total": 4362.256,
    "DEX_Ratio": 3.28182,
    "GEX_Call": 7529379.944,
    "GEX_Put": -6099303.058,
    "GEX_Total": 1430076.886,
    "GEX_Ratio": 1.234466,
    "VEX_Call": 2544097.691,
    "VEX_Put": 15915408.921,
    "VEX_Total": 18459506.612,
    "VEX_Ratio": 0.159851,
    "CEX_Call": -600576.103,
    "CEX_Put": 3858273.573,
    "CEX_Total": 3257697.47,
    "CEX_Ratio": -0.155659
}