{
    "timestamp": "2025-11-19 11:28:13",
    "cum_gam": 5005.593918940132,
    "cum_vec": 7716.1596917921715,
    "DEX_Call": 6383.217,
    "DEX_Put": -5086.471,
    "DEX_Total": 1296.746,
    "DEX_Ratio": 1.25494,
    "GEX_Call": 7203463.021,
    "GEX_Put": -7304528.105,
    "GEX_Total": -101065.084,
    "GEX_Ratio": 0.986164,
    "VEX_Call": -4248090.943,
    "VEX_Put": 16266212.974,
    "VEX_Total": 12018122.031,
    "VEX_Ratio": -0.26116,
    "CEX_Call": -2175213.542,
    "CEX_Put": 2710860.895,
    "CEX_Total": 535647.353,
    "CEX_Ratio": -0.802407
}