{
    "timestamp": "2025-11-18 07:49:28",
    "cum_gam": 8599.38541842061,
    "cum_vec": 8800.0,
    "DEX_Call": 275.785,
    "DEX_Put": -731.695,
    "DEX_Total": -455.91,
    "DEX_Ratio": 0.376913,
    "GEX_Call": 812086.227,
    "GEX_Put": -1512647.761,
    "GEX_Total": -700561.534,
    "GEX_Ratio": 0.536864,
    "VEX_Call": -1216943.897,
    "VEX_Put": 1263963.732,
    "VEX_Total": 47019.835,
    "VEX_Ratio": -0.9628,
    "CEX_Call": -1093424.38,
    "CEX_Put": 709481.532,
    "CEX_Total": -383942.848,
    "CEX_Ratio": -1.54116
}