{
    "timestamp": "2025-07-07 10:58:18",
    "cum_gam": null,
    "cum_vec": 7292.785796942567,
    "DEX_Call": 1387.998,
    "DEX_Put": -602.734,
    "DEX_Total": 785.264,
    "DEX_Ratio": 2.302837,
    "GEX_Call": 1653065.669,
    "GEX_Put": -1222370.485,
    "GEX_Total": 430695.184,
    "GEX_Ratio": 1.352344,
    "VEX_Call": -129606.538,
    "VEX_Put": 5683193.658,
    "VEX_Total": 5553587.12,
    "VEX_Ratio": -0.022805,
    "CEX_Call": -299365.25,
    "CEX_Put": 917262.351,
    "CEX_Total": 617897.101,
    "CEX_Ratio": -0.326368
}