{
    "timestamp": "2025-08-18 12:41:16",
    "cum_gam": null,
    "cum_vec": 8400.0,
    "DEX_Call": 517.852,
    "DEX_Put": -244.642,
    "DEX_Total": 273.21,
    "DEX_Ratio": 2.116775,
    "GEX_Call": 1679815.764,
    "GEX_Put": -1223220.782,
    "GEX_Total": 456594.982,
    "GEX_Ratio": 1.373273,
    "VEX_Call": -243977.079,
    "VEX_Put": 1896373.293,
    "VEX_Total": 1652396.214,
    "VEX_Ratio": -0.128655,
    "CEX_Call": -454021.853,
    "CEX_Put": 1131462.47,
    "CEX_Total": 677440.617,
    "CEX_Ratio": -0.40127
}