{
    "timestamp": "2025-11-12 13:34:29",
    "cum_gam": null,
    "cum_vec": 7824.9605494242,
    "DEX_Call": 5738.281,
    "DEX_Put": -2608.438,
    "DEX_Total": 3129.843,
    "DEX_Ratio": 2.199892,
    "GEX_Call": 7238778.018,
    "GEX_Put": -5304814.601,
    "GEX_Total": 1933963.417,
    "GEX_Ratio": 1.364568,
    "VEX_Call": 2034754.198,
    "VEX_Put": 19822332.793,
    "VEX_Total": 21857086.991,
    "VEX_Ratio": 0.10265,
    "CEX_Call": -783346.759,
    "CEX_Put": 2760057.488,
    "CEX_Total": 1976710.729,
    "CEX_Ratio": -0.283815
}