{
    "timestamp": "2025-10-31 07:49:25",
    "cum_gam": null,
    "cum_vec": null,
    "DEX_Call": 570.512,
    "DEX_Put": -338.448,
    "DEX_Total": 232.064,
    "DEX_Ratio": 1.685671,
    "GEX_Call": 2656301.92,
    "GEX_Put": -2237621.102,
    "GEX_Total": 418680.818,
    "GEX_Ratio": 1.18711,
    "VEX_Call": -477678.491,
    "VEX_Put": 1822041.059,
    "VEX_Total": 1344362.568,
    "VEX_Ratio": -0.262167,
    "CEX_Call": -1006212.87,
    "CEX_Put": 1995232.37,
    "CEX_Total": 989019.5,
    "CEX_Ratio": -0.504309
}