{
    "timestamp": "2025-08-18 09:33:09",
    "cum_gam": null,
    "cum_vec": 8400.0,
    "DEX_Call": 512.763,
    "DEX_Put": -248.862,
    "DEX_Total": 263.901,
    "DEX_Ratio": 2.060431,
    "GEX_Call": 1658817.057,
    "GEX_Put": -1220804.554,
    "GEX_Total": 438012.503,
    "GEX_Ratio": 1.35879,
    "VEX_Call": -263553.907,
    "VEX_Put": 1915722.746,
    "VEX_Total": 1652168.839,
    "VEX_Ratio": -0.137574,
    "CEX_Call": -461474.868,
    "CEX_Put": 1129356.692,
    "CEX_Total": 667881.824,
    "CEX_Ratio": -0.408617
}