{
    "timestamp": "2025-08-01 09:32:31",
    "cum_gam": 8182.437745740498,
    "cum_vec": 8182.437745740498,
    "DEX_Call": 112.063,
    "DEX_Put": -553.688,
    "DEX_Total": -441.625,
    "DEX_Ratio": 0.202394,
    "GEX_Call": 717751.152,
    "GEX_Put": -2025960.806,
    "GEX_Total": -1308209.654,
    "GEX_Ratio": 0.354277,
    "VEX_Call": -638469.459,
    "VEX_Put": 799062.496,
    "VEX_Total": 160593.037,
    "VEX_Ratio": -0.799023,
    "CEX_Call": -1026985.322,
    "CEX_Put": 734874.731,
    "CEX_Total": -292110.591,
    "CEX_Ratio": -1.397497
}