{
    "timestamp": "2025-08-27 07:41:43",
    "cum_gam": null,
    "cum_vec": 8400.0,
    "DEX_Call": 296.75,
    "DEX_Put": -145.36,
    "DEX_Total": 151.39,
    "DEX_Ratio": 2.041483,
    "GEX_Call": 1545239.462,
    "GEX_Put": -942040.429,
    "GEX_Total": 603199.033,
    "GEX_Ratio": 1.640311,
    "VEX_Call": -343743.834,
    "VEX_Put": 1253234.57,
    "VEX_Total": 909490.736,
    "VEX_Ratio": -0.274285,
    "CEX_Call": -558625.482,
    "CEX_Put": 968952.85,
    "CEX_Total": 410327.368,
    "CEX_Ratio": -0.576525
}