{
    "timestamp": "2025-10-22 11:08:51",
    "cum_gam": 6401.881443333159,
    "cum_vec": 6401.881443333159,
    "DEX_Call": 573.996,
    "DEX_Put": -568.402,
    "DEX_Total": 5.594,
    "DEX_Ratio": 1.009842,
    "GEX_Call": 1707576.39,
    "GEX_Put": -2007430.927,
    "GEX_Total": -299854.537,
    "GEX_Ratio": 0.850628,
    "VEX_Call": -937563.017,
    "VEX_Put": 2981220.888,
    "VEX_Total": 2043657.871,
    "VEX_Ratio": -0.31449,
    "CEX_Call": -1169956.846,
    "CEX_Put": 2253590.349,
    "CEX_Total": 1083633.503,
    "CEX_Ratio": -0.519152
}