{
    "timestamp": "2025-10-31 07:15:56",
    "cum_gam": null,
    "cum_vec": null,
    "DEX_Call": 524.373,
    "DEX_Put": -398.494,
    "DEX_Total": 125.879,
    "DEX_Ratio": 1.315887,
    "GEX_Call": 2489352.209,
    "GEX_Put": -2333674.91,
    "GEX_Total": 155677.299,
    "GEX_Ratio": 1.066709,
    "VEX_Call": -647949.226,
    "VEX_Put": 1769809.146,
    "VEX_Total": 1121859.92,
    "VEX_Ratio": -0.366112,
    "CEX_Call": -1203057.393,
    "CEX_Put": 1883246.804,
    "CEX_Total": 680189.411,
    "CEX_Ratio": -0.638821
}