{
    "timestamp": "2025-09-08 10:54:18",
    "cum_gam": 7009.323669369217,
    "cum_vec": 7549.549964201698,
    "DEX_Call": 3514.606,
    "DEX_Put": -1469.913,
    "DEX_Total": 2044.693,
    "DEX_Ratio": 2.39103,
    "GEX_Call": 7435607.835,
    "GEX_Put": -6229870.61,
    "GEX_Total": 1205737.225,
    "GEX_Ratio": 1.193541,
    "VEX_Call": 2066897.732,
    "VEX_Put": 9584300.013,
    "VEX_Total": 11651197.745,
    "VEX_Ratio": 0.215655,
    "CEX_Call": 96450.569,
    "CEX_Put": 5246562.366,
    "CEX_Total": 5343012.935,
    "CEX_Ratio": 0.018384
}