{
    "timestamp": "2025-07-31 09:53:05",
    "cum_gam": 7009.688255894137,
    "cum_vec": 7435.608573295141,
    "DEX_Call": 2921.307,
    "DEX_Put": -982.594,
    "DEX_Total": 1938.713,
    "DEX_Ratio": 2.973056,
    "GEX_Call": 6929249.285,
    "GEX_Put": -4594143.846,
    "GEX_Total": 2335105.439,
    "GEX_Ratio": 1.508279,
    "VEX_Call": -516543.046,
    "VEX_Put": 8854558.434,
    "VEX_Total": 8338015.388,
    "VEX_Ratio": -0.058336,
    "CEX_Call": -2495774.946,
    "CEX_Put": 7616719.215,
    "CEX_Total": 5120944.269,
    "CEX_Ratio": -0.327671
}