{
    "timestamp": "2025-08-04 12:32:53",
    "cum_gam": 7019.371388448832,
    "cum_vec": 7509.216715825874,
    "DEX_Call": 4875.071,
    "DEX_Put": -2300.318,
    "DEX_Total": 2574.753,
    "DEX_Ratio": 2.119303,
    "GEX_Call": 4571406.732,
    "GEX_Put": -4147916.713,
    "GEX_Total": 423490.019,
    "GEX_Ratio": 1.102097,
    "VEX_Call": 3630012.341,
    "VEX_Put": 14723312.828,
    "VEX_Total": 18353325.169,
    "VEX_Ratio": 0.246549,
    "CEX_Call": -137674.484,
    "CEX_Put": 1695697.75,
    "CEX_Total": 1558023.266,
    "CEX_Ratio": -0.08119
}