{
    "timestamp": "2025-09-12 07:45:41",
    "cum_gam": null,
    "cum_vec": 7886.355727343158,
    "DEX_Call": 1493.193,
    "DEX_Put": -876.787,
    "DEX_Total": 616.406,
    "DEX_Ratio": 1.703028,
    "GEX_Call": 2563751.485,
    "GEX_Put": -2181601.358,
    "GEX_Total": 382150.127,
    "GEX_Ratio": 1.17517,
    "VEX_Call": -177463.053,
    "VEX_Put": 10034081.511,
    "VEX_Total": 9856618.458,
    "VEX_Ratio": -0.017686,
    "CEX_Call": -425453.957,
    "CEX_Put": 1700612.826,
    "CEX_Total": 1275158.869,
    "CEX_Ratio": -0.250177
}