{
    "timestamp": "2025-11-12 07:48:41",
    "cum_gam": null,
    "cum_vec": 7794.569759054606,
    "DEX_Call": 1502.85,
    "DEX_Put": -789.862,
    "DEX_Total": 712.988,
    "DEX_Ratio": 1.902674,
    "GEX_Call": 4482140.756,
    "GEX_Put": -3006498.626,
    "GEX_Total": 1475642.13,
    "GEX_Ratio": 1.490817,
    "VEX_Call": -879096.362,
    "VEX_Put": 4392002.786,
    "VEX_Total": 3512906.424,
    "VEX_Ratio": -0.200158,
    "CEX_Call": -1428906.347,
    "CEX_Put": 3026505.615,
    "CEX_Total": 1597599.268,
    "CEX_Ratio": -0.472131
}