{
    "timestamp": "2025-09-24 10:10:05",
    "cum_gam": null,
    "cum_vec": 7029.46265283617,
    "DEX_Call": 1005.369,
    "DEX_Put": -574.296,
    "DEX_Total": 431.073,
    "DEX_Ratio": 1.750611,
    "GEX_Call": 3031779.355,
    "GEX_Put": -2821293.449,
    "GEX_Total": 210485.906,
    "GEX_Ratio": 1.074606,
    "VEX_Call": -56288.393,
    "VEX_Put": 2889215.946,
    "VEX_Total": 2832927.553,
    "VEX_Ratio": -0.019482,
    "CEX_Call": -481448.946,
    "CEX_Put": 2563143.426,
    "CEX_Total": 2081694.48,
    "CEX_Ratio": -0.187835
}