{
    "timestamp": "2025-10-27 11:20:14",
    "cum_gam": null,
    "cum_vec": 8800.0,
    "DEX_Call": 507.095,
    "DEX_Put": -123.309,
    "DEX_Total": 383.786,
    "DEX_Ratio": 4.112392,
    "GEX_Call": 1494403.559,
    "GEX_Put": -657724.15,
    "GEX_Total": 836679.409,
    "GEX_Ratio": 2.272083,
    "VEX_Call": 122088.712,
    "VEX_Put": 1507983.248,
    "VEX_Total": 1630071.96,
    "VEX_Ratio": 0.080962,
    "CEX_Call": -133529.491,
    "CEX_Put": 943937.751,
    "CEX_Total": 810408.26,
    "CEX_Ratio": -0.14146
}