{
    "timestamp": "2025-08-11 11:03:33",
    "cum_gam": 7015.456460641447,
    "cum_vec": 7508.855015179637,
    "DEX_Call": 5673.5,
    "DEX_Put": -2104.121,
    "DEX_Total": 3569.379,
    "DEX_Ratio": 2.696375,
    "GEX_Call": 5334533.074,
    "GEX_Put": -4598285.409,
    "GEX_Total": 736247.665,
    "GEX_Ratio": 1.160114,
    "VEX_Call": 4179483.627,
    "VEX_Put": 16354185.313,
    "VEX_Total": 20533668.94,
    "VEX_Ratio": 0.25556,
    "CEX_Call": -82453.431,
    "CEX_Put": 2311987.63,
    "CEX_Total": 2229534.199,
    "CEX_Ratio": -0.035663
}