{
    "timestamp": "2025-09-12 07:31:42",
    "cum_gam": 7008.427416295805,
    "cum_vec": 7820.940350212455,
    "DEX_Call": 3153.483,
    "DEX_Put": -905.932,
    "DEX_Total": 2247.551,
    "DEX_Ratio": 3.480927,
    "GEX_Call": 8992356.412,
    "GEX_Put": -5765474.773,
    "GEX_Total": 3226881.639,
    "GEX_Ratio": 1.559691,
    "VEX_Call": 2070281.2,
    "VEX_Put": 9421218.507,
    "VEX_Total": 11491499.707,
    "VEX_Ratio": 0.219747,
    "CEX_Call": 333578.227,
    "CEX_Put": 8887583.27,
    "CEX_Total": 9221161.497,
    "CEX_Ratio": 0.037533
}