{
    "timestamp": "2025-09-09 09:36:44",
    "cum_gam": 7009.35287468572,
    "cum_vec": 7478.440181807907,
    "DEX_Call": 3595.721,
    "DEX_Put": -1425.32,
    "DEX_Total": 2170.401,
    "DEX_Ratio": 2.522746,
    "GEX_Call": 7820045.705,
    "GEX_Put": -6500407.381,
    "GEX_Total": 1319638.324,
    "GEX_Ratio": 1.203009,
    "VEX_Call": 2209472.233,
    "VEX_Put": 9822610.518,
    "VEX_Total": 12032082.751,
    "VEX_Ratio": 0.224937,
    "CEX_Call": 207471.333,
    "CEX_Put": 6011755.49,
    "CEX_Total": 6219226.823,
    "CEX_Ratio": 0.034511
}