{
    "timestamp": "2025-10-13 10:25:58",
    "cum_gam": 6582.793747535736,
    "cum_vec": 6582.793747535736,
    "DEX_Call": 162.014,
    "DEX_Put": -339.883,
    "DEX_Total": -177.869,
    "DEX_Ratio": 0.476676,
    "GEX_Call": 776363.055,
    "GEX_Put": -1102765.342,
    "GEX_Total": -326402.287,
    "GEX_Ratio": 0.704015,
    "VEX_Call": -608565.244,
    "VEX_Put": 1137800.527,
    "VEX_Total": 529235.283,
    "VEX_Ratio": -0.534861,
    "CEX_Call": -573260.504,
    "CEX_Put": 609530.163,
    "CEX_Total": 36269.659,
    "CEX_Ratio": -0.940496
}