{
    "timestamp": "2025-11-03 12:50:31",
    "cum_gam": null,
    "cum_vec": null,
    "DEX_Call": 289.459,
    "DEX_Put": -173.39,
    "DEX_Total": 116.069,
    "DEX_Ratio": 1.66941,
    "GEX_Call": 1065435.033,
    "GEX_Put": -800396.082,
    "GEX_Total": 265038.951,
    "GEX_Ratio": 1.331135,
    "VEX_Call": -338355.141,
    "VEX_Put": 1046596.311,
    "VEX_Total": 708241.17,
    "VEX_Ratio": -0.323291,
    "CEX_Call": -390673.704,
    "CEX_Put": 606499.997,
    "CEX_Total": 215826.293,
    "CEX_Ratio": -0.644145
}