{
    "timestamp": "2025-09-25 10:42:35",
    "cum_gam": 6540.667631268316,
    "cum_vec": 6954.9960027197985,
    "DEX_Call": 863.857,
    "DEX_Put": -819.923,
    "DEX_Total": 43.934,
    "DEX_Ratio": 1.053583,
    "GEX_Call": 3119986.769,
    "GEX_Put": -3753798.438,
    "GEX_Total": -633811.669,
    "GEX_Ratio": 0.831155,
    "VEX_Call": -370643.147,
    "VEX_Put": 2281660.087,
    "VEX_Total": 1911016.94,
    "VEX_Ratio": -0.162445,
    "CEX_Call": -805517.444,
    "CEX_Put": 2295181.475,
    "CEX_Total": 1489664.031,
    "CEX_Ratio": -0.35096
}