{
    "timestamp": "2025-10-02 12:12:46",
    "cum_gam": null,
    "cum_vec": 7520.68386805093,
    "DEX_Call": 1095.36,
    "DEX_Put": -605.308,
    "DEX_Total": 490.052,
    "DEX_Ratio": 1.809591,
    "GEX_Call": 1420578.686,
    "GEX_Put": -1141730.716,
    "GEX_Total": 278847.97,
    "GEX_Ratio": 1.244233,
    "VEX_Call": -451628.138,
    "VEX_Put": 6096742.197,
    "VEX_Total": 5645114.059,
    "VEX_Ratio": -0.074077,
    "CEX_Call": -281015.597,
    "CEX_Put": 684155.919,
    "CEX_Total": 403140.322,
    "CEX_Ratio": -0.410748
}