{
    "timestamp": "2025-10-31 11:52:28",
    "cum_gam": 6254.506200037448,
    "cum_vec": 6254.506200037448,
    "DEX_Call": 479.025,
    "DEX_Put": -406.775,
    "DEX_Total": 72.25,
    "DEX_Ratio": 1.177617,
    "GEX_Call": 2433351.848,
    "GEX_Put": -2451593.545,
    "GEX_Total": -18241.697,
    "GEX_Ratio": 0.992559,
    "VEX_Call": -632623.133,
    "VEX_Put": 1590415.751,
    "VEX_Total": 957792.618,
    "VEX_Ratio": -0.397772,
    "CEX_Call": -1193851.788,
    "CEX_Put": 1657748.499,
    "CEX_Total": 463896.711,
    "CEX_Ratio": -0.720165
}