{
    "timestamp": "2025-10-09 10:01:21",
    "cum_gam": 7004.122152048984,
    "cum_vec": 9090.200054449357,
    "DEX_Call": 1847.91,
    "DEX_Put": -1002.312,
    "DEX_Total": 845.598,
    "DEX_Ratio": 1.843647,
    "GEX_Call": 5305358.885,
    "GEX_Put": -4147983.728,
    "GEX_Total": 1157375.157,
    "GEX_Ratio": 1.279021,
    "VEX_Call": -178779.376,
    "VEX_Put": 5628947.86,
    "VEX_Total": 5450168.484,
    "VEX_Ratio": -0.031761,
    "CEX_Call": -1151940.538,
    "CEX_Put": 4610177.487,
    "CEX_Total": 3458236.949,
    "CEX_Ratio": -0.249869
}