{
    "timestamp": "2025-10-29 12:40:06",
    "cum_gam": null,
    "cum_vec": 7622.313169011102,
    "DEX_Call": 2800.098,
    "DEX_Put": -1089.611,
    "DEX_Total": 1710.487,
    "DEX_Ratio": 2.569814,
    "GEX_Call": 5612429.218,
    "GEX_Put": -3599870.051,
    "GEX_Total": 2012559.167,
    "GEX_Ratio": 1.559064,
    "VEX_Call": -356203.375,
    "VEX_Put": 9425500.535,
    "VEX_Total": 9069297.16,
    "VEX_Ratio": -0.037791,
    "CEX_Call": -1088760.457,
    "CEX_Put": 3421238.512,
    "CEX_Total": 2332478.055,
    "CEX_Ratio": -0.318236
}