{
    "timestamp": "2026-07-20 12:40:02",
    "cum_gam": 8002.915083400452,
    "cum_vec": 10504.685792349726,
    "DEX_Call": 2383.111,
    "DEX_Put": -2847.169,
    "DEX_Total": -464.058,
    "DEX_Ratio": 0.837011,
    "GEX_Call": 3533691.282,
    "GEX_Put": -4322929.4,
    "GEX_Total": -789238.118,
    "GEX_Ratio": 0.81743,
    "VEX_Call": -2685272.264,
    "VEX_Put": 10588685.684,
    "VEX_Total": 7903413.42,
    "VEX_Ratio": -0.253598,
    "CEX_Call": -1178895.488,
    "CEX_Put": 1557235.575,
    "CEX_Total": 378340.087,
    "CEX_Ratio": -0.757044
}