{
    "timestamp": "2025-07-09 09:49:59",
    "cum_gam": 7002.861397312827,
    "cum_vec": 8410.025802526168,
    "DEX_Call": 1781.452,
    "DEX_Put": -377.275,
    "DEX_Total": 1404.177,
    "DEX_Ratio": 4.721893,
    "GEX_Call": 3470132.424,
    "GEX_Put": -2008439.706,
    "GEX_Total": 1461692.718,
    "GEX_Ratio": 1.727775,
    "VEX_Call": 491938.14,
    "VEX_Put": 3210966.002,
    "VEX_Total": 3702904.142,
    "VEX_Ratio": 0.153206,
    "CEX_Call": -212725.553,
    "CEX_Put": 2467362.858,
    "CEX_Total": 2254637.305,
    "CEX_Ratio": -0.086216
}