{
    "timestamp": "2025-10-14 07:20:26",
    "cum_gam": 6590.1195402264075,
    "cum_vec": 8191.6103097659025,
    "DEX_Call": 164.863,
    "DEX_Put": -464.185,
    "DEX_Total": -299.322,
    "DEX_Ratio": 0.355167,
    "GEX_Call": 749149.552,
    "GEX_Put": -1272107.409,
    "GEX_Total": -522957.857,
    "GEX_Ratio": 0.588904,
    "VEX_Call": -794225.002,
    "VEX_Put": 1165575.072,
    "VEX_Total": 371350.07,
    "VEX_Ratio": -0.681402,
    "CEX_Call": -782091.205,
    "CEX_Put": 698466.07,
    "CEX_Total": -83625.135,
    "CEX_Ratio": -1.119727
}