{
    "timestamp": "2025-11-17 09:44:46",
    "cum_gam": null,
    "cum_vec": 7815.271194385651,
    "DEX_Call": 6688.016,
    "DEX_Put": -3198.864,
    "DEX_Total": 3489.152,
    "DEX_Ratio": 2.090747,
    "GEX_Call": 7102668.61,
    "GEX_Put": -5419381.283,
    "GEX_Total": 1683287.327,
    "GEX_Ratio": 1.310605,
    "VEX_Call": -1765879.708,
    "VEX_Put": 15687582.371,
    "VEX_Total": 13921702.663,
    "VEX_Ratio": -0.112565,
    "CEX_Call": -1548670.574,
    "CEX_Put": 2569354.086,
    "CEX_Total": 1020683.512,
    "CEX_Ratio": -0.602747
}