{
    "timestamp": "2025-07-21 08:07:31",
    "cum_gam": 7010.352268182695,
    "cum_vec": 7345.087687902648,
    "DEX_Call": 2086.889,
    "DEX_Put": -757.213,
    "DEX_Total": 1329.676,
    "DEX_Ratio": 2.756013,
    "GEX_Call": 3448254.057,
    "GEX_Put": -2244126.472,
    "GEX_Total": 1204127.585,
    "GEX_Ratio": 1.536569,
    "VEX_Call": -12098.638,
    "VEX_Put": 8281835.098,
    "VEX_Total": 8269736.46,
    "VEX_Ratio": -0.001461,
    "CEX_Call": -582304.795,
    "CEX_Put": 2128504.851,
    "CEX_Total": 1546200.056,
    "CEX_Ratio": -0.273575
}