{
    "timestamp": "2025-08-27 08:29:43",
    "cum_gam": null,
    "cum_vec": 8400.0,
    "DEX_Call": 299.313,
    "DEX_Put": -144.691,
    "DEX_Total": 154.622,
    "DEX_Ratio": 2.068636,
    "GEX_Call": 1556637.898,
    "GEX_Put": -940790.019,
    "GEX_Total": 615847.879,
    "GEX_Ratio": 1.654607,
    "VEX_Call": -328492.647,
    "VEX_Put": 1263048.471,
    "VEX_Total": 934555.824,
    "VEX_Ratio": -0.260079,
    "CEX_Call": -547187.37,
    "CEX_Put": 983019.499,
    "CEX_Total": 435832.129,
    "CEX_Ratio": -0.556639
}