{
    "timestamp": "2025-08-29 07:11:45",
    "cum_gam": 7008.768027497497,
    "cum_vec": 7477.42677121122,
    "DEX_Call": 4495.003,
    "DEX_Put": -2612.744,
    "DEX_Total": 1882.259,
    "DEX_Ratio": 1.720415,
    "GEX_Call": 9463025.282,
    "GEX_Put": -8747012.721,
    "GEX_Total": 716012.561,
    "GEX_Ratio": 1.081858,
    "VEX_Call": 832523.445,
    "VEX_Put": 17421456.952,
    "VEX_Total": 18253980.397,
    "VEX_Ratio": 0.047787,
    "CEX_Call": -1793222.717,
    "CEX_Put": 5653549.669,
    "CEX_Total": 3860326.952,
    "CEX_Ratio": -0.317185
}