{
    "timestamp": "2025-09-05 12:48:47",
    "cum_gam": 5253.940575426081,
    "cum_vec": 9042.132729082981,
    "DEX_Call": 1550.837,
    "DEX_Put": -948.718,
    "DEX_Total": 602.119,
    "DEX_Ratio": 1.634666,
    "GEX_Call": 1904074.072,
    "GEX_Put": -1971305.639,
    "GEX_Total": -67231.567,
    "GEX_Ratio": 0.965895,
    "VEX_Call": -207646.139,
    "VEX_Put": 8738975.639,
    "VEX_Total": 8531329.5,
    "VEX_Ratio": -0.023761,
    "CEX_Call": -335145.547,
    "CEX_Put": 1210151.35,
    "CEX_Total": 875005.803,
    "CEX_Ratio": -0.276945
}