{
    "timestamp": "2025-11-25 09:55:16",
    "cum_gam": null,
    "cum_vec": 9321.685852209432,
    "DEX_Call": 2888.6,
    "DEX_Put": -974.206,
    "DEX_Total": 1914.394,
    "DEX_Ratio": 2.965081,
    "GEX_Call": 1410172.11,
    "GEX_Put": -1404318.108,
    "GEX_Total": 5854.002,
    "GEX_Ratio": 1.004169,
    "VEX_Call": 640014.248,
    "VEX_Put": 5291327.369,
    "VEX_Total": 5931341.617,
    "VEX_Ratio": 0.120955,
    "CEX_Call": -47167.951,
    "CEX_Put": 580176.513,
    "CEX_Total": 533008.562,
    "CEX_Ratio": -0.081299
}