{
    "timestamp": "2025-10-07 07:29:14",
    "cum_gam": 7003.434424202107,
    "cum_vec": 9186.380804469889,
    "DEX_Call": 2052.714,
    "DEX_Put": -828.642,
    "DEX_Total": 1224.072,
    "DEX_Ratio": 2.477202,
    "GEX_Call": 4802848.002,
    "GEX_Put": -3078885.885,
    "GEX_Total": 1723962.117,
    "GEX_Ratio": 1.559931,
    "VEX_Call": 188035.007,
    "VEX_Put": 5265798.746,
    "VEX_Total": 5453833.753,
    "VEX_Ratio": 0.035709,
    "CEX_Call": -678709.721,
    "CEX_Put": 3218822.655,
    "CEX_Total": 2540112.934,
    "CEX_Ratio": -0.210857
}