{
    "timestamp": "2025-09-17 08:55:31",
    "cum_gam": null,
    "cum_vec": 8055.01657260593,
    "DEX_Call": 2259.572,
    "DEX_Put": -1105.536,
    "DEX_Total": 1154.036,
    "DEX_Ratio": 2.04387,
    "GEX_Call": 2973071.917,
    "GEX_Put": -2725317.037,
    "GEX_Total": 247754.88,
    "GEX_Ratio": 1.090909,
    "VEX_Call": -96868.065,
    "VEX_Put": 11353813.66,
    "VEX_Total": 11256945.595,
    "VEX_Ratio": -0.008532,
    "CEX_Call": -483058.412,
    "CEX_Put": 2291072.226,
    "CEX_Total": 1808013.814,
    "CEX_Ratio": -0.210844
}