{
    "timestamp": "2025-11-24 08:20:34",
    "cum_gam": 8399.399124333633,
    "cum_vec": 8574.468085106382,
    "DEX_Call": 190.735,
    "DEX_Put": -349.538,
    "DEX_Total": -158.803,
    "DEX_Ratio": 0.545677,
    "GEX_Call": 798464.906,
    "GEX_Put": -976055.979,
    "GEX_Total": -177591.073,
    "GEX_Ratio": 0.818052,
    "VEX_Call": -737078.822,
    "VEX_Put": 1668665.505,
    "VEX_Total": 931586.683,
    "VEX_Ratio": -0.441718,
    "CEX_Call": -660784.954,
    "CEX_Put": 991961.255,
    "CEX_Total": 331176.301,
    "CEX_Ratio": -0.66614
}