{
    "timestamp": "2025-07-22 12:03:27",
    "cum_gam": null,
    "cum_vec": 6822.165067281402,
    "DEX_Call": 468.99,
    "DEX_Put": -204.224,
    "DEX_Total": 264.766,
    "DEX_Ratio": 2.296449,
    "GEX_Call": 1804639.599,
    "GEX_Put": -1090408.441,
    "GEX_Total": 714231.158,
    "GEX_Ratio": 1.655012,
    "VEX_Call": -559741.219,
    "VEX_Put": 1512154.871,
    "VEX_Total": 952413.652,
    "VEX_Ratio": -0.370161,
    "CEX_Call": -754668.112,
    "CEX_Put": 1123208.383,
    "CEX_Total": 368540.271,
    "CEX_Ratio": -0.671886
}