{
    "timestamp": "2025-10-28 09:03:45",
    "cum_gam": null,
    "cum_vec": 8800.0,
    "DEX_Call": 595.699,
    "DEX_Put": -157.344,
    "DEX_Total": 438.355,
    "DEX_Ratio": 3.785966,
    "GEX_Call": 1767809.518,
    "GEX_Put": -859119.657,
    "GEX_Total": 908689.861,
    "GEX_Ratio": 2.057699,
    "VEX_Call": 108935.539,
    "VEX_Put": 1658618.232,
    "VEX_Total": 1767553.771,
    "VEX_Ratio": 0.065678,
    "CEX_Call": -186344.855,
    "CEX_Put": 1182874.928,
    "CEX_Total": 996530.073,
    "CEX_Ratio": -0.157536
}