{
    "timestamp": "2025-10-17 10:35:50",
    "cum_gam": 5506.415820485519,
    "cum_vec": 7519.141061795684,
    "DEX_Call": 1995.531,
    "DEX_Put": -1496.735,
    "DEX_Total": 498.796,
    "DEX_Ratio": 1.333256,
    "GEX_Call": 2250190.263,
    "GEX_Put": -2464083.922,
    "GEX_Total": -213893.659,
    "GEX_Ratio": 0.913195,
    "VEX_Call": -1198725.575,
    "VEX_Put": 10024451.225,
    "VEX_Total": 8825725.65,
    "VEX_Ratio": -0.11958,
    "CEX_Call": -667563.239,
    "CEX_Put": 1812322.294,
    "CEX_Total": 1144759.055,
    "CEX_Ratio": -0.368347
}