{
    "timestamp": "2025-10-22 10:20:56",
    "cum_gam": 8775.586854460094,
    "cum_vec": 8775.586854460094,
    "DEX_Call": 590.367,
    "DEX_Put": -538.344,
    "DEX_Total": 52.023,
    "DEX_Ratio": 1.096635,
    "GEX_Call": 1782657.79,
    "GEX_Put": -2000460.951,
    "GEX_Total": -217803.161,
    "GEX_Ratio": 0.891124,
    "VEX_Call": -885591.716,
    "VEX_Put": 2958720.252,
    "VEX_Total": 2073128.536,
    "VEX_Ratio": -0.299316,
    "CEX_Call": -1130872.064,
    "CEX_Put": 2229045.055,
    "CEX_Total": 1098172.991,
    "CEX_Ratio": -0.507335
}