{
    "timestamp": "2025-08-28 10:19:55",
    "cum_gam": 7008.476769618699,
    "cum_vec": 7486.2362533857795,
    "DEX_Call": 4532.469,
    "DEX_Put": -1908.015,
    "DEX_Total": 2624.454,
    "DEX_Ratio": 2.375489,
    "GEX_Call": 9693564.901,
    "GEX_Put": -7040323.482,
    "GEX_Total": 2653241.419,
    "GEX_Ratio": 1.376864,
    "VEX_Call": 2236960.735,
    "VEX_Put": 16724273.276,
    "VEX_Total": 18961234.011,
    "VEX_Ratio": 0.133755,
    "CEX_Call": -1110135.724,
    "CEX_Put": 5037337.143,
    "CEX_Total": 3927201.419,
    "CEX_Ratio": -0.220381
}