{
    "timestamp": "2025-09-30 10:33:15",
    "cum_gam": 6328.237051845042,
    "cum_vec": 6328.237051845042,
    "DEX_Call": 226.411,
    "DEX_Put": -201.202,
    "DEX_Total": 25.209,
    "DEX_Ratio": 1.125292,
    "GEX_Call": 1048420.444,
    "GEX_Put": -1118472.511,
    "GEX_Total": -70052.067,
    "GEX_Ratio": 0.937368,
    "VEX_Call": -373987.687,
    "VEX_Put": 1298923.232,
    "VEX_Total": 924935.545,
    "VEX_Ratio": -0.287921,
    "CEX_Call": -486472.489,
    "CEX_Put": 907865.589,
    "CEX_Total": 421393.1,
    "CEX_Ratio": -0.535842
}