{
    "timestamp": "2025-07-28 09:20:15",
    "cum_gam": null,
    "cum_vec": 8200.0,
    "DEX_Call": 239.305,
    "DEX_Put": -92.755,
    "DEX_Total": 146.55,
    "DEX_Ratio": 2.579969,
    "GEX_Call": 815773.765,
    "GEX_Put": -523380.714,
    "GEX_Total": 292393.051,
    "GEX_Ratio": 1.558662,
    "VEX_Call": -40242.446,
    "VEX_Put": 856042.94,
    "VEX_Total": 815800.494,
    "VEX_Ratio": -0.04701,
    "CEX_Call": -155196.928,
    "CEX_Put": 564068.868,
    "CEX_Total": 408871.94,
    "CEX_Ratio": -0.275138
}