{
    "timestamp": "2025-09-11 09:13:20",
    "cum_gam": null,
    "cum_vec": 7851.986831860341,
    "DEX_Call": 1504.865,
    "DEX_Put": -841.913,
    "DEX_Total": 662.952,
    "DEX_Ratio": 1.787435,
    "GEX_Call": 2425153.682,
    "GEX_Put": -2026592.362,
    "GEX_Total": 398561.32,
    "GEX_Ratio": 1.196666,
    "VEX_Call": -117386.246,
    "VEX_Put": 10044575.534,
    "VEX_Total": 9927189.288,
    "VEX_Ratio": -0.011687,
    "CEX_Call": -393479.399,
    "CEX_Put": 1679093.861,
    "CEX_Total": 1285614.462,
    "CEX_Ratio": -0.23434
}