{
    "timestamp": "2025-08-07 09:23:39",
    "cum_gam": 7018.220490955756,
    "cum_vec": 7488.3316321962575,
    "DEX_Call": 5419.9,
    "DEX_Put": -2407.06,
    "DEX_Total": 3012.84,
    "DEX_Ratio": 2.251668,
    "GEX_Call": 5124380.879,
    "GEX_Put": -4598612.271,
    "GEX_Total": 525768.608,
    "GEX_Ratio": 1.114332,
    "VEX_Call": 4123804.721,
    "VEX_Put": 16249585.043,
    "VEX_Total": 20373389.764,
    "VEX_Ratio": 0.253779,
    "CEX_Call": -113010.652,
    "CEX_Put": 2023890.145,
    "CEX_Total": 1910879.493,
    "CEX_Ratio": -0.055838
}