{
    "timestamp": "2025-07-03 08:02:05",
    "cum_gam": null,
    "cum_vec": 8000.0,
    "DEX_Call": 414.089,
    "DEX_Put": -86.89,
    "DEX_Total": 327.199,
    "DEX_Ratio": 4.765669,
    "GEX_Call": 2007867.253,
    "GEX_Put": -762093.286,
    "GEX_Total": 1245773.967,
    "GEX_Ratio": 2.634674,
    "VEX_Call": 30498.551,
    "VEX_Put": 1236578.084,
    "VEX_Total": 1267076.635,
    "VEX_Ratio": 0.024664,
    "CEX_Call": -327506.293,
    "CEX_Put": 1326365.615,
    "CEX_Total": 998859.322,
    "CEX_Ratio": -0.24692
}