{
    "timestamp": "2025-09-04 12:14:01",
    "cum_gam": null,
    "cum_vec": null,
    "DEX_Call": 327.294,
    "DEX_Put": -144.472,
    "DEX_Total": 182.822,
    "DEX_Ratio": 2.265449,
    "GEX_Call": 1980941.628,
    "GEX_Put": -1062409.483,
    "GEX_Total": 918532.145,
    "GEX_Ratio": 1.864574,
    "VEX_Call": -347243.051,
    "VEX_Put": 1304778.521,
    "VEX_Total": 957535.47,
    "VEX_Ratio": -0.266132,
    "CEX_Call": -723188.323,
    "CEX_Put": 1348122.377,
    "CEX_Total": 624934.054,
    "CEX_Ratio": -0.536441
}