{
    "timestamp": "2025-10-23 08:51:11",
    "cum_gam": 8793.6694021102,
    "cum_vec": 8793.6694021102,
    "DEX_Call": 626.287,
    "DEX_Put": -466.423,
    "DEX_Total": 159.864,
    "DEX_Ratio": 1.342745,
    "GEX_Call": 2470895.702,
    "GEX_Put": -2250426.476,
    "GEX_Total": 220469.226,
    "GEX_Ratio": 1.097968,
    "VEX_Call": -755367.974,
    "VEX_Put": 3115186.132,
    "VEX_Total": 2359818.158,
    "VEX_Ratio": -0.242479,
    "CEX_Call": -1239273.234,
    "CEX_Put": 2786584.125,
    "CEX_Total": 1547310.891,
    "CEX_Ratio": -0.444728
}