{
    "timestamp": "2025-11-14 12:10:26",
    "cum_gam": 6652.746687938662,
    "cum_vec": 7781.851575241201,
    "DEX_Call": 1152.156,
    "DEX_Put": -1526.973,
    "DEX_Total": -374.817,
    "DEX_Ratio": 0.754536,
    "GEX_Call": 3520863.49,
    "GEX_Put": -4804899.356,
    "GEX_Total": -1284035.866,
    "GEX_Ratio": 0.732765,
    "VEX_Call": -1518903.731,
    "VEX_Put": 4734584.28,
    "VEX_Total": 3215680.549,
    "VEX_Ratio": -0.32081,
    "CEX_Call": -2381376.235,
    "CEX_Put": 4596906.726,
    "CEX_Total": 2215530.491,
    "CEX_Ratio": -0.518039
}