{
    "timestamp": "2025-10-07 07:48:16",
    "cum_gam": 7003.474259242097,
    "cum_vec": 8974.581736610899,
    "DEX_Call": 1869.422,
    "DEX_Put": -839.211,
    "DEX_Total": 1030.211,
    "DEX_Ratio": 2.227595,
    "GEX_Call": 4804182.812,
    "GEX_Put": -3107841.336,
    "GEX_Total": 1696341.476,
    "GEX_Ratio": 1.545826,
    "VEX_Call": 111193.648,
    "VEX_Put": 5267138.383,
    "VEX_Total": 5378332.031,
    "VEX_Ratio": 0.021111,
    "CEX_Call": -733131.616,
    "CEX_Put": 3221983.085,
    "CEX_Total": 2488851.469,
    "CEX_Ratio": -0.22754
}