{
    "timestamp": "2025-10-03 11:01:42",
    "cum_gam": null,
    "cum_vec": null,
    "DEX_Call": 408.005,
    "DEX_Put": -213.771,
    "DEX_Total": 194.234,
    "DEX_Ratio": 1.908608,
    "GEX_Call": 2620640.209,
    "GEX_Put": -1790225.535,
    "GEX_Total": 830414.674,
    "GEX_Ratio": 1.46386,
    "VEX_Call": -394188.05,
    "VEX_Put": 2059518.978,
    "VEX_Total": 1665330.928,
    "VEX_Ratio": -0.191398,
    "CEX_Call": -974327.196,
    "CEX_Put": 2554167.833,
    "CEX_Total": 1579840.637,
    "CEX_Ratio": -0.381466
}