{
    "timestamp": "2025-11-26 11:57:00",
    "cum_gam": null,
    "cum_vec": 9276.178251259593,
    "DEX_Call": 3127.141,
    "DEX_Put": -821.685,
    "DEX_Total": 2305.456,
    "DEX_Ratio": 3.805766,
    "GEX_Call": 1545800.058,
    "GEX_Put": -1346985.322,
    "GEX_Total": 198814.736,
    "GEX_Ratio": 1.1476,
    "VEX_Call": 796110.015,
    "VEX_Put": 5467655.37,
    "VEX_Total": 6263765.385,
    "VEX_Ratio": 0.145604,
    "CEX_Call": -38573.435,
    "CEX_Put": 616663.747,
    "CEX_Total": 578090.312,
    "CEX_Ratio": -0.062552
}