{
    "timestamp": "2025-09-30 11:40:14",
    "cum_gam": null,
    "cum_vec": null,
    "DEX_Call": 254.861,
    "DEX_Put": -173.543,
    "DEX_Total": 81.318,
    "DEX_Ratio": 1.468576,
    "GEX_Call": 1142737.297,
    "GEX_Put": -1038349.346,
    "GEX_Total": 104387.951,
    "GEX_Ratio": 1.100533,
    "VEX_Call": -296379.43,
    "VEX_Put": 1354984.874,
    "VEX_Total": 1058605.444,
    "VEX_Ratio": -0.218733,
    "CEX_Call": -436932.449,
    "CEX_Put": 972507.482,
    "CEX_Total": 535575.033,
    "CEX_Ratio": -0.449284
}