{
    "timestamp": "2025-08-20 07:47:39",
    "cum_gam": 6293.248546106632,
    "cum_vec": 8186.7069486404835,
    "DEX_Call": 405.449,
    "DEX_Put": -552.587,
    "DEX_Total": -147.138,
    "DEX_Ratio": 0.733729,
    "GEX_Call": 1248161.928,
    "GEX_Put": -1981460.74,
    "GEX_Total": -733298.812,
    "GEX_Ratio": 0.62992,
    "VEX_Call": -682224.879,
    "VEX_Put": 1766400.402,
    "VEX_Total": 1084175.523,
    "VEX_Ratio": -0.386223,
    "CEX_Call": -859575.561,
    "CEX_Put": 1260017.641,
    "CEX_Total": 400442.08,
    "CEX_Ratio": -0.682193
}