{
    "timestamp": "2026-07-20 10:40:30",
    "cum_gam": 11998.70921477232,
    "cum_vec": 12118.867924528302,
    "DEX_Call": 2427.678,
    "DEX_Put": -2796.27,
    "DEX_Total": -368.592,
    "DEX_Ratio": 0.868184,
    "GEX_Call": 3617500.088,
    "GEX_Put": -4282965.381,
    "GEX_Total": -665465.293,
    "GEX_Ratio": 0.844625,
    "VEX_Call": -2783029.35,
    "VEX_Put": 10715779.578,
    "VEX_Total": 7932750.228,
    "VEX_Ratio": -0.259713,
    "CEX_Call": -1207672.617,
    "CEX_Put": 1584635.136,
    "CEX_Total": 376962.519,
    "CEX_Ratio": -0.762114
}