{
    "timestamp": "2025-10-15 08:17:53",
    "cum_gam": null,
    "cum_vec": 7522.550889101594,
    "DEX_Call": 1999.598,
    "DEX_Put": -1090.497,
    "DEX_Total": 909.101,
    "DEX_Ratio": 1.833657,
    "GEX_Call": 2278218.346,
    "GEX_Put": -2103215.022,
    "GEX_Total": 175003.324,
    "GEX_Ratio": 1.083208,
    "VEX_Call": -935128.405,
    "VEX_Put": 9214818.463,
    "VEX_Total": 8279690.058,
    "VEX_Ratio": -0.101481,
    "CEX_Call": -574426.161,
    "CEX_Put": 1534016.643,
    "CEX_Total": 959590.482,
    "CEX_Ratio": -0.374459
}