{
    "timestamp": "2025-08-12 06:30:58",
    "cum_gam": null,
    "cum_vec": null,
    "DEX_Call": 279.803,
    "DEX_Put": -144.565,
    "DEX_Total": 135.238,
    "DEX_Ratio": 1.935482,
    "GEX_Call": 1297462.475,
    "GEX_Put": -830376.795,
    "GEX_Total": 467085.68,
    "GEX_Ratio": 1.562498,
    "VEX_Call": -310707.823,
    "VEX_Put": 1292859.515,
    "VEX_Total": 982151.692,
    "VEX_Ratio": -0.240326,
    "CEX_Call": -484333.273,
    "CEX_Put": 926096.704,
    "CEX_Total": 441763.431,
    "CEX_Ratio": -0.522983
}