{
    "timestamp": "2025-11-12 08:54:55",
    "cum_gam": null,
    "cum_vec": 7943.674302832808,
    "DEX_Call": 5682.958,
    "DEX_Put": -2735.003,
    "DEX_Total": 2947.955,
    "DEX_Ratio": 2.077862,
    "GEX_Call": 7187956.461,
    "GEX_Put": -5412379.42,
    "GEX_Total": 1775577.041,
    "GEX_Ratio": 1.328058,
    "VEX_Call": 1386507.285,
    "VEX_Put": 19587306.627,
    "VEX_Total": 20973813.912,
    "VEX_Ratio": 0.070786,
    "CEX_Call": -894249.336,
    "CEX_Put": 2690891.324,
    "CEX_Total": 1796641.988,
    "CEX_Ratio": -0.332325
}