{
    "timestamp": "2025-09-03 12:28:15",
    "cum_gam": 5355.072058233605,
    "cum_vec": 9034.623884280918,
    "DEX_Call": 1452.928,
    "DEX_Put": -1010.931,
    "DEX_Total": 441.997,
    "DEX_Ratio": 1.437218,
    "GEX_Call": 1696041.248,
    "GEX_Put": -1855807.331,
    "GEX_Total": -159766.083,
    "GEX_Ratio": 0.91391,
    "VEX_Call": -300260.978,
    "VEX_Put": 7810108.869,
    "VEX_Total": 7509847.891,
    "VEX_Ratio": -0.038445,
    "CEX_Call": -313948.907,
    "CEX_Put": 1023972.619,
    "CEX_Total": 710023.712,
    "CEX_Ratio": -0.306599
}