{
    "timestamp": "2025-10-07 11:07:30",
    "cum_gam": null,
    "cum_vec": 7520.739492416243,
    "DEX_Call": 1631.599,
    "DEX_Put": -754.157,
    "DEX_Total": 877.442,
    "DEX_Ratio": 2.163474,
    "GEX_Call": 1613768.143,
    "GEX_Put": -1421556.5,
    "GEX_Total": 192211.643,
    "GEX_Ratio": 1.135212,
    "VEX_Call": -523783.493,
    "VEX_Put": 6514867.715,
    "VEX_Total": 5991084.222,
    "VEX_Ratio": -0.080398,
    "CEX_Call": -335621.79,
    "CEX_Put": 818373.837,
    "CEX_Total": 482752.047,
    "CEX_Ratio": -0.410108
}