{
    "timestamp": "2025-08-11 09:37:50",
    "cum_gam": 7014.429904451672,
    "cum_vec": 7525.555535850462,
    "DEX_Call": 5788.996,
    "DEX_Put": -2014.805,
    "DEX_Total": 3774.191,
    "DEX_Ratio": 2.873229,
    "GEX_Call": 5271638.32,
    "GEX_Put": -4489374.395,
    "GEX_Total": 782263.925,
    "GEX_Ratio": 1.174248,
    "VEX_Call": 4390377.533,
    "VEX_Put": 16396064.313,
    "VEX_Total": 20786441.846,
    "VEX_Ratio": 0.26777,
    "CEX_Call": -36077.689,
    "CEX_Put": 2324653.446,
    "CEX_Total": 2288575.757,
    "CEX_Ratio": -0.01552
}