{
    "timestamp": "2025-11-12 10:57:01",
    "cum_gam": null,
    "cum_vec": 7722.4292365641895,
    "DEX_Call": 1470.865,
    "DEX_Put": -796.918,
    "DEX_Total": 673.947,
    "DEX_Ratio": 1.845692,
    "GEX_Call": 4448265.126,
    "GEX_Put": -3010870.071,
    "GEX_Total": 1437395.055,
    "GEX_Ratio": 1.477402,
    "VEX_Call": -917546.487,
    "VEX_Put": 4390452.654,
    "VEX_Total": 3472906.167,
    "VEX_Ratio": -0.208987,
    "CEX_Call": -1467311.317,
    "CEX_Put": 3078004.387,
    "CEX_Total": 1610693.07,
    "CEX_Ratio": -0.476709
}