{
    "timestamp": "2025-08-19 12:18:04",
    "cum_gam": 5904.676375528996,
    "cum_vec": 8400.0,
    "DEX_Call": 520.697,
    "DEX_Put": -368.118,
    "DEX_Total": 152.579,
    "DEX_Ratio": 1.414484,
    "GEX_Call": 1537274.204,
    "GEX_Put": -1603276.049,
    "GEX_Total": -66001.845,
    "GEX_Ratio": 0.958833,
    "VEX_Call": -514056.437,
    "VEX_Put": 1845081.398,
    "VEX_Total": 1331024.961,
    "VEX_Ratio": -0.278609,
    "CEX_Call": -691886.718,
    "CEX_Put": 1218744.098,
    "CEX_Total": 526857.38,
    "CEX_Ratio": -0.567705
}