{
    "timestamp": "2025-09-16 08:18:58",
    "cum_gam": null,
    "cum_vec": null,
    "DEX_Call": 308.644,
    "DEX_Put": -145.033,
    "DEX_Total": 163.611,
    "DEX_Ratio": 2.128095,
    "GEX_Call": 1057753.268,
    "GEX_Put": -783692.852,
    "GEX_Total": 274060.416,
    "GEX_Ratio": 1.349704,
    "VEX_Call": -108404.434,
    "VEX_Put": 1319410.616,
    "VEX_Total": 1211006.182,
    "VEX_Ratio": -0.082161,
    "CEX_Call": -257202.685,
    "CEX_Put": 959689.613,
    "CEX_Total": 702486.928,
    "CEX_Ratio": -0.268006
}