{
    "timestamp": "2026-07-23 11:05:14",
    "cum_gam": 7422.574699787515,
    "cum_vec": 7422.574699787515,
    "DEX_Call": 262.631,
    "DEX_Put": -1024.965,
    "DEX_Total": -762.334,
    "DEX_Ratio": 0.256234,
    "GEX_Call": 1389962.413,
    "GEX_Put": -3120201.506,
    "GEX_Total": -1730239.093,
    "GEX_Ratio": 0.445472,
    "VEX_Call": -1892235.523,
    "VEX_Put": 1880932.508,
    "VEX_Total": -11303.015,
    "VEX_Ratio": -1.006009,
    "CEX_Call": -1958113.348,
    "CEX_Put": 1145335.881,
    "CEX_Total": -812777.467,
    "CEX_Ratio": -1.709641
}