{
    "timestamp": "2025-07-08 10:39:00",
    "cum_gam": null,
    "cum_vec": 8451.861181400782,
    "DEX_Call": 1680.524,
    "DEX_Put": -440.099,
    "DEX_Total": 1240.425,
    "DEX_Ratio": 3.818514,
    "GEX_Call": 3140408.059,
    "GEX_Put": -2025951.574,
    "GEX_Total": 1114456.485,
    "GEX_Ratio": 1.55009,
    "VEX_Call": 650360.107,
    "VEX_Put": 3545165.029,
    "VEX_Total": 4195525.136,
    "VEX_Ratio": 0.18345,
    "CEX_Call": -55088.911,
    "CEX_Put": 2410972.248,
    "CEX_Total": 2355883.337,
    "CEX_Ratio": -0.022849
}