{
    "timestamp": "2025-11-03 07:40:30",
    "cum_gam": null,
    "cum_vec": null,
    "DEX_Call": 305.85,
    "DEX_Put": -173.93,
    "DEX_Total": 131.92,
    "DEX_Ratio": 1.758466,
    "GEX_Call": 1058544.577,
    "GEX_Put": -760595.943,
    "GEX_Total": 297948.634,
    "GEX_Ratio": 1.391731,
    "VEX_Call": -345877.873,
    "VEX_Put": 1107489.646,
    "VEX_Total": 761611.773,
    "VEX_Ratio": -0.312308,
    "CEX_Call": -392566.52,
    "CEX_Put": 638073.571,
    "CEX_Total": 245507.051,
    "CEX_Ratio": -0.615237
}