{
    "timestamp": "2025-11-12 12:42:00",
    "cum_gam": null,
    "cum_vec": 7720.16557591623,
    "DEX_Call": 1401.383,
    "DEX_Put": -798.673,
    "DEX_Total": 602.71,
    "DEX_Ratio": 1.754639,
    "GEX_Call": 4423848.229,
    "GEX_Put": -3032958.129,
    "GEX_Total": 1390890.1,
    "GEX_Ratio": 1.458592,
    "VEX_Call": -933330.197,
    "VEX_Put": 4250714.743,
    "VEX_Total": 3317384.546,
    "VEX_Ratio": -0.21957,
    "CEX_Call": -1481702.139,
    "CEX_Put": 2997905.792,
    "CEX_Total": 1516203.653,
    "CEX_Ratio": -0.494246
}