{
    "timestamp": "2025-10-03 12:31:56",
    "cum_gam": null,
    "cum_vec": null,
    "DEX_Call": 407.342,
    "DEX_Put": -178.902,
    "DEX_Total": 228.44,
    "DEX_Ratio": 2.2769,
    "GEX_Call": 2742847.659,
    "GEX_Put": -1686767.599,
    "GEX_Total": 1056080.06,
    "GEX_Ratio": 1.626097,
    "VEX_Call": -310795.314,
    "VEX_Put": 1855190.617,
    "VEX_Total": 1544395.303,
    "VEX_Ratio": -0.167527,
    "CEX_Call": -887341.105,
    "CEX_Put": 2261430.053,
    "CEX_Total": 1374088.948,
    "CEX_Ratio": -0.392381
}