{
    "timestamp": "2025-07-11 12:22:01",
    "cum_gam": 6503.611588628849,
    "cum_vec": 8164.479470964014,
    "DEX_Call": 1113.843,
    "DEX_Put": -399.02,
    "DEX_Total": 714.823,
    "DEX_Ratio": 2.791447,
    "GEX_Call": 4016301.011,
    "GEX_Put": -2658541.766,
    "GEX_Total": 1357759.245,
    "GEX_Ratio": 1.510716,
    "VEX_Call": -188176.106,
    "VEX_Put": 3038583.174,
    "VEX_Total": 2850407.068,
    "VEX_Ratio": -0.061929,
    "CEX_Call": -1020300.114,
    "CEX_Put": 3235909.584,
    "CEX_Total": 2215609.47,
    "CEX_Ratio": -0.315306
}