{
    "timestamp": "2025-07-28 07:01:43",
    "cum_gam": null,
    "cum_vec": 8200.0,
    "DEX_Call": 239.588,
    "DEX_Put": -94.393,
    "DEX_Total": 145.195,
    "DEX_Ratio": 2.538197,
    "GEX_Call": 804862.929,
    "GEX_Put": -517574.289,
    "GEX_Total": 287288.64,
    "GEX_Ratio": 1.555067,
    "VEX_Call": -41216.384,
    "VEX_Put": 858765.317,
    "VEX_Total": 817548.933,
    "VEX_Ratio": -0.047995,
    "CEX_Call": -153719.137,
    "CEX_Put": 561788.229,
    "CEX_Total": 408069.092,
    "CEX_Ratio": -0.273625
}