{
    "timestamp": "2025-08-01 07:56:01",
    "cum_gam": 7019.786846443514,
    "cum_vec": 7490.126581222082,
    "DEX_Call": 4888.164,
    "DEX_Put": -3010.526,
    "DEX_Total": 1877.638,
    "DEX_Ratio": 1.623691,
    "GEX_Call": 4536544.469,
    "GEX_Put": -4474162.955,
    "GEX_Total": 62381.514,
    "GEX_Ratio": 1.013943,
    "VEX_Call": 2464787.778,
    "VEX_Put": 14015760.687,
    "VEX_Total": 16480548.465,
    "VEX_Ratio": 0.175858,
    "CEX_Call": -331603.06,
    "CEX_Put": 1409248.453,
    "CEX_Total": 1077645.393,
    "CEX_Ratio": -0.235305
}