{
    "timestamp": "2025-09-03 11:11:07",
    "cum_gam": 5357.485402735795,
    "cum_vec": 9033.993641477135,
    "DEX_Call": 1458.81,
    "DEX_Put": -1021.568,
    "DEX_Total": 437.242,
    "DEX_Ratio": 1.428011,
    "GEX_Call": 1689985.372,
    "GEX_Put": -1866678.705,
    "GEX_Total": -176693.333,
    "GEX_Ratio": 0.905343,
    "VEX_Call": -292532.374,
    "VEX_Put": 7843174.761,
    "VEX_Total": 7550642.387,
    "VEX_Ratio": -0.037298,
    "CEX_Call": -311845.244,
    "CEX_Put": 1027696.09,
    "CEX_Total": 715850.846,
    "CEX_Ratio": -0.303441
}