{
    "timestamp": "2025-11-25 12:18:29",
    "cum_gam": null,
    "cum_vec": null,
    "DEX_Call": 363.17,
    "DEX_Put": -234.147,
    "DEX_Total": 129.023,
    "DEX_Ratio": 1.551034,
    "GEX_Call": 1488484.26,
    "GEX_Put": -1041370.419,
    "GEX_Total": 447113.841,
    "GEX_Ratio": 1.429351,
    "VEX_Call": -613312.168,
    "VEX_Put": 1755551.193,
    "VEX_Total": 1142239.025,
    "VEX_Ratio": -0.349356,
    "CEX_Call": -643236.928,
    "CEX_Put": 1301928.732,
    "CEX_Total": 658691.804,
    "CEX_Ratio": -0.494065
}