{
    "timestamp": "2025-09-09 06:40:04",
    "cum_gam": 7009.26974169267,
    "cum_vec": 7511.2512426978665,
    "DEX_Call": 3631.663,
    "DEX_Put": -1402.619,
    "DEX_Total": 2229.044,
    "DEX_Ratio": 2.589201,
    "GEX_Call": 7712162.384,
    "GEX_Put": -6312382.589,
    "GEX_Total": 1399779.795,
    "GEX_Ratio": 1.221751,
    "VEX_Call": 2264381.564,
    "VEX_Put": 9940959.234,
    "VEX_Total": 12205340.798,
    "VEX_Ratio": 0.227783,
    "CEX_Call": 245785.111,
    "CEX_Put": 6035349.648,
    "CEX_Total": 6281134.759,
    "CEX_Ratio": 0.040724
}