{
    "timestamp": "2025-10-23 10:28:39",
    "cum_gam": 8792.955974842767,
    "cum_vec": 8792.955974842767,
    "DEX_Call": 674.438,
    "DEX_Put": -422.698,
    "DEX_Total": 251.74,
    "DEX_Ratio": 1.595555,
    "GEX_Call": 2638443.827,
    "GEX_Put": -2171162.551,
    "GEX_Total": 467281.276,
    "GEX_Ratio": 1.215222,
    "VEX_Call": -637530.084,
    "VEX_Put": 3161353.483,
    "VEX_Total": 2523823.399,
    "VEX_Ratio": -0.201664,
    "CEX_Call": -1139885.318,
    "CEX_Put": 2892638.451,
    "CEX_Total": 1752753.133,
    "CEX_Ratio": -0.394064
}