{
    "timestamp": "2025-08-13 09:20:25",
    "cum_gam": 7005.739443507674,
    "cum_vec": 7549.264228264381,
    "DEX_Call": 4136.457,
    "DEX_Put": -1758.359,
    "DEX_Total": 2378.098,
    "DEX_Ratio": 2.352453,
    "GEX_Call": 5003274.296,
    "GEX_Put": -4345947.666,
    "GEX_Total": 657326.63,
    "GEX_Ratio": 1.15125,
    "VEX_Call": 2715587.083,
    "VEX_Put": 17156310.378,
    "VEX_Total": 19871897.461,
    "VEX_Ratio": 0.158285,
    "CEX_Call": -273960.32,
    "CEX_Put": 2623126.355,
    "CEX_Total": 2349166.035,
    "CEX_Ratio": -0.10444
}