{
    "timestamp": "2025-07-03 08:20:09",
    "cum_gam": null,
    "cum_vec": 7343.972955810392,
    "DEX_Call": 1479.036,
    "DEX_Put": -513.235,
    "DEX_Total": 965.801,
    "DEX_Ratio": 2.881791,
    "GEX_Call": 1692513.738,
    "GEX_Put": -1096254.567,
    "GEX_Total": 596259.171,
    "GEX_Ratio": 1.543906,
    "VEX_Call": 278062.33,
    "VEX_Put": 6016465.836,
    "VEX_Total": 6294528.166,
    "VEX_Ratio": 0.046217,
    "CEX_Call": -222674.669,
    "CEX_Put": 868380.786,
    "CEX_Total": 645706.117,
    "CEX_Ratio": -0.256425
}