{
    "timestamp": "2025-08-28 11:52:48",
    "cum_gam": 7008.401662702573,
    "cum_vec": 7481.139794784654,
    "DEX_Call": 4661.811,
    "DEX_Put": -1835.156,
    "DEX_Total": 2826.655,
    "DEX_Ratio": 2.54028,
    "GEX_Call": 9712004.108,
    "GEX_Put": -6783767.294,
    "GEX_Total": 2928236.814,
    "GEX_Ratio": 1.431653,
    "VEX_Call": 2571076.608,
    "VEX_Put": 17044586.487,
    "VEX_Total": 19615663.095,
    "VEX_Ratio": 0.150844,
    "CEX_Call": -941684.178,
    "CEX_Put": 5225206.454,
    "CEX_Total": 4283522.276,
    "CEX_Ratio": -0.18022
}