{
    "timestamp": "2025-09-03 08:12:57",
    "cum_gam": 5008.360228705901,
    "cum_vec": 9038.057729907006,
    "DEX_Call": 1466.539,
    "DEX_Put": -941.839,
    "DEX_Total": 524.7,
    "DEX_Ratio": 1.557102,
    "GEX_Call": 1744092.612,
    "GEX_Put": -1782340.533,
    "GEX_Total": -38247.921,
    "GEX_Ratio": 0.978541,
    "VEX_Call": -264983.716,
    "VEX_Put": 7871368.38,
    "VEX_Total": 7606384.664,
    "VEX_Ratio": -0.033664,
    "CEX_Call": -314587.773,
    "CEX_Put": 1032212.516,
    "CEX_Total": 717624.743,
    "CEX_Ratio": -0.30477
}