{
    "timestamp": "2026-07-23 11:46:59",
    "cum_gam": 11984.779645615628,
    "cum_vec": 11984.779645615628,
    "DEX_Call": 2331.149,
    "DEX_Put": -3472.208,
    "DEX_Total": -1141.059,
    "DEX_Ratio": 0.671374,
    "GEX_Call": 3540129.634,
    "GEX_Put": -5067404.264,
    "GEX_Total": -1527274.63,
    "GEX_Ratio": 0.698608,
    "VEX_Call": -2896669.058,
    "VEX_Put": 10324214.531,
    "VEX_Total": 7427545.473,
    "VEX_Ratio": -0.28057,
    "CEX_Call": -1356081.124,
    "CEX_Put": 1663544.401,
    "CEX_Total": 307463.277,
    "CEX_Ratio": -0.815176
}