{
    "timestamp": "2025-10-27 09:08:58",
    "cum_gam": null,
    "cum_vec": 8800.0,
    "DEX_Call": 505.983,
    "DEX_Put": -127.499,
    "DEX_Total": 378.484,
    "DEX_Ratio": 3.968525,
    "GEX_Call": 1489824.145,
    "GEX_Put": -667905.438,
    "GEX_Total": 821918.707,
    "GEX_Ratio": 2.230591,
    "VEX_Call": 112476.437,
    "VEX_Put": 1535510.97,
    "VEX_Total": 1647987.407,
    "VEX_Ratio": 0.07325,
    "CEX_Call": -140486.391,
    "CEX_Put": 952390.083,
    "CEX_Total": 811903.692,
    "CEX_Ratio": -0.147509
}