{
    "timestamp": "2025-09-08 12:08:41",
    "cum_gam": 7009.35962736421,
    "cum_vec": 7597.944526577515,
    "DEX_Call": 3579.581,
    "DEX_Put": -1409.344,
    "DEX_Total": 2170.237,
    "DEX_Ratio": 2.539892,
    "GEX_Call": 7425551.652,
    "GEX_Put": -6125883.841,
    "GEX_Total": 1299667.811,
    "GEX_Ratio": 1.21216,
    "VEX_Call": 2168150.111,
    "VEX_Put": 9453670.185,
    "VEX_Total": 11621820.296,
    "VEX_Ratio": 0.229345,
    "CEX_Call": 173208.241,
    "CEX_Put": 5201741.55,
    "CEX_Total": 5374949.791,
    "CEX_Ratio": 0.033298
}