{
    "timestamp": "2025-10-31 12:20:09",
    "cum_gam": null,
    "cum_vec": null,
    "DEX_Call": 500.61,
    "DEX_Put": -364.58,
    "DEX_Total": 136.03,
    "DEX_Ratio": 1.373114,
    "GEX_Call": 2551951.566,
    "GEX_Put": -2407158.759,
    "GEX_Total": 144792.807,
    "GEX_Ratio": 1.060151,
    "VEX_Call": -523327.937,
    "VEX_Put": 1583388.953,
    "VEX_Total": 1060061.016,
    "VEX_Ratio": -0.330511,
    "CEX_Call": -1065972.777,
    "CEX_Put": 1677759.192,
    "CEX_Total": 611786.415,
    "CEX_Ratio": -0.635355
}