{
    "timestamp": "2025-07-22 11:08:18",
    "cum_gam": null,
    "cum_vec": 6822.646869794467,
    "DEX_Call": 473.881,
    "DEX_Put": -215.859,
    "DEX_Total": 258.022,
    "DEX_Ratio": 2.195327,
    "GEX_Call": 1767761.395,
    "GEX_Put": -1128301.129,
    "GEX_Total": 639460.266,
    "GEX_Ratio": 1.566746,
    "VEX_Call": -594814.403,
    "VEX_Put": 1514285.39,
    "VEX_Total": 919470.987,
    "VEX_Ratio": -0.392802,
    "CEX_Call": -778720.704,
    "CEX_Put": 1113527.963,
    "CEX_Total": 334807.259,
    "CEX_Ratio": -0.699327
}