{
    "timestamp": "2025-10-07 10:21:25",
    "cum_gam": null,
    "cum_vec": 7520.84794129832,
    "DEX_Call": 1233.392,
    "DEX_Put": -727.521,
    "DEX_Total": 505.871,
    "DEX_Ratio": 1.695335,
    "GEX_Call": 1611436.26,
    "GEX_Put": -1398091.191,
    "GEX_Total": 213345.069,
    "GEX_Ratio": 1.152597,
    "VEX_Call": -703818.766,
    "VEX_Put": 6459192.913,
    "VEX_Total": 5755374.147,
    "VEX_Ratio": -0.108964,
    "CEX_Call": -361634.542,
    "CEX_Put": 810282.867,
    "CEX_Total": 448648.325,
    "CEX_Ratio": -0.446307
}