{
    "timestamp": "2025-10-23 07:10:19",
    "cum_gam": null,
    "cum_vec": 7544.859865416265,
    "DEX_Call": 1768.016,
    "DEX_Put": -1294.085,
    "DEX_Total": 473.931,
    "DEX_Ratio": 1.366229,
    "GEX_Call": 3387244.877,
    "GEX_Put": -2953651.455,
    "GEX_Total": 433593.422,
    "GEX_Ratio": 1.146799,
    "VEX_Call": -1843133.991,
    "VEX_Put": 9593502.997,
    "VEX_Total": 7750369.006,
    "VEX_Ratio": -0.192123,
    "CEX_Call": -1100808.135,
    "CEX_Put": 2187156.326,
    "CEX_Total": 1086348.191,
    "CEX_Ratio": -0.503306
}