{
    "timestamp": "2025-10-16 07:23:32",
    "cum_gam": null,
    "cum_vec": 8194.259690743487,
    "DEX_Call": 355.609,
    "DEX_Put": -352.674,
    "DEX_Total": 2.935,
    "DEX_Ratio": 1.008322,
    "GEX_Call": 1646680.833,
    "GEX_Put": -1563383.192,
    "GEX_Total": 83297.641,
    "GEX_Ratio": 1.05328,
    "VEX_Call": -777471.398,
    "VEX_Put": 1951889.085,
    "VEX_Total": 1174417.687,
    "VEX_Ratio": -0.398317,
    "CEX_Call": -1129952.13,
    "CEX_Put": 1817952.498,
    "CEX_Total": 688000.368,
    "CEX_Ratio": -0.621552
}