{
    "timestamp": "2025-10-24 06:55:50",
    "cum_gam": 8791.95652173913,
    "cum_vec": 8791.95652173913,
    "DEX_Call": 981.199,
    "DEX_Put": -319.176,
    "DEX_Total": 662.023,
    "DEX_Ratio": 3.074163,
    "GEX_Call": 3945606.867,
    "GEX_Put": -1940995.056,
    "GEX_Total": 2004611.811,
    "GEX_Ratio": 2.032775,
    "VEX_Call": -104711.184,
    "VEX_Put": 3210111.193,
    "VEX_Total": 3105400.009,
    "VEX_Ratio": -0.032619,
    "CEX_Call": -750511.171,
    "CEX_Put": 3603664.313,
    "CEX_Total": 2853153.142,
    "CEX_Ratio": -0.208263
}