{
    "timestamp": "2025-09-11 08:06:29",
    "cum_gam": 7009.0911085598445,
    "cum_vec": 7510.9184462027115,
    "DEX_Call": 4574.218,
    "DEX_Put": -968.156,
    "DEX_Total": 3606.062,
    "DEX_Ratio": 4.72467,
    "GEX_Call": 8417148.161,
    "GEX_Put": -5195066.168,
    "GEX_Total": 3222081.993,
    "GEX_Ratio": 1.62022,
    "VEX_Call": 3743643.322,
    "VEX_Put": 10441331.73,
    "VEX_Total": 14184975.052,
    "VEX_Ratio": 0.358541,
    "CEX_Call": 1778366.261,
    "CEX_Put": 8556282.69,
    "CEX_Total": 10334648.951,
    "CEX_Ratio": 0.207843
}