{
    "timestamp": "2025-10-24 07:23:00",
    "cum_gam": null,
    "cum_vec": 7595.936047751013,
    "DEX_Call": 1970.731,
    "DEX_Put": -979.712,
    "DEX_Total": 991.019,
    "DEX_Ratio": 2.011541,
    "GEX_Call": 4257987.926,
    "GEX_Put": -2694819.46,
    "GEX_Total": 1563168.466,
    "GEX_Ratio": 1.580064,
    "VEX_Call": -1012429.103,
    "VEX_Put": 9359852.313,
    "VEX_Total": 8347423.21,
    "VEX_Ratio": -0.108167,
    "CEX_Call": -970710.895,
    "CEX_Put": 2297969.498,
    "CEX_Total": 1327258.603,
    "CEX_Ratio": -0.422421
}