{
    "timestamp": "2025-07-07 09:36:26",
    "cum_gam": null,
    "cum_vec": 7320.583186520305,
    "DEX_Call": 1413.027,
    "DEX_Put": -589.138,
    "DEX_Total": 823.889,
    "DEX_Ratio": 2.398465,
    "GEX_Call": 1661462.137,
    "GEX_Put": -1199802.34,
    "GEX_Total": 461659.797,
    "GEX_Ratio": 1.38478,
    "VEX_Call": -70287.412,
    "VEX_Put": 5698050.666,
    "VEX_Total": 5627763.254,
    "VEX_Ratio": -0.012335,
    "CEX_Call": -288968.04,
    "CEX_Put": 920466.853,
    "CEX_Total": 631498.813,
    "CEX_Ratio": -0.313936
}