{
    "timestamp": "2025-09-03 09:03:48",
    "cum_gam": 6181.334398262659,
    "cum_vec": 6181.334398262659,
    "DEX_Call": 197.026,
    "DEX_Put": -244.707,
    "DEX_Total": -47.681,
    "DEX_Ratio": 0.805151,
    "GEX_Call": 1083264.898,
    "GEX_Put": -1186349.791,
    "GEX_Total": -103084.893,
    "GEX_Ratio": 0.913108,
    "VEX_Call": -526709.718,
    "VEX_Put": 1161660.915,
    "VEX_Total": 634951.197,
    "VEX_Ratio": -0.453411,
    "CEX_Call": -703844.705,
    "CEX_Put": 915888.493,
    "CEX_Total": 212043.788,
    "CEX_Ratio": -0.768483
}