{
    "timestamp": "2025-09-05 12:29:54",
    "cum_gam": 5006.991884498328,
    "cum_vec": 9034.383856318504,
    "DEX_Call": 1537.456,
    "DEX_Put": -936.25,
    "DEX_Total": 601.206,
    "DEX_Ratio": 1.642143,
    "GEX_Call": 1911869.191,
    "GEX_Put": -1943864.503,
    "GEX_Total": -31995.312,
    "GEX_Ratio": 0.98354,
    "VEX_Call": -299754.549,
    "VEX_Put": 8761128.284,
    "VEX_Total": 8461373.735,
    "VEX_Ratio": -0.034214,
    "CEX_Call": -351330.909,
    "CEX_Put": 1216117.183,
    "CEX_Total": 864786.274,
    "CEX_Ratio": -0.288896
}