{
    "timestamp": "2025-10-06 08:54:40",
    "cum_gam": null,
    "cum_vec": 7521.912285986638,
    "DEX_Call": 1116.637,
    "DEX_Put": -571.063,
    "DEX_Total": 545.574,
    "DEX_Ratio": 1.955366,
    "GEX_Call": 1504721.583,
    "GEX_Put": -1105446.774,
    "GEX_Total": 399274.809,
    "GEX_Ratio": 1.361189,
    "VEX_Call": -518165.307,
    "VEX_Put": 5169302.926,
    "VEX_Total": 4651137.619,
    "VEX_Ratio": -0.100239,
    "CEX_Call": -311002.55,
    "CEX_Put": 633289.802,
    "CEX_Total": 322287.252,
    "CEX_Ratio": -0.49109
}