{
    "timestamp": "2025-09-02 09:26:40",
    "cum_gam": 6079.794480150956,
    "cum_vec": 7623.261265954676,
    "DEX_Call": 1239.837,
    "DEX_Put": -1163.385,
    "DEX_Total": 76.452,
    "DEX_Ratio": 1.065715,
    "GEX_Call": 1244189.138,
    "GEX_Put": -1892285.747,
    "GEX_Total": -648096.609,
    "GEX_Ratio": 0.657506,
    "VEX_Call": 84563.62,
    "VEX_Put": 7401230.037,
    "VEX_Total": 7485793.657,
    "VEX_Ratio": 0.011426,
    "CEX_Call": -177987.411,
    "CEX_Put": 936585.772,
    "CEX_Total": 758598.361,
    "CEX_Ratio": -0.190039
}