{
    "timestamp": "2025-07-25 09:01:37",
    "cum_gam": 7009.151479209789,
    "cum_vec": 7124.489295636542,
    "DEX_Call": 1891.81,
    "DEX_Put": -713.243,
    "DEX_Total": 1178.567,
    "DEX_Ratio": 2.652406,
    "GEX_Call": 4592828.189,
    "GEX_Put": -2685631.616,
    "GEX_Total": 1907196.573,
    "GEX_Ratio": 1.710148,
    "VEX_Call": -323133.39,
    "VEX_Put": 8073365.142,
    "VEX_Total": 7750231.752,
    "VEX_Ratio": -0.040025,
    "CEX_Call": -850644.909,
    "CEX_Put": 2613984.707,
    "CEX_Total": 1763339.798,
    "CEX_Ratio": -0.325421
}