{
    "timestamp": "2025-09-30 06:27:34",
    "cum_gam": null,
    "cum_vec": 8748.345940034631,
    "DEX_Call": 2261.551,
    "DEX_Put": -1667.57,
    "DEX_Total": 593.981,
    "DEX_Ratio": 1.356196,
    "GEX_Call": 7763644.187,
    "GEX_Put": -6697620.329,
    "GEX_Total": 1066023.858,
    "GEX_Ratio": 1.159165,
    "VEX_Call": -1943498.385,
    "VEX_Put": 11869830.053,
    "VEX_Total": 9926331.668,
    "VEX_Ratio": -0.163734,
    "CEX_Call": -3577308.685,
    "CEX_Put": 7743816.296,
    "CEX_Total": 4166507.611,
    "CEX_Ratio": -0.461957
}