{
    "timestamp": "2025-09-04 11:45:27",
    "cum_gam": null,
    "cum_vec": null,
    "DEX_Call": 331.996,
    "DEX_Put": -154.354,
    "DEX_Total": 177.642,
    "DEX_Ratio": 2.150874,
    "GEX_Call": 1937688.694,
    "GEX_Put": -1110817.305,
    "GEX_Total": 826871.389,
    "GEX_Ratio": 1.744381,
    "VEX_Call": -404368.393,
    "VEX_Put": 1305726.425,
    "VEX_Total": 901358.032,
    "VEX_Ratio": -0.309688,
    "CEX_Call": -789511.992,
    "CEX_Put": 1335648.551,
    "CEX_Total": 546136.559,
    "CEX_Ratio": -0.591108
}