{
    "timestamp": "2025-10-10 07:34:43",
    "cum_gam": null,
    "cum_vec": 7523.3916127487155,
    "DEX_Call": 1240.087,
    "DEX_Put": -786.834,
    "DEX_Total": 453.253,
    "DEX_Ratio": 1.576047,
    "GEX_Call": 1899816.968,
    "GEX_Put": -1659074.46,
    "GEX_Total": 240742.508,
    "GEX_Ratio": 1.145107,
    "VEX_Call": -745527.276,
    "VEX_Put": 7465535.649,
    "VEX_Total": 6720008.373,
    "VEX_Ratio": -0.099863,
    "CEX_Call": -426732.37,
    "CEX_Put": 1024554.302,
    "CEX_Total": 597821.932,
    "CEX_Ratio": -0.416505
}