{
    "timestamp": "2025-07-16 10:03:48",
    "cum_gam": 7022.785097671543,
    "cum_vec": 7113.020851855803,
    "DEX_Call": 1664.286,
    "DEX_Put": -879.56,
    "DEX_Total": 784.726,
    "DEX_Ratio": 1.89218,
    "GEX_Call": 2515138.022,
    "GEX_Put": -2055377.847,
    "GEX_Total": 459760.175,
    "GEX_Ratio": 1.223686,
    "VEX_Call": -620800.969,
    "VEX_Put": 7960630.72,
    "VEX_Total": 7339829.751,
    "VEX_Ratio": -0.077984,
    "CEX_Call": -594811.775,
    "CEX_Put": 1631731.118,
    "CEX_Total": 1036919.343,
    "CEX_Ratio": -0.364528
}