{
    "timestamp": "2025-10-01 08:05:19",
    "cum_gam": null,
    "cum_vec": 7519.597539409433,
    "DEX_Call": 1039.574,
    "DEX_Put": -616.854,
    "DEX_Total": 422.72,
    "DEX_Ratio": 1.685284,
    "GEX_Call": 1354048.824,
    "GEX_Put": -1134853.018,
    "GEX_Total": 219195.806,
    "GEX_Ratio": 1.193149,
    "VEX_Call": -545341.506,
    "VEX_Put": 5866766.607,
    "VEX_Total": 5321425.101,
    "VEX_Ratio": -0.092954,
    "CEX_Call": -282786.886,
    "CEX_Put": 635061.345,
    "CEX_Total": 352274.459,
    "CEX_Ratio": -0.445291
}