{
    "timestamp": "2025-10-20 06:47:55",
    "cum_gam": null,
    "cum_vec": 7515.074484466711,
    "DEX_Call": 2061.657,
    "DEX_Put": -1192.687,
    "DEX_Total": 868.97,
    "DEX_Ratio": 1.728582,
    "GEX_Call": 2675458.908,
    "GEX_Put": -2429547.56,
    "GEX_Total": 245911.348,
    "GEX_Ratio": 1.101217,
    "VEX_Call": -1308739.876,
    "VEX_Put": 9158701.21,
    "VEX_Total": 7849961.334,
    "VEX_Ratio": -0.142896,
    "CEX_Call": -769044.028,
    "CEX_Put": 1840568.422,
    "CEX_Total": 1071524.394,
    "CEX_Ratio": -0.41783
}