{
    "timestamp": "2025-11-19 07:33:57",
    "cum_gam": 5500.974317326971,
    "cum_vec": 7799.6411267460435,
    "DEX_Call": 6778.75,
    "DEX_Put": -5247.324,
    "DEX_Total": 1531.426,
    "DEX_Ratio": 1.291849,
    "GEX_Call": 6965100.162,
    "GEX_Put": -7283011.284,
    "GEX_Total": -317911.122,
    "GEX_Ratio": 0.956349,
    "VEX_Call": -3923728.5,
    "VEX_Put": 15604285.082,
    "VEX_Total": 11680556.582,
    "VEX_Ratio": -0.251452,
    "CEX_Call": -2064313.874,
    "CEX_Put": 2541485.735,
    "CEX_Total": 477171.861,
    "CEX_Ratio": -0.812247
}