{
    "timestamp": "2025-07-09 09:28:36",
    "cum_gam": 7011.223684830217,
    "cum_vec": 7198.367861899088,
    "DEX_Call": 1446.859,
    "DEX_Put": -647.231,
    "DEX_Total": 799.628,
    "DEX_Ratio": 2.23546,
    "GEX_Call": 1970786.804,
    "GEX_Put": -1483365.064,
    "GEX_Total": 487421.74,
    "GEX_Ratio": 1.328592,
    "VEX_Call": -331171.461,
    "VEX_Put": 6550469.704,
    "VEX_Total": 6219298.243,
    "VEX_Ratio": -0.050557,
    "CEX_Call": -395053.27,
    "CEX_Put": 1086752.897,
    "CEX_Total": 691699.627,
    "CEX_Ratio": -0.363517
}