{
    "timestamp": "2025-10-31 07:48:04",
    "cum_gam": null,
    "cum_vec": 7620.419087757799,
    "DEX_Call": 2605.535,
    "DEX_Put": -1274.086,
    "DEX_Total": 1331.449,
    "DEX_Ratio": 2.045023,
    "GEX_Call": 6783389.48,
    "GEX_Put": -4950325.845,
    "GEX_Total": 1833063.635,
    "GEX_Ratio": 1.370292,
    "VEX_Call": -1051022.122,
    "VEX_Put": 9320810.272,
    "VEX_Total": 8269788.15,
    "VEX_Ratio": -0.112761,
    "CEX_Call": -1841500.748,
    "CEX_Put": 4061805.265,
    "CEX_Total": 2220304.517,
    "CEX_Ratio": -0.45337
}