{
    "timestamp": "2025-09-24 11:28:09",
    "cum_gam": null,
    "cum_vec": 7027.682851628507,
    "DEX_Call": 965.875,
    "DEX_Put": -598.37,
    "DEX_Total": 367.505,
    "DEX_Ratio": 1.614177,
    "GEX_Call": 3002788.97,
    "GEX_Put": -2903105.155,
    "GEX_Total": 99683.815,
    "GEX_Ratio": 1.034337,
    "VEX_Call": -89158.525,
    "VEX_Put": 2837611.545,
    "VEX_Total": 2748453.02,
    "VEX_Ratio": -0.03142,
    "CEX_Call": -504354.676,
    "CEX_Put": 2527617.329,
    "CEX_Total": 2023262.653,
    "CEX_Ratio": -0.199538
}