{
    "timestamp": "2025-10-10 12:06:43",
    "cum_gam": 7004.67078397847,
    "cum_vec": 8930.116794200563,
    "DEX_Call": 1856.08,
    "DEX_Put": -1995.261,
    "DEX_Total": -139.181,
    "DEX_Ratio": 0.930244,
    "GEX_Call": 3163646.05,
    "GEX_Put": -5384717.101,
    "GEX_Total": -2221071.051,
    "GEX_Ratio": 0.587523,
    "VEX_Call": -1359730.406,
    "VEX_Put": 4726844.724,
    "VEX_Total": 3367114.318,
    "VEX_Ratio": -0.287661,
    "CEX_Call": -2146641.785,
    "CEX_Put": 4096951.079,
    "CEX_Total": 1950309.294,
    "CEX_Ratio": -0.523961
}