{
    "timestamp": "2025-10-10 12:14:21",
    "cum_gam": 6003.006066040263,
    "cum_vec": 7512.439375706524,
    "DEX_Call": 1494.008,
    "DEX_Put": -1265.758,
    "DEX_Total": 228.25,
    "DEX_Ratio": 1.180327,
    "GEX_Call": 1549066.294,
    "GEX_Put": -1950022.747,
    "GEX_Total": -400956.453,
    "GEX_Ratio": 0.794384,
    "VEX_Call": -859420.841,
    "VEX_Put": 7405764.014,
    "VEX_Total": 6546343.173,
    "VEX_Ratio": -0.116048,
    "CEX_Call": -408693.219,
    "CEX_Put": 1001928.886,
    "CEX_Total": 593235.667,
    "CEX_Ratio": -0.407906
}