{
    "timestamp": "2025-10-21 06:58:04",
    "cum_gam": null,
    "cum_vec": 7520.301247692446,
    "DEX_Call": 1669.199,
    "DEX_Put": -1194.133,
    "DEX_Total": 475.066,
    "DEX_Ratio": 1.397833,
    "GEX_Call": 3056937.08,
    "GEX_Put": -2570616.397,
    "GEX_Total": 486320.683,
    "GEX_Ratio": 1.189184,
    "VEX_Call": -1546074.338,
    "VEX_Put": 9653994.01,
    "VEX_Total": 8107919.672,
    "VEX_Ratio": -0.160149,
    "CEX_Call": -903602.555,
    "CEX_Put": 2007892.204,
    "CEX_Total": 1104289.649,
    "CEX_Ratio": -0.450025
}