{
    "timestamp": "2025-09-02 08:24:16",
    "cum_gam": 6067.016753775093,
    "cum_vec": 7645.579701563241,
    "DEX_Call": 1253.095,
    "DEX_Put": -1151.537,
    "DEX_Total": 101.558,
    "DEX_Ratio": 1.088193,
    "GEX_Call": 1247008.08,
    "GEX_Put": -1878328.629,
    "GEX_Total": -631320.549,
    "GEX_Ratio": 0.663892,
    "VEX_Call": 117193.439,
    "VEX_Put": 7443915.139,
    "VEX_Total": 7561108.578,
    "VEX_Ratio": 0.015744,
    "CEX_Call": -173258.876,
    "CEX_Put": 942459.409,
    "CEX_Total": 769200.533,
    "CEX_Ratio": -0.183837
}