{
    "timestamp": "2025-10-28 07:54:25",
    "cum_gam": null,
    "cum_vec": 7620.122640029287,
    "DEX_Call": 2654.947,
    "DEX_Put": -848.92,
    "DEX_Total": 1806.027,
    "DEX_Ratio": 3.127441,
    "GEX_Call": 5424483.606,
    "GEX_Put": -2848198.602,
    "GEX_Total": 2576285.004,
    "GEX_Ratio": 1.904531,
    "VEX_Call": 155105.813,
    "VEX_Put": 9061619.038,
    "VEX_Total": 9216724.851,
    "VEX_Ratio": 0.017117,
    "CEX_Call": -701951.231,
    "CEX_Put": 2962451.455,
    "CEX_Total": 2260500.224,
    "CEX_Ratio": -0.236949
}