{
    "timestamp": "2025-07-16 09:27:46",
    "cum_gam": 7986.266094420601,
    "cum_vec": 7986.266094420601,
    "DEX_Call": 222.409,
    "DEX_Put": -199.828,
    "DEX_Total": 22.581,
    "DEX_Ratio": 1.113002,
    "GEX_Call": 1034210.84,
    "GEX_Put": -991866.765,
    "GEX_Total": 42344.075,
    "GEX_Ratio": 1.042691,
    "VEX_Call": -398267.641,
    "VEX_Put": 900343.751,
    "VEX_Total": 502076.11,
    "VEX_Ratio": -0.442351,
    "CEX_Call": -578165.218,
    "CEX_Put": 773135.52,
    "CEX_Total": 194970.302,
    "CEX_Ratio": -0.747819
}