{
    "timestamp": "2025-06-30 09:12:16",
    "cum_gam": null,
    "cum_vec": 7223.588571718979,
    "DEX_Call": 3092.651,
    "DEX_Put": -766.328,
    "DEX_Total": 2326.323,
    "DEX_Ratio": 4.035675,
    "GEX_Call": 6429308.681,
    "GEX_Put": -3299848.134,
    "GEX_Total": 3129460.547,
    "GEX_Ratio": 1.948365,
    "VEX_Call": 1198780.599,
    "VEX_Put": 7783630.753,
    "VEX_Total": 8982411.352,
    "VEX_Ratio": 0.154013,
    "CEX_Call": -431962.656,
    "CEX_Put": 5372966.798,
    "CEX_Total": 4941004.142,
    "CEX_Ratio": -0.080396
}