{
    "timestamp": "2025-10-06 11:36:22",
    "cum_gam": null,
    "cum_vec": 7522.126739119791,
    "DEX_Call": 1109.029,
    "DEX_Put": -559.127,
    "DEX_Total": 549.902,
    "DEX_Ratio": 1.983501,
    "GEX_Call": 1513896.744,
    "GEX_Put": -1090751.143,
    "GEX_Total": 423145.601,
    "GEX_Ratio": 1.38794,
    "VEX_Call": -495258.418,
    "VEX_Put": 5150170.856,
    "VEX_Total": 4654912.438,
    "VEX_Ratio": -0.096163,
    "CEX_Call": -308760.148,
    "CEX_Put": 633245.668,
    "CEX_Total": 324485.52,
    "CEX_Ratio": -0.487584
}