{
    "timestamp": "2025-11-11 08:59:55",
    "cum_gam": null,
    "cum_vec": 7784.317460059616,
    "DEX_Call": 1357.936,
    "DEX_Put": -957.682,
    "DEX_Total": 400.254,
    "DEX_Ratio": 1.41794,
    "GEX_Call": 3900874.974,
    "GEX_Put": -3162793.708,
    "GEX_Total": 738081.266,
    "GEX_Ratio": 1.233364,
    "VEX_Call": -1088349.487,
    "VEX_Put": 4651043.126,
    "VEX_Total": 3562693.639,
    "VEX_Ratio": -0.234001,
    "CEX_Call": -1410590.36,
    "CEX_Put": 2800103.794,
    "CEX_Total": 1389513.434,
    "CEX_Ratio": -0.503764
}