{
    "timestamp": "2025-10-01 07:46:42",
    "cum_gam": null,
    "cum_vec": 7519.309944248227,
    "DEX_Call": 1039.386,
    "DEX_Put": -624.456,
    "DEX_Total": 414.93,
    "DEX_Ratio": 1.664466,
    "GEX_Call": 1347289.81,
    "GEX_Put": -1148105.194,
    "GEX_Total": 199184.616,
    "GEX_Ratio": 1.17349,
    "VEX_Call": -556189.208,
    "VEX_Put": 5853683.672,
    "VEX_Total": 5297494.464,
    "VEX_Ratio": -0.095015,
    "CEX_Call": -283377.035,
    "CEX_Put": 631932.628,
    "CEX_Total": 348555.593,
    "CEX_Ratio": -0.448429
}