{
    "timestamp": "2025-07-17 11:07:24",
    "cum_gam": 7986.266094420601,
    "cum_vec": 7986.266094420601,
    "DEX_Call": 324.637,
    "DEX_Put": -101.74,
    "DEX_Total": 222.897,
    "DEX_Ratio": 3.190849,
    "GEX_Call": 1808954.53,
    "GEX_Put": -863681.761,
    "GEX_Total": 945272.769,
    "GEX_Ratio": 2.094469,
    "VEX_Call": -374751.932,
    "VEX_Put": 986097.001,
    "VEX_Total": 611345.069,
    "VEX_Ratio": -0.380036,
    "CEX_Call": -658439.614,
    "CEX_Put": 1063362.872,
    "CEX_Total": 404923.258,
    "CEX_Ratio": -0.619205
}