{
    "timestamp": "2025-06-30 08:06:05",
    "cum_gam": null,
    "cum_vec": 8000.0,
    "DEX_Call": 418.94,
    "DEX_Put": -111.817,
    "DEX_Total": 307.123,
    "DEX_Ratio": 3.746657,
    "GEX_Call": 1044219.383,
    "GEX_Put": -609154.003,
    "GEX_Total": 435065.38,
    "GEX_Ratio": 1.714212,
    "VEX_Call": 60250.257,
    "VEX_Put": 956675.703,
    "VEX_Total": 1016925.96,
    "VEX_Ratio": 0.062979,
    "CEX_Call": -96994.246,
    "CEX_Put": 642293.753,
    "CEX_Total": 545299.507,
    "CEX_Ratio": -0.151012
}