{
    "timestamp": "2025-08-27 10:07:03",
    "cum_gam": 7008.112732878503,
    "cum_vec": 7482.93942700156,
    "DEX_Call": 4990.031,
    "DEX_Put": -2129.987,
    "DEX_Total": 2860.044,
    "DEX_Ratio": 2.342752,
    "GEX_Call": 8691197.544,
    "GEX_Put": -6880730.546,
    "GEX_Total": 1810466.998,
    "GEX_Ratio": 1.263121,
    "VEX_Call": 2212894.806,
    "VEX_Put": 17412829.088,
    "VEX_Total": 19625723.894,
    "VEX_Ratio": 0.127084,
    "CEX_Call": -925343.008,
    "CEX_Put": 4934339.292,
    "CEX_Total": 4008996.284,
    "CEX_Ratio": -0.187531
}