{
    "timestamp": "2025-10-27 09:29:21",
    "cum_gam": 11999.775012304015,
    "cum_vec": 11999.775012304015,
    "DEX_Call": 2226.878,
    "DEX_Put": -680.157,
    "DEX_Total": 1546.721,
    "DEX_Ratio": 3.274065,
    "GEX_Call": 4748568.869,
    "GEX_Put": -2384404.034,
    "GEX_Total": 2364164.835,
    "GEX_Ratio": 1.991512,
    "VEX_Call": -405314.389,
    "VEX_Put": 8719851.097,
    "VEX_Total": 8314536.708,
    "VEX_Ratio": -0.046482,
    "CEX_Call": -767489.577,
    "CEX_Put": 2647519.897,
    "CEX_Total": 1880030.32,
    "CEX_Ratio": -0.28989
}