{
    "timestamp": "2025-10-14 12:49:08",
    "cum_gam": 6567.238483992254,
    "cum_vec": 8198.237152270643,
    "DEX_Call": 184.032,
    "DEX_Put": -417.982,
    "DEX_Total": -233.95,
    "DEX_Ratio": 0.440287,
    "GEX_Call": 860356.415,
    "GEX_Put": -1297257.56,
    "GEX_Total": -436901.145,
    "GEX_Ratio": 0.663212,
    "VEX_Call": -721862.671,
    "VEX_Put": 1294131.79,
    "VEX_Total": 572269.119,
    "VEX_Ratio": -0.557797,
    "CEX_Call": -756479.976,
    "CEX_Put": 826694.155,
    "CEX_Total": 70214.179,
    "CEX_Ratio": -0.915066
}