{
    "timestamp": "2025-10-16 11:44:18",
    "cum_gam": 5842.791100100337,
    "cum_vec": 7522.193592148238,
    "DEX_Call": 2388.11,
    "DEX_Put": -1520.199,
    "DEX_Total": 867.911,
    "DEX_Ratio": 1.570919,
    "GEX_Call": 2020437.386,
    "GEX_Put": -2391547.496,
    "GEX_Total": -371110.11,
    "GEX_Ratio": 0.844824,
    "VEX_Call": -1112712.069,
    "VEX_Put": 9565406.53,
    "VEX_Total": 8452694.461,
    "VEX_Ratio": -0.116327,
    "CEX_Call": -604423.233,
    "CEX_Put": 1663097.686,
    "CEX_Total": 1058674.453,
    "CEX_Ratio": -0.363432
}