{
    "timestamp": "2025-10-21 08:55:13",
    "cum_gam": null,
    "cum_vec": 7520.078964765114,
    "DEX_Call": 1717.527,
    "DEX_Put": -1087.421,
    "DEX_Total": 630.106,
    "DEX_Ratio": 1.57945,
    "GEX_Call": 3215019.251,
    "GEX_Put": -2522207.134,
    "GEX_Total": 692812.117,
    "GEX_Ratio": 1.274685,
    "VEX_Call": -1265659.431,
    "VEX_Put": 9421539.563,
    "VEX_Total": 8155880.132,
    "VEX_Ratio": -0.134337,
    "CEX_Call": -852355.888,
    "CEX_Put": 1958956.386,
    "CEX_Total": 1106600.498,
    "CEX_Ratio": -0.435107
}