{
    "timestamp": "2025-11-03 13:15:21",
    "cum_gam": null,
    "cum_vec": null,
    "DEX_Call": 290.233,
    "DEX_Put": -171.971,
    "DEX_Total": 118.262,
    "DEX_Ratio": 1.687686,
    "GEX_Call": 1063417.714,
    "GEX_Put": -797950.142,
    "GEX_Total": 265467.572,
    "GEX_Ratio": 1.332687,
    "VEX_Call": -325766.479,
    "VEX_Put": 1046471.775,
    "VEX_Total": 720705.296,
    "VEX_Ratio": -0.3113,
    "CEX_Call": -381087.679,
    "CEX_Put": 608085.872,
    "CEX_Total": 226998.193,
    "CEX_Ratio": -0.6267
}