{
    "timestamp": "2025-10-22 06:49:14",
    "cum_gam": null,
    "cum_vec": 7520.929846803611,
    "DEX_Call": 1736.637,
    "DEX_Put": -1198.106,
    "DEX_Total": 538.531,
    "DEX_Ratio": 1.449485,
    "GEX_Call": 3257504.277,
    "GEX_Put": -2720764.722,
    "GEX_Total": 536739.555,
    "GEX_Ratio": 1.197275,
    "VEX_Call": -1521206.512,
    "VEX_Put": 9607982.058,
    "VEX_Total": 8086775.546,
    "VEX_Ratio": -0.158327,
    "CEX_Call": -947792.287,
    "CEX_Put": 2097967.884,
    "CEX_Total": 1150175.597,
    "CEX_Ratio": -0.451767
}