{
    "timestamp": "2025-09-23 09:50:49",
    "cum_gam": null,
    "cum_vec": 8700.740435263464,
    "DEX_Call": 2391.868,
    "DEX_Put": -1203.78,
    "DEX_Total": 1188.088,
    "DEX_Ratio": 1.986964,
    "GEX_Call": 4469390.766,
    "GEX_Put": -3503710.728,
    "GEX_Total": 965680.038,
    "GEX_Ratio": 1.275616,
    "VEX_Call": -108558.373,
    "VEX_Put": 11286797.287,
    "VEX_Total": 11178238.914,
    "VEX_Ratio": -0.009618,
    "CEX_Call": -676223.93,
    "CEX_Put": 3089070.159,
    "CEX_Total": 2412846.229,
    "CEX_Ratio": -0.218909
}