{
    "timestamp": "2025-08-15 06:52:58",
    "cum_gam": 7006.328191367752,
    "cum_vec": 7554.431920236066,
    "DEX_Call": 6409.848,
    "DEX_Put": -1972.426,
    "DEX_Total": 4437.422,
    "DEX_Ratio": 3.249728,
    "GEX_Call": 5724262.739,
    "GEX_Put": -4939430.841,
    "GEX_Total": 784831.898,
    "GEX_Ratio": 1.158891,
    "VEX_Call": 3486001.37,
    "VEX_Put": 17579917.662,
    "VEX_Total": 21065919.032,
    "VEX_Ratio": 0.198295,
    "CEX_Call": -214182.22,
    "CEX_Put": 2820631.318,
    "CEX_Total": 2606449.098,
    "CEX_Ratio": -0.075934
}