{
    "timestamp": "2026-07-20 10:43:08",
    "cum_gam": 11980.186249256984,
    "cum_vec": 11980.186249256984,
    "DEX_Call": 2419.026,
    "DEX_Put": -2797.243,
    "DEX_Total": -378.217,
    "DEX_Ratio": 0.864789,
    "GEX_Call": 3607137.256,
    "GEX_Put": -4295974.122,
    "GEX_Total": -688836.866,
    "GEX_Ratio": 0.839655,
    "VEX_Call": -2781031.565,
    "VEX_Put": 10675361.16,
    "VEX_Total": 7894329.595,
    "VEX_Ratio": -0.260509,
    "CEX_Call": -1206222.531,
    "CEX_Put": 1575019.778,
    "CEX_Total": 368797.247,
    "CEX_Ratio": -0.765846
}