{
    "timestamp": "2025-11-14 10:44:29",
    "cum_gam": null,
    "cum_vec": 7805.465287061328,
    "DEX_Call": 6946.989,
    "DEX_Put": -3522.81,
    "DEX_Total": 3424.179,
    "DEX_Ratio": 1.972002,
    "GEX_Call": 7271014.097,
    "GEX_Put": -6208715.587,
    "GEX_Total": 1062298.51,
    "GEX_Ratio": 1.171098,
    "VEX_Call": -896636.049,
    "VEX_Put": 18617178.196,
    "VEX_Total": 17720542.147,
    "VEX_Ratio": -0.048162,
    "CEX_Call": -1345316.293,
    "CEX_Put": 2647101.141,
    "CEX_Total": 1301784.848,
    "CEX_Ratio": -0.508222
}