{
    "timestamp": "2025-08-11 12:30:42",
    "cum_gam": null,
    "cum_vec": null,
    "DEX_Call": 228.206,
    "DEX_Put": -156.392,
    "DEX_Total": 71.814,
    "DEX_Ratio": 1.459192,
    "GEX_Call": 964069.348,
    "GEX_Put": -747739.977,
    "GEX_Total": 216329.371,
    "GEX_Ratio": 1.289311,
    "VEX_Call": -307654.392,
    "VEX_Put": 1209247.06,
    "VEX_Total": 901592.668,
    "VEX_Ratio": -0.254418,
    "CEX_Call": -395401.793,
    "CEX_Put": 762975.838,
    "CEX_Total": 367574.045,
    "CEX_Ratio": -0.518236
}