{
    "timestamp": "2025-08-15 12:09:59",
    "cum_gam": 8192.039800995024,
    "cum_vec": 8400.0,
    "DEX_Call": 341.36,
    "DEX_Put": -181.086,
    "DEX_Total": 160.274,
    "DEX_Ratio": 1.885071,
    "GEX_Call": 2523556.766,
    "GEX_Put": -1614450.304,
    "GEX_Total": 909106.462,
    "GEX_Ratio": 1.563106,
    "VEX_Call": -365815.712,
    "VEX_Put": 1491155.361,
    "VEX_Total": 1125339.649,
    "VEX_Ratio": -0.245324,
    "CEX_Call": -960276.606,
    "CEX_Put": 1777167.395,
    "CEX_Total": 816890.789,
    "CEX_Ratio": -0.540341
}