{
    "timestamp": "2025-08-06 10:07:59",
    "cum_gam": 7009.840965041955,
    "cum_vec": 7316.901443504231,
    "DEX_Call": 1662.165,
    "DEX_Put": -700.353,
    "DEX_Total": 961.812,
    "DEX_Ratio": 2.373325,
    "GEX_Call": 3839004.405,
    "GEX_Put": -2913492.966,
    "GEX_Total": 925511.439,
    "GEX_Ratio": 1.317664,
    "VEX_Call": -728405.865,
    "VEX_Put": 4400013.506,
    "VEX_Total": 3671607.641,
    "VEX_Ratio": -0.165546,
    "CEX_Call": -1316464.532,
    "CEX_Put": 3292716.918,
    "CEX_Total": 1976252.386,
    "CEX_Ratio": -0.399811
}