{
    "timestamp": "2025-11-18 12:59:30",
    "cum_gam": null,
    "cum_vec": 7802.551297817549,
    "DEX_Call": 6352.063,
    "DEX_Put": -4761.77,
    "DEX_Total": 1590.293,
    "DEX_Ratio": 1.333971,
    "GEX_Call": 7005488.124,
    "GEX_Put": -6978470.967,
    "GEX_Total": 27017.157,
    "GEX_Ratio": 1.003872,
    "VEX_Call": -3464217.473,
    "VEX_Put": 16535340.071,
    "VEX_Total": 13071122.598,
    "VEX_Ratio": -0.209504,
    "CEX_Call": -1934841.294,
    "CEX_Put": 2663914.307,
    "CEX_Total": 729073.013,
    "CEX_Ratio": -0.726315
}