{
    "timestamp": "2025-06-30 06:33:55",
    "cum_gam": null,
    "cum_vec": 7223.15480333592,
    "DEX_Call": 2885.166,
    "DEX_Put": -787.598,
    "DEX_Total": 2097.568,
    "DEX_Ratio": 3.663247,
    "GEX_Call": 6342061.281,
    "GEX_Put": -3347581.805,
    "GEX_Total": 2994479.476,
    "GEX_Ratio": 1.89452,
    "VEX_Call": 957125.683,
    "VEX_Put": 7970065.242,
    "VEX_Total": 8927190.925,
    "VEX_Ratio": 0.12009,
    "CEX_Call": -1024043.791,
    "CEX_Put": 5639273.291,
    "CEX_Total": 4615229.5,
    "CEX_Ratio": -0.181591
}