{
    "timestamp": "2025-07-03 09:01:05",
    "cum_gam": null,
    "cum_vec": 8000.0,
    "DEX_Call": 479.33,
    "DEX_Put": -86.433,
    "DEX_Total": 392.897,
    "DEX_Ratio": 5.545683,
    "GEX_Call": 2029720.676,
    "GEX_Put": -759101.552,
    "GEX_Total": 1270619.124,
    "GEX_Ratio": 2.673846,
    "VEX_Call": 121172.715,
    "VEX_Put": 1304925.029,
    "VEX_Total": 1426097.744,
    "VEX_Ratio": 0.092858,
    "CEX_Call": -212446.575,
    "CEX_Put": 1428133.243,
    "CEX_Total": 1215686.668,
    "CEX_Ratio": -0.148758
}