{
    "timestamp": "2025-08-21 07:50:41",
    "cum_gam": 6253.171842036743,
    "cum_vec": 8329.66360856269,
    "DEX_Call": 552.761,
    "DEX_Put": -474.941,
    "DEX_Total": 77.82,
    "DEX_Ratio": 1.163852,
    "GEX_Call": 1642557.057,
    "GEX_Put": -2100617.567,
    "GEX_Total": -458060.51,
    "GEX_Ratio": 0.78194,
    "VEX_Call": -683330.386,
    "VEX_Put": 1960275.917,
    "VEX_Total": 1276945.531,
    "VEX_Ratio": -0.348589,
    "CEX_Call": -1037169.924,
    "CEX_Put": 1720571.475,
    "CEX_Total": 683401.551,
    "CEX_Ratio": -0.602805
}