{
    "timestamp": "2025-07-25 11:46:45",
    "cum_gam": null,
    "cum_vec": 6822.300870869383,
    "DEX_Call": 607.346,
    "DEX_Put": -150.112,
    "DEX_Total": 457.234,
    "DEX_Ratio": 4.045952,
    "GEX_Call": 3737436.82,
    "GEX_Put": -1311072.294,
    "GEX_Total": 2426364.526,
    "GEX_Ratio": 2.850672,
    "VEX_Call": -452817.91,
    "VEX_Put": 1645061.898,
    "VEX_Total": 1192243.988,
    "VEX_Ratio": -0.275259,
    "CEX_Call": -1237630.242,
    "CEX_Put": 2006679.218,
    "CEX_Total": 769048.976,
    "CEX_Ratio": -0.616755
}