{
    "timestamp": "2025-11-13 11:30:57",
    "cum_gam": null,
    "cum_vec": 7818.757691331548,
    "DEX_Call": 6940.518,
    "DEX_Put": -3652.406,
    "DEX_Total": 3288.112,
    "DEX_Ratio": 1.900259,
    "GEX_Call": 6883840.691,
    "GEX_Put": -6011645.051,
    "GEX_Total": 872195.64,
    "GEX_Ratio": 1.145084,
    "VEX_Call": -1595471.466,
    "VEX_Put": 18637186.738,
    "VEX_Total": 17041715.272,
    "VEX_Ratio": -0.085607,
    "CEX_Call": -1402695.429,
    "CEX_Put": 2585905.948,
    "CEX_Total": 1183210.519,
    "CEX_Ratio": -0.542439
}