{
    "timestamp": "2025-09-05 07:30:02",
    "cum_gam": null,
    "cum_vec": null,
    "DEX_Call": 324.371,
    "DEX_Put": -226.781,
    "DEX_Total": 97.59,
    "DEX_Ratio": 1.430327,
    "GEX_Call": 2176658.262,
    "GEX_Put": -1635620.304,
    "GEX_Total": 541037.958,
    "GEX_Ratio": 1.330785,
    "VEX_Call": -670915.14,
    "VEX_Put": 1645132.151,
    "VEX_Total": 974217.011,
    "VEX_Ratio": -0.407818,
    "CEX_Call": -1293451.294,
    "CEX_Put": 1995076.244,
    "CEX_Total": 701624.95,
    "CEX_Ratio": -0.648322
}