{
    "timestamp": "2025-09-15 10:56:57",
    "cum_gam": null,
    "cum_vec": null,
    "DEX_Call": 298.303,
    "DEX_Put": -99.357,
    "DEX_Total": 198.946,
    "DEX_Ratio": 3.002335,
    "GEX_Call": 932217.918,
    "GEX_Put": -545280.337,
    "GEX_Total": 386937.581,
    "GEX_Ratio": 1.709612,
    "VEX_Call": 20777.175,
    "VEX_Put": 1118533.097,
    "VEX_Total": 1139310.272,
    "VEX_Ratio": 0.018575,
    "CEX_Call": -117515.09,
    "CEX_Put": 710247.566,
    "CEX_Total": 592732.476,
    "CEX_Ratio": -0.165457
}