{
    "timestamp": "2025-08-05 10:36:23",
    "cum_gam": 7009.912499271677,
    "cum_vec": 7215.830869308102,
    "DEX_Call": 1572.859,
    "DEX_Put": -827.955,
    "DEX_Total": 744.904,
    "DEX_Ratio": 1.899691,
    "GEX_Call": 3304711.449,
    "GEX_Put": -2974952.586,
    "GEX_Total": 329758.863,
    "GEX_Ratio": 1.110845,
    "VEX_Call": -485461.104,
    "VEX_Put": 4574083.327,
    "VEX_Total": 4088622.223,
    "VEX_Ratio": -0.106133,
    "CEX_Call": -968612.185,
    "CEX_Put": 2988854.185,
    "CEX_Total": 2020242.0,
    "CEX_Ratio": -0.324075
}