{
    "timestamp": "2025-10-21 10:14:19",
    "cum_gam": 8793.72197309417,
    "cum_vec": 8793.72197309417,
    "DEX_Call": 665.025,
    "DEX_Put": -313.216,
    "DEX_Total": 351.809,
    "DEX_Ratio": 2.123215,
    "GEX_Call": 2148574.436,
    "GEX_Put": -1445153.104,
    "GEX_Total": 703421.332,
    "GEX_Ratio": 1.486745,
    "VEX_Call": -423007.781,
    "VEX_Put": 2869848.25,
    "VEX_Total": 2446840.469,
    "VEX_Ratio": -0.147397,
    "CEX_Call": -691291.972,
    "CEX_Put": 1938428.837,
    "CEX_Total": 1247136.865,
    "CEX_Ratio": -0.356625
}