{
    "timestamp": "2025-11-19 11:41:44",
    "cum_gam": 8598.71580705784,
    "cum_vec": 8800.0,
    "DEX_Call": 312.615,
    "DEX_Put": -758.333,
    "DEX_Total": -445.718,
    "DEX_Ratio": 0.41224,
    "GEX_Call": 1011528.647,
    "GEX_Put": -1757405.162,
    "GEX_Total": -745876.515,
    "GEX_Ratio": 0.575581,
    "VEX_Call": -1234423.409,
    "VEX_Put": 1502222.105,
    "VEX_Total": 267798.696,
    "VEX_Ratio": -0.821732,
    "CEX_Call": -1318657.188,
    "CEX_Put": 1052088.541,
    "CEX_Total": -266568.647,
    "CEX_Ratio": -1.253371
}