{
    "timestamp": "2025-10-08 12:54:20",
    "cum_gam": null,
    "cum_vec": 7521.782708379272,
    "DEX_Call": 1216.179,
    "DEX_Put": -693.518,
    "DEX_Total": 522.661,
    "DEX_Ratio": 1.753637,
    "GEX_Call": 1723300.37,
    "GEX_Put": -1428920.699,
    "GEX_Total": 294379.671,
    "GEX_Ratio": 1.206015,
    "VEX_Call": -531560.402,
    "VEX_Put": 7084760.418,
    "VEX_Total": 6553200.016,
    "VEX_Ratio": -0.075029,
    "CEX_Call": -353562.392,
    "CEX_Put": 931316.648,
    "CEX_Total": 577754.256,
    "CEX_Ratio": -0.379637
}