{
    "timestamp": "2025-10-07 08:38:29",
    "cum_gam": null,
    "cum_vec": 7520.860680814724,
    "DEX_Call": 1598.859,
    "DEX_Put": -739.802,
    "DEX_Total": 859.057,
    "DEX_Ratio": 2.161199,
    "GEX_Call": 1607068.144,
    "GEX_Put": -1414468.905,
    "GEX_Total": 192599.239,
    "GEX_Ratio": 1.136164,
    "VEX_Call": -682634.977,
    "VEX_Put": 6449862.121,
    "VEX_Total": 5767227.144,
    "VEX_Ratio": -0.105837,
    "CEX_Call": -358300.023,
    "CEX_Put": 805660.861,
    "CEX_Total": 447360.838,
    "CEX_Ratio": -0.444728
}