{
    "timestamp": "2025-10-22 09:23:53",
    "cum_gam": 8792.263610315185,
    "cum_vec": 8792.263610315185,
    "DEX_Call": 601.942,
    "DEX_Put": -470.012,
    "DEX_Total": 131.93,
    "DEX_Ratio": 1.280695,
    "GEX_Call": 1971155.869,
    "GEX_Put": -1948525.214,
    "GEX_Total": 22630.655,
    "GEX_Ratio": 1.011614,
    "VEX_Call": -802939.309,
    "VEX_Put": 2957469.194,
    "VEX_Total": 2154529.885,
    "VEX_Ratio": -0.271495,
    "CEX_Call": -1076082.995,
    "CEX_Put": 2231339.777,
    "CEX_Total": 1155256.782,
    "CEX_Ratio": -0.482259
}