{
    "timestamp": "2025-09-30 10:50:45",
    "cum_gam": null,
    "cum_vec": 8872.287330773894,
    "DEX_Call": 3188.772,
    "DEX_Put": -1729.741,
    "DEX_Total": 1459.031,
    "DEX_Ratio": 1.843497,
    "GEX_Call": 7552059.168,
    "GEX_Put": -7223298.899,
    "GEX_Total": 328760.269,
    "GEX_Ratio": 1.045514,
    "VEX_Call": -1544415.895,
    "VEX_Put": 11511498.003,
    "VEX_Total": 9967082.108,
    "VEX_Ratio": -0.134163,
    "CEX_Call": -2994771.469,
    "CEX_Put": 7455275.308,
    "CEX_Total": 4460503.839,
    "CEX_Ratio": -0.401698
}