{
    "timestamp": "2025-09-26 09:32:59",
    "cum_gam": 6500.129932385786,
    "cum_vec": 6911.908226725184,
    "DEX_Call": 575.433,
    "DEX_Put": -644.028,
    "DEX_Total": -68.595,
    "DEX_Ratio": 0.893491,
    "GEX_Call": 3429531.586,
    "GEX_Put": -4002475.569,
    "GEX_Total": -572943.983,
    "GEX_Ratio": 0.856853,
    "VEX_Call": -769633.487,
    "VEX_Put": 2810714.044,
    "VEX_Total": 2041080.557,
    "VEX_Ratio": -0.273821,
    "CEX_Call": -1609376.98,
    "CEX_Put": 3654553.747,
    "CEX_Total": 2045176.767,
    "CEX_Ratio": -0.440376
}