{
    "timestamp": "2025-09-17 12:10:05",
    "cum_gam": null,
    "cum_vec": 7895.130357835399,
    "DEX_Call": 1629.859,
    "DEX_Put": -1024.271,
    "DEX_Total": 605.588,
    "DEX_Ratio": 1.591238,
    "GEX_Call": 3076610.027,
    "GEX_Put": -2670759.402,
    "GEX_Total": 405850.625,
    "GEX_Ratio": 1.151961,
    "VEX_Call": -444669.42,
    "VEX_Put": 10810084.757,
    "VEX_Total": 10365415.337,
    "VEX_Ratio": -0.041135,
    "CEX_Call": -573159.072,
    "CEX_Put": 2164704.942,
    "CEX_Total": 1591545.87,
    "CEX_Ratio": -0.264775
}