{
    "timestamp": "2025-11-05 13:45:19",
    "cum_gam": null,
    "cum_vec": 7810.110783021633,
    "DEX_Call": 5223.229,
    "DEX_Put": -2739.227,
    "DEX_Total": 2484.002,
    "DEX_Ratio": 1.906826,
    "GEX_Call": 6027080.023,
    "GEX_Put": -4814075.171,
    "GEX_Total": 1213004.852,
    "GEX_Ratio": 1.25197,
    "VEX_Call": 1215653.688,
    "VEX_Put": 18915930.972,
    "VEX_Total": 20131584.66,
    "VEX_Ratio": 0.064266,
    "CEX_Call": -758130.64,
    "CEX_Put": 2120106.33,
    "CEX_Total": 1361975.69,
    "CEX_Ratio": -0.357591
}