{
    "timestamp": "2025-11-13 08:36:27",
    "cum_gam": null,
    "cum_vec": 7783.557563878839,
    "DEX_Call": 1263.776,
    "DEX_Put": -1082.678,
    "DEX_Total": 181.098,
    "DEX_Ratio": 1.167269,
    "GEX_Call": 3969977.95,
    "GEX_Put": -3678049.771,
    "GEX_Total": 291928.179,
    "GEX_Ratio": 1.07937,
    "VEX_Call": -1341189.084,
    "VEX_Put": 4223338.831,
    "VEX_Total": 2882149.747,
    "VEX_Ratio": -0.317566,
    "CEX_Call": -1944014.864,
    "CEX_Put": 3313131.849,
    "CEX_Total": 1369116.985,
    "CEX_Ratio": -0.58676
}