{
    "timestamp": "2026-07-21 10:14:32",
    "cum_gam": 11989.537572254336,
    "cum_vec": 11989.537572254336,
    "DEX_Call": 2706.988,
    "DEX_Put": -2641.341,
    "DEX_Total": 65.647,
    "DEX_Ratio": 1.024854,
    "GEX_Call": 4132708.291,
    "GEX_Put": -4337771.334,
    "GEX_Total": -205063.043,
    "GEX_Ratio": 0.952726,
    "VEX_Call": -3064883.963,
    "VEX_Put": 11065056.287,
    "VEX_Total": 8000172.324,
    "VEX_Ratio": -0.276988,
    "CEX_Call": -1355355.436,
    "CEX_Put": 1749139.649,
    "CEX_Total": 393784.213,
    "CEX_Ratio": -0.77487
}