{
    "timestamp": "2025-09-16 12:01:06",
    "cum_gam": null,
    "cum_vec": null,
    "DEX_Call": 323.365,
    "DEX_Put": -133.265,
    "DEX_Total": 190.1,
    "DEX_Ratio": 2.426481,
    "GEX_Call": 1072636.614,
    "GEX_Put": -751076.633,
    "GEX_Total": 321559.981,
    "GEX_Ratio": 1.428132,
    "VEX_Call": -56397.302,
    "VEX_Put": 1301933.429,
    "VEX_Total": 1245536.127,
    "VEX_Ratio": -0.043318,
    "CEX_Call": -217442.159,
    "CEX_Put": 972148.342,
    "CEX_Total": 754706.183,
    "CEX_Ratio": -0.223672
}