{
    "timestamp": "2025-08-01 12:51:46",
    "cum_gam": 8188.277087033748,
    "cum_vec": 8188.277087033748,
    "DEX_Call": 94.111,
    "DEX_Put": -592.176,
    "DEX_Total": -498.065,
    "DEX_Ratio": 0.158924,
    "GEX_Call": 621962.646,
    "GEX_Put": -2074152.477,
    "GEX_Total": -1452189.831,
    "GEX_Ratio": 0.299864,
    "VEX_Call": -566546.734,
    "VEX_Put": 733084.515,
    "VEX_Total": 166537.781,
    "VEX_Ratio": -0.772826,
    "CEX_Call": -940475.722,
    "CEX_Put": 624997.233,
    "CEX_Total": -315478.489,
    "CEX_Ratio": -1.504768
}