{
    "timestamp": "2025-09-05 07:56:08",
    "cum_gam": 5303.185424986739,
    "cum_vec": 9034.271043106968,
    "DEX_Call": 1540.866,
    "DEX_Put": -999.913,
    "DEX_Total": 540.953,
    "DEX_Ratio": 1.541,
    "GEX_Call": 1876341.412,
    "GEX_Put": -1987075.117,
    "GEX_Total": -110733.705,
    "GEX_Ratio": 0.944273,
    "VEX_Call": -268647.235,
    "VEX_Put": 8875360.101,
    "VEX_Total": 8606712.866,
    "VEX_Ratio": -0.030269,
    "CEX_Call": -341250.94,
    "CEX_Put": 1229174.884,
    "CEX_Total": 887923.944,
    "CEX_Ratio": -0.277626
}