{
    "timestamp": "2025-09-29 09:21:12",
    "cum_gam": null,
    "cum_vec": null,
    "DEX_Call": 220.642,
    "DEX_Put": -149.294,
    "DEX_Total": 71.348,
    "DEX_Ratio": 1.477903,
    "GEX_Call": 912162.294,
    "GEX_Put": -840334.648,
    "GEX_Total": 71827.646,
    "GEX_Ratio": 1.085475,
    "VEX_Call": -212832.502,
    "VEX_Put": 1158807.755,
    "VEX_Total": 945975.253,
    "VEX_Ratio": -0.183665,
    "CEX_Call": -297464.886,
    "CEX_Put": 694465.749,
    "CEX_Total": 397000.863,
    "CEX_Ratio": -0.428336
}