{
    "timestamp": "2025-07-09 08:46:39",
    "cum_gam": null,
    "cum_vec": 8407.273300102393,
    "DEX_Call": 1800.99,
    "DEX_Put": -379.75,
    "DEX_Total": 1421.24,
    "DEX_Ratio": 4.742567,
    "GEX_Call": 3461602.996,
    "GEX_Put": -1996339.324,
    "GEX_Total": 1465263.672,
    "GEX_Ratio": 1.733975,
    "VEX_Call": 537628.413,
    "VEX_Put": 3277398.362,
    "VEX_Total": 3815026.775,
    "VEX_Ratio": 0.164041,
    "CEX_Call": -175031.404,
    "CEX_Put": 2510160.546,
    "CEX_Total": 2335129.142,
    "CEX_Ratio": -0.069729
}