{
    "timestamp": "2025-07-17 12:08:05",
    "cum_gam": 7985.52036199095,
    "cum_vec": 7985.52036199095,
    "DEX_Call": 343.594,
    "DEX_Put": -93.06,
    "DEX_Total": 250.534,
    "DEX_Ratio": 3.692177,
    "GEX_Call": 1861442.761,
    "GEX_Put": -811915.693,
    "GEX_Total": 1049527.068,
    "GEX_Ratio": 2.292655,
    "VEX_Call": -338347.264,
    "VEX_Put": 1003068.91,
    "VEX_Total": 664721.646,
    "VEX_Ratio": -0.337312,
    "CEX_Call": -625211.278,
    "CEX_Put": 1100238.234,
    "CEX_Total": 475026.956,
    "CEX_Ratio": -0.568251
}