{
    "timestamp": "2025-11-25 11:19:23",
    "cum_gam": 11197.000272702482,
    "cum_vec": 11197.000272702482,
    "DEX_Call": 2919.11,
    "DEX_Put": -946.168,
    "DEX_Total": 1972.942,
    "DEX_Ratio": 3.085192,
    "GEX_Call": 1432554.339,
    "GEX_Put": -1394345.43,
    "GEX_Total": 38208.909,
    "GEX_Ratio": 1.027403,
    "VEX_Call": 752969.377,
    "VEX_Put": 5370304.223,
    "VEX_Total": 6123273.6,
    "VEX_Ratio": 0.14021,
    "CEX_Call": -34642.653,
    "CEX_Put": 590857.595,
    "CEX_Total": 556214.942,
    "CEX_Ratio": -0.058631
}