{
    "timestamp": "2025-08-27 10:10:42",
    "cum_gam": null,
    "cum_vec": 8400.0,
    "DEX_Call": 302.755,
    "DEX_Put": -144.93,
    "DEX_Total": 157.825,
    "DEX_Ratio": 2.088974,
    "GEX_Call": 1542970.836,
    "GEX_Put": -934384.188,
    "GEX_Total": 608586.648,
    "GEX_Ratio": 1.651324,
    "VEX_Call": -327294.572,
    "VEX_Put": 1277069.554,
    "VEX_Total": 949774.982,
    "VEX_Ratio": -0.256286,
    "CEX_Call": -546889.306,
    "CEX_Put": 1006219.821,
    "CEX_Total": 459330.515,
    "CEX_Ratio": -0.543509
}