{
    "timestamp": "2025-06-30 09:57:01",
    "cum_gam": null,
    "cum_vec": 7222.138910028253,
    "DEX_Call": 3112.039,
    "DEX_Put": -755.482,
    "DEX_Total": 2356.557,
    "DEX_Ratio": 4.119276,
    "GEX_Call": 6417966.816,
    "GEX_Put": -3252842.057,
    "GEX_Total": 3165124.759,
    "GEX_Ratio": 1.973034,
    "VEX_Call": 1271208.268,
    "VEX_Put": 7726118.852,
    "VEX_Total": 8997327.12,
    "VEX_Ratio": 0.164534,
    "CEX_Call": -269300.966,
    "CEX_Put": 5383582.376,
    "CEX_Total": 5114281.41,
    "CEX_Ratio": -0.050023
}