{
    "timestamp": "2026-07-23 09:36:48",
    "cum_gam": 7401.798043885208,
    "cum_vec": 7401.798043885208,
    "DEX_Call": 299.754,
    "DEX_Put": -931.168,
    "DEX_Total": -631.414,
    "DEX_Ratio": 0.321912,
    "GEX_Call": 1698319.365,
    "GEX_Put": -3147747.097,
    "GEX_Total": -1449427.732,
    "GEX_Ratio": 0.539535,
    "VEX_Call": -2110521.854,
    "VEX_Put": 2125240.968,
    "VEX_Total": 14719.114,
    "VEX_Ratio": -0.993074,
    "CEX_Call": -2204052.112,
    "CEX_Put": 1357152.784,
    "CEX_Total": -846899.328,
    "CEX_Ratio": -1.624027
}