{
    "timestamp": "2025-08-12 12:16:01",
    "cum_gam": 7013.328252664515,
    "cum_vec": 7527.2566677074265,
    "DEX_Call": 5977.407,
    "DEX_Put": -1777.812,
    "DEX_Total": 4199.595,
    "DEX_Ratio": 3.362227,
    "GEX_Call": 5140384.173,
    "GEX_Put": -4289339.718,
    "GEX_Total": 851044.455,
    "GEX_Ratio": 1.198409,
    "VEX_Call": 4311307.406,
    "VEX_Put": 16560275.743,
    "VEX_Total": 20871583.149,
    "VEX_Ratio": 0.26034,
    "CEX_Call": -10038.384,
    "CEX_Put": 2464854.673,
    "CEX_Total": 2454816.289,
    "CEX_Ratio": -0.004073
}