{
    "timestamp": "2025-09-18 07:27:57",
    "cum_gam": 8160.48632218845,
    "cum_vec": 8160.48632218845,
    "DEX_Call": 418.34,
    "DEX_Put": -119.292,
    "DEX_Total": 299.048,
    "DEX_Ratio": 3.506857,
    "GEX_Call": 1670016.011,
    "GEX_Put": -909700.828,
    "GEX_Total": 760315.183,
    "GEX_Ratio": 1.835786,
    "VEX_Call": -18599.245,
    "VEX_Put": 1551419.218,
    "VEX_Total": 1532819.973,
    "VEX_Ratio": -0.011989,
    "CEX_Call": -296957.667,
    "CEX_Put": 1557796.111,
    "CEX_Total": 1260838.444,
    "CEX_Ratio": -0.190627
}