{
    "timestamp": "2025-10-01 07:51:22",
    "cum_gam": null,
    "cum_vec": 7519.208469949742,
    "DEX_Call": 1038.977,
    "DEX_Put": -623.073,
    "DEX_Total": 415.904,
    "DEX_Ratio": 1.667504,
    "GEX_Call": 1348422.73,
    "GEX_Put": -1146524.884,
    "GEX_Total": 201897.846,
    "GEX_Ratio": 1.176095,
    "VEX_Call": -553791.065,
    "VEX_Put": 5852920.838,
    "VEX_Total": 5299129.773,
    "VEX_Ratio": -0.094618,
    "CEX_Call": -283195.873,
    "CEX_Put": 631986.821,
    "CEX_Total": 348790.948,
    "CEX_Ratio": -0.448104
}