{
    "timestamp": "2025-07-18 08:55:55",
    "cum_gam": 7988.732394366197,
    "cum_vec": 7988.732394366197,
    "DEX_Call": 290.473,
    "DEX_Put": -111.868,
    "DEX_Total": 178.605,
    "DEX_Ratio": 2.596569,
    "GEX_Call": 2275673.754,
    "GEX_Put": -1149525.627,
    "GEX_Total": 1126148.127,
    "GEX_Ratio": 1.979663,
    "VEX_Call": -510083.175,
    "VEX_Put": 994655.147,
    "VEX_Total": 484571.972,
    "VEX_Ratio": -0.512824,
    "CEX_Call": -1041028.633,
    "CEX_Put": 1260613.418,
    "CEX_Total": 219584.785,
    "CEX_Ratio": -0.825811
}