{
    "timestamp": "2025-10-21 10:55:47",
    "cum_gam": null,
    "cum_vec": 7519.710577079691,
    "DEX_Call": 1703.015,
    "DEX_Put": -1099.096,
    "DEX_Total": 603.919,
    "DEX_Ratio": 1.549469,
    "GEX_Call": 3200178.673,
    "GEX_Put": -2544841.051,
    "GEX_Total": 655337.622,
    "GEX_Ratio": 1.257516,
    "VEX_Call": -1282605.739,
    "VEX_Put": 9392071.686,
    "VEX_Total": 8109465.947,
    "VEX_Ratio": -0.136563,
    "CEX_Call": -858295.48,
    "CEX_Put": 1956250.992,
    "CEX_Total": 1097955.512,
    "CEX_Ratio": -0.438745
}