{
    "timestamp": "2025-07-28 06:44:39",
    "cum_gam": null,
    "cum_vec": 8200.0,
    "DEX_Call": 236.941,
    "DEX_Put": -96.011,
    "DEX_Total": 140.93,
    "DEX_Ratio": 2.467853,
    "GEX_Call": 806857.633,
    "GEX_Put": -524289.078,
    "GEX_Total": 282568.555,
    "GEX_Ratio": 1.538956,
    "VEX_Call": -49915.604,
    "VEX_Put": 864612.103,
    "VEX_Total": 814696.499,
    "VEX_Ratio": -0.057732,
    "CEX_Call": -160897.665,
    "CEX_Put": 564520.002,
    "CEX_Total": 403622.337,
    "CEX_Ratio": -0.285017
}