{
    "timestamp": "2025-07-22 11:26:09",
    "cum_gam": null,
    "cum_vec": 6821.385734019381,
    "DEX_Call": 439.643,
    "DEX_Put": -216.844,
    "DEX_Total": 222.799,
    "DEX_Ratio": 2.027462,
    "GEX_Call": 1759515.192,
    "GEX_Put": -1125108.088,
    "GEX_Total": 634407.104,
    "GEX_Ratio": 1.563863,
    "VEX_Call": -613885.858,
    "VEX_Put": 1501336.694,
    "VEX_Total": 887450.836,
    "VEX_Ratio": -0.408893,
    "CEX_Call": -794650.2,
    "CEX_Put": 1105004.506,
    "CEX_Total": 310354.306,
    "CEX_Ratio": -0.719138
}