{
    "timestamp": "2025-08-06 06:59:59",
    "cum_gam": 7009.898232549021,
    "cum_vec": 7120.14362611507,
    "DEX_Call": 1514.261,
    "DEX_Put": -824.498,
    "DEX_Total": 689.763,
    "DEX_Ratio": 1.836585,
    "GEX_Call": 3458549.848,
    "GEX_Put": -3085845.389,
    "GEX_Total": 372704.459,
    "GEX_Ratio": 1.120779,
    "VEX_Call": -1001417.769,
    "VEX_Put": 4264539.261,
    "VEX_Total": 3263121.492,
    "VEX_Ratio": -0.234824,
    "CEX_Call": -1488910.749,
    "CEX_Put": 3097404.565,
    "CEX_Total": 1608493.816,
    "CEX_Ratio": -0.480696
}