{
    "timestamp": "2026-07-22 12:25:40",
    "cum_gam": null,
    "cum_vec": null,
    "DEX_Call": 520.186,
    "DEX_Put": -549.222,
    "DEX_Total": -29.036,
    "DEX_Ratio": 0.947132,
    "GEX_Call": 2960354.866,
    "GEX_Put": -2617997.789,
    "GEX_Total": 342357.077,
    "GEX_Ratio": 1.130771,
    "VEX_Call": -2013902.757,
    "VEX_Put": 2695139.418,
    "VEX_Total": 681236.661,
    "VEX_Ratio": -0.747235,
    "CEX_Call": -2075347.406,
    "CEX_Put": 1733109.871,
    "CEX_Total": -342237.535,
    "CEX_Ratio": -1.19747
}