{
    "timestamp": "2025-08-05 09:43:55",
    "cum_gam": 7009.912477577232,
    "cum_vec": 7212.748586024448,
    "DEX_Call": 1560.95,
    "DEX_Put": -887.514,
    "DEX_Total": 673.436,
    "DEX_Ratio": 1.758789,
    "GEX_Call": 3212042.998,
    "GEX_Put": -3043717.671,
    "GEX_Total": 168325.327,
    "GEX_Ratio": 1.055303,
    "VEX_Call": -455472.723,
    "VEX_Put": 4658444.564,
    "VEX_Total": 4202971.841,
    "VEX_Ratio": -0.097774,
    "CEX_Call": -937265.765,
    "CEX_Put": 3029509.683,
    "CEX_Total": 2092243.918,
    "CEX_Ratio": -0.309379
}