{
    "timestamp": "2025-10-07 09:47:36",
    "cum_gam": null,
    "cum_vec": 7521.058920668568,
    "DEX_Call": 1232.751,
    "DEX_Put": -729.199,
    "DEX_Total": 503.552,
    "DEX_Ratio": 1.690555,
    "GEX_Call": 1611373.016,
    "GEX_Put": -1398538.125,
    "GEX_Total": 212834.891,
    "GEX_Ratio": 1.152184,
    "VEX_Call": -689736.239,
    "VEX_Put": 6463361.476,
    "VEX_Total": 5773625.237,
    "VEX_Ratio": -0.106715,
    "CEX_Call": -359729.685,
    "CEX_Put": 810517.09,
    "CEX_Total": 450787.405,
    "CEX_Ratio": -0.443827
}