{
    "timestamp": "2025-11-25 09:56:40",
    "cum_gam": null,
    "cum_vec": 9317.497079088458,
    "DEX_Call": 2884.908,
    "DEX_Put": -973.59,
    "DEX_Total": 1911.318,
    "DEX_Ratio": 2.963165,
    "GEX_Call": 1411117.235,
    "GEX_Put": -1406507.259,
    "GEX_Total": 4609.976,
    "GEX_Ratio": 1.003278,
    "VEX_Call": 673200.625,
    "VEX_Put": 5288871.997,
    "VEX_Total": 5962072.622,
    "VEX_Ratio": 0.127286,
    "CEX_Call": -42935.823,
    "CEX_Put": 579624.456,
    "CEX_Total": 536688.633,
    "CEX_Ratio": -0.074075
}