{
    "timestamp": "2026-07-23 11:22:58",
    "cum_gam": 11983.383406517218,
    "cum_vec": 11983.383406517218,
    "DEX_Call": 2337.743,
    "DEX_Put": -3475.523,
    "DEX_Total": -1137.78,
    "DEX_Ratio": 0.672631,
    "GEX_Call": 3542517.192,
    "GEX_Put": -5058294.673,
    "GEX_Total": -1515777.481,
    "GEX_Ratio": 0.700338,
    "VEX_Call": -2925234.529,
    "VEX_Put": 10341457.387,
    "VEX_Total": 7416222.858,
    "VEX_Ratio": -0.282865,
    "CEX_Call": -1364359.922,
    "CEX_Put": 1667230.816,
    "CEX_Total": 302870.894,
    "CEX_Ratio": -0.818339
}