{
    "timestamp": "2025-07-28 11:13:02",
    "cum_gam": 7009.183627571531,
    "cum_vec": 7219.726075560954,
    "DEX_Call": 2541.622,
    "DEX_Put": -803.67,
    "DEX_Total": 1737.952,
    "DEX_Ratio": 3.162519,
    "GEX_Call": 5010887.95,
    "GEX_Put": -3249368.305,
    "GEX_Total": 1761519.645,
    "GEX_Ratio": 1.542111,
    "VEX_Call": -324946.191,
    "VEX_Put": 8155931.458,
    "VEX_Total": 7830985.267,
    "VEX_Ratio": -0.039842,
    "CEX_Call": -1097772.913,
    "CEX_Put": 3521910.251,
    "CEX_Total": 2424137.338,
    "CEX_Ratio": -0.311698
}