{
    "timestamp": "2025-10-27 09:58:40",
    "cum_gam": 11999.783812998243,
    "cum_vec": 11999.783812998243,
    "DEX_Call": 2242.455,
    "DEX_Put": -673.235,
    "DEX_Total": 1569.22,
    "DEX_Ratio": 3.330865,
    "GEX_Call": 4748527.373,
    "GEX_Put": -2361293.976,
    "GEX_Total": 2387233.397,
    "GEX_Ratio": 2.010985,
    "VEX_Call": -361284.885,
    "VEX_Put": 8719570.373,
    "VEX_Total": 8358285.488,
    "VEX_Ratio": -0.041434,
    "CEX_Call": -745132.504,
    "CEX_Put": 2653283.855,
    "CEX_Total": 1908151.351,
    "CEX_Ratio": -0.280834
}