{
    "timestamp": "2025-09-30 06:35:41",
    "cum_gam": 5705.713260935343,
    "cum_vec": 5705.713260935343,
    "DEX_Call": 235.35,
    "DEX_Put": -193.189,
    "DEX_Total": 42.161,
    "DEX_Ratio": 1.218237,
    "GEX_Call": 1070023.935,
    "GEX_Put": -1083025.9,
    "GEX_Total": -13001.965,
    "GEX_Ratio": 0.987995,
    "VEX_Call": -371777.888,
    "VEX_Put": 1284117.507,
    "VEX_Total": 912339.619,
    "VEX_Ratio": -0.28952,
    "CEX_Call": -482043.98,
    "CEX_Put": 876598.069,
    "CEX_Total": 394554.089,
    "CEX_Ratio": -0.549903
}