{
    "timestamp": "2025-07-02 12:44:11",
    "cum_gam": null,
    "cum_vec": 7322.79265638308,
    "DEX_Call": 1389.282,
    "DEX_Put": -576.019,
    "DEX_Total": 813.263,
    "DEX_Ratio": 2.411868,
    "GEX_Call": 1621212.233,
    "GEX_Put": -1173463.818,
    "GEX_Total": 447748.415,
    "GEX_Ratio": 1.381561,
    "VEX_Call": -15652.055,
    "VEX_Put": 5950407.693,
    "VEX_Total": 5934755.638,
    "VEX_Ratio": -0.00263,
    "CEX_Call": -261198.759,
    "CEX_Put": 835623.948,
    "CEX_Total": 574425.189,
    "CEX_Ratio": -0.312579
}