{
    "timestamp": "2025-07-24 07:53:43",
    "cum_gam": 7022.337172575738,
    "cum_vec": 7213.991761980067,
    "DEX_Call": 1880.523,
    "DEX_Put": -674.445,
    "DEX_Total": 1206.078,
    "DEX_Ratio": 2.788253,
    "GEX_Call": 4238279.925,
    "GEX_Put": -2428878.831,
    "GEX_Total": 1809401.094,
    "GEX_Ratio": 1.744953,
    "VEX_Call": -205150.508,
    "VEX_Put": 7969824.834,
    "VEX_Total": 7764674.326,
    "VEX_Ratio": -0.025741,
    "CEX_Call": -737971.366,
    "CEX_Put": 2421113.909,
    "CEX_Total": 1683142.543,
    "CEX_Ratio": -0.304807
}