{
    "timestamp": "2025-08-05 11:32:12",
    "cum_gam": 7009.933465522298,
    "cum_vec": 7120.030504795706,
    "DEX_Call": 1543.686,
    "DEX_Put": -878.589,
    "DEX_Total": 665.097,
    "DEX_Ratio": 1.757006,
    "GEX_Call": 3188080.999,
    "GEX_Put": -3044561.831,
    "GEX_Total": 143519.168,
    "GEX_Ratio": 1.04714,
    "VEX_Call": -520418.563,
    "VEX_Put": 4503751.978,
    "VEX_Total": 3983333.415,
    "VEX_Ratio": -0.115552,
    "CEX_Call": -983891.461,
    "CEX_Put": 2939480.106,
    "CEX_Total": 1955588.645,
    "CEX_Ratio": -0.334716
}