{
    "timestamp": "2025-11-19 10:39:12",
    "cum_gam": 8599.374118476728,
    "cum_vec": 8800.0,
    "DEX_Call": 275.872,
    "DEX_Put": -839.225,
    "DEX_Total": -563.353,
    "DEX_Ratio": 0.328722,
    "GEX_Call": 870048.179,
    "GEX_Put": -1750777.884,
    "GEX_Total": -880729.705,
    "GEX_Ratio": 0.496949,
    "VEX_Call": -1207137.326,
    "VEX_Put": 1352758.784,
    "VEX_Total": 145621.458,
    "VEX_Ratio": -0.892352,
    "CEX_Call": -1261207.296,
    "CEX_Put": 910823.4,
    "CEX_Total": -350383.896,
    "CEX_Ratio": -1.384689
}