{
    "timestamp": "2025-08-05 10:53:31",
    "cum_gam": 7140.401178603808,
    "cum_vec": 7165.28880866426,
    "DEX_Call": 1587.432,
    "DEX_Put": -800.742,
    "DEX_Total": 786.69,
    "DEX_Ratio": 1.982451,
    "GEX_Call": 3330609.289,
    "GEX_Put": -2937939.031,
    "GEX_Total": 392670.258,
    "GEX_Ratio": 1.133655,
    "VEX_Call": -551936.297,
    "VEX_Put": 4574287.922,
    "VEX_Total": 4022351.625,
    "VEX_Ratio": -0.120661,
    "CEX_Call": -1016761.978,
    "CEX_Put": 2997627.263,
    "CEX_Total": 1980865.285,
    "CEX_Ratio": -0.339189
}