{
    "timestamp": "2025-09-19 08:36:03",
    "cum_gam": 8183.2699619771865,
    "cum_vec": 8600.0,
    "DEX_Call": 366.636,
    "DEX_Put": -189.571,
    "DEX_Total": 177.065,
    "DEX_Ratio": 1.93403,
    "GEX_Call": 2159444.938,
    "GEX_Put": -1592105.624,
    "GEX_Total": 567339.314,
    "GEX_Ratio": 1.356345,
    "VEX_Call": -286302.651,
    "VEX_Put": 1686859.217,
    "VEX_Total": 1400556.566,
    "VEX_Ratio": -0.169725,
    "CEX_Call": -740888.677,
    "CEX_Put": 2062186.9,
    "CEX_Total": 1321298.223,
    "CEX_Ratio": -0.359273
}