{
    "timestamp": "2025-10-16 12:42:29",
    "cum_gam": 6566.886715450361,
    "cum_vec": 6566.886715450361,
    "DEX_Call": 227.156,
    "DEX_Put": -576.661,
    "DEX_Total": -349.505,
    "DEX_Ratio": 0.393916,
    "GEX_Call": 980584.672,
    "GEX_Put": -1695275.909,
    "GEX_Total": -714691.237,
    "GEX_Ratio": 0.578422,
    "VEX_Call": -1003556.941,
    "VEX_Put": 1771477.754,
    "VEX_Total": 767920.813,
    "VEX_Ratio": -0.566508,
    "CEX_Call": -1313824.184,
    "CEX_Put": 1626275.558,
    "CEX_Total": 312451.374,
    "CEX_Ratio": -0.807873
}