{
    "timestamp": "2025-11-19 13:08:05",
    "cum_gam": 5004.869528576731,
    "cum_vec": 7709.948514051476,
    "DEX_Call": 6372.005,
    "DEX_Put": -5114.861,
    "DEX_Total": 1257.144,
    "DEX_Ratio": 1.245783,
    "GEX_Call": 7175575.737,
    "GEX_Put": -7273639.885,
    "GEX_Total": -98064.148,
    "GEX_Ratio": 0.986518,
    "VEX_Call": -4072203.039,
    "VEX_Put": 16436509.114,
    "VEX_Total": 12364306.075,
    "VEX_Ratio": -0.247754,
    "CEX_Call": -2130478.377,
    "CEX_Put": 2768736.991,
    "CEX_Total": 638258.614,
    "CEX_Ratio": -0.769477
}