{
    "timestamp": "2025-09-11 09:13:20",
    "cum_gam": 7008.909830611743,
    "cum_vec": 7512.838714883107,
    "DEX_Call": 4694.369,
    "DEX_Put": -913.68,
    "DEX_Total": 3780.689,
    "DEX_Ratio": 5.13787,
    "GEX_Call": 8314822.085,
    "GEX_Put": -4938443.459,
    "GEX_Total": 3376378.626,
    "GEX_Ratio": 1.683693,
    "VEX_Call": 3817441.58,
    "VEX_Put": 10337901.864,
    "VEX_Total": 14155343.444,
    "VEX_Ratio": 0.369267,
    "CEX_Call": 1907583.48,
    "CEX_Put": 8545075.895,
    "CEX_Total": 10452659.375,
    "CEX_Ratio": 0.223238
}