{
    "timestamp": "2025-11-12 12:46:13",
    "cum_gam": null,
    "cum_vec": 7902.199273758349,
    "DEX_Call": 5739.659,
    "DEX_Put": -2658.586,
    "DEX_Total": 3081.073,
    "DEX_Ratio": 2.158914,
    "GEX_Call": 7231646.944,
    "GEX_Put": -5367014.715,
    "GEX_Total": 1864632.229,
    "GEX_Ratio": 1.347424,
    "VEX_Call": 1687753.703,
    "VEX_Put": 19535456.178,
    "VEX_Total": 21223209.881,
    "VEX_Ratio": 0.086394,
    "CEX_Call": -845254.566,
    "CEX_Put": 2698630.649,
    "CEX_Total": 1853376.083,
    "CEX_Ratio": -0.313216
}