{
    "timestamp": "2025-09-02 08:29:27",
    "cum_gam": 6028.797036051869,
    "cum_vec": 7625.50576184379,
    "DEX_Call": 1235.255,
    "DEX_Put": -1140.629,
    "DEX_Total": 94.626,
    "DEX_Ratio": 1.082959,
    "GEX_Call": 1254261.567,
    "GEX_Put": -1865130.608,
    "GEX_Total": -610869.041,
    "GEX_Ratio": 0.672479,
    "VEX_Call": 110759.85,
    "VEX_Put": 7464630.872,
    "VEX_Total": 7575390.722,
    "VEX_Ratio": 0.014838,
    "CEX_Call": -175484.995,
    "CEX_Put": 946888.94,
    "CEX_Total": 771403.945,
    "CEX_Ratio": -0.185328
}