{
    "timestamp": "2025-10-27 11:12:42",
    "cum_gam": null,
    "cum_vec": 8800.0,
    "DEX_Call": 507.899,
    "DEX_Put": -124.248,
    "DEX_Total": 383.651,
    "DEX_Ratio": 4.087784,
    "GEX_Call": 1491213.848,
    "GEX_Put": -660428.244,
    "GEX_Total": 830785.604,
    "GEX_Ratio": 2.25795,
    "VEX_Call": 120458.584,
    "VEX_Put": 1514451.446,
    "VEX_Total": 1634910.03,
    "VEX_Ratio": 0.079539,
    "CEX_Call": -134091.035,
    "CEX_Put": 947623.19,
    "CEX_Total": 813532.155,
    "CEX_Ratio": -0.141502
}