{
    "timestamp": "2025-07-01 10:20:45",
    "cum_gam": null,
    "cum_vec": 8000.0,
    "DEX_Call": 421.511,
    "DEX_Put": -128.863,
    "DEX_Total": 292.648,
    "DEX_Ratio": 3.271001,
    "GEX_Call": 1361117.386,
    "GEX_Put": -790977.945,
    "GEX_Total": 570139.441,
    "GEX_Ratio": 1.720803,
    "VEX_Call": -4532.347,
    "VEX_Put": 1059278.665,
    "VEX_Total": 1054746.318,
    "VEX_Ratio": -0.004279,
    "CEX_Call": -229533.475,
    "CEX_Put": 825447.98,
    "CEX_Total": 595914.505,
    "CEX_Ratio": -0.278071
}