{
    "timestamp": "2025-11-19 10:50:10",
    "cum_gam": 5254.959982343299,
    "cum_vec": 7713.893335273574,
    "DEX_Call": 6322.256,
    "DEX_Put": -5241.228,
    "DEX_Total": 1081.028,
    "DEX_Ratio": 1.206255,
    "GEX_Call": 7027618.737,
    "GEX_Put": -7241397.979,
    "GEX_Total": -213779.242,
    "GEX_Ratio": 0.970478,
    "VEX_Call": -4340332.753,
    "VEX_Put": 16239887.579,
    "VEX_Total": 11899554.826,
    "VEX_Ratio": -0.267264,
    "CEX_Call": -2170048.18,
    "CEX_Put": 2720424.954,
    "CEX_Total": 550376.774,
    "CEX_Ratio": -0.797687
}