{
    "timestamp": "2025-11-25 13:58:39",
    "cum_gam": null,
    "cum_vec": 9343.82401633318,
    "DEX_Call": 2987.576,
    "DEX_Put": -900.095,
    "DEX_Total": 2087.481,
    "DEX_Ratio": 3.319179,
    "GEX_Call": 1459148.744,
    "GEX_Put": -1369514.071,
    "GEX_Total": 89634.673,
    "GEX_Ratio": 1.06545,
    "VEX_Call": 661303.35,
    "VEX_Put": 5399404.318,
    "VEX_Total": 6060707.668,
    "VEX_Ratio": 0.122477,
    "CEX_Call": -49127.724,
    "CEX_Put": 596781.045,
    "CEX_Total": 547653.321,
    "CEX_Ratio": -0.082321
}