{
    "timestamp": "2025-09-10 07:05:56",
    "cum_gam": null,
    "cum_vec": 9019.951419933332,
    "DEX_Call": 1335.523,
    "DEX_Put": -844.859,
    "DEX_Total": 490.664,
    "DEX_Ratio": 1.580764,
    "GEX_Call": 2256576.607,
    "GEX_Put": -1993143.437,
    "GEX_Total": 263433.17,
    "GEX_Ratio": 1.13217,
    "VEX_Call": -346049.874,
    "VEX_Put": 9574508.563,
    "VEX_Total": 9228458.689,
    "VEX_Ratio": -0.036143,
    "CEX_Call": -417906.537,
    "CEX_Put": 1536849.306,
    "CEX_Total": 1118942.769,
    "CEX_Ratio": -0.271924
}