{
    "timestamp": "2025-10-17 12:51:24",
    "cum_gam": 5156.605503371867,
    "cum_vec": 7517.59222626902,
    "DEX_Call": 2021.176,
    "DEX_Put": -1344.171,
    "DEX_Total": 677.005,
    "DEX_Ratio": 1.50366,
    "GEX_Call": 2380510.168,
    "GEX_Put": -2426204.416,
    "GEX_Total": -45694.248,
    "GEX_Ratio": 0.981166,
    "VEX_Call": -1126449.455,
    "VEX_Put": 9781301.836,
    "VEX_Total": 8654852.381,
    "VEX_Ratio": -0.115164,
    "CEX_Call": -666418.884,
    "CEX_Put": 1760567.294,
    "CEX_Total": 1094148.41,
    "CEX_Ratio": -0.378525
}