{
    "timestamp": "2025-10-27 06:47:56",
    "cum_gam": null,
    "cum_vec": 8800.0,
    "DEX_Call": 482.092,
    "DEX_Put": -134.226,
    "DEX_Total": 347.866,
    "DEX_Ratio": 3.591644,
    "GEX_Call": 1500446.644,
    "GEX_Put": -694594.623,
    "GEX_Total": 805852.021,
    "GEX_Ratio": 2.160176,
    "VEX_Call": 27238.644,
    "VEX_Put": 1523838.406,
    "VEX_Total": 1551077.05,
    "VEX_Ratio": 0.017875,
    "CEX_Call": -202368.277,
    "CEX_Put": 931306.388,
    "CEX_Total": 728938.111,
    "CEX_Ratio": -0.217295
}