{
    "timestamp": "2025-08-26 09:46:13",
    "cum_gam": null,
    "cum_vec": 8400.0,
    "DEX_Call": 229.322,
    "DEX_Put": -156.873,
    "DEX_Total": 72.449,
    "DEX_Ratio": 1.461832,
    "GEX_Call": 1221645.468,
    "GEX_Put": -903412.04,
    "GEX_Total": 318233.428,
    "GEX_Ratio": 1.352257,
    "VEX_Call": -392010.845,
    "VEX_Put": 1094102.001,
    "VEX_Total": 702091.156,
    "VEX_Ratio": -0.358295,
    "CEX_Call": -511437.701,
    "CEX_Put": 724358.833,
    "CEX_Total": 212921.132,
    "CEX_Ratio": -0.706056
}