{
    "timestamp": "2025-09-03 09:07:50",
    "cum_gam": 6192.915890777818,
    "cum_vec": 6192.915890777818,
    "DEX_Call": 175.864,
    "DEX_Put": -245.069,
    "DEX_Total": -69.205,
    "DEX_Ratio": 0.71761,
    "GEX_Call": 1077825.306,
    "GEX_Put": -1191427.731,
    "GEX_Total": -113602.425,
    "GEX_Ratio": 0.90465,
    "VEX_Call": -535940.045,
    "VEX_Put": 1165690.379,
    "VEX_Total": 629750.334,
    "VEX_Ratio": -0.459762,
    "CEX_Call": -710618.482,
    "CEX_Put": 918785.102,
    "CEX_Total": 208166.62,
    "CEX_Ratio": -0.773433
}