{
    "timestamp": "2025-07-25 08:12:00",
    "cum_gam": null,
    "cum_vec": 6821.643973846391,
    "DEX_Call": 780.246,
    "DEX_Put": -178.488,
    "DEX_Total": 601.758,
    "DEX_Ratio": 4.37142,
    "GEX_Call": 3450959.34,
    "GEX_Put": -1521544.236,
    "GEX_Total": 1929415.104,
    "GEX_Ratio": 2.268064,
    "VEX_Call": -464003.43,
    "VEX_Put": 1618418.557,
    "VEX_Total": 1154415.127,
    "VEX_Ratio": -0.286702,
    "CEX_Call": -1189800.053,
    "CEX_Put": 1884675.58,
    "CEX_Total": 694875.527,
    "CEX_Ratio": -0.631302
}