{
    "timestamp": "2025-09-11 09:19:12",
    "cum_gam": null,
    "cum_vec": 7866.958095529934,
    "DEX_Call": 1514.192,
    "DEX_Put": -843.437,
    "DEX_Total": 670.755,
    "DEX_Ratio": 1.795264,
    "GEX_Call": 2430102.482,
    "GEX_Put": -2030393.233,
    "GEX_Total": 399709.249,
    "GEX_Ratio": 1.196863,
    "VEX_Call": -98557.951,
    "VEX_Put": 10043322.475,
    "VEX_Total": 9944764.524,
    "VEX_Ratio": -0.009813,
    "CEX_Call": -391066.244,
    "CEX_Put": 1678745.049,
    "CEX_Total": 1287678.805,
    "CEX_Ratio": -0.232952
}