{
    "timestamp": "2025-11-26 10:47:18",
    "cum_gam": null,
    "cum_vec": 9272.294345909266,
    "DEX_Call": 3161.082,
    "DEX_Put": -798.811,
    "DEX_Total": 2362.271,
    "DEX_Ratio": 3.957234,
    "GEX_Call": 1561610.763,
    "GEX_Put": -1332069.593,
    "GEX_Total": 229541.17,
    "GEX_Ratio": 1.172319,
    "VEX_Call": 911851.225,
    "VEX_Put": 5544460.927,
    "VEX_Total": 6456312.152,
    "VEX_Ratio": 0.164462,
    "CEX_Call": -25127.948,
    "CEX_Put": 626183.233,
    "CEX_Total": 601055.285,
    "CEX_Ratio": -0.040129
}