{
    "timestamp": "2025-11-07 07:52:46",
    "cum_gam": 6707.2972143895195,
    "cum_vec": 6707.2972143895195,
    "DEX_Call": 129.814,
    "DEX_Put": -744.876,
    "DEX_Total": -615.062,
    "DEX_Ratio": 0.174276,
    "GEX_Call": 876485.26,
    "GEX_Put": -2258715.954,
    "GEX_Total": -1382230.694,
    "GEX_Ratio": 0.388046,
    "VEX_Call": -1123379.438,
    "VEX_Put": 778160.692,
    "VEX_Total": -345218.746,
    "VEX_Ratio": -1.443634,
    "CEX_Call": -1507703.319,
    "CEX_Put": 608643.656,
    "CEX_Total": -899059.663,
    "CEX_Ratio": -2.477153
}