{
    "timestamp": "2025-09-19 07:58:52",
    "cum_gam": 8175.836431226766,
    "cum_vec": 8600.0,
    "DEX_Call": 362.965,
    "DEX_Put": -172.783,
    "DEX_Total": 190.182,
    "DEX_Ratio": 2.100699,
    "GEX_Call": 2211597.718,
    "GEX_Put": -1499313.3,
    "GEX_Total": 712284.418,
    "GEX_Ratio": 1.475074,
    "VEX_Call": -226993.678,
    "VEX_Put": 1670851.528,
    "VEX_Total": 1443857.85,
    "VEX_Ratio": -0.135855,
    "CEX_Call": -665501.921,
    "CEX_Put": 2029876.845,
    "CEX_Total": 1364374.924,
    "CEX_Ratio": -0.327853
}