{
    "timestamp": "2025-09-18 08:58:52",
    "cum_gam": 8132.978723404255,
    "cum_vec": 8132.978723404255,
    "DEX_Call": 388.867,
    "DEX_Put": -141.798,
    "DEX_Total": 247.069,
    "DEX_Ratio": 2.742401,
    "GEX_Call": 1665268.093,
    "GEX_Put": -1047153.559,
    "GEX_Total": 618114.534,
    "GEX_Ratio": 1.590281,
    "VEX_Call": -126679.838,
    "VEX_Put": 1607123.673,
    "VEX_Total": 1480443.835,
    "VEX_Ratio": -0.078824,
    "CEX_Call": -416315.651,
    "CEX_Put": 1624360.683,
    "CEX_Total": 1208045.032,
    "CEX_Ratio": -0.256295
}