{
    "timestamp": "2025-08-19 10:37:36",
    "cum_gam": null,
    "cum_vec": 8400.0,
    "DEX_Call": 448.734,
    "DEX_Put": -338.537,
    "DEX_Total": 110.197,
    "DEX_Ratio": 1.325509,
    "GEX_Call": 1627022.836,
    "GEX_Put": -1566926.84,
    "GEX_Total": 60095.996,
    "GEX_Ratio": 1.038353,
    "VEX_Call": -513496.998,
    "VEX_Put": 1911416.518,
    "VEX_Total": 1397919.52,
    "VEX_Ratio": -0.268647,
    "CEX_Call": -701511.968,
    "CEX_Put": 1266360.576,
    "CEX_Total": 564848.608,
    "CEX_Ratio": -0.553959
}