{
    "timestamp": "2025-11-17 09:22:20",
    "cum_gam": 8598.98197078023,
    "cum_vec": 8800.0,
    "DEX_Call": 318.234,
    "DEX_Put": -540.754,
    "DEX_Total": -222.52,
    "DEX_Ratio": 0.588501,
    "GEX_Call": 927283.32,
    "GEX_Put": -1328585.245,
    "GEX_Total": -401301.925,
    "GEX_Ratio": 0.697948,
    "VEX_Call": -1029883.846,
    "VEX_Put": 1423755.948,
    "VEX_Total": 393872.102,
    "VEX_Ratio": -0.723357,
    "CEX_Call": -879992.554,
    "CEX_Put": 717184.612,
    "CEX_Total": -162807.942,
    "CEX_Ratio": -1.22701
}