{
    "timestamp": "2025-08-22 08:41:08",
    "cum_gam": 7008.42829681922,
    "cum_vec": 7490.714265562624,
    "DEX_Call": 4273.527,
    "DEX_Put": -1973.401,
    "DEX_Total": 2300.126,
    "DEX_Ratio": 2.165564,
    "GEX_Call": 7029214.307,
    "GEX_Put": -5705727.636,
    "GEX_Total": 1323486.671,
    "GEX_Ratio": 1.231958,
    "VEX_Call": 2468961.726,
    "VEX_Put": 17270690.144,
    "VEX_Total": 19739651.87,
    "VEX_Ratio": 0.142957,
    "CEX_Call": -513274.662,
    "CEX_Put": 3653158.666,
    "CEX_Total": 3139884.004,
    "CEX_Ratio": -0.140502
}