{
    "timestamp": "2025-11-12 13:56:34",
    "cum_gam": null,
    "cum_vec": 7791.556160574284,
    "DEX_Call": 1473.376,
    "DEX_Put": -786.293,
    "DEX_Total": 687.083,
    "DEX_Ratio": 1.873826,
    "GEX_Call": 4465939.984,
    "GEX_Put": -3022074.725,
    "GEX_Total": 1443865.259,
    "GEX_Ratio": 1.477773,
    "VEX_Call": -771251.509,
    "VEX_Put": 4261289.836,
    "VEX_Total": 3490038.327,
    "VEX_Ratio": -0.18099,
    "CEX_Call": -1362216.227,
    "CEX_Put": 3018884.282,
    "CEX_Total": 1656668.055,
    "CEX_Ratio": -0.451232
}