{
    "timestamp": "2025-09-19 07:08:02",
    "cum_gam": null,
    "cum_vec": 7936.379460400348,
    "DEX_Call": 1973.431,
    "DEX_Put": -1049.615,
    "DEX_Total": 923.816,
    "DEX_Ratio": 1.880147,
    "GEX_Call": 3637342.146,
    "GEX_Put": -2889850.842,
    "GEX_Total": 747491.304,
    "GEX_Ratio": 1.258661,
    "VEX_Call": -157998.346,
    "VEX_Put": 11473705.812,
    "VEX_Total": 11315707.466,
    "VEX_Ratio": -0.01377,
    "CEX_Call": -577386.852,
    "CEX_Put": 2537075.09,
    "CEX_Total": 1959688.238,
    "CEX_Ratio": -0.22758
}