{
    "timestamp": "2025-07-09 07:15:32",
    "cum_gam": null,
    "cum_vec": 7199.562523855662,
    "DEX_Call": 1472.548,
    "DEX_Put": -605.744,
    "DEX_Total": 866.804,
    "DEX_Ratio": 2.430974,
    "GEX_Call": 2004640.952,
    "GEX_Put": -1402652.051,
    "GEX_Total": 601988.901,
    "GEX_Ratio": 1.429179,
    "VEX_Call": -194396.499,
    "VEX_Put": 6561953.272,
    "VEX_Total": 6367556.773,
    "VEX_Ratio": -0.029625,
    "CEX_Call": -370138.47,
    "CEX_Put": 1093517.356,
    "CEX_Total": 723378.886,
    "CEX_Ratio": -0.338484
}