{
    "timestamp": "2025-09-08 09:39:54",
    "cum_gam": 7009.390912068152,
    "cum_vec": 7559.0582702648035,
    "DEX_Call": 3599.99,
    "DEX_Put": -1426.674,
    "DEX_Total": 2173.316,
    "DEX_Ratio": 2.523345,
    "GEX_Call": 7416898.687,
    "GEX_Put": -6100109.301,
    "GEX_Total": 1316789.386,
    "GEX_Ratio": 1.215863,
    "VEX_Call": 2174643.667,
    "VEX_Put": 9677814.729,
    "VEX_Total": 11852458.396,
    "VEX_Ratio": 0.224704,
    "CEX_Call": 164751.381,
    "CEX_Put": 5292861.313,
    "CEX_Total": 5457612.694,
    "CEX_Ratio": 0.031127
}