{
    "timestamp": "2025-08-05 11:20:44",
    "cum_gam": 7009.902919875835,
    "cum_vec": 7300.751118687407,
    "DEX_Call": 1576.911,
    "DEX_Put": -856.431,
    "DEX_Total": 720.48,
    "DEX_Ratio": 1.841259,
    "GEX_Call": 3247723.24,
    "GEX_Put": -3014186.611,
    "GEX_Total": 233536.629,
    "GEX_Ratio": 1.077479,
    "VEX_Call": -471770.537,
    "VEX_Put": 4509486.996,
    "VEX_Total": 4037716.459,
    "VEX_Ratio": -0.104617,
    "CEX_Call": -955350.73,
    "CEX_Put": 2945359.895,
    "CEX_Total": 1990009.165,
    "CEX_Ratio": -0.324358
}