{
    "timestamp": "2025-11-21 11:12:33",
    "cum_gam": 6628.832120481143,
    "cum_vec": 7691.554702495201,
    "DEX_Call": 275.677,
    "DEX_Put": -988.076,
    "DEX_Total": -712.399,
    "DEX_Ratio": 0.279004,
    "GEX_Call": 1058076.613,
    "GEX_Put": -2363973.055,
    "GEX_Total": -1305896.442,
    "GEX_Ratio": 0.447584,
    "VEX_Call": -1209912.153,
    "VEX_Put": 1288063.777,
    "VEX_Total": 78151.624,
    "VEX_Ratio": -0.939326,
    "CEX_Call": -1760715.288,
    "CEX_Put": 1243926.877,
    "CEX_Total": -516788.411,
    "CEX_Ratio": -1.415449
}