{
    "timestamp": "2025-09-11 08:59:25",
    "cum_gam": null,
    "cum_vec": 7852.369045956139,
    "DEX_Call": 1500.393,
    "DEX_Put": -852.965,
    "DEX_Total": 647.428,
    "DEX_Ratio": 1.759032,
    "GEX_Call": 2421494.272,
    "GEX_Put": -2042704.598,
    "GEX_Total": 378789.674,
    "GEX_Ratio": 1.185435,
    "VEX_Call": -121240.911,
    "VEX_Put": 10076676.236,
    "VEX_Total": 9955435.325,
    "VEX_Ratio": -0.012032,
    "CEX_Call": -394838.433,
    "CEX_Put": 1683306.788,
    "CEX_Total": 1288468.355,
    "CEX_Ratio": -0.234561
}