{
    "timestamp": "2025-09-23 09:25:00",
    "cum_gam": null,
    "cum_vec": 8727.778403755869,
    "DEX_Call": 2389.839,
    "DEX_Put": -1221.585,
    "DEX_Total": 1168.254,
    "DEX_Ratio": 1.956343,
    "GEX_Call": 4451420.893,
    "GEX_Put": -3528714.684,
    "GEX_Total": 922706.209,
    "GEX_Ratio": 1.261485,
    "VEX_Call": -154864.397,
    "VEX_Put": 11326026.868,
    "VEX_Total": 11171162.471,
    "VEX_Ratio": -0.013673,
    "CEX_Call": -693764.362,
    "CEX_Put": 3097766.952,
    "CEX_Total": 2404002.59,
    "CEX_Ratio": -0.223956
}