{
    "timestamp": "2025-10-21 11:23:56",
    "cum_gam": 8794.154488517745,
    "cum_vec": 8794.154488517745,
    "DEX_Call": 669.211,
    "DEX_Put": -303.63,
    "DEX_Total": 365.581,
    "DEX_Ratio": 2.204035,
    "GEX_Call": 2170530.636,
    "GEX_Put": -1448287.777,
    "GEX_Total": 722242.859,
    "GEX_Ratio": 1.498687,
    "VEX_Call": -391727.149,
    "VEX_Put": 2820811.077,
    "VEX_Total": 2429083.928,
    "VEX_Ratio": -0.13887,
    "CEX_Call": -671653.49,
    "CEX_Put": 1912367.178,
    "CEX_Total": 1240713.688,
    "CEX_Ratio": -0.351216
}