{
    "timestamp": "2025-09-23 07:22:07",
    "cum_gam": null,
    "cum_vec": 8717.138998286213,
    "DEX_Call": 2465.762,
    "DEX_Put": -1170.014,
    "DEX_Total": 1295.748,
    "DEX_Ratio": 2.107464,
    "GEX_Call": 4465227.876,
    "GEX_Put": -3407398.375,
    "GEX_Total": 1057829.501,
    "GEX_Ratio": 1.310451,
    "VEX_Call": 85829.995,
    "VEX_Put": 11270390.322,
    "VEX_Total": 11356220.317,
    "VEX_Ratio": 0.007616,
    "CEX_Call": -594682.967,
    "CEX_Put": 3085515.571,
    "CEX_Total": 2490832.604,
    "CEX_Ratio": -0.192734
}