{
    "timestamp": "2025-08-08 09:33:40",
    "cum_gam": 7017.673206352752,
    "cum_vec": 7489.624307012382,
    "DEX_Call": 5691.907,
    "DEX_Put": -2113.938,
    "DEX_Total": 3577.969,
    "DEX_Ratio": 2.692561,
    "GEX_Call": 5122727.21,
    "GEX_Put": -4428146.957,
    "GEX_Total": 694580.253,
    "GEX_Ratio": 1.156856,
    "VEX_Call": 4513028.624,
    "VEX_Put": 16717076.977,
    "VEX_Total": 21230105.601,
    "VEX_Ratio": 0.269965,
    "CEX_Call": -38653.987,
    "CEX_Put": 2172073.428,
    "CEX_Total": 2133419.441,
    "CEX_Ratio": -0.017796
}