{
    "timestamp": "2025-09-25 11:34:15",
    "cum_gam": 6002.9288906218635,
    "cum_vec": 8750.16523463318,
    "DEX_Call": 1929.807,
    "DEX_Put": -1829.853,
    "DEX_Total": 99.954,
    "DEX_Ratio": 1.054624,
    "GEX_Call": 4514633.781,
    "GEX_Put": -5058022.486,
    "GEX_Total": -543388.705,
    "GEX_Ratio": 0.892569,
    "VEX_Call": -1964882.358,
    "VEX_Put": 10735203.51,
    "VEX_Total": 8770321.152,
    "VEX_Ratio": -0.183032,
    "CEX_Call": -1666246.586,
    "CEX_Put": 2957462.947,
    "CEX_Total": 1291216.361,
    "CEX_Ratio": -0.563404
}