{
    "timestamp": "2025-09-22 09:56:06",
    "cum_gam": null,
    "cum_vec": 7054.795248871209,
    "DEX_Call": 1027.69,
    "DEX_Put": -297.725,
    "DEX_Total": 729.965,
    "DEX_Ratio": 3.45181,
    "GEX_Call": 2270444.482,
    "GEX_Put": -1482003.885,
    "GEX_Total": 788440.597,
    "GEX_Ratio": 1.53201,
    "VEX_Call": 213407.6,
    "VEX_Put": 2787234.051,
    "VEX_Total": 3000641.651,
    "VEX_Ratio": 0.076566,
    "CEX_Call": -187039.01,
    "CEX_Put": 1924202.013,
    "CEX_Total": 1737163.003,
    "CEX_Ratio": -0.097203
}