{
    "timestamp": "2025-09-12 12:43:00",
    "cum_gam": null,
    "cum_vec": 7882.752042932065,
    "DEX_Call": 1525.034,
    "DEX_Put": -910.323,
    "DEX_Total": 614.711,
    "DEX_Ratio": 1.675267,
    "GEX_Call": 2541124.819,
    "GEX_Put": -2232214.035,
    "GEX_Total": 308910.784,
    "GEX_Ratio": 1.138388,
    "VEX_Call": -162750.126,
    "VEX_Put": 10185903.741,
    "VEX_Total": 10023153.615,
    "VEX_Ratio": -0.015978,
    "CEX_Call": -422193.204,
    "CEX_Put": 1740398.628,
    "CEX_Total": 1318205.424,
    "CEX_Ratio": -0.242584
}