{
    "timestamp": "2025-08-13 11:53:41",
    "cum_gam": 8127.272727272727,
    "cum_vec": 8127.272727272727,
    "DEX_Call": 373.254,
    "DEX_Put": -103.33,
    "DEX_Total": 269.924,
    "DEX_Ratio": 3.612252,
    "GEX_Call": 1971287.825,
    "GEX_Put": -789240.94,
    "GEX_Total": 1182046.885,
    "GEX_Ratio": 2.497701,
    "VEX_Call": -147628.653,
    "VEX_Put": 1278303.379,
    "VEX_Total": 1130674.726,
    "VEX_Ratio": -0.115488,
    "CEX_Call": -460042.544,
    "CEX_Put": 1111920.93,
    "CEX_Total": 651878.386,
    "CEX_Ratio": -0.413737
}