{
    "timestamp": "2025-10-10 06:44:46",
    "cum_gam": 7004.661833732616,
    "cum_vec": 8875.051073109147,
    "DEX_Call": 1574.019,
    "DEX_Put": -834.955,
    "DEX_Total": 739.064,
    "DEX_Ratio": 1.885154,
    "GEX_Call": 6489622.449,
    "GEX_Put": -4068811.67,
    "GEX_Total": 2420810.779,
    "GEX_Ratio": 1.594968,
    "VEX_Call": -84072.872,
    "VEX_Put": 5225626.337,
    "VEX_Total": 5141553.465,
    "VEX_Ratio": -0.016089,
    "CEX_Call": -1368494.216,
    "CEX_Put": 5041323.046,
    "CEX_Total": 3672828.83,
    "CEX_Ratio": -0.271455
}