{
    "timestamp": "2025-11-12 11:24:20",
    "cum_gam": null,
    "cum_vec": 7722.2262896491675,
    "DEX_Call": 1447.154,
    "DEX_Put": -775.57,
    "DEX_Total": 671.584,
    "DEX_Ratio": 1.865923,
    "GEX_Call": 4502562.688,
    "GEX_Put": -2966348.454,
    "GEX_Total": 1536214.234,
    "GEX_Ratio": 1.517881,
    "VEX_Call": -925443.568,
    "VEX_Put": 4335481.805,
    "VEX_Total": 3410038.237,
    "VEX_Ratio": -0.213458,
    "CEX_Call": -1478996.792,
    "CEX_Put": 3047920.738,
    "CEX_Total": 1568923.946,
    "CEX_Ratio": -0.485248
}