{
    "timestamp": "2025-09-12 09:48:25",
    "cum_gam": 7008.631862528811,
    "cum_vec": 7619.129385557824,
    "DEX_Call": 2957.734,
    "DEX_Put": -872.724,
    "DEX_Total": 2085.01,
    "DEX_Ratio": 3.389083,
    "GEX_Call": 8855000.538,
    "GEX_Put": -5714634.991,
    "GEX_Total": 3140365.547,
    "GEX_Ratio": 1.54953,
    "VEX_Call": 1747491.176,
    "VEX_Put": 9222117.011,
    "VEX_Total": 10969608.187,
    "VEX_Ratio": 0.189489,
    "CEX_Call": 49899.844,
    "CEX_Put": 8850902.434,
    "CEX_Total": 8900802.278,
    "CEX_Ratio": 0.005638
}