{
    "timestamp": "2025-10-31 12:32:25",
    "cum_gam": null,
    "cum_vec": 7701.243776246943,
    "DEX_Call": 2648.67,
    "DEX_Put": -1315.079,
    "DEX_Total": 1333.591,
    "DEX_Ratio": 2.014077,
    "GEX_Call": 6656313.371,
    "GEX_Put": -5113165.786,
    "GEX_Total": 1543147.585,
    "GEX_Ratio": 1.301799,
    "VEX_Call": -986447.455,
    "VEX_Put": 9286091.901,
    "VEX_Total": 8299644.446,
    "VEX_Ratio": -0.106228,
    "CEX_Call": -1765299.839,
    "CEX_Put": 3924605.302,
    "CEX_Total": 2159305.463,
    "CEX_Ratio": -0.449803
}