{
    "timestamp": "2025-07-31 10:23:36",
    "cum_gam": 7009.715846431878,
    "cum_vec": 7453.446805210918,
    "DEX_Call": 2253.555,
    "DEX_Put": -1100.074,
    "DEX_Total": 1153.481,
    "DEX_Ratio": 2.048549,
    "GEX_Call": 6573774.159,
    "GEX_Put": -4902334.249,
    "GEX_Total": 1671439.91,
    "GEX_Ratio": 1.340948,
    "VEX_Call": -1020253.096,
    "VEX_Put": 9052819.193,
    "VEX_Total": 8032566.097,
    "VEX_Ratio": -0.1127,
    "CEX_Call": -3107118.386,
    "CEX_Put": 7735522.605,
    "CEX_Total": 4628404.219,
    "CEX_Ratio": -0.401669
}