{
    "timestamp": "2025-09-05 11:05:59",
    "cum_gam": 5307.978223047524,
    "cum_vec": 9033.229647258582,
    "DEX_Call": 1556.067,
    "DEX_Put": -1011.454,
    "DEX_Total": 544.613,
    "DEX_Ratio": 1.538446,
    "GEX_Call": 1879471.456,
    "GEX_Put": -2023834.728,
    "GEX_Total": -144363.272,
    "GEX_Ratio": 0.928668,
    "VEX_Call": -212145.622,
    "VEX_Put": 8919008.793,
    "VEX_Total": 8706863.171,
    "VEX_Ratio": -0.023786,
    "CEX_Call": -332806.615,
    "CEX_Put": 1238941.994,
    "CEX_Total": 906135.379,
    "CEX_Ratio": -0.268622
}