{
    "timestamp": "2025-11-10 12:11:47",
    "cum_gam": 7001.41061890442,
    "cum_vec": 7784.06114539344,
    "DEX_Call": 1377.843,
    "DEX_Put": -855.984,
    "DEX_Total": 521.859,
    "DEX_Ratio": 1.60966,
    "GEX_Call": 3352752.072,
    "GEX_Put": -2681205.247,
    "GEX_Total": 671546.825,
    "GEX_Ratio": 1.250465,
    "VEX_Call": -265522.397,
    "VEX_Put": 3841408.311,
    "VEX_Total": 3575885.914,
    "VEX_Ratio": -0.069121,
    "CEX_Call": -725594.514,
    "CEX_Put": 2056526.194,
    "CEX_Total": 1330931.68,
    "CEX_Ratio": -0.352825
}