{
    "timestamp": "2025-11-14 07:46:49",
    "cum_gam": 7000.308433592681,
    "cum_vec": 7623.0132791947,
    "DEX_Call": 985.42,
    "DEX_Put": -1884.342,
    "DEX_Total": -898.922,
    "DEX_Ratio": 0.522952,
    "GEX_Call": 2862201.051,
    "GEX_Put": -4812944.159,
    "GEX_Total": -1950743.108,
    "GEX_Ratio": 0.594688,
    "VEX_Call": -1954608.493,
    "VEX_Put": 4012563.75,
    "VEX_Total": 2057955.257,
    "VEX_Ratio": -0.487122,
    "CEX_Call": -2668610.282,
    "CEX_Put": 3424282.578,
    "CEX_Total": 755672.296,
    "CEX_Ratio": -0.77932
}