{
    "timestamp": "2025-11-26 07:38:22",
    "cum_gam": 8399.011283444659,
    "cum_vec": 8532.323232323231,
    "DEX_Call": 526.914,
    "DEX_Put": -193.207,
    "DEX_Total": 333.707,
    "DEX_Ratio": 2.727199,
    "GEX_Call": 2216439.525,
    "GEX_Put": -1005147.616,
    "GEX_Total": 1211291.909,
    "GEX_Ratio": 2.205089,
    "VEX_Call": -550192.937,
    "VEX_Put": 1757467.802,
    "VEX_Total": 1207274.865,
    "VEX_Ratio": -0.31306,
    "CEX_Call": -703572.391,
    "CEX_Put": 1482618.078,
    "CEX_Total": 779045.687,
    "CEX_Ratio": -0.474547
}