{
    "timestamp": "2025-11-10 11:04:00",
    "cum_gam": 7001.549299998951,
    "cum_vec": 7775.540168014079,
    "DEX_Call": 1269.081,
    "DEX_Put": -863.787,
    "DEX_Total": 405.294,
    "DEX_Ratio": 1.469206,
    "GEX_Call": 3356773.224,
    "GEX_Put": -2680714.366,
    "GEX_Total": 676058.858,
    "GEX_Ratio": 1.252194,
    "VEX_Call": -381589.746,
    "VEX_Put": 3851043.258,
    "VEX_Total": 3469453.512,
    "VEX_Ratio": -0.099087,
    "CEX_Call": -797561.245,
    "CEX_Put": 2052362.961,
    "CEX_Total": 1254801.716,
    "CEX_Ratio": -0.388606
}