{
    "timestamp": "2026-07-20 11:14:03",
    "cum_gam": 8002.638725641473,
    "cum_vec": 10451.440289034274,
    "DEX_Call": 2468.652,
    "DEX_Put": -2723.253,
    "DEX_Total": -254.601,
    "DEX_Ratio": 0.906509,
    "GEX_Call": 3677094.393,
    "GEX_Put": -4261808.747,
    "GEX_Total": -584714.354,
    "GEX_Ratio": 0.862801,
    "VEX_Call": -2715000.626,
    "VEX_Put": 10702302.471,
    "VEX_Total": 7987301.845,
    "VEX_Ratio": -0.253684,
    "CEX_Call": -1199613.641,
    "CEX_Put": 1585621.873,
    "CEX_Total": 386008.232,
    "CEX_Ratio": -0.756557
}