{
    "timestamp": "2025-09-19 10:38:16",
    "cum_gam": 8169.5,
    "cum_vec": 8600.0,
    "DEX_Call": 393.357,
    "DEX_Put": -149.629,
    "DEX_Total": 243.728,
    "DEX_Ratio": 2.628882,
    "GEX_Call": 2348998.884,
    "GEX_Put": -1401307.659,
    "GEX_Total": 947691.225,
    "GEX_Ratio": 1.676291,
    "VEX_Call": -164427.64,
    "VEX_Put": 1658884.101,
    "VEX_Total": 1494456.461,
    "VEX_Ratio": -0.099119,
    "CEX_Call": -609382.0,
    "CEX_Put": 2094421.239,
    "CEX_Total": 1485039.239,
    "CEX_Ratio": -0.290955
}