{
    "timestamp": "2025-10-17 09:55:38",
    "cum_gam": 5504.144628812835,
    "cum_vec": 7518.308751526181,
    "DEX_Call": 1982.62,
    "DEX_Put": -1503.069,
    "DEX_Total": 479.551,
    "DEX_Ratio": 1.319048,
    "GEX_Call": 2256940.139,
    "GEX_Put": -2461053.861,
    "GEX_Total": -204113.722,
    "GEX_Ratio": 0.917062,
    "VEX_Call": -1239483.529,
    "VEX_Put": 10047335.883,
    "VEX_Total": 8807852.354,
    "VEX_Ratio": -0.123364,
    "CEX_Call": -676265.445,
    "CEX_Put": 1816262.366,
    "CEX_Total": 1139996.921,
    "CEX_Ratio": -0.372339
}