{
    "timestamp": "2025-11-26 09:12:26",
    "cum_gam": 8399.096225412015,
    "cum_vec": 8533.990147783252,
    "DEX_Call": 574.881,
    "DEX_Put": -169.054,
    "DEX_Total": 405.827,
    "DEX_Ratio": 3.400576,
    "GEX_Call": 2362061.348,
    "GEX_Put": -934940.171,
    "GEX_Total": 1427121.177,
    "GEX_Ratio": 2.52643,
    "VEX_Call": -392594.733,
    "VEX_Put": 1692025.525,
    "VEX_Total": 1299430.792,
    "VEX_Ratio": -0.232026,
    "CEX_Call": -572475.885,
    "CEX_Put": 1432905.329,
    "CEX_Total": 860429.444,
    "CEX_Ratio": -0.399521
}