{
    "timestamp": "2025-11-05 08:13:35",
    "cum_gam": null,
    "cum_vec": 7807.937328539363,
    "DEX_Call": 5190.898,
    "DEX_Put": -2895.502,
    "DEX_Total": 2295.396,
    "DEX_Ratio": 1.792745,
    "GEX_Call": 5945849.026,
    "GEX_Put": -4874919.648,
    "GEX_Total": 1070929.378,
    "GEX_Ratio": 1.219681,
    "VEX_Call": 544974.935,
    "VEX_Put": 18616908.926,
    "VEX_Total": 19161883.861,
    "VEX_Ratio": 0.029273,
    "CEX_Call": -844769.15,
    "CEX_Put": 2059162.324,
    "CEX_Total": 1214393.174,
    "CEX_Ratio": -0.410249
}