{
    "timestamp": "2025-09-02 09:42:29",
    "cum_gam": 6078.711555076484,
    "cum_vec": 7624.056374534262,
    "DEX_Call": 1247.315,
    "DEX_Put": -1153.416,
    "DEX_Total": 93.899,
    "DEX_Ratio": 1.081409,
    "GEX_Call": 1246846.331,
    "GEX_Put": -1888024.737,
    "GEX_Total": -641178.406,
    "GEX_Ratio": 0.660397,
    "VEX_Call": 108516.809,
    "VEX_Put": 7408818.341,
    "VEX_Total": 7517335.15,
    "VEX_Ratio": 0.014647,
    "CEX_Call": -174624.926,
    "CEX_Put": 937554.716,
    "CEX_Total": 762929.79,
    "CEX_Ratio": -0.186256
}