{
    "timestamp": "2025-09-19 10:50:53",
    "cum_gam": 8182.596291012839,
    "cum_vec": 8600.0,
    "DEX_Call": 386.52,
    "DEX_Put": -146.15,
    "DEX_Total": 240.37,
    "DEX_Ratio": 2.64468,
    "GEX_Call": 2354978.319,
    "GEX_Put": -1378721.74,
    "GEX_Total": 976256.579,
    "GEX_Ratio": 1.708088,
    "VEX_Call": -171616.272,
    "VEX_Put": 1652231.084,
    "VEX_Total": 1480614.812,
    "VEX_Ratio": -0.103869,
    "CEX_Call": -626583.966,
    "CEX_Put": 2091740.099,
    "CEX_Total": 1465156.133,
    "CEX_Ratio": -0.299552
}