{
    "timestamp": "2025-09-02 07:46:03",
    "cum_gam": 6004.114657105917,
    "cum_vec": 9044.171688852586,
    "DEX_Call": 1264.803,
    "DEX_Put": -1102.569,
    "DEX_Total": 162.234,
    "DEX_Ratio": 1.147142,
    "GEX_Call": 1265605.768,
    "GEX_Put": -1839370.835,
    "GEX_Total": -573765.067,
    "GEX_Ratio": 0.688064,
    "VEX_Call": 155651.566,
    "VEX_Put": 7486010.417,
    "VEX_Total": 7641661.983,
    "VEX_Ratio": 0.020792,
    "CEX_Call": -170171.74,
    "CEX_Put": 948130.361,
    "CEX_Total": 777958.621,
    "CEX_Ratio": -0.179481
}