{
    "timestamp": "2025-09-11 08:37:10",
    "cum_gam": null,
    "cum_vec": 7856.032768631194,
    "DEX_Call": 1504.106,
    "DEX_Put": -847.618,
    "DEX_Total": 656.488,
    "DEX_Ratio": 1.774509,
    "GEX_Call": 2427824.374,
    "GEX_Put": -2026394.794,
    "GEX_Total": 401429.58,
    "GEX_Ratio": 1.1981,
    "VEX_Call": -105539.598,
    "VEX_Put": 10065982.997,
    "VEX_Total": 9960443.399,
    "VEX_Ratio": -0.010485,
    "CEX_Call": -391782.807,
    "CEX_Put": 1681651.119,
    "CEX_Total": 1289868.312,
    "CEX_Ratio": -0.232975
}