{
    "timestamp": "2025-07-07 11:21:08",
    "cum_gam": null,
    "cum_vec": 7287.134429125785,
    "DEX_Call": 1291.842,
    "DEX_Put": -627.631,
    "DEX_Total": 664.211,
    "DEX_Ratio": 2.058283,
    "GEX_Call": 1645441.237,
    "GEX_Put": -1237720.987,
    "GEX_Total": 407720.25,
    "GEX_Ratio": 1.329412,
    "VEX_Call": -254555.684,
    "VEX_Put": 5721013.199,
    "VEX_Total": 5466457.515,
    "VEX_Ratio": -0.044495,
    "CEX_Call": -321835.742,
    "CEX_Put": 925773.925,
    "CEX_Total": 603938.183,
    "CEX_Ratio": -0.34764
}