{
    "timestamp": "2025-10-31 11:16:14",
    "cum_gam": null,
    "cum_vec": 7622.381207662115,
    "DEX_Call": 2464.128,
    "DEX_Put": -1475.037,
    "DEX_Total": 989.091,
    "DEX_Ratio": 1.670553,
    "GEX_Call": 6367358.143,
    "GEX_Put": -5298844.713,
    "GEX_Total": 1068513.43,
    "GEX_Ratio": 1.20165,
    "VEX_Call": -1625577.616,
    "VEX_Put": 9319841.537,
    "VEX_Total": 7694263.921,
    "VEX_Ratio": -0.174421,
    "CEX_Call": -2185138.492,
    "CEX_Put": 3828955.026,
    "CEX_Total": 1643816.534,
    "CEX_Ratio": -0.570688
}