{
    "timestamp": "2025-09-19 11:00:01",
    "cum_gam": 8175.6,
    "cum_vec": 8600.0,
    "DEX_Call": 380.203,
    "DEX_Put": -149.157,
    "DEX_Total": 231.046,
    "DEX_Ratio": 2.549012,
    "GEX_Call": 2355743.573,
    "GEX_Put": -1401888.202,
    "GEX_Total": 953855.371,
    "GEX_Ratio": 1.680408,
    "VEX_Call": -188705.964,
    "VEX_Put": 1680562.804,
    "VEX_Total": 1491856.84,
    "VEX_Ratio": -0.112287,
    "CEX_Call": -648651.406,
    "CEX_Put": 2137194.147,
    "CEX_Total": 1488542.741,
    "CEX_Ratio": -0.303506
}