{
    "timestamp": "2025-11-26 12:05:33",
    "cum_gam": 8397.765166512692,
    "cum_vec": 8704.081632653062,
    "DEX_Call": 589.165,
    "DEX_Put": -153.941,
    "DEX_Total": 435.224,
    "DEX_Ratio": 3.827213,
    "GEX_Call": 2423243.829,
    "GEX_Put": -894583.367,
    "GEX_Total": 1528660.462,
    "GEX_Ratio": 2.708796,
    "VEX_Call": -342440.266,
    "VEX_Put": 1523301.225,
    "VEX_Total": 1180860.959,
    "VEX_Ratio": -0.224801,
    "CEX_Call": -537121.588,
    "CEX_Put": 1313158.311,
    "CEX_Total": 776036.723,
    "CEX_Ratio": -0.40903
}