{
    "timestamp": "2025-10-16 07:28:03",
    "cum_gam": 5362.856562996779,
    "cum_vec": 5362.856562996779,
    "DEX_Call": 333.15,
    "DEX_Put": -373.916,
    "DEX_Total": -40.766,
    "DEX_Ratio": 0.890976,
    "GEX_Call": 1572394.409,
    "GEX_Put": -1584265.317,
    "GEX_Total": -11870.908,
    "GEX_Ratio": 0.992507,
    "VEX_Call": -831154.535,
    "VEX_Put": 1918203.219,
    "VEX_Total": 1087048.684,
    "VEX_Ratio": -0.433298,
    "CEX_Call": -1177605.865,
    "CEX_Put": 1782018.32,
    "CEX_Total": 604412.455,
    "CEX_Ratio": -0.660827
}