{
    "timestamp": "2025-10-03 06:46:26",
    "cum_gam": null,
    "cum_vec": null,
    "DEX_Call": 470.385,
    "DEX_Put": -162.032,
    "DEX_Total": 308.353,
    "DEX_Ratio": 2.903038,
    "GEX_Call": 2847469.978,
    "GEX_Put": -1515669.634,
    "GEX_Total": 1331800.344,
    "GEX_Ratio": 1.878688,
    "VEX_Call": -256618.146,
    "VEX_Put": 1892583.747,
    "VEX_Total": 1635965.601,
    "VEX_Ratio": -0.135591,
    "CEX_Call": -809273.95,
    "CEX_Put": 2234163.914,
    "CEX_Total": 1424889.964,
    "CEX_Ratio": -0.362227
}