{
    "timestamp": "2025-10-17 10:18:35",
    "cum_gam": 7003.714190713965,
    "cum_vec": 8191.983859077329,
    "DEX_Call": 261.109,
    "DEX_Put": -588.08,
    "DEX_Total": -326.971,
    "DEX_Ratio": 0.444003,
    "GEX_Call": 1371681.895,
    "GEX_Put": -2230778.242,
    "GEX_Total": -859096.347,
    "GEX_Ratio": 0.614889,
    "VEX_Call": -1069955.92,
    "VEX_Put": 2176262.43,
    "VEX_Total": 1106306.51,
    "VEX_Ratio": -0.491648,
    "CEX_Call": -1662120.139,
    "CEX_Put": 2556036.761,
    "CEX_Total": 893916.622,
    "CEX_Ratio": -0.650272
}