{
    "timestamp": "2025-11-19 13:09:27",
    "cum_gam": 5178.097567227861,
    "cum_vec": 7711.895672541415,
    "DEX_Call": 6579.928,
    "DEX_Put": -5133.031,
    "DEX_Total": 1446.897,
    "DEX_Ratio": 1.28188,
    "GEX_Call": 7144311.931,
    "GEX_Put": -7318452.48,
    "GEX_Total": -174140.549,
    "GEX_Ratio": 0.976205,
    "VEX_Call": -3961627.187,
    "VEX_Put": 16340424.395,
    "VEX_Total": 12378797.208,
    "VEX_Ratio": -0.242443,
    "CEX_Call": -2101115.957,
    "CEX_Put": 2739607.942,
    "CEX_Total": 638491.985,
    "CEX_Ratio": -0.76694
}