{
    "timestamp": "2025-07-28 11:35:44",
    "cum_gam": null,
    "cum_vec": 8200.0,
    "DEX_Call": 222.347,
    "DEX_Put": -103.219,
    "DEX_Total": 119.128,
    "DEX_Ratio": 2.154129,
    "GEX_Call": 796879.231,
    "GEX_Put": -558058.178,
    "GEX_Total": 238821.053,
    "GEX_Ratio": 1.42795,
    "VEX_Call": -96714.468,
    "VEX_Put": 838599.268,
    "VEX_Total": 741884.8,
    "VEX_Ratio": -0.115329,
    "CEX_Call": -196014.745,
    "CEX_Put": 551838.027,
    "CEX_Total": 355823.282,
    "CEX_Ratio": -0.355203
}