{
    "timestamp": "2025-11-05 09:35:35",
    "cum_gam": null,
    "cum_vec": null,
    "DEX_Call": 294.514,
    "DEX_Put": -301.389,
    "DEX_Total": -6.875,
    "DEX_Ratio": 0.977189,
    "GEX_Call": 1465472.578,
    "GEX_Put": -1401915.638,
    "GEX_Total": 63556.94,
    "GEX_Ratio": 1.045336,
    "VEX_Call": -795073.16,
    "VEX_Put": 1337065.844,
    "VEX_Total": 541992.684,
    "VEX_Ratio": -0.59464,
    "CEX_Call": -930065.652,
    "CEX_Put": 1022838.81,
    "CEX_Total": 92773.158,
    "CEX_Ratio": -0.909298
}