{
    "timestamp": "2025-10-02 06:28:55",
    "cum_gam": null,
    "cum_vec": 7519.99432866534,
    "DEX_Call": 1042.184,
    "DEX_Put": -618.395,
    "DEX_Total": 423.789,
    "DEX_Ratio": 1.685305,
    "GEX_Call": 1419907.141,
    "GEX_Put": -1157886.107,
    "GEX_Total": 262021.034,
    "GEX_Ratio": 1.226293,
    "VEX_Call": -527645.514,
    "VEX_Put": 6117865.556,
    "VEX_Total": 5590220.042,
    "VEX_Ratio": -0.086247,
    "CEX_Call": -291234.869,
    "CEX_Put": 681671.945,
    "CEX_Total": 390437.076,
    "CEX_Ratio": -0.427236
}