{
    "timestamp": "2025-10-27 08:27:37",
    "cum_gam": null,
    "cum_vec": 8800.0,
    "DEX_Call": 494.314,
    "DEX_Put": -132.408,
    "DEX_Total": 361.906,
    "DEX_Ratio": 3.733264,
    "GEX_Call": 1488510.835,
    "GEX_Put": -686273.075,
    "GEX_Total": 802237.76,
    "GEX_Ratio": 2.168977,
    "VEX_Call": 68694.734,
    "VEX_Put": 1550951.503,
    "VEX_Total": 1619646.237,
    "VEX_Ratio": 0.044292,
    "CEX_Call": -170940.535,
    "CEX_Put": 958316.831,
    "CEX_Total": 787376.296,
    "CEX_Ratio": -0.178376
}