{
    "timestamp": "2025-10-29 12:14:57",
    "cum_gam": null,
    "cum_vec": 8800.0,
    "DEX_Call": 619.339,
    "DEX_Put": -253.322,
    "DEX_Total": 366.017,
    "DEX_Ratio": 2.444869,
    "GEX_Call": 1953531.238,
    "GEX_Put": -1341229.366,
    "GEX_Total": 612301.872,
    "GEX_Ratio": 1.456523,
    "VEX_Call": -91915.05,
    "VEX_Put": 1766892.593,
    "VEX_Total": 1674977.543,
    "VEX_Ratio": -0.052021,
    "CEX_Call": -411364.379,
    "CEX_Put": 1463739.594,
    "CEX_Total": 1052375.215,
    "CEX_Ratio": -0.281037
}