{
    "timestamp": "2025-08-04 10:17:17",
    "cum_gam": 7019.37107010591,
    "cum_vec": 7507.403982569923,
    "DEX_Call": 4882.964,
    "DEX_Put": -2297.032,
    "DEX_Total": 2585.932,
    "DEX_Ratio": 2.125771,
    "GEX_Call": 4541389.614,
    "GEX_Put": -4135361.978,
    "GEX_Total": 406027.636,
    "GEX_Ratio": 1.098184,
    "VEX_Call": 3685482.799,
    "VEX_Put": 14822476.626,
    "VEX_Total": 18507959.425,
    "VEX_Ratio": 0.248641,
    "CEX_Call": -125800.404,
    "CEX_Put": 1708099.157,
    "CEX_Total": 1582298.753,
    "CEX_Ratio": -0.073649
}