{
    "timestamp": "2025-09-05 12:50:50",
    "cum_gam": 5176.075891388522,
    "cum_vec": 9031.061697893076,
    "DEX_Call": 1523.644,
    "DEX_Put": -949.163,
    "DEX_Total": 574.481,
    "DEX_Ratio": 1.60525,
    "GEX_Call": 1907169.261,
    "GEX_Put": -1962666.397,
    "GEX_Total": -55497.136,
    "GEX_Ratio": 0.971724,
    "VEX_Call": -270035.116,
    "VEX_Put": 8753679.43,
    "VEX_Total": 8483644.314,
    "VEX_Ratio": -0.030848,
    "CEX_Call": -345952.909,
    "CEX_Put": 1214152.337,
    "CEX_Total": 868199.428,
    "CEX_Ratio": -0.284934
}