{
    "timestamp": "2025-11-07 07:58:33",
    "cum_gam": 6705.125050644006,
    "cum_vec": 8799.541446208113,
    "DEX_Call": 137.578,
    "DEX_Put": -711.65,
    "DEX_Total": -574.072,
    "DEX_Ratio": 0.193323,
    "GEX_Call": 944123.643,
    "GEX_Put": -2271700.273,
    "GEX_Total": -1327576.63,
    "GEX_Ratio": 0.415602,
    "VEX_Call": -1129533.745,
    "VEX_Put": 859239.104,
    "VEX_Total": -270294.641,
    "VEX_Ratio": -1.314574,
    "CEX_Call": -1525910.139,
    "CEX_Put": 711931.259,
    "CEX_Total": -813978.88,
    "CEX_Ratio": -2.143339
}