{
    "timestamp": "2025-10-03 07:21:56",
    "cum_gam": null,
    "cum_vec": 8583.43949044586,
    "DEX_Call": 440.659,
    "DEX_Put": -161.659,
    "DEX_Total": 279.0,
    "DEX_Ratio": 2.725855,
    "GEX_Call": 2874668.464,
    "GEX_Put": -1499687.006,
    "GEX_Total": 1374981.458,
    "GEX_Ratio": 1.916846,
    "VEX_Call": -267911.132,
    "VEX_Put": 1909729.424,
    "VEX_Total": 1641818.292,
    "VEX_Ratio": -0.140287,
    "CEX_Call": -836797.308,
    "CEX_Put": 2265346.6,
    "CEX_Total": 1428549.292,
    "CEX_Ratio": -0.36939
}