{
    "timestamp": "2025-09-15 10:23:27",
    "cum_gam": null,
    "cum_vec": null,
    "DEX_Call": 289.671,
    "DEX_Put": -106.146,
    "DEX_Total": 183.525,
    "DEX_Ratio": 2.728986,
    "GEX_Call": 920678.382,
    "GEX_Put": -564119.6,
    "GEX_Total": 356558.782,
    "GEX_Ratio": 1.632062,
    "VEX_Call": -14116.974,
    "VEX_Put": 1132568.389,
    "VEX_Total": 1118451.415,
    "VEX_Ratio": -0.012465,
    "CEX_Call": -140715.658,
    "CEX_Put": 715306.14,
    "CEX_Total": 574590.482,
    "CEX_Ratio": -0.196721
}