{
    "timestamp": "2025-09-04 08:07:57",
    "cum_gam": null,
    "cum_vec": null,
    "DEX_Call": 288.856,
    "DEX_Put": -181.887,
    "DEX_Total": 106.969,
    "DEX_Ratio": 1.588107,
    "GEX_Call": 1766927.043,
    "GEX_Put": -1203480.267,
    "GEX_Total": 563446.776,
    "GEX_Ratio": 1.468181,
    "VEX_Call": -514601.743,
    "VEX_Put": 1293050.852,
    "VEX_Total": 778449.109,
    "VEX_Ratio": -0.397975,
    "CEX_Call": -889781.542,
    "CEX_Put": 1268317.314,
    "CEX_Total": 378535.772,
    "CEX_Ratio": -0.701545
}