{
    "timestamp": "2025-07-10 09:36:08",
    "cum_gam": null,
    "cum_vec": 7199.264799527619,
    "DEX_Call": 1523.682,
    "DEX_Put": -611.27,
    "DEX_Total": 912.412,
    "DEX_Ratio": 2.49265,
    "GEX_Call": 2123153.362,
    "GEX_Put": -1470429.307,
    "GEX_Total": 652724.055,
    "GEX_Ratio": 1.4439,
    "VEX_Call": -206282.578,
    "VEX_Put": 6691658.588,
    "VEX_Total": 6485376.01,
    "VEX_Ratio": -0.030827,
    "CEX_Call": -395281.378,
    "CEX_Put": 1148899.123,
    "CEX_Total": 753617.745,
    "CEX_Ratio": -0.344052
}