{
    "timestamp": "2025-09-10 11:34:57",
    "cum_gam": 7009.0459440546765,
    "cum_vec": 7486.151036109075,
    "DEX_Call": 3965.147,
    "DEX_Put": -1198.458,
    "DEX_Total": 2766.689,
    "DEX_Ratio": 3.308541,
    "GEX_Call": 8215784.365,
    "GEX_Put": -6034001.831,
    "GEX_Total": 2181782.534,
    "GEX_Ratio": 1.361581,
    "VEX_Call": 2772567.308,
    "VEX_Put": 10027249.501,
    "VEX_Total": 12799816.809,
    "VEX_Ratio": 0.276503,
    "CEX_Call": 709196.065,
    "CEX_Put": 7147942.705,
    "CEX_Total": 7857138.77,
    "CEX_Ratio": 0.099217
}