{
    "timestamp": "2025-10-20 08:44:53",
    "cum_gam": 8792.582781456953,
    "cum_vec": 8792.582781456953,
    "DEX_Call": 666.858,
    "DEX_Put": -353.89,
    "DEX_Total": 312.968,
    "DEX_Ratio": 1.884365,
    "GEX_Call": 1757800.865,
    "GEX_Put": -1371401.822,
    "GEX_Total": 386399.043,
    "GEX_Ratio": 1.281755,
    "VEX_Call": -400462.274,
    "VEX_Put": 3090181.9,
    "VEX_Total": 2689719.626,
    "VEX_Ratio": -0.129592,
    "CEX_Call": -567763.872,
    "CEX_Put": 1832197.036,
    "CEX_Total": 1264433.164,
    "CEX_Ratio": -0.309881
}