{
    "timestamp": "2025-10-06 07:39:17",
    "cum_gam": 7003.076882294491,
    "cum_vec": 7705.050017173278,
    "DEX_Call": 1741.171,
    "DEX_Put": -797.557,
    "DEX_Total": 943.614,
    "DEX_Ratio": 2.18313,
    "GEX_Call": 4123517.157,
    "GEX_Put": -2724821.67,
    "GEX_Total": 1398695.487,
    "GEX_Ratio": 1.513316,
    "VEX_Call": 318868.935,
    "VEX_Put": 5052947.921,
    "VEX_Total": 5371816.856,
    "VEX_Ratio": 0.063106,
    "CEX_Call": -473800.033,
    "CEX_Put": 2771432.177,
    "CEX_Total": 2297632.144,
    "CEX_Ratio": -0.170959
}