{
    "timestamp": "2025-10-06 08:36:26",
    "cum_gam": 7003.244341370843,
    "cum_vec": 7704.92501270971,
    "DEX_Call": 1672.595,
    "DEX_Put": -768.39,
    "DEX_Total": 904.205,
    "DEX_Ratio": 2.176753,
    "GEX_Call": 4195691.858,
    "GEX_Put": -2680791.57,
    "GEX_Total": 1514900.288,
    "GEX_Ratio": 1.565094,
    "VEX_Call": 320194.077,
    "VEX_Put": 5005323.153,
    "VEX_Total": 5325517.23,
    "VEX_Ratio": 0.063971,
    "CEX_Call": -477905.082,
    "CEX_Put": 2759282.196,
    "CEX_Total": 2281377.114,
    "CEX_Ratio": -0.173199
}