{
    "timestamp": "2025-09-03 11:04:05",
    "cum_gam": 6297.204294653368,
    "cum_vec": 6297.204294653368,
    "DEX_Call": 154.045,
    "DEX_Put": -267.701,
    "DEX_Total": -113.656,
    "DEX_Ratio": 0.575437,
    "GEX_Call": 985871.676,
    "GEX_Put": -1232557.462,
    "GEX_Total": -246685.786,
    "GEX_Ratio": 0.799859,
    "VEX_Call": -561883.557,
    "VEX_Put": 1077099.336,
    "VEX_Total": 515215.779,
    "VEX_Ratio": -0.521664,
    "CEX_Call": -730586.674,
    "CEX_Put": 835831.254,
    "CEX_Total": 105244.58,
    "CEX_Ratio": -0.874084
}