{
    "timestamp": "2025-10-15 07:57:08",
    "cum_gam": null,
    "cum_vec": 7523.116927171988,
    "DEX_Call": 1997.794,
    "DEX_Put": -1066.028,
    "DEX_Total": 931.766,
    "DEX_Ratio": 1.874054,
    "GEX_Call": 2299297.699,
    "GEX_Put": -2084188.638,
    "GEX_Total": 215109.061,
    "GEX_Ratio": 1.10321,
    "VEX_Call": -884838.757,
    "VEX_Put": 9217542.814,
    "VEX_Total": 8332704.057,
    "VEX_Ratio": -0.095995,
    "CEX_Call": -565743.278,
    "CEX_Put": 1534657.203,
    "CEX_Total": 968913.925,
    "CEX_Ratio": -0.368645
}