{
    "timestamp": "2025-11-04 12:50:03",
    "cum_gam": 6672.956088313704,
    "cum_vec": 6672.956088313704,
    "DEX_Call": 195.125,
    "DEX_Put": -335.649,
    "DEX_Total": -140.524,
    "DEX_Ratio": 0.581336,
    "GEX_Call": 874940.357,
    "GEX_Put": -1197527.715,
    "GEX_Total": -322587.358,
    "GEX_Ratio": 0.730622,
    "VEX_Call": -683218.1,
    "VEX_Put": 966563.712,
    "VEX_Total": 283345.612,
    "VEX_Ratio": -0.706853,
    "CEX_Call": -683850.723,
    "CEX_Put": 603255.316,
    "CEX_Total": -80595.407,
    "CEX_Ratio": -1.133601
}