{
    "timestamp": "2025-08-07 07:19:19",
    "cum_gam": 7009.835249831429,
    "cum_vec": 7321.457359534485,
    "DEX_Call": 1200.581,
    "DEX_Put": -615.77,
    "DEX_Total": 584.811,
    "DEX_Ratio": 1.949723,
    "GEX_Call": 4605328.546,
    "GEX_Put": -2887468.356,
    "GEX_Total": 1717860.19,
    "GEX_Ratio": 1.594936,
    "VEX_Call": -980137.168,
    "VEX_Put": 4273525.9,
    "VEX_Total": 3293388.732,
    "VEX_Ratio": -0.229351,
    "CEX_Call": -1828738.508,
    "CEX_Put": 3671562.999,
    "CEX_Total": 1842824.491,
    "CEX_Ratio": -0.498082
}