{
    "timestamp": "2025-07-01 12:47:39",
    "cum_gam": null,
    "cum_vec": 7299.659774160434,
    "DEX_Call": 1358.57,
    "DEX_Put": -557.98,
    "DEX_Total": 800.59,
    "DEX_Ratio": 2.434801,
    "GEX_Call": 1549820.665,
    "GEX_Put": -1116921.272,
    "GEX_Total": 432899.393,
    "GEX_Ratio": 1.387583,
    "VEX_Call": -40990.455,
    "VEX_Put": 5396694.311,
    "VEX_Total": 5355703.856,
    "VEX_Ratio": -0.007595,
    "CEX_Call": -252763.45,
    "CEX_Put": 732470.727,
    "CEX_Total": 479707.277,
    "CEX_Ratio": -0.345083
}