{
    "timestamp": "2025-09-30 10:47:12",
    "cum_gam": 6127.943551987935,
    "cum_vec": 6127.943551987935,
    "DEX_Call": 232.848,
    "DEX_Put": -193.73,
    "DEX_Total": 39.118,
    "DEX_Ratio": 1.20192,
    "GEX_Call": 1071762.718,
    "GEX_Put": -1099587.271,
    "GEX_Total": -27824.553,
    "GEX_Ratio": 0.974695,
    "VEX_Call": -358932.287,
    "VEX_Put": 1305865.328,
    "VEX_Total": 946933.041,
    "VEX_Ratio": -0.274862,
    "CEX_Call": -477857.349,
    "CEX_Put": 917284.083,
    "CEX_Total": 439426.734,
    "CEX_Ratio": -0.520948
}