{
    "timestamp": "2025-07-29 10:54:24",
    "cum_gam": 7009.673138037517,
    "cum_vec": 7223.572335901472,
    "DEX_Call": 2610.708,
    "DEX_Put": -978.34,
    "DEX_Total": 1632.368,
    "DEX_Ratio": 2.668508,
    "GEX_Call": 5472080.319,
    "GEX_Put": -3926074.74,
    "GEX_Total": 1546005.579,
    "GEX_Ratio": 1.393779,
    "VEX_Call": -450959.592,
    "VEX_Put": 8236076.292,
    "VEX_Total": 7785116.7,
    "VEX_Ratio": -0.054754,
    "CEX_Call": -1562052.406,
    "CEX_Put": 4114485.561,
    "CEX_Total": 2552433.155,
    "CEX_Ratio": -0.379647
}