{
    "timestamp": "2025-07-07 09:14:27",
    "cum_gam": null,
    "cum_vec": 7332.213824210655,
    "DEX_Call": 1398.738,
    "DEX_Put": -566.888,
    "DEX_Total": 831.85,
    "DEX_Ratio": 2.467397,
    "GEX_Call": 1682139.074,
    "GEX_Put": -1182077.401,
    "GEX_Total": 500061.673,
    "GEX_Ratio": 1.423036,
    "VEX_Call": -28641.503,
    "VEX_Put": 5676626.648,
    "VEX_Total": 5647985.145,
    "VEX_Ratio": -0.005046,
    "CEX_Call": -283699.067,
    "CEX_Put": 916286.798,
    "CEX_Total": 632587.731,
    "CEX_Ratio": -0.309618
}