{
    "timestamp": "2025-09-17 12:43:11",
    "cum_gam": null,
    "cum_vec": 7968.727272727272,
    "DEX_Call": 2276.869,
    "DEX_Put": -1041.407,
    "DEX_Total": 1235.462,
    "DEX_Ratio": 2.186339,
    "GEX_Call": 3065926.174,
    "GEX_Put": -2705355.625,
    "GEX_Total": 360570.549,
    "GEX_Ratio": 1.13328,
    "VEX_Call": 12082.058,
    "VEX_Put": 11076200.948,
    "VEX_Total": 11088283.006,
    "VEX_Ratio": 0.001091,
    "CEX_Call": -466821.225,
    "CEX_Put": 2236789.328,
    "CEX_Total": 1769968.103,
    "CEX_Ratio": -0.208701
}