{
    "timestamp": "2025-10-22 12:35:53",
    "cum_gam": 8790.657439446366,
    "cum_vec": 8790.657439446366,
    "DEX_Call": 593.946,
    "DEX_Put": -467.278,
    "DEX_Total": 126.668,
    "DEX_Ratio": 1.271076,
    "GEX_Call": 1933107.579,
    "GEX_Put": -1936678.646,
    "GEX_Total": -3571.067,
    "GEX_Ratio": 0.998156,
    "VEX_Call": -727899.449,
    "VEX_Put": 2880057.39,
    "VEX_Total": 2152157.941,
    "VEX_Ratio": -0.252738,
    "CEX_Call": -1009639.278,
    "CEX_Put": 2204358.512,
    "CEX_Total": 1194719.234,
    "CEX_Ratio": -0.45802
}