{
    "timestamp": "2025-09-25 08:30:02",
    "cum_gam": 5976.556402579064,
    "cum_vec": 8750.830345108212,
    "DEX_Call": 2566.185,
    "DEX_Put": -1794.77,
    "DEX_Total": 771.415,
    "DEX_Ratio": 1.429813,
    "GEX_Call": 4595626.818,
    "GEX_Put": -5023850.4,
    "GEX_Total": -428223.582,
    "GEX_Ratio": 0.914762,
    "VEX_Call": -1746105.542,
    "VEX_Put": 10847613.368,
    "VEX_Total": 9101507.826,
    "VEX_Ratio": -0.160967,
    "CEX_Call": -1591820.427,
    "CEX_Put": 3011129.545,
    "CEX_Total": 1419309.118,
    "CEX_Ratio": -0.528646
}