{
    "timestamp": "2025-09-03 12:52:02",
    "cum_gam": 5303.636040456927,
    "cum_vec": 9037.267573134392,
    "DEX_Call": 1479.361,
    "DEX_Put": -963.204,
    "DEX_Total": 516.157,
    "DEX_Ratio": 1.535875,
    "GEX_Call": 1726656.945,
    "GEX_Put": -1817382.195,
    "GEX_Total": -90725.25,
    "GEX_Ratio": 0.950079,
    "VEX_Call": -233338.31,
    "VEX_Put": 7806512.954,
    "VEX_Total": 7573174.644,
    "VEX_Ratio": -0.02989,
    "CEX_Call": -307508.865,
    "CEX_Put": 1024672.009,
    "CEX_Total": 717163.144,
    "CEX_Ratio": -0.300105
}