{
    "timestamp": "2025-07-31 08:01:49",
    "cum_gam": null,
    "cum_vec": 8200.0,
    "DEX_Call": 310.357,
    "DEX_Put": -168.207,
    "DEX_Total": 142.15,
    "DEX_Ratio": 1.84509,
    "GEX_Call": 1546033.86,
    "GEX_Put": -1118140.739,
    "GEX_Total": 427893.121,
    "GEX_Ratio": 1.382683,
    "VEX_Call": -409649.633,
    "VEX_Put": 1209328.029,
    "VEX_Total": 799678.396,
    "VEX_Ratio": -0.338742,
    "CEX_Call": -792820.669,
    "CEX_Put": 1270589.635,
    "CEX_Total": 477768.966,
    "CEX_Ratio": -0.623979
}