{
    "timestamp": "2025-08-06 06:50:41",
    "cum_gam": 7018.863902967988,
    "cum_vec": 7492.615386270172,
    "DEX_Call": 5146.987,
    "DEX_Put": -2588.455,
    "DEX_Total": 2558.532,
    "DEX_Ratio": 1.98844,
    "GEX_Call": 5025551.044,
    "GEX_Put": -4594824.175,
    "GEX_Total": 430726.869,
    "GEX_Ratio": 1.093742,
    "VEX_Call": 3561945.274,
    "VEX_Put": 15716318.33,
    "VEX_Total": 19278263.604,
    "VEX_Ratio": 0.22664,
    "CEX_Call": -197735.732,
    "CEX_Put": 1879602.618,
    "CEX_Total": 1681866.886,
    "CEX_Ratio": -0.105201
}