{
    "timestamp": "2025-07-18 09:03:39",
    "cum_gam": 7021.266955975872,
    "cum_vec": 7118.576598616074,
    "DEX_Call": 1865.449,
    "DEX_Put": -790.482,
    "DEX_Total": 1074.967,
    "DEX_Ratio": 2.359888,
    "GEX_Call": 3081511.995,
    "GEX_Put": -2144267.483,
    "GEX_Total": 937244.512,
    "GEX_Ratio": 1.437093,
    "VEX_Call": -331476.208,
    "VEX_Put": 8153061.874,
    "VEX_Total": 7821585.666,
    "VEX_Ratio": -0.040657,
    "CEX_Call": -610390.636,
    "CEX_Put": 1807709.504,
    "CEX_Total": 1197318.868,
    "CEX_Ratio": -0.33766
}