{
    "timestamp": "2025-09-08 07:01:46",
    "cum_gam": 7009.447869527965,
    "cum_vec": 7582.796172312395,
    "DEX_Call": 3445.022,
    "DEX_Put": -1424.694,
    "DEX_Total": 2020.328,
    "DEX_Ratio": 2.418079,
    "GEX_Call": 7346616.677,
    "GEX_Put": -6036280.2,
    "GEX_Total": 1310336.477,
    "GEX_Ratio": 1.217077,
    "VEX_Call": 2115965.226,
    "VEX_Put": 9773429.154,
    "VEX_Total": 11889394.38,
    "VEX_Ratio": 0.216502,
    "CEX_Call": 126717.604,
    "CEX_Put": 5301528.296,
    "CEX_Total": 5428245.9,
    "CEX_Ratio": 0.023902
}