{
    "timestamp": "2025-08-25 06:59:32",
    "cum_gam": null,
    "cum_vec": 8400.0,
    "DEX_Call": 227.623,
    "DEX_Put": -130.416,
    "DEX_Total": 97.207,
    "DEX_Ratio": 1.745361,
    "GEX_Call": 1033884.516,
    "GEX_Put": -699575.344,
    "GEX_Total": 334309.172,
    "GEX_Ratio": 1.477874,
    "VEX_Call": -235321.476,
    "VEX_Put": 993029.136,
    "VEX_Total": 757707.66,
    "VEX_Ratio": -0.236973,
    "CEX_Call": -324586.739,
    "CEX_Put": 573254.848,
    "CEX_Total": 248668.109,
    "CEX_Ratio": -0.566217
}