{
    "timestamp": "2025-09-30 09:55:23",
    "cum_gam": null,
    "cum_vec": 8996.678391959798,
    "DEX_Call": 2620.09,
    "DEX_Put": -1689.743,
    "DEX_Total": 930.347,
    "DEX_Ratio": 1.550585,
    "GEX_Call": 7683144.15,
    "GEX_Put": -7121995.22,
    "GEX_Total": 561148.93,
    "GEX_Ratio": 1.078791,
    "VEX_Call": -1565793.519,
    "VEX_Put": 11592932.311,
    "VEX_Total": 10027138.792,
    "VEX_Ratio": -0.135064,
    "CEX_Call": -2968850.468,
    "CEX_Put": 7484488.03,
    "CEX_Total": 4515637.562,
    "CEX_Ratio": -0.396667
}