{
    "timestamp": "2025-06-30 10:06:35",
    "cum_gam": null,
    "cum_vec": 8000.0,
    "DEX_Call": 352.09,
    "DEX_Put": -107.188,
    "DEX_Total": 244.902,
    "DEX_Ratio": 3.284789,
    "GEX_Call": 1037178.895,
    "GEX_Put": -586408.907,
    "GEX_Total": 450769.988,
    "GEX_Ratio": 1.768696,
    "VEX_Call": 7826.732,
    "VEX_Put": 926828.858,
    "VEX_Total": 934655.59,
    "VEX_Ratio": 0.008445,
    "CEX_Call": -148792.866,
    "CEX_Put": 627574.882,
    "CEX_Total": 478782.016,
    "CEX_Ratio": -0.237092
}