{
    "timestamp": "2025-09-19 09:34:28",
    "cum_gam": 8132.222222222223,
    "cum_vec": 8600.0,
    "DEX_Call": 389.287,
    "DEX_Put": -157.589,
    "DEX_Total": 231.698,
    "DEX_Ratio": 2.470268,
    "GEX_Call": 2312833.408,
    "GEX_Put": -1442294.632,
    "GEX_Total": 870538.776,
    "GEX_Ratio": 1.603579,
    "VEX_Call": -192764.589,
    "VEX_Put": 1667983.613,
    "VEX_Total": 1475219.024,
    "VEX_Ratio": -0.115567,
    "CEX_Call": -633343.64,
    "CEX_Put": 2073167.159,
    "CEX_Total": 1439823.519,
    "CEX_Ratio": -0.305496
}