{
    "timestamp": "2025-07-23 10:05:40",
    "cum_gam": 7022.846045345892,
    "cum_vec": 7124.928471563389,
    "DEX_Call": 2189.501,
    "DEX_Put": -749.443,
    "DEX_Total": 1440.058,
    "DEX_Ratio": 2.921504,
    "GEX_Call": 3844131.533,
    "GEX_Put": -2482406.663,
    "GEX_Total": 1361724.87,
    "GEX_Ratio": 1.54855,
    "VEX_Call": -85288.178,
    "VEX_Put": 8051334.437,
    "VEX_Total": 7966046.259,
    "VEX_Ratio": -0.010593,
    "CEX_Call": -673835.501,
    "CEX_Put": 2282789.877,
    "CEX_Total": 1608954.376,
    "CEX_Ratio": -0.295181
}