{
    "timestamp": "2025-08-12 08:36:57",
    "cum_gam": 8115.789473684211,
    "cum_vec": 8115.789473684211,
    "DEX_Call": 306.236,
    "DEX_Put": -115.842,
    "DEX_Total": 190.394,
    "DEX_Ratio": 2.643566,
    "GEX_Call": 1419541.602,
    "GEX_Put": -745424.809,
    "GEX_Total": 674116.793,
    "GEX_Ratio": 1.904339,
    "VEX_Call": -186707.593,
    "VEX_Put": 1302213.569,
    "VEX_Total": 1115505.976,
    "VEX_Ratio": -0.143377,
    "CEX_Call": -390446.303,
    "CEX_Put": 952087.179,
    "CEX_Total": 561640.876,
    "CEX_Ratio": -0.410095
}