{
    "timestamp": "2025-10-02 12:12:46",
    "cum_gam": null,
    "cum_vec": null,
    "DEX_Call": 416.202,
    "DEX_Put": -152.029,
    "DEX_Total": 264.173,
    "DEX_Ratio": 2.737649,
    "GEX_Call": 2141261.662,
    "GEX_Put": -1227134.558,
    "GEX_Total": 914127.104,
    "GEX_Ratio": 1.744928,
    "VEX_Call": -174021.617,
    "VEX_Put": 1806894.006,
    "VEX_Total": 1632872.389,
    "VEX_Ratio": -0.09631,
    "CEX_Call": -550231.027,
    "CEX_Put": 1856088.229,
    "CEX_Total": 1305857.202,
    "CEX_Ratio": -0.296447
}