{
    "timestamp": "2025-08-07 12:16:52",
    "cum_gam": 7018.060862854432,
    "cum_vec": 7490.944624405971,
    "DEX_Call": 5321.203,
    "DEX_Put": -2537.021,
    "DEX_Total": 2784.182,
    "DEX_Ratio": 2.097422,
    "GEX_Call": 5150021.555,
    "GEX_Put": -4710756.934,
    "GEX_Total": 439264.621,
    "GEX_Ratio": 1.093247,
    "VEX_Call": 3769927.063,
    "VEX_Put": 15982507.16,
    "VEX_Total": 19752434.223,
    "VEX_Ratio": 0.235878,
    "CEX_Call": -172072.279,
    "CEX_Put": 1978515.912,
    "CEX_Total": 1806443.633,
    "CEX_Ratio": -0.08697
}