{
    "timestamp": "2025-10-09 06:43:39",
    "cum_gam": null,
    "cum_vec": 7522.600613618678,
    "DEX_Call": 1699.991,
    "DEX_Put": -741.159,
    "DEX_Total": 958.832,
    "DEX_Ratio": 2.293693,
    "GEX_Call": 1824994.125,
    "GEX_Put": -1544432.697,
    "GEX_Total": 280561.428,
    "GEX_Ratio": 1.18166,
    "VEX_Call": -452871.994,
    "VEX_Put": 7290958.185,
    "VEX_Total": 6838086.191,
    "VEX_Ratio": -0.062114,
    "CEX_Call": -361471.015,
    "CEX_Put": 974761.214,
    "CEX_Total": 613290.199,
    "CEX_Ratio": -0.37083
}