{
    "timestamp": "2025-10-15 07:51:21",
    "cum_gam": null,
    "cum_vec": 8191.568573774979,
    "DEX_Call": 353.489,
    "DEX_Put": -283.725,
    "DEX_Total": 69.764,
    "DEX_Ratio": 1.245886,
    "GEX_Call": 1557726.389,
    "GEX_Put": -1316838.791,
    "GEX_Total": 240887.598,
    "GEX_Ratio": 1.182929,
    "VEX_Call": -550182.646,
    "VEX_Put": 1808637.791,
    "VEX_Total": 1258455.145,
    "VEX_Ratio": -0.304197,
    "CEX_Call": -776195.492,
    "CEX_Put": 1423997.849,
    "CEX_Total": 647802.357,
    "CEX_Ratio": -0.545082
}