{
    "timestamp": "2025-09-12 09:05:44",
    "cum_gam": null,
    "cum_vec": 7885.558924972873,
    "DEX_Call": 1479.136,
    "DEX_Put": -876.862,
    "DEX_Total": 602.274,
    "DEX_Ratio": 1.686852,
    "GEX_Call": 2562144.28,
    "GEX_Put": -2188624.458,
    "GEX_Total": 373519.822,
    "GEX_Ratio": 1.170664,
    "VEX_Call": -215231.84,
    "VEX_Put": 9925621.905,
    "VEX_Total": 9710390.065,
    "VEX_Ratio": -0.021684,
    "CEX_Call": -433755.295,
    "CEX_Put": 1680259.248,
    "CEX_Total": 1246503.953,
    "CEX_Ratio": -0.258148
}