{
    "timestamp": "2025-07-21 12:21:42",
    "cum_gam": null,
    "cum_vec": 6821.666811336314,
    "DEX_Call": 471.592,
    "DEX_Put": -168.16,
    "DEX_Total": 303.432,
    "DEX_Ratio": 2.804424,
    "GEX_Call": 1658017.737,
    "GEX_Put": -839836.962,
    "GEX_Total": 818180.775,
    "GEX_Ratio": 1.974214,
    "VEX_Call": -454999.999,
    "VEX_Put": 1524447.289,
    "VEX_Total": 1069447.29,
    "VEX_Ratio": -0.298469,
    "CEX_Call": -590861.488,
    "CEX_Put": 1004017.071,
    "CEX_Total": 413155.583,
    "CEX_Ratio": -0.588497
}