{
    "timestamp": "2025-06-26 11:37:05",
    "cum_gam": null,
    "cum_vec": 6404.654775961475,
    "DEX_Call": 570.257,
    "DEX_Put": -163.681,
    "DEX_Total": 406.576,
    "DEX_Ratio": 3.483954,
    "GEX_Call": 2739902.367,
    "GEX_Put": -1077987.793,
    "GEX_Total": 1661914.574,
    "GEX_Ratio": 2.541682,
    "VEX_Call": -28734.536,
    "VEX_Put": 1568131.785,
    "VEX_Total": 1539397.249,
    "VEX_Ratio": -0.018324,
    "CEX_Call": -489780.541,
    "CEX_Put": 2172830.255,
    "CEX_Total": 1683049.714,
    "CEX_Ratio": -0.225411
}