{
    "timestamp": "2025-09-30 12:15:54",
    "cum_gam": null,
    "cum_vec": null,
    "DEX_Call": 263.265,
    "DEX_Put": -165.667,
    "DEX_Total": 97.598,
    "DEX_Ratio": 1.589122,
    "GEX_Call": 1184600.784,
    "GEX_Put": -1009066.83,
    "GEX_Total": 175533.954,
    "GEX_Ratio": 1.173957,
    "VEX_Call": -262842.255,
    "VEX_Put": 1385535.608,
    "VEX_Total": 1122693.353,
    "VEX_Ratio": -0.189704,
    "CEX_Call": -415319.98,
    "CEX_Put": 1008467.212,
    "CEX_Total": 593147.232,
    "CEX_Ratio": -0.411833
}