{
    "timestamp": "2025-07-16 11:20:41",
    "cum_gam": 7985.840707964602,
    "cum_vec": 7985.840707964602,
    "DEX_Call": 232.516,
    "DEX_Put": -166.364,
    "DEX_Total": 66.152,
    "DEX_Ratio": 1.397634,
    "GEX_Call": 1128028.519,
    "GEX_Put": -957681.857,
    "GEX_Total": 170346.662,
    "GEX_Ratio": 1.177874,
    "VEX_Call": -316124.033,
    "VEX_Put": 909978.265,
    "VEX_Total": 593854.232,
    "VEX_Ratio": -0.347397,
    "CEX_Call": -503638.209,
    "CEX_Put": 794785.484,
    "CEX_Total": 291147.275,
    "CEX_Ratio": -0.633678
}