{
    "timestamp": "2025-11-26 08:14:05",
    "cum_gam": null,
    "cum_vec": 9275.14844929965,
    "DEX_Call": 3086.144,
    "DEX_Put": -863.34,
    "DEX_Total": 2222.804,
    "DEX_Ratio": 3.574657,
    "GEX_Call": 1516160.345,
    "GEX_Put": -1362925.68,
    "GEX_Total": 153234.665,
    "GEX_Ratio": 1.112431,
    "VEX_Call": 576047.561,
    "VEX_Put": 5457931.192,
    "VEX_Total": 6033978.753,
    "VEX_Ratio": 0.105543,
    "CEX_Call": -64808.9,
    "CEX_Put": 613442.869,
    "CEX_Total": 548633.969,
    "CEX_Ratio": -0.105648
}