{
    "timestamp": "2025-10-07 07:48:17",
    "cum_gam": null,
    "cum_vec": 7521.721220075155,
    "DEX_Call": 1187.39,
    "DEX_Put": -678.896,
    "DEX_Total": 508.494,
    "DEX_Ratio": 1.749001,
    "GEX_Call": 1649545.821,
    "GEX_Put": -1356746.321,
    "GEX_Total": 292799.5,
    "GEX_Ratio": 1.21581,
    "VEX_Call": -611142.934,
    "VEX_Put": 6404387.719,
    "VEX_Total": 5793244.785,
    "VEX_Ratio": -0.095426,
    "CEX_Call": -351659.987,
    "CEX_Put": 801666.961,
    "CEX_Total": 450006.974,
    "CEX_Ratio": -0.438661
}