{
    "timestamp": "2025-11-26 08:08:51",
    "cum_gam": 8399.534806446254,
    "cum_vec": 8500.0,
    "DEX_Call": 474.626,
    "DEX_Put": -208.55,
    "DEX_Total": 266.076,
    "DEX_Ratio": 2.275838,
    "GEX_Call": 2145819.971,
    "GEX_Put": -1050120.004,
    "GEX_Total": 1095699.967,
    "GEX_Ratio": 2.043405,
    "VEX_Call": -618304.625,
    "VEX_Put": 1820315.347,
    "VEX_Total": 1202010.722,
    "VEX_Ratio": -0.339669,
    "CEX_Call": -758974.197,
    "CEX_Put": 1539926.901,
    "CEX_Total": 780952.704,
    "CEX_Ratio": -0.492864
}