{
    "timestamp": "2025-08-11 12:48:06",
    "cum_gam": null,
    "cum_vec": null,
    "DEX_Call": 222.846,
    "DEX_Put": -161.624,
    "DEX_Total": 61.222,
    "DEX_Ratio": 1.378793,
    "GEX_Call": 944964.923,
    "GEX_Put": -752595.768,
    "GEX_Total": 192369.155,
    "GEX_Ratio": 1.255608,
    "VEX_Call": -322127.443,
    "VEX_Put": 1207014.114,
    "VEX_Total": 884886.671,
    "VEX_Ratio": -0.26688,
    "CEX_Call": -404432.027,
    "CEX_Put": 761904.469,
    "CEX_Total": 357472.442,
    "CEX_Ratio": -0.530817
}