{
    "timestamp": "2025-07-22 08:45:16",
    "cum_gam": null,
    "cum_vec": 6820.783126407623,
    "DEX_Call": 427.677,
    "DEX_Put": -239.547,
    "DEX_Total": 188.13,
    "DEX_Ratio": 1.785357,
    "GEX_Call": 1685372.909,
    "GEX_Put": -1158902.444,
    "GEX_Total": 526470.465,
    "GEX_Ratio": 1.454284,
    "VEX_Call": -679345.954,
    "VEX_Put": 1530696.098,
    "VEX_Total": 851350.144,
    "VEX_Ratio": -0.443815,
    "CEX_Call": -833661.289,
    "CEX_Put": 1110258.11,
    "CEX_Total": 276596.821,
    "CEX_Ratio": -0.750872
}