{
    "timestamp": "2025-07-30 11:56:20",
    "cum_gam": null,
    "cum_vec": 8200.0,
    "DEX_Call": 241.163,
    "DEX_Put": -205.454,
    "DEX_Total": 35.709,
    "DEX_Ratio": 1.173805,
    "GEX_Call": 1161704.913,
    "GEX_Put": -1062636.849,
    "GEX_Total": 99068.064,
    "GEX_Ratio": 1.093229,
    "VEX_Call": -466202.294,
    "VEX_Put": 1098163.799,
    "VEX_Total": 631961.505,
    "VEX_Ratio": -0.424529,
    "CEX_Call": -719243.166,
    "CEX_Put": 983034.811,
    "CEX_Total": 263791.645,
    "CEX_Ratio": -0.731656
}