{
    "timestamp": "2025-09-11 11:37:56",
    "cum_gam": null,
    "cum_vec": 7855.026346962951,
    "DEX_Call": 1500.633,
    "DEX_Put": -837.704,
    "DEX_Total": 662.929,
    "DEX_Ratio": 1.791364,
    "GEX_Call": 2431519.128,
    "GEX_Put": -2022349.577,
    "GEX_Total": 409169.551,
    "GEX_Ratio": 1.202324,
    "VEX_Call": -140244.367,
    "VEX_Put": 9909981.543,
    "VEX_Total": 9769737.176,
    "VEX_Ratio": -0.014152,
    "CEX_Call": -399307.666,
    "CEX_Put": 1655958.762,
    "CEX_Total": 1256651.096,
    "CEX_Ratio": -0.241134
}