{
    "timestamp": "2025-09-16 11:23:16",
    "cum_gam": null,
    "cum_vec": null,
    "DEX_Call": 315.632,
    "DEX_Put": -137.61,
    "DEX_Total": 178.022,
    "DEX_Ratio": 2.293671,
    "GEX_Call": 1067920.617,
    "GEX_Put": -766779.581,
    "GEX_Total": 301141.036,
    "GEX_Ratio": 1.392735,
    "VEX_Call": -82904.365,
    "VEX_Put": 1303699.679,
    "VEX_Total": 1220795.314,
    "VEX_Ratio": -0.063592,
    "CEX_Call": -239193.138,
    "CEX_Put": 967841.424,
    "CEX_Total": 728648.286,
    "CEX_Ratio": -0.247141
}