{
    "timestamp": "2025-08-14 09:20:41",
    "cum_gam": null,
    "cum_vec": 7515.797888285648,
    "DEX_Call": 5766.07,
    "DEX_Put": -1691.744,
    "DEX_Total": 4074.326,
    "DEX_Ratio": 3.408358,
    "GEX_Call": 5225275.382,
    "GEX_Put": -4300525.583,
    "GEX_Total": 924749.799,
    "GEX_Ratio": 1.215032,
    "VEX_Call": 2778963.864,
    "VEX_Put": 16128266.213,
    "VEX_Total": 18907230.077,
    "VEX_Ratio": 0.172304,
    "CEX_Call": -292556.339,
    "CEX_Put": 2548904.016,
    "CEX_Total": 2256347.677,
    "CEX_Ratio": -0.114777
}