{
    "timestamp": "2025-09-12 08:10:49",
    "cum_gam": 7008.586087504063,
    "cum_vec": 7831.102549322978,
    "DEX_Call": 3063.859,
    "DEX_Put": -872.862,
    "DEX_Total": 2190.997,
    "DEX_Ratio": 3.51013,
    "GEX_Call": 8886821.124,
    "GEX_Put": -5650995.521,
    "GEX_Total": 3235825.603,
    "GEX_Ratio": 1.572612,
    "VEX_Call": 1868006.252,
    "VEX_Put": 9256581.16,
    "VEX_Total": 11124587.412,
    "VEX_Ratio": 0.201803,
    "CEX_Call": 152573.663,
    "CEX_Put": 8771306.505,
    "CEX_Total": 8923880.168,
    "CEX_Ratio": 0.017395
}