{
    "timestamp": "2025-10-23 07:35:12",
    "cum_gam": null,
    "cum_vec": 7539.276725556252,
    "DEX_Call": 1721.633,
    "DEX_Put": -1300.585,
    "DEX_Total": 421.048,
    "DEX_Ratio": 1.323737,
    "GEX_Call": 3359004.491,
    "GEX_Put": -2969055.841,
    "GEX_Total": 389948.65,
    "GEX_Ratio": 1.131338,
    "VEX_Call": -1879603.73,
    "VEX_Put": 9571611.276,
    "VEX_Total": 7692007.546,
    "VEX_Ratio": -0.196373,
    "CEX_Call": -1108722.051,
    "CEX_Put": 2181935.468,
    "CEX_Total": 1073213.417,
    "CEX_Ratio": -0.508137
}