{
    "timestamp": "2025-11-06 10:08:08",
    "cum_gam": null,
    "cum_vec": 7812.295997586662,
    "DEX_Call": 4828.416,
    "DEX_Put": -3498.802,
    "DEX_Total": 1329.614,
    "DEX_Ratio": 1.38002,
    "GEX_Call": 5944207.754,
    "GEX_Put": -5232160.85,
    "GEX_Total": 712046.904,
    "GEX_Ratio": 1.13609,
    "VEX_Call": -2155086.941,
    "VEX_Put": 17652530.829,
    "VEX_Total": 15497443.888,
    "VEX_Ratio": -0.122084,
    "CEX_Call": -1257636.326,
    "CEX_Put": 1962257.441,
    "CEX_Total": 704621.115,
    "CEX_Ratio": -0.640913
}