{
    "timestamp": "2025-09-15 10:41:05",
    "cum_gam": null,
    "cum_vec": null,
    "DEX_Call": 291.707,
    "DEX_Put": -101.552,
    "DEX_Total": 190.155,
    "DEX_Ratio": 2.872489,
    "GEX_Call": 929481.311,
    "GEX_Put": -552754.588,
    "GEX_Total": 376726.723,
    "GEX_Ratio": 1.681544,
    "VEX_Call": 6434.848,
    "VEX_Put": 1133720.271,
    "VEX_Total": 1140155.119,
    "VEX_Ratio": 0.005676,
    "CEX_Call": -127256.576,
    "CEX_Put": 718557.465,
    "CEX_Total": 591300.889,
    "CEX_Ratio": -0.1771
}