{
    "timestamp": "2025-10-24 09:31:59",
    "cum_gam": 8792.723697148476,
    "cum_vec": 8792.723697148476,
    "DEX_Call": 1005.536,
    "DEX_Put": -309.09,
    "DEX_Total": 696.446,
    "DEX_Ratio": 3.253214,
    "GEX_Call": 4153708.342,
    "GEX_Put": -1877438.493,
    "GEX_Total": 2276269.849,
    "GEX_Ratio": 2.212434,
    "VEX_Call": -51443.35,
    "VEX_Put": 3364920.891,
    "VEX_Total": 3313477.541,
    "VEX_Ratio": -0.015288,
    "CEX_Call": -697821.513,
    "CEX_Put": 3906198.068,
    "CEX_Total": 3208376.555,
    "CEX_Ratio": -0.178645
}