{
    "timestamp": "2025-09-12 08:56:30",
    "cum_gam": 7008.566720329444,
    "cum_vec": 7614.274102506209,
    "DEX_Call": 3033.206,
    "DEX_Put": -902.817,
    "DEX_Total": 2130.389,
    "DEX_Ratio": 3.359713,
    "GEX_Call": 8968097.022,
    "GEX_Put": -5891235.902,
    "GEX_Total": 3076861.12,
    "GEX_Ratio": 1.522278,
    "VEX_Call": 1794088.231,
    "VEX_Put": 9258398.744,
    "VEX_Total": 11052486.975,
    "VEX_Ratio": 0.19378,
    "CEX_Call": 57997.021,
    "CEX_Put": 8801934.336,
    "CEX_Total": 8859931.357,
    "CEX_Ratio": 0.006589
}