{
    "timestamp": "2025-08-15 10:35:27",
    "cum_gam": 7006.408779300294,
    "cum_vec": 7545.480590173328,
    "DEX_Call": 4424.859,
    "DEX_Put": -1940.189,
    "DEX_Total": 2484.67,
    "DEX_Ratio": 2.280633,
    "GEX_Call": 5604521.191,
    "GEX_Put": -4907131.827,
    "GEX_Total": 697389.364,
    "GEX_Ratio": 1.142118,
    "VEX_Call": 2787452.814,
    "VEX_Put": 17552820.674,
    "VEX_Total": 20340273.488,
    "VEX_Ratio": 0.158804,
    "CEX_Call": -331700.68,
    "CEX_Put": 2835383.553,
    "CEX_Total": 2503682.873,
    "CEX_Ratio": -0.116986
}