{
    "timestamp": "2025-08-06 11:10:34",
    "cum_gam": 7017.954194417433,
    "cum_vec": 7490.862765490795,
    "DEX_Call": 5446.73,
    "DEX_Put": -2320.813,
    "DEX_Total": 3125.917,
    "DEX_Ratio": 2.346906,
    "GEX_Call": 4988058.066,
    "GEX_Put": -4446537.505,
    "GEX_Total": 541520.561,
    "GEX_Ratio": 1.121785,
    "VEX_Call": 4352775.192,
    "VEX_Put": 16074539.442,
    "VEX_Total": 20427314.634,
    "VEX_Ratio": 0.270787,
    "CEX_Call": -65572.812,
    "CEX_Put": 1955314.152,
    "CEX_Total": 1889741.34,
    "CEX_Ratio": -0.033536
}