{
    "timestamp": "2025-06-30 08:23:19",
    "cum_gam": null,
    "cum_vec": 7225.075805914792,
    "DEX_Call": 3019.986,
    "DEX_Put": -816.955,
    "DEX_Total": 2203.031,
    "DEX_Ratio": 3.696637,
    "GEX_Call": 6331244.441,
    "GEX_Put": -3464535.63,
    "GEX_Total": 2866708.811,
    "GEX_Ratio": 1.827444,
    "VEX_Call": 967545.226,
    "VEX_Put": 7948383.258,
    "VEX_Total": 8915928.484,
    "VEX_Ratio": 0.121729,
    "CEX_Call": -802507.514,
    "CEX_Put": 5522380.269,
    "CEX_Total": 4719872.755,
    "CEX_Ratio": -0.145319
}