{
    "timestamp": "2025-11-10 12:48:33",
    "cum_gam": 7001.328466808341,
    "cum_vec": 7704.088586760849,
    "DEX_Call": 1310.427,
    "DEX_Put": -813.405,
    "DEX_Total": 497.022,
    "DEX_Ratio": 1.611039,
    "GEX_Call": 3415512.94,
    "GEX_Put": -2611121.166,
    "GEX_Total": 804391.774,
    "GEX_Ratio": 1.308064,
    "VEX_Call": -193147.8,
    "VEX_Put": 3886446.919,
    "VEX_Total": 3693299.119,
    "VEX_Ratio": -0.049698,
    "CEX_Call": -684502.045,
    "CEX_Put": 2099932.455,
    "CEX_Total": 1415430.41,
    "CEX_Ratio": -0.325964
}