{
    "timestamp": "2025-09-24 11:29:16",
    "cum_gam": null,
    "cum_vec": 8768.96353305042,
    "DEX_Call": 2145.88,
    "DEX_Put": -1548.545,
    "DEX_Total": 597.335,
    "DEX_Ratio": 1.38574,
    "GEX_Call": 4468140.293,
    "GEX_Put": -4323642.089,
    "GEX_Total": 144498.204,
    "GEX_Ratio": 1.03342,
    "VEX_Call": -1183069.583,
    "VEX_Put": 11200657.292,
    "VEX_Total": 10017587.709,
    "VEX_Ratio": -0.105625,
    "CEX_Call": -1185925.909,
    "CEX_Put": 3103969.077,
    "CEX_Total": 1918043.168,
    "CEX_Ratio": -0.382068
}