{
    "timestamp": "2025-07-24 09:09:27",
    "cum_gam": 7021.106504302019,
    "cum_vec": 7375.723859438096,
    "DEX_Call": 2393.664,
    "DEX_Put": -695.25,
    "DEX_Total": 1698.414,
    "DEX_Ratio": 3.442882,
    "GEX_Call": 4254437.336,
    "GEX_Put": -2475849.329,
    "GEX_Total": 1778588.007,
    "GEX_Ratio": 1.718375,
    "VEX_Call": -162028.708,
    "VEX_Put": 8063952.191,
    "VEX_Total": 7901923.483,
    "VEX_Ratio": -0.020093,
    "CEX_Call": -736446.386,
    "CEX_Put": 2462646.123,
    "CEX_Total": 1726199.737,
    "CEX_Ratio": -0.299047
}