{
    "timestamp": "2025-08-18 10:28:01",
    "cum_gam": 7007.0217592442195,
    "cum_vec": 7499.263480588633,
    "DEX_Call": 6439.344,
    "DEX_Put": -2026.222,
    "DEX_Total": 4413.122,
    "DEX_Ratio": 3.178005,
    "GEX_Call": 6268254.841,
    "GEX_Put": -5221367.234,
    "GEX_Total": 1046887.607,
    "GEX_Ratio": 1.200501,
    "VEX_Call": 3501449.414,
    "VEX_Put": 16652236.516,
    "VEX_Total": 20153685.93,
    "VEX_Ratio": 0.210269,
    "CEX_Call": -242430.964,
    "CEX_Put": 2950730.878,
    "CEX_Total": 2708299.914,
    "CEX_Ratio": -0.08216
}