{
    "timestamp": "2025-09-26 12:22:26",
    "cum_gam": 6443.508052148681,
    "cum_vec": 6906.041482497519,
    "DEX_Call": 555.175,
    "DEX_Put": -574.061,
    "DEX_Total": -18.886,
    "DEX_Ratio": 0.967101,
    "GEX_Call": 3595011.704,
    "GEX_Put": -3868427.374,
    "GEX_Total": -273415.67,
    "GEX_Ratio": 0.929321,
    "VEX_Call": -588276.026,
    "VEX_Put": 2719537.135,
    "VEX_Total": 2131261.109,
    "VEX_Ratio": -0.216315,
    "CEX_Call": -1395692.875,
    "CEX_Put": 3572270.529,
    "CEX_Total": 2176577.654,
    "CEX_Ratio": -0.390702
}