{
    "timestamp": "2025-08-26 07:16:34",
    "cum_gam": 7008.363883840279,
    "cum_vec": 7482.213034067368,
    "DEX_Call": 6762.748,
    "DEX_Put": -2336.681,
    "DEX_Total": 4426.067,
    "DEX_Ratio": 2.894168,
    "GEX_Call": 8388550.261,
    "GEX_Put": -7132016.387,
    "GEX_Total": 1256533.874,
    "GEX_Ratio": 1.176182,
    "VEX_Call": 2603337.458,
    "VEX_Put": 16948432.326,
    "VEX_Total": 19551769.784,
    "VEX_Ratio": 0.153603,
    "CEX_Call": -801854.805,
    "CEX_Put": 4306679.109,
    "CEX_Total": 3504824.304,
    "CEX_Ratio": -0.186189
}