{
    "timestamp": "2025-06-27 12:06:18",
    "cum_gam": 6579.0757408920035,
    "cum_vec": 6602.0886222978625,
    "DEX_Call": 569.444,
    "DEX_Put": -244.025,
    "DEX_Total": 325.419,
    "DEX_Ratio": 2.333548,
    "GEX_Call": 3189411.044,
    "GEX_Put": -1708982.72,
    "GEX_Total": 1480428.324,
    "GEX_Ratio": 1.866263,
    "VEX_Call": -117218.864,
    "VEX_Put": 1604574.043,
    "VEX_Total": 1487355.179,
    "VEX_Ratio": -0.073053,
    "CEX_Call": -764687.456,
    "CEX_Put": 2723758.573,
    "CEX_Total": 1959071.117,
    "CEX_Ratio": -0.280747
}