{
    "timestamp": "2025-06-27 09:37:14",
    "cum_gam": null,
    "cum_vec": 6804.644930494138,
    "DEX_Call": 2274.789,
    "DEX_Put": -700.417,
    "DEX_Total": 1574.372,
    "DEX_Ratio": 3.247764,
    "GEX_Call": 4856861.757,
    "GEX_Put": -2648995.269,
    "GEX_Total": 2207866.488,
    "GEX_Ratio": 1.833473,
    "VEX_Call": 847302.037,
    "VEX_Put": 7976134.553,
    "VEX_Total": 8823436.59,
    "VEX_Ratio": 0.10623,
    "CEX_Call": -388359.525,
    "CEX_Put": 3270212.47,
    "CEX_Total": 2881852.945,
    "CEX_Ratio": -0.118757
}