{
    "timestamp": "2025-08-15 08:49:11",
    "cum_gam": 7006.6020513059375,
    "cum_vec": 7537.521857392656,
    "DEX_Call": 6318.487,
    "DEX_Put": -2026.278,
    "DEX_Total": 4292.209,
    "DEX_Ratio": 3.118273,
    "GEX_Call": 5775908.516,
    "GEX_Put": -5044596.56,
    "GEX_Total": 731311.956,
    "GEX_Ratio": 1.144969,
    "VEX_Call": 3206611.449,
    "VEX_Put": 17458722.951,
    "VEX_Total": 20665334.4,
    "VEX_Ratio": 0.183668,
    "CEX_Call": -279656.736,
    "CEX_Put": 2793021.978,
    "CEX_Total": 2513365.242,
    "CEX_Ratio": -0.100127
}