{
    "timestamp": "2025-08-11 09:01:42",
    "cum_gam": null,
    "cum_vec": null,
    "DEX_Call": 248.116,
    "DEX_Put": -138.598,
    "DEX_Total": 109.518,
    "DEX_Ratio": 1.790185,
    "GEX_Call": 1019462.902,
    "GEX_Put": -704679.566,
    "GEX_Total": 314783.336,
    "GEX_Ratio": 1.446704,
    "VEX_Call": -252332.999,
    "VEX_Put": 1223467.998,
    "VEX_Total": 971134.999,
    "VEX_Ratio": -0.206244,
    "CEX_Call": -353879.408,
    "CEX_Put": 765576.667,
    "CEX_Total": 411697.259,
    "CEX_Ratio": -0.462239
}