{
    "timestamp": "2025-07-30 08:48:44",
    "cum_gam": 7009.730107217603,
    "cum_vec": 7322.983188834849,
    "DEX_Call": 2680.155,
    "DEX_Put": -1126.721,
    "DEX_Total": 1553.434,
    "DEX_Ratio": 2.378721,
    "GEX_Call": 5944713.639,
    "GEX_Put": -4509429.082,
    "GEX_Total": 1435284.557,
    "GEX_Ratio": 1.318285,
    "VEX_Call": -789622.34,
    "VEX_Put": 9003671.719,
    "VEX_Total": 8214049.379,
    "VEX_Ratio": -0.0877,
    "CEX_Call": -2304031.294,
    "CEX_Put": 5618114.096,
    "CEX_Total": 3314082.802,
    "CEX_Ratio": -0.410108
}