{
    "timestamp": "2025-10-14 10:59:20",
    "cum_gam": 5100.9904124010345,
    "cum_vec": 7521.642727136002,
    "DEX_Call": 1810.983,
    "DEX_Put": -1108.92,
    "DEX_Total": 702.063,
    "DEX_Ratio": 1.633105,
    "GEX_Call": 2066730.957,
    "GEX_Put": -2094733.71,
    "GEX_Total": -28002.753,
    "GEX_Ratio": 0.986632,
    "VEX_Call": -1021069.729,
    "VEX_Put": 8500804.009,
    "VEX_Total": 7479734.28,
    "VEX_Ratio": -0.120114,
    "CEX_Call": -552416.983,
    "CEX_Put": 1362019.601,
    "CEX_Total": 809602.618,
    "CEX_Ratio": -0.405587
}