{
    "timestamp": "2025-10-30 11:16:51",
    "cum_gam": 8784.158415841584,
    "cum_vec": 8784.158415841584,
    "DEX_Call": 507.514,
    "DEX_Put": -355.826,
    "DEX_Total": 151.688,
    "DEX_Ratio": 1.426298,
    "GEX_Call": 2131181.118,
    "GEX_Put": -1982956.831,
    "GEX_Total": 148224.287,
    "GEX_Ratio": 1.074749,
    "VEX_Call": -482521.422,
    "VEX_Put": 1541785.148,
    "VEX_Total": 1059263.726,
    "VEX_Ratio": -0.312963,
    "CEX_Call": -880740.529,
    "CEX_Put": 1373138.35,
    "CEX_Total": 492397.821,
    "CEX_Ratio": -0.641407
}