{
    "timestamp": "2025-11-18 12:04:57",
    "cum_gam": 4554.921152288969,
    "cum_vec": 7801.513350193769,
    "DEX_Call": 6577.292,
    "DEX_Put": -4840.618,
    "DEX_Total": 1736.674,
    "DEX_Ratio": 1.358771,
    "GEX_Call": 6949442.477,
    "GEX_Put": -6973222.024,
    "GEX_Total": -23779.547,
    "GEX_Ratio": 0.99659,
    "VEX_Call": -3485481.328,
    "VEX_Put": 16300995.411,
    "VEX_Total": 12815514.083,
    "VEX_Ratio": -0.21382,
    "CEX_Call": -1928658.435,
    "CEX_Put": 2606785.879,
    "CEX_Total": 678127.444,
    "CEX_Ratio": -0.739861
}