{
    "timestamp": "2025-07-10 09:13:27",
    "cum_gam": null,
    "cum_vec": 8454.45996041423,
    "DEX_Call": 1042.707,
    "DEX_Put": -332.835,
    "DEX_Total": 709.872,
    "DEX_Ratio": 3.132805,
    "GEX_Call": 3675712.867,
    "GEX_Put": -1975125.34,
    "GEX_Total": 1700587.527,
    "GEX_Ratio": 1.861002,
    "VEX_Call": -62968.59,
    "VEX_Put": 3109801.776,
    "VEX_Total": 3046833.186,
    "VEX_Ratio": -0.020248,
    "CEX_Call": -725403.208,
    "CEX_Put": 2786929.033,
    "CEX_Total": 2061525.825,
    "CEX_Ratio": -0.260288
}