{
    "timestamp": "2025-09-22 09:26:33",
    "cum_gam": null,
    "cum_vec": 7078.774153343294,
    "DEX_Call": 1002.482,
    "DEX_Put": -307.489,
    "DEX_Total": 694.993,
    "DEX_Ratio": 3.260221,
    "GEX_Call": 2335484.124,
    "GEX_Put": -1537833.37,
    "GEX_Total": 797650.754,
    "GEX_Ratio": 1.518685,
    "VEX_Call": 272765.682,
    "VEX_Put": 2744708.366,
    "VEX_Total": 3017474.048,
    "VEX_Ratio": 0.099379,
    "CEX_Call": -143061.67,
    "CEX_Put": 1881300.494,
    "CEX_Total": 1738238.824,
    "CEX_Ratio": -0.076044
}