{
    "timestamp": "2025-09-03 08:45:08",
    "cum_gam": 6052.722913444743,
    "cum_vec": 6052.722913444743,
    "DEX_Call": 185.217,
    "DEX_Put": -233.411,
    "DEX_Total": -48.194,
    "DEX_Ratio": 0.793523,
    "GEX_Call": 1124093.389,
    "GEX_Put": -1176766.354,
    "GEX_Total": -52672.965,
    "GEX_Ratio": 0.955239,
    "VEX_Call": -511386.791,
    "VEX_Put": 1187041.66,
    "VEX_Total": 675654.869,
    "VEX_Ratio": -0.430808,
    "CEX_Call": -690240.542,
    "CEX_Put": 940738.103,
    "CEX_Total": 250497.561,
    "CEX_Ratio": -0.733722
}