{
    "timestamp": "2025-08-13 10:00:11",
    "cum_gam": null,
    "cum_vec": null,
    "DEX_Call": 364.344,
    "DEX_Put": -117.88,
    "DEX_Total": 246.464,
    "DEX_Ratio": 3.090804,
    "GEX_Call": 1907061.995,
    "GEX_Put": -856026.092,
    "GEX_Total": 1051035.903,
    "GEX_Ratio": 2.227808,
    "VEX_Call": -231170.864,
    "VEX_Put": 1314618.661,
    "VEX_Total": 1083447.797,
    "VEX_Ratio": -0.175846,
    "CEX_Call": -539805.004,
    "CEX_Put": 1129231.366,
    "CEX_Total": 589426.362,
    "CEX_Ratio": -0.478029
}