{
    "timestamp": "2025-09-22 11:03:31",
    "cum_gam": null,
    "cum_vec": 7106.396446020942,
    "DEX_Call": 1070.433,
    "DEX_Put": -302.003,
    "DEX_Total": 768.43,
    "DEX_Ratio": 3.544445,
    "GEX_Call": 2350514.453,
    "GEX_Put": -1486371.913,
    "GEX_Total": 864142.54,
    "GEX_Ratio": 1.581377,
    "VEX_Call": 415013.87,
    "VEX_Put": 2806298.378,
    "VEX_Total": 3221312.248,
    "VEX_Ratio": 0.147887,
    "CEX_Call": -31648.299,
    "CEX_Put": 1951027.777,
    "CEX_Total": 1919379.478,
    "CEX_Ratio": -0.016221
}