{
    "timestamp": "2025-08-26 09:18:12",
    "cum_gam": null,
    "cum_vec": 8400.0,
    "DEX_Call": 227.868,
    "DEX_Put": -157.375,
    "DEX_Total": 70.493,
    "DEX_Ratio": 1.44793,
    "GEX_Call": 1226151.887,
    "GEX_Put": -899519.741,
    "GEX_Total": 326632.146,
    "GEX_Ratio": 1.363118,
    "VEX_Call": -395598.063,
    "VEX_Put": 1093832.032,
    "VEX_Total": 698233.969,
    "VEX_Ratio": -0.361663,
    "CEX_Call": -514604.064,
    "CEX_Put": 722861.882,
    "CEX_Total": 208257.818,
    "CEX_Ratio": -0.711898
}