{
    "timestamp": "2025-08-06 11:58:50",
    "cum_gam": 7018.0289749245685,
    "cum_vec": 7484.359441989724,
    "DEX_Call": 5414.781,
    "DEX_Put": -2338.627,
    "DEX_Total": 3076.154,
    "DEX_Ratio": 2.315368,
    "GEX_Call": 4981923.383,
    "GEX_Put": -4448673.472,
    "GEX_Total": 533249.911,
    "GEX_Ratio": 1.119867,
    "VEX_Call": 4281870.013,
    "VEX_Put": 16126637.924,
    "VEX_Total": 20408507.937,
    "VEX_Ratio": 0.265515,
    "CEX_Call": -75243.434,
    "CEX_Put": 1966149.57,
    "CEX_Total": 1890906.136,
    "CEX_Ratio": -0.038269
}