{
    "timestamp": "2025-11-21 12:30:06",
    "cum_gam": null,
    "cum_vec": 7792.943738051164,
    "DEX_Call": 6781.333,
    "DEX_Put": -5157.362,
    "DEX_Total": 1623.971,
    "DEX_Ratio": 1.314884,
    "GEX_Call": 8221642.617,
    "GEX_Put": -8074380.99,
    "GEX_Total": 147261.627,
    "GEX_Ratio": 1.018238,
    "VEX_Call": -4270602.765,
    "VEX_Put": 17081013.064,
    "VEX_Total": 12810410.299,
    "VEX_Ratio": -0.25002,
    "CEX_Call": -2482768.226,
    "CEX_Put": 3193763.591,
    "CEX_Total": 710995.365,
    "CEX_Ratio": -0.77738
}