{
    "timestamp": "2025-10-17 11:12:42",
    "cum_gam": 5351.324722027657,
    "cum_vec": 7519.001138127263,
    "DEX_Call": 2055.223,
    "DEX_Put": -1422.474,
    "DEX_Total": 632.749,
    "DEX_Ratio": 1.444823,
    "GEX_Call": 2326495.573,
    "GEX_Put": -2423709.931,
    "GEX_Total": -97214.358,
    "GEX_Ratio": 0.95989,
    "VEX_Call": -1097673.638,
    "VEX_Put": 10107690.044,
    "VEX_Total": 9010016.406,
    "VEX_Ratio": -0.108598,
    "CEX_Call": -654415.541,
    "CEX_Put": 1834528.31,
    "CEX_Total": 1180112.769,
    "CEX_Ratio": -0.356721
}