{
    "timestamp": "2025-06-30 09:36:01",
    "cum_gam": null,
    "cum_vec": 8000.0,
    "DEX_Call": 417.76,
    "DEX_Put": -108.476,
    "DEX_Total": 309.284,
    "DEX_Ratio": 3.851174,
    "GEX_Call": 1043713.013,
    "GEX_Put": -594646.462,
    "GEX_Total": 449066.551,
    "GEX_Ratio": 1.755182,
    "VEX_Call": 77441.735,
    "VEX_Put": 938830.808,
    "VEX_Total": 1016272.543,
    "VEX_Ratio": 0.082487,
    "CEX_Call": -83788.928,
    "CEX_Put": 634450.991,
    "CEX_Total": 550662.063,
    "CEX_Ratio": -0.132065
}