{
    "timestamp": "2025-09-24 06:48:22",
    "cum_gam": null,
    "cum_vec": 8809.612347817229,
    "DEX_Call": 2370.812,
    "DEX_Put": -1398.822,
    "DEX_Total": 971.99,
    "DEX_Ratio": 1.694863,
    "GEX_Call": 4596585.183,
    "GEX_Put": -4035152.492,
    "GEX_Total": 561432.691,
    "GEX_Ratio": 1.139135,
    "VEX_Call": -598854.177,
    "VEX_Put": 11437916.246,
    "VEX_Total": 10839062.069,
    "VEX_Ratio": -0.052357,
    "CEX_Call": -932734.885,
    "CEX_Put": 3243941.084,
    "CEX_Total": 2311206.199,
    "CEX_Ratio": -0.287531
}