{
    "timestamp": "2025-09-26 09:56:13",
    "cum_gam": 6480.20923156641,
    "cum_vec": 6922.819153201555,
    "DEX_Call": 548.113,
    "DEX_Put": -618.341,
    "DEX_Total": -70.228,
    "DEX_Ratio": 0.886425,
    "GEX_Call": 3467576.279,
    "GEX_Put": -3935058.368,
    "GEX_Total": -467482.089,
    "GEX_Ratio": 0.881201,
    "VEX_Call": -751314.629,
    "VEX_Put": 2800873.53,
    "VEX_Total": 2049558.901,
    "VEX_Ratio": -0.268243,
    "CEX_Call": -1601133.826,
    "CEX_Put": 3633921.371,
    "CEX_Total": 2032787.545,
    "CEX_Ratio": -0.440608
}