{
    "timestamp": "2025-08-14 12:09:35",
    "cum_gam": null,
    "cum_vec": 7518.788623924659,
    "DEX_Call": 5891.227,
    "DEX_Put": -1566.591,
    "DEX_Total": 4324.636,
    "DEX_Ratio": 3.760539,
    "GEX_Call": 5209301.056,
    "GEX_Put": -4159984.525,
    "GEX_Total": 1049316.531,
    "GEX_Ratio": 1.25224,
    "VEX_Call": 3327064.919,
    "VEX_Put": 15965024.972,
    "VEX_Total": 19292089.891,
    "VEX_Ratio": 0.208397,
    "CEX_Call": -176959.253,
    "CEX_Put": 2540089.539,
    "CEX_Total": 2363130.286,
    "CEX_Ratio": -0.069667
}