{
    "timestamp": "2025-07-08 07:40:03",
    "cum_gam": null,
    "cum_vec": 7356.96445240558,
    "DEX_Call": 1590.526,
    "DEX_Put": -632.359,
    "DEX_Total": 958.167,
    "DEX_Ratio": 2.515226,
    "GEX_Call": 1838122.288,
    "GEX_Put": -1388349.54,
    "GEX_Total": 449772.748,
    "GEX_Ratio": 1.323962,
    "VEX_Call": -95924.784,
    "VEX_Put": 6015765.464,
    "VEX_Total": 5919840.68,
    "VEX_Ratio": -0.015946,
    "CEX_Call": -324575.747,
    "CEX_Put": 977611.636,
    "CEX_Total": 653035.889,
    "CEX_Ratio": -0.332009
}