{
    "timestamp": "2025-08-13 11:13:47",
    "cum_gam": 7005.83479862606,
    "cum_vec": 7519.087107095352,
    "DEX_Call": 6226.935,
    "DEX_Put": -1743.265,
    "DEX_Total": 4483.67,
    "DEX_Ratio": 3.571996,
    "GEX_Call": 5145572.208,
    "GEX_Put": -4347570.847,
    "GEX_Total": 798001.361,
    "GEX_Ratio": 1.183551,
    "VEX_Call": 3682412.898,
    "VEX_Put": 17113510.965,
    "VEX_Total": 20795923.863,
    "VEX_Ratio": 0.215176,
    "CEX_Call": -110626.401,
    "CEX_Put": 2620363.59,
    "CEX_Total": 2509737.189,
    "CEX_Ratio": -0.042218
}