{
    "timestamp": "2025-08-12 10:19:45",
    "cum_gam": 7014.348627387406,
    "cum_vec": 7516.104178150606,
    "DEX_Call": 5955.952,
    "DEX_Put": -1804.268,
    "DEX_Total": 4151.684,
    "DEX_Ratio": 3.301035,
    "GEX_Call": 5157952.133,
    "GEX_Put": -4334416.257,
    "GEX_Total": 823535.876,
    "GEX_Ratio": 1.189999,
    "VEX_Call": 4110431.816,
    "VEX_Put": 16516977.592,
    "VEX_Total": 20627409.408,
    "VEX_Ratio": 0.248861,
    "CEX_Call": -52032.41,
    "CEX_Put": 2444438.024,
    "CEX_Total": 2392405.614,
    "CEX_Ratio": -0.021286
}