{
    "timestamp": "2025-10-17 07:41:44",
    "cum_gam": 5654.947270471464,
    "cum_vec": 7519.709996774109,
    "DEX_Call": 1943.931,
    "DEX_Put": -1562.833,
    "DEX_Total": 381.098,
    "DEX_Ratio": 1.243851,
    "GEX_Call": 2189198.92,
    "GEX_Put": -2478886.895,
    "GEX_Total": -289687.975,
    "GEX_Ratio": 0.883138,
    "VEX_Call": -1344346.675,
    "VEX_Put": 9906436.323,
    "VEX_Total": 8562089.648,
    "VEX_Ratio": -0.135704,
    "CEX_Call": -688920.348,
    "CEX_Put": 1778518.742,
    "CEX_Total": 1089598.394,
    "CEX_Ratio": -0.387356
}