{
    "timestamp": "2025-11-18 10:01:19",
    "cum_gam": 8599.464062844138,
    "cum_vec": 8800.0,
    "DEX_Call": 265.338,
    "DEX_Put": -735.946,
    "DEX_Total": -470.608,
    "DEX_Ratio": 0.36054,
    "GEX_Call": 796852.441,
    "GEX_Put": -1535499.16,
    "GEX_Total": -738646.719,
    "GEX_Ratio": 0.518953,
    "VEX_Call": -1164050.081,
    "VEX_Put": 1249034.425,
    "VEX_Total": 84984.344,
    "VEX_Ratio": -0.93196,
    "CEX_Call": -1057108.534,
    "CEX_Put": 704474.768,
    "CEX_Total": -352633.766,
    "CEX_Ratio": -1.500563
}