{
    "timestamp": "2025-10-20 09:30:40",
    "cum_gam": null,
    "cum_vec": 7518.725916535664,
    "DEX_Call": 2125.598,
    "DEX_Put": -1123.366,
    "DEX_Total": 1002.232,
    "DEX_Ratio": 1.892169,
    "GEX_Call": 2785929.472,
    "GEX_Put": -2395158.437,
    "GEX_Total": 390771.035,
    "GEX_Ratio": 1.16315,
    "VEX_Call": -1090786.81,
    "VEX_Put": 9080385.38,
    "VEX_Total": 7989598.57,
    "VEX_Ratio": -0.120126,
    "CEX_Call": -730251.083,
    "CEX_Put": 1831306.049,
    "CEX_Total": 1101054.966,
    "CEX_Ratio": -0.39876
}