{
    "timestamp": "2025-10-27 07:21:36",
    "cum_gam": null,
    "cum_vec": 8800.0,
    "DEX_Call": 481.742,
    "DEX_Put": -136.043,
    "DEX_Total": 345.699,
    "DEX_Ratio": 3.541101,
    "GEX_Call": 1473350.836,
    "GEX_Put": -702261.125,
    "GEX_Total": 771089.711,
    "GEX_Ratio": 2.09801,
    "VEX_Call": 17683.054,
    "VEX_Put": 1536137.122,
    "VEX_Total": 1553820.176,
    "VEX_Ratio": 0.011511,
    "CEX_Call": -204829.261,
    "CEX_Put": 941742.891,
    "CEX_Total": 736913.63,
    "CEX_Ratio": -0.2175
}