{
    "timestamp": "2025-11-18 08:04:49",
    "cum_gam": 8599.081967213115,
    "cum_vec": 8800.0,
    "DEX_Call": 241.585,
    "DEX_Put": -816.05,
    "DEX_Total": -574.465,
    "DEX_Ratio": 0.296042,
    "GEX_Call": 683725.541,
    "GEX_Put": -1482231.207,
    "GEX_Total": -798505.666,
    "GEX_Ratio": 0.461281,
    "VEX_Call": -1189864.907,
    "VEX_Put": 1060639.489,
    "VEX_Total": -129225.418,
    "VEX_Ratio": -1.121837,
    "CEX_Call": -1051578.972,
    "CEX_Put": 554558.277,
    "CEX_Total": -497020.695,
    "CEX_Ratio": -1.896246
}