{
    "timestamp": "2025-11-26 11:21:21",
    "cum_gam": 8398.053385416666,
    "cum_vec": 8795.91836734694,
    "DEX_Call": 566.646,
    "DEX_Put": -160.694,
    "DEX_Total": 405.952,
    "DEX_Ratio": 3.526242,
    "GEX_Call": 2424987.035,
    "GEX_Put": -915250.57,
    "GEX_Total": 1509736.465,
    "GEX_Ratio": 2.649533,
    "VEX_Call": -382081.517,
    "VEX_Put": 1597046.876,
    "VEX_Total": 1214965.359,
    "VEX_Ratio": -0.239243,
    "CEX_Call": -575844.372,
    "CEX_Put": 1374686.37,
    "CEX_Total": 798841.998,
    "CEX_Ratio": -0.418891
}