{
    "timestamp": "2025-09-09 11:43:19",
    "cum_gam": null,
    "cum_vec": 9036.170369724568,
    "DEX_Call": 1659.554,
    "DEX_Put": -916.443,
    "DEX_Total": 743.111,
    "DEX_Ratio": 1.810864,
    "GEX_Call": 2157534.165,
    "GEX_Put": -2056808.499,
    "GEX_Total": 100725.666,
    "GEX_Ratio": 1.048972,
    "VEX_Call": -215871.697,
    "VEX_Put": 8997968.191,
    "VEX_Total": 8782096.494,
    "VEX_Ratio": -0.023991,
    "CEX_Call": -384436.892,
    "CEX_Put": 1412256.065,
    "CEX_Total": 1027819.173,
    "CEX_Ratio": -0.272215
}