{
    "timestamp": "2025-10-31 07:48:04",
    "cum_gam": null,
    "cum_vec": null,
    "DEX_Call": 567.088,
    "DEX_Put": -334.487,
    "DEX_Total": 232.601,
    "DEX_Ratio": 1.695396,
    "GEX_Call": 2676541.556,
    "GEX_Put": -2221813.614,
    "GEX_Total": 454727.942,
    "GEX_Ratio": 1.204665,
    "VEX_Call": -478741.633,
    "VEX_Put": 1827747.806,
    "VEX_Total": 1349006.173,
    "VEX_Ratio": -0.26193,
    "CEX_Call": -1013109.924,
    "CEX_Put": 2005932.297,
    "CEX_Total": 992822.373,
    "CEX_Ratio": -0.505057
}