{
    "timestamp": "2025-10-28 10:13:36",
    "cum_gam": null,
    "cum_vec": 7622.120405856682,
    "DEX_Call": 2719.022,
    "DEX_Put": -809.007,
    "DEX_Total": 1910.015,
    "DEX_Ratio": 3.360938,
    "GEX_Call": 5450957.119,
    "GEX_Put": -2751908.922,
    "GEX_Total": 2699048.197,
    "GEX_Ratio": 1.980791,
    "VEX_Call": 429291.664,
    "VEX_Put": 9081037.828,
    "VEX_Total": 9510329.492,
    "VEX_Ratio": 0.047273,
    "CEX_Call": -565934.932,
    "CEX_Put": 3007978.073,
    "CEX_Total": 2442043.141,
    "CEX_Ratio": -0.188145
}