{
    "timestamp": "2025-08-06 11:38:39",
    "cum_gam": 7009.880753506689,
    "cum_vec": 7224.193813754525,
    "DEX_Call": 1060.383,
    "DEX_Put": -655.645,
    "DEX_Total": 404.738,
    "DEX_Ratio": 1.617313,
    "GEX_Call": 3913794.258,
    "GEX_Put": -2840929.549,
    "GEX_Total": 1072864.709,
    "GEX_Ratio": 1.377646,
    "VEX_Call": -762723.041,
    "VEX_Put": 4281314.653,
    "VEX_Total": 3518591.612,
    "VEX_Ratio": -0.178152,
    "CEX_Call": -1345164.954,
    "CEX_Put": 3230388.699,
    "CEX_Total": 1885223.745,
    "CEX_Ratio": -0.41641
}