{
    "timestamp": "2025-08-20 11:17:18",
    "cum_gam": 6257.094165150775,
    "cum_vec": 8169.2307692307695,
    "DEX_Call": 441.907,
    "DEX_Put": -466.318,
    "DEX_Total": -24.411,
    "DEX_Ratio": 0.947652,
    "GEX_Call": 1445792.927,
    "GEX_Put": -1916821.069,
    "GEX_Total": -471028.142,
    "GEX_Ratio": 0.754266,
    "VEX_Call": -652978.359,
    "VEX_Put": 1827050.437,
    "VEX_Total": 1174072.078,
    "VEX_Ratio": -0.357395,
    "CEX_Call": -876430.558,
    "CEX_Put": 1358733.811,
    "CEX_Total": 482303.253,
    "CEX_Ratio": -0.645035
}