{
    "timestamp": "2025-09-17 10:57:07",
    "cum_gam": null,
    "cum_vec": null,
    "DEX_Call": 342.176,
    "DEX_Put": -181.48,
    "DEX_Total": 160.696,
    "DEX_Ratio": 1.885475,
    "GEX_Call": 1152128.37,
    "GEX_Put": -956796.684,
    "GEX_Total": 195331.686,
    "GEX_Ratio": 1.204152,
    "VEX_Call": -223486.173,
    "VEX_Put": 1432697.603,
    "VEX_Total": 1209211.43,
    "VEX_Ratio": -0.15599,
    "CEX_Call": -407616.177,
    "CEX_Put": 1231927.834,
    "CEX_Total": 824311.657,
    "CEX_Ratio": -0.330877
}