{
    "timestamp": "2025-09-15 09:30:08",
    "cum_gam": null,
    "cum_vec": 7897.138212825002,
    "DEX_Call": 1729.339,
    "DEX_Put": -892.827,
    "DEX_Total": 836.512,
    "DEX_Ratio": 1.936925,
    "GEX_Call": 2751290.168,
    "GEX_Put": -2272621.355,
    "GEX_Total": 478668.813,
    "GEX_Ratio": 1.210624,
    "VEX_Call": 103273.483,
    "VEX_Put": 10322256.099,
    "VEX_Total": 10425529.582,
    "VEX_Ratio": 0.010005,
    "CEX_Call": -385951.872,
    "CEX_Put": 1954927.317,
    "CEX_Total": 1568975.445,
    "CEX_Ratio": -0.197425
}