{
    "timestamp": "2025-10-14 08:52:14",
    "cum_gam": 6527.244900493324,
    "cum_vec": 8193.115634086334,
    "DEX_Call": 182.124,
    "DEX_Put": -389.788,
    "DEX_Total": -207.664,
    "DEX_Ratio": 0.467239,
    "GEX_Call": 939156.141,
    "GEX_Put": -1293529.98,
    "GEX_Total": -354373.839,
    "GEX_Ratio": 0.726041,
    "VEX_Call": -744354.547,
    "VEX_Put": 1310985.828,
    "VEX_Total": 566631.281,
    "VEX_Ratio": -0.567782,
    "CEX_Call": -773617.907,
    "CEX_Put": 829146.077,
    "CEX_Total": 55528.17,
    "CEX_Ratio": -0.93303
}