{
    "timestamp": "2026-07-22 10:30:51",
    "cum_gam": 11995.061002498898,
    "cum_vec": 11995.061002498898,
    "DEX_Call": 2747.324,
    "DEX_Put": -2669.487,
    "DEX_Total": 77.837,
    "DEX_Ratio": 1.029158,
    "GEX_Call": 4345189.537,
    "GEX_Put": -4506356.892,
    "GEX_Total": -161167.355,
    "GEX_Ratio": 0.964236,
    "VEX_Call": -3114089.813,
    "VEX_Put": 11081886.777,
    "VEX_Total": 7967796.964,
    "VEX_Ratio": -0.281007,
    "CEX_Call": -1435790.958,
    "CEX_Put": 1838197.281,
    "CEX_Total": 402406.323,
    "CEX_Ratio": -0.781086
}