{
    "timestamp": "2025-10-17 10:12:01",
    "cum_gam": 7003.938081191881,
    "cum_vec": 8194.417924237758,
    "DEX_Call": 262.712,
    "DEX_Put": -580.315,
    "DEX_Total": -317.603,
    "DEX_Ratio": 0.452706,
    "GEX_Call": 1389021.912,
    "GEX_Put": -2219021.446,
    "GEX_Total": -829999.534,
    "GEX_Ratio": 0.625961,
    "VEX_Call": -1065062.205,
    "VEX_Put": 2181559.846,
    "VEX_Total": 1116497.641,
    "VEX_Ratio": -0.488211,
    "CEX_Call": -1657726.654,
    "CEX_Put": 2559759.696,
    "CEX_Total": 902033.042,
    "CEX_Ratio": -0.64761
}