{
    "timestamp": "2025-10-21 09:11:06",
    "cum_gam": null,
    "cum_vec": 7520.443065454552,
    "DEX_Call": 1694.884,
    "DEX_Put": -1087.309,
    "DEX_Total": 607.575,
    "DEX_Ratio": 1.558788,
    "GEX_Call": 3221103.656,
    "GEX_Put": -2524673.771,
    "GEX_Total": 696429.885,
    "GEX_Ratio": 1.275849,
    "VEX_Call": -1263221.571,
    "VEX_Put": 9444229.937,
    "VEX_Total": 8181008.366,
    "VEX_Ratio": -0.133756,
    "CEX_Call": -852536.449,
    "CEX_Put": 1965504.658,
    "CEX_Total": 1112968.209,
    "CEX_Ratio": -0.433749
}