{
    "timestamp": "2025-11-10 11:01:26",
    "cum_gam": null,
    "cum_vec": 7802.198256621507,
    "DEX_Call": 5101.622,
    "DEX_Put": -2506.729,
    "DEX_Total": 2594.893,
    "DEX_Ratio": 2.035171,
    "GEX_Call": 6729655.966,
    "GEX_Put": -4727306.588,
    "GEX_Total": 2002349.378,
    "GEX_Ratio": 1.423571,
    "VEX_Call": 579806.619,
    "VEX_Put": 16769465.961,
    "VEX_Total": 17349272.58,
    "VEX_Ratio": 0.034575,
    "CEX_Call": -958335.743,
    "CEX_Put": 2171137.875,
    "CEX_Total": 1212802.132,
    "CEX_Ratio": -0.441398
}