{
    "timestamp": "2025-10-13 10:51:42",
    "cum_gam": 5503.1107697425205,
    "cum_vec": 7622.844857937542,
    "DEX_Call": 1543.879,
    "DEX_Put": -1005.216,
    "DEX_Total": 538.663,
    "DEX_Ratio": 1.535868,
    "GEX_Call": 1699390.416,
    "GEX_Put": -1817298.137,
    "GEX_Total": -117907.721,
    "GEX_Ratio": 0.935119,
    "VEX_Call": -779130.008,
    "VEX_Put": 7181854.45,
    "VEX_Total": 6402724.442,
    "VEX_Ratio": -0.108486,
    "CEX_Call": -442274.594,
    "CEX_Put": 1094292.118,
    "CEX_Total": 652017.524,
    "CEX_Ratio": -0.404165
}