{
    "timestamp": "2025-07-28 09:21:35",
    "cum_gam": null,
    "cum_vec": 8200.0,
    "DEX_Call": 241.298,
    "DEX_Put": -91.651,
    "DEX_Total": 149.647,
    "DEX_Ratio": 2.632792,
    "GEX_Call": 815111.65,
    "GEX_Put": -520641.318,
    "GEX_Total": 294470.332,
    "GEX_Ratio": 1.565592,
    "VEX_Call": -35252.989,
    "VEX_Put": 852886.609,
    "VEX_Total": 817633.62,
    "VEX_Ratio": -0.041334,
    "CEX_Call": -151393.786,
    "CEX_Put": 562339.1,
    "CEX_Total": 410945.314,
    "CEX_Ratio": -0.269222
}