{
    "timestamp": "2025-07-03 08:00:28",
    "cum_gam": null,
    "cum_vec": 7339.15424277549,
    "DEX_Call": 1444.932,
    "DEX_Put": -517.964,
    "DEX_Total": 926.968,
    "DEX_Ratio": 2.789638,
    "GEX_Call": 1692288.794,
    "GEX_Put": -1100066.556,
    "GEX_Total": 592222.238,
    "GEX_Ratio": 1.538351,
    "VEX_Call": 250448.105,
    "VEX_Put": 6039529.795,
    "VEX_Total": 6289977.9,
    "VEX_Ratio": 0.041468,
    "CEX_Call": -227301.948,
    "CEX_Put": 872028.454,
    "CEX_Total": 644726.506,
    "CEX_Ratio": -0.260659
}