{
    "timestamp": "2025-11-10 07:58:06",
    "cum_gam": 7001.56081331057,
    "cum_vec": 7718.116999927683,
    "DEX_Call": 1218.002,
    "DEX_Put": -910.589,
    "DEX_Total": 307.413,
    "DEX_Ratio": 1.337598,
    "GEX_Call": 3242983.028,
    "GEX_Put": -2687327.815,
    "GEX_Total": 555655.213,
    "GEX_Ratio": 1.206769,
    "VEX_Call": -539829.242,
    "VEX_Put": 3746998.928,
    "VEX_Total": 3207169.686,
    "VEX_Ratio": -0.14407,
    "CEX_Call": -877921.929,
    "CEX_Put": 1959426.313,
    "CEX_Total": 1081504.384,
    "CEX_Ratio": -0.44805
}