{
    "timestamp": "2025-11-17 11:34:39",
    "cum_gam": null,
    "cum_vec": 7811.392213715985,
    "DEX_Call": 6522.729,
    "DEX_Put": -3486.314,
    "DEX_Total": 3036.415,
    "DEX_Ratio": 1.870953,
    "GEX_Call": 6901992.246,
    "GEX_Put": -5520311.215,
    "GEX_Total": 1381681.031,
    "GEX_Ratio": 1.25029,
    "VEX_Call": -1977610.271,
    "VEX_Put": 15267788.55,
    "VEX_Total": 13290178.279,
    "VEX_Ratio": -0.129528,
    "CEX_Call": -1569561.759,
    "CEX_Put": 2483471.776,
    "CEX_Total": 913910.017,
    "CEX_Ratio": -0.632003
}