{
    "timestamp": "2025-10-02 06:44:27",
    "cum_gam": null,
    "cum_vec": 7520.912548675565,
    "DEX_Call": 1125.944,
    "DEX_Put": -605.233,
    "DEX_Total": 520.711,
    "DEX_Ratio": 1.860348,
    "GEX_Call": 1422784.621,
    "GEX_Put": -1152846.413,
    "GEX_Total": 269938.208,
    "GEX_Ratio": 1.234149,
    "VEX_Call": -464757.367,
    "VEX_Put": 6048940.248,
    "VEX_Total": 5584182.881,
    "VEX_Ratio": -0.076833,
    "CEX_Call": -283145.278,
    "CEX_Put": 672021.156,
    "CEX_Total": 388875.878,
    "CEX_Ratio": -0.421334
}