{
    "timestamp": "2025-09-09 08:13:14",
    "cum_gam": 4502.551689322575,
    "cum_vec": 9035.794666884123,
    "DEX_Call": 1641.278,
    "DEX_Put": -963.009,
    "DEX_Total": 678.269,
    "DEX_Ratio": 1.704323,
    "GEX_Call": 2113615.557,
    "GEX_Put": -2117665.862,
    "GEX_Total": -4050.305,
    "GEX_Ratio": 0.998087,
    "VEX_Call": -254588.057,
    "VEX_Put": 9027732.242,
    "VEX_Total": 8773144.185,
    "VEX_Ratio": -0.028201,
    "CEX_Call": -386989.004,
    "CEX_Put": 1406788.906,
    "CEX_Total": 1019799.902,
    "CEX_Ratio": -0.275087
}