{
    "timestamp": "2025-10-21 08:38:53",
    "cum_gam": null,
    "cum_vec": 7520.819812376915,
    "DEX_Call": 1728.497,
    "DEX_Put": -1126.457,
    "DEX_Total": 602.04,
    "DEX_Ratio": 1.534454,
    "GEX_Call": 3140162.126,
    "GEX_Put": -2572037.524,
    "GEX_Total": 568124.602,
    "GEX_Ratio": 1.220885,
    "VEX_Call": -1349157.901,
    "VEX_Put": 9467770.899,
    "VEX_Total": 8118612.998,
    "VEX_Ratio": -0.1425,
    "CEX_Call": -867205.679,
    "CEX_Put": 1963675.024,
    "CEX_Total": 1096469.345,
    "CEX_Ratio": -0.441624
}