{
    "timestamp": "2025-07-30 10:25:47",
    "cum_gam": null,
    "cum_vec": 8200.0,
    "DEX_Call": 275.885,
    "DEX_Put": -182.687,
    "DEX_Total": 93.198,
    "DEX_Ratio": 1.510151,
    "GEX_Call": 1255132.005,
    "GEX_Put": -1013356.177,
    "GEX_Total": 241775.828,
    "GEX_Ratio": 1.238589,
    "VEX_Call": -420146.941,
    "VEX_Put": 1167370.812,
    "VEX_Total": 747223.871,
    "VEX_Ratio": -0.359909,
    "CEX_Call": -689743.076,
    "CEX_Put": 1050492.707,
    "CEX_Total": 360749.631,
    "CEX_Ratio": -0.65659
}