{
    "timestamp": "2025-11-07 10:28:28",
    "cum_gam": null,
    "cum_vec": 7749.106689997971,
    "DEX_Call": 6099.764,
    "DEX_Put": -4056.348,
    "DEX_Total": 2043.416,
    "DEX_Ratio": 1.503758,
    "GEX_Call": 5994835.563,
    "GEX_Put": -5549745.673,
    "GEX_Total": 445089.89,
    "GEX_Ratio": 1.0802,
    "VEX_Call": -2434472.813,
    "VEX_Put": 16858310.121,
    "VEX_Total": 14423837.308,
    "VEX_Ratio": -0.144408,
    "CEX_Call": -1318912.329,
    "CEX_Put": 1883739.9,
    "CEX_Total": 564827.571,
    "CEX_Ratio": -0.700156
}