{
    "timestamp": "2025-08-14 07:42:30",
    "cum_gam": null,
    "cum_vec": 7518.041639534173,
    "DEX_Call": 3925.698,
    "DEX_Put": -1576.993,
    "DEX_Total": 2348.705,
    "DEX_Ratio": 2.489357,
    "GEX_Call": 5110932.352,
    "GEX_Put": -4156897.074,
    "GEX_Total": 954035.278,
    "GEX_Ratio": 1.229507,
    "VEX_Call": 2774529.453,
    "VEX_Put": 16045664.599,
    "VEX_Total": 18820194.052,
    "VEX_Ratio": 0.172915,
    "CEX_Call": -272546.311,
    "CEX_Put": 2539804.413,
    "CEX_Total": 2267258.102,
    "CEX_Ratio": -0.10731
}