{
    "timestamp": "2025-09-22 10:38:40",
    "cum_gam": null,
    "cum_vec": 8080.750159337157,
    "DEX_Call": 2288.661,
    "DEX_Put": -1016.918,
    "DEX_Total": 1271.743,
    "DEX_Ratio": 2.250586,
    "GEX_Call": 4103101.24,
    "GEX_Put": -2926128.203,
    "GEX_Total": 1176973.037,
    "GEX_Ratio": 1.402229,
    "VEX_Call": 244831.025,
    "VEX_Put": 10651599.131,
    "VEX_Total": 10896430.156,
    "VEX_Ratio": 0.022985,
    "CEX_Call": -506270.883,
    "CEX_Put": 2770040.164,
    "CEX_Total": 2263769.281,
    "CEX_Ratio": -0.182767
}