{
    "timestamp": "2025-11-26 09:06:52",
    "cum_gam": null,
    "cum_vec": 9293.324255526708,
    "DEX_Call": 3121.532,
    "DEX_Put": -823.773,
    "DEX_Total": 2297.759,
    "DEX_Ratio": 3.789311,
    "GEX_Call": 1547584.74,
    "GEX_Put": -1349242.028,
    "GEX_Total": 198342.712,
    "GEX_Ratio": 1.147003,
    "VEX_Call": 858887.307,
    "VEX_Put": 5499090.777,
    "VEX_Total": 6357978.084,
    "VEX_Ratio": 0.156187,
    "CEX_Call": -30749.586,
    "CEX_Put": 618892.349,
    "CEX_Total": 588142.763,
    "CEX_Ratio": -0.049685
}