{
    "timestamp": "2025-08-06 12:01:36",
    "cum_gam": 7018.180124597593,
    "cum_vec": 7488.035688572347,
    "DEX_Call": 5440.127,
    "DEX_Put": -2343.821,
    "DEX_Total": 3096.306,
    "DEX_Ratio": 2.321051,
    "GEX_Call": 4976050.774,
    "GEX_Put": -4472286.611,
    "GEX_Total": 503764.163,
    "GEX_Ratio": 1.112641,
    "VEX_Call": 4360205.277,
    "VEX_Put": 16100572.146,
    "VEX_Total": 20460777.423,
    "VEX_Ratio": 0.270811,
    "CEX_Call": -61385.739,
    "CEX_Put": 1958948.704,
    "CEX_Total": 1897562.965,
    "CEX_Ratio": -0.031336
}