{
    "timestamp": "2025-09-15 07:09:24",
    "cum_gam": null,
    "cum_vec": 7897.763079050473,
    "DEX_Call": 1715.999,
    "DEX_Put": -885.475,
    "DEX_Total": 830.524,
    "DEX_Ratio": 1.937942,
    "GEX_Call": 2773834.916,
    "GEX_Put": -2278044.065,
    "GEX_Total": 495790.851,
    "GEX_Ratio": 1.217639,
    "VEX_Call": 59792.188,
    "VEX_Put": 10151640.986,
    "VEX_Total": 10211433.174,
    "VEX_Ratio": 0.00589,
    "CEX_Call": -400623.092,
    "CEX_Put": 1905215.81,
    "CEX_Total": 1504592.718,
    "CEX_Ratio": -0.210277
}