{
    "timestamp": "2025-11-18 12:12:12",
    "cum_gam": 8598.954849498328,
    "cum_vec": 8800.0,
    "DEX_Call": 284.682,
    "DEX_Put": -692.726,
    "DEX_Total": -408.044,
    "DEX_Ratio": 0.410959,
    "GEX_Call": 868326.841,
    "GEX_Put": -1544379.095,
    "GEX_Total": -676052.254,
    "GEX_Ratio": 0.56225,
    "VEX_Call": -1163618.616,
    "VEX_Put": 1379863.71,
    "VEX_Total": 216245.094,
    "VEX_Ratio": -0.843285,
    "CEX_Call": -1080074.979,
    "CEX_Put": 814517.822,
    "CEX_Total": -265557.157,
    "CEX_Ratio": -1.32603
}