{
    "timestamp": "2025-09-29 09:25:37",
    "cum_gam": null,
    "cum_vec": null,
    "DEX_Call": 223.361,
    "DEX_Put": -146.522,
    "DEX_Total": 76.839,
    "DEX_Ratio": 1.52442,
    "GEX_Call": 922312.04,
    "GEX_Put": -828904.162,
    "GEX_Total": 93407.878,
    "GEX_Ratio": 1.112688,
    "VEX_Call": -204265.392,
    "VEX_Put": 1164094.804,
    "VEX_Total": 959829.412,
    "VEX_Ratio": -0.175471,
    "CEX_Call": -292942.318,
    "CEX_Put": 700082.963,
    "CEX_Total": 407140.645,
    "CEX_Ratio": -0.418439
}