{
    "timestamp": "2025-06-27 12:35:51",
    "cum_gam": 7020.149970873861,
    "cum_vec": 7166.782100499993,
    "DEX_Call": 2539.399,
    "DEX_Put": -831.41,
    "DEX_Total": 1707.989,
    "DEX_Ratio": 3.054328,
    "GEX_Call": 5235511.14,
    "GEX_Put": -3098968.571,
    "GEX_Total": 2136542.569,
    "GEX_Ratio": 1.689437,
    "VEX_Call": 922374.324,
    "VEX_Put": 7850516.632,
    "VEX_Total": 8772890.956,
    "VEX_Ratio": 0.117492,
    "CEX_Call": -415638.032,
    "CEX_Put": 3207668.699,
    "CEX_Total": 2792030.667,
    "CEX_Ratio": -0.129576
}