{
    "timestamp": "2025-09-15 08:02:29",
    "cum_gam": null,
    "cum_vec": null,
    "DEX_Call": 298.887,
    "DEX_Put": -93.335,
    "DEX_Total": 205.552,
    "DEX_Ratio": 3.202304,
    "GEX_Call": 941914.435,
    "GEX_Put": -526666.308,
    "GEX_Total": 415248.127,
    "GEX_Ratio": 1.788446,
    "VEX_Call": 42977.826,
    "VEX_Put": 1075111.614,
    "VEX_Total": 1118089.44,
    "VEX_Ratio": 0.039975,
    "CEX_Call": -104635.1,
    "CEX_Put": 673310.985,
    "CEX_Total": 568675.885,
    "CEX_Ratio": -0.155404
}