{
    "timestamp": "2025-08-22 10:04:21",
    "cum_gam": null,
    "cum_vec": 7935.546875,
    "DEX_Call": 637.609,
    "DEX_Put": -214.68,
    "DEX_Total": 422.929,
    "DEX_Ratio": 2.970044,
    "GEX_Call": 3288577.08,
    "GEX_Put": -1690881.386,
    "GEX_Total": 1597695.694,
    "GEX_Ratio": 1.944889,
    "VEX_Call": -355774.304,
    "VEX_Put": 2035704.298,
    "VEX_Total": 1679929.994,
    "VEX_Ratio": -0.174767,
    "CEX_Call": -1054602.491,
    "CEX_Put": 2303265.802,
    "CEX_Total": 1248663.311,
    "CEX_Ratio": -0.457873
}