{
    "timestamp": "2025-08-04 11:57:50",
    "cum_gam": 7009.862734213353,
    "cum_vec": 7309.554189482385,
    "DEX_Call": 1455.447,
    "DEX_Put": -712.675,
    "DEX_Total": 742.772,
    "DEX_Ratio": 2.042231,
    "GEX_Call": 2797882.766,
    "GEX_Put": -2562449.469,
    "GEX_Total": 235433.297,
    "GEX_Ratio": 1.091878,
    "VEX_Call": -335276.808,
    "VEX_Put": 4502667.857,
    "VEX_Total": 4167391.049,
    "VEX_Ratio": -0.074462,
    "CEX_Call": -702895.123,
    "CEX_Put": 2650006.343,
    "CEX_Total": 1947111.22,
    "CEX_Ratio": -0.265243
}