{
    "timestamp": "2025-10-31 09:07:32",
    "cum_gam": null,
    "cum_vec": 7622.446089165125,
    "DEX_Call": 2459.703,
    "DEX_Put": -1491.855,
    "DEX_Total": 967.848,
    "DEX_Ratio": 1.648755,
    "GEX_Call": 6335049.879,
    "GEX_Put": -5221551.29,
    "GEX_Total": 1113498.589,
    "GEX_Ratio": 1.213251,
    "VEX_Call": -1693038.607,
    "VEX_Put": 9511294.938,
    "VEX_Total": 7818256.331,
    "VEX_Ratio": -0.178003,
    "CEX_Call": -2202491.624,
    "CEX_Put": 4033409.456,
    "CEX_Total": 1830917.832,
    "CEX_Ratio": -0.546062
}