{
    "timestamp": "2025-08-15 09:41:35",
    "cum_gam": 8188.732394366197,
    "cum_vec": 8400.0,
    "DEX_Call": 345.305,
    "DEX_Put": -182.903,
    "DEX_Total": 162.402,
    "DEX_Ratio": 1.887913,
    "GEX_Call": 2504783.627,
    "GEX_Put": -1590691.442,
    "GEX_Total": 914092.185,
    "GEX_Ratio": 1.574651,
    "VEX_Call": -412565.856,
    "VEX_Put": 1466327.196,
    "VEX_Total": 1053761.34,
    "VEX_Ratio": -0.28136,
    "CEX_Call": -1007512.103,
    "CEX_Put": 1714933.998,
    "CEX_Total": 707421.895,
    "CEX_Ratio": -0.587493
}