{
    "timestamp": "2025-09-12 07:39:52",
    "cum_gam": 7008.495775734578,
    "cum_vec": 7825.882806972406,
    "DEX_Call": 3154.19,
    "DEX_Put": -904.791,
    "DEX_Total": 2249.399,
    "DEX_Ratio": 3.486098,
    "GEX_Call": 9016770.681,
    "GEX_Put": -5778993.311,
    "GEX_Total": 3237777.37,
    "GEX_Ratio": 1.560267,
    "VEX_Call": 2031235.691,
    "VEX_Put": 9373018.069,
    "VEX_Total": 11404253.76,
    "VEX_Ratio": 0.216711,
    "CEX_Call": 279343.907,
    "CEX_Put": 8842079.464,
    "CEX_Total": 9121423.371,
    "CEX_Ratio": 0.031593
}