{
    "timestamp": "2025-11-19 10:30:53",
    "cum_gam": 8599.254735534623,
    "cum_vec": 8800.0,
    "DEX_Call": 300.152,
    "DEX_Put": -791.734,
    "DEX_Total": -491.582,
    "DEX_Ratio": 0.379107,
    "GEX_Call": 957298.741,
    "GEX_Put": -1760413.91,
    "GEX_Total": -803115.169,
    "GEX_Ratio": 0.543792,
    "VEX_Call": -1226946.674,
    "VEX_Put": 1473531.934,
    "VEX_Total": 246585.26,
    "VEX_Ratio": -0.832657,
    "CEX_Call": -1294847.027,
    "CEX_Put": 1017429.484,
    "CEX_Total": -277417.543,
    "CEX_Ratio": -1.272665
}