{
    "timestamp": "2025-08-05 10:57:29",
    "cum_gam": 7009.9463859479,
    "cum_vec": 7109.0524993576755,
    "DEX_Call": 1591.562,
    "DEX_Put": -793.884,
    "DEX_Total": 797.678,
    "DEX_Ratio": 2.004779,
    "GEX_Call": 3344272.169,
    "GEX_Put": -2925354.447,
    "GEX_Total": 418917.722,
    "GEX_Ratio": 1.143202,
    "VEX_Call": -547404.058,
    "VEX_Put": 4555965.419,
    "VEX_Total": 4008561.361,
    "VEX_Ratio": -0.120151,
    "CEX_Call": -1014589.637,
    "CEX_Put": 2986333.455,
    "CEX_Total": 1971743.818,
    "CEX_Ratio": -0.339744
}