{
    "timestamp": "2025-08-29 07:35:08",
    "cum_gam": 7008.895945346255,
    "cum_vec": 7471.713745939239,
    "DEX_Call": 4354.45,
    "DEX_Put": -2470.414,
    "DEX_Total": 1884.036,
    "DEX_Ratio": 1.76264,
    "GEX_Call": 9685723.508,
    "GEX_Put": -8625167.235,
    "GEX_Total": 1060556.273,
    "GEX_Ratio": 1.122961,
    "VEX_Call": 1007551.414,
    "VEX_Put": 17165503.297,
    "VEX_Total": 18173054.711,
    "VEX_Ratio": 0.058696,
    "CEX_Call": -1724677.823,
    "CEX_Put": 5535169.406,
    "CEX_Total": 3810491.583,
    "CEX_Ratio": -0.311585
}