{
    "timestamp": "2025-09-16 12:38:04",
    "cum_gam": null,
    "cum_vec": null,
    "DEX_Call": 312.061,
    "DEX_Put": -145.225,
    "DEX_Total": 166.836,
    "DEX_Ratio": 2.14881,
    "GEX_Call": 1044845.987,
    "GEX_Put": -773018.58,
    "GEX_Total": 271827.407,
    "GEX_Ratio": 1.351644,
    "VEX_Call": -98065.987,
    "VEX_Put": 1322623.654,
    "VEX_Total": 1224557.667,
    "VEX_Ratio": -0.074145,
    "CEX_Call": -248213.577,
    "CEX_Put": 990088.247,
    "CEX_Total": 741874.67,
    "CEX_Ratio": -0.250698
}