{
    "timestamp": "2026-07-21 10:47:58",
    "cum_gam": 11988.695609803635,
    "cum_vec": 11988.695609803635,
    "DEX_Call": 2704.899,
    "DEX_Put": -2637.837,
    "DEX_Total": 67.062,
    "DEX_Ratio": 1.025423,
    "GEX_Call": 4133033.901,
    "GEX_Put": -4342960.327,
    "GEX_Total": -209926.426,
    "GEX_Ratio": 0.951663,
    "VEX_Call": -3048631.025,
    "VEX_Put": 11053693.406,
    "VEX_Total": 8005062.381,
    "VEX_Ratio": -0.275802,
    "CEX_Call": -1352243.871,
    "CEX_Put": 1747474.574,
    "CEX_Total": 395230.703,
    "CEX_Ratio": -0.773827
}