{
    "timestamp": "2025-07-17 11:40:02",
    "cum_gam": 7973.333333333333,
    "cum_vec": 7973.333333333333,
    "DEX_Call": 346.221,
    "DEX_Put": -97.125,
    "DEX_Total": 249.096,
    "DEX_Ratio": 3.564695,
    "GEX_Call": 1834846.012,
    "GEX_Put": -844184.149,
    "GEX_Total": 990661.863,
    "GEX_Ratio": 2.173514,
    "VEX_Call": -347646.647,
    "VEX_Put": 995372.811,
    "VEX_Total": 647726.164,
    "VEX_Ratio": -0.349263,
    "CEX_Call": -628690.187,
    "CEX_Put": 1083040.186,
    "CEX_Total": 454349.999,
    "CEX_Ratio": -0.580486
}