{
    "timestamp": "2025-10-07 12:38:54",
    "cum_gam": null,
    "cum_vec": 7520.815012628237,
    "DEX_Call": 1157.527,
    "DEX_Put": -733.587,
    "DEX_Total": 423.94,
    "DEX_Ratio": 1.5779,
    "GEX_Call": 1605072.573,
    "GEX_Put": -1404590.287,
    "GEX_Total": 200482.286,
    "GEX_Ratio": 1.142734,
    "VEX_Call": -718845.829,
    "VEX_Put": 6512199.706,
    "VEX_Total": 5793353.877,
    "VEX_Ratio": -0.110384,
    "CEX_Call": -363073.863,
    "CEX_Put": 820793.148,
    "CEX_Total": 457719.285,
    "CEX_Ratio": -0.442345
}