{
    "timestamp": "2025-08-14 11:32:50",
    "cum_gam": null,
    "cum_vec": 8400.0,
    "DEX_Call": 399.212,
    "DEX_Put": -149.949,
    "DEX_Total": 249.263,
    "DEX_Ratio": 2.662319,
    "GEX_Call": 2253010.901,
    "GEX_Put": -1148031.854,
    "GEX_Total": 1104979.047,
    "GEX_Ratio": 1.962499,
    "VEX_Call": -286249.598,
    "VEX_Put": 1440799.85,
    "VEX_Total": 1154550.252,
    "VEX_Ratio": -0.198674,
    "CEX_Call": -702626.772,
    "CEX_Put": 1457245.574,
    "CEX_Total": 754618.802,
    "CEX_Ratio": -0.482161
}