{
    "timestamp": "2025-10-20 11:44:32",
    "cum_gam": 8792.774193548386,
    "cum_vec": 8792.774193548386,
    "DEX_Call": 695.009,
    "DEX_Put": -331.959,
    "DEX_Total": 363.05,
    "DEX_Ratio": 2.093659,
    "GEX_Call": 1816526.988,
    "GEX_Put": -1340767.814,
    "GEX_Total": 475759.174,
    "GEX_Ratio": 1.354841,
    "VEX_Call": -320040.586,
    "VEX_Put": 3046868.034,
    "VEX_Total": 2726827.448,
    "VEX_Ratio": -0.105039,
    "CEX_Call": -521783.389,
    "CEX_Put": 1834606.565,
    "CEX_Total": 1312823.176,
    "CEX_Ratio": -0.284412
}