{
    "timestamp": "2025-08-28 12:13:04",
    "cum_gam": 7008.405032799224,
    "cum_vec": 7485.828367391252,
    "DEX_Call": 4702.331,
    "DEX_Put": -1805.621,
    "DEX_Total": 2896.71,
    "DEX_Ratio": 2.604274,
    "GEX_Call": 9691645.955,
    "GEX_Put": -6714625.455,
    "GEX_Total": 2977020.5,
    "GEX_Ratio": 1.443364,
    "VEX_Call": 2795533.117,
    "VEX_Put": 16988894.201,
    "VEX_Total": 19784427.318,
    "VEX_Ratio": 0.164551,
    "CEX_Call": -852045.101,
    "CEX_Put": 5205142.527,
    "CEX_Total": 4353097.426,
    "CEX_Ratio": -0.163693
}