{
    "timestamp": "2025-11-07 09:15:55",
    "cum_gam": null,
    "cum_vec": 7722.236050632509,
    "DEX_Call": 6008.362,
    "DEX_Put": -4168.658,
    "DEX_Total": 1839.704,
    "DEX_Ratio": 1.441318,
    "GEX_Call": 5906952.632,
    "GEX_Put": -5548016.499,
    "GEX_Total": 358936.133,
    "GEX_Ratio": 1.064696,
    "VEX_Call": -2516031.072,
    "VEX_Put": 16505987.541,
    "VEX_Total": 13989956.469,
    "VEX_Ratio": -0.152431,
    "CEX_Call": -1317849.836,
    "CEX_Put": 1829200.913,
    "CEX_Total": 511351.077,
    "CEX_Ratio": -0.720451
}