{
    "timestamp": "2025-07-15 12:16:33",
    "cum_gam": 7045.189280473637,
    "cum_vec": 7156.362150033917,
    "DEX_Call": 1562.761,
    "DEX_Put": -777.021,
    "DEX_Total": 785.74,
    "DEX_Ratio": 2.011221,
    "GEX_Call": 2422705.297,
    "GEX_Put": -1860100.365,
    "GEX_Total": 562604.932,
    "GEX_Ratio": 1.302459,
    "VEX_Call": -544516.891,
    "VEX_Put": 7143768.058,
    "VEX_Total": 6599251.167,
    "VEX_Ratio": -0.076223,
    "CEX_Call": -549730.514,
    "CEX_Put": 1446762.572,
    "CEX_Total": 897032.058,
    "CEX_Ratio": -0.379973
}