{
    "timestamp": "2025-09-19 08:15:08",
    "cum_gam": 8167.095115681234,
    "cum_vec": 8600.0,
    "DEX_Call": 372.269,
    "DEX_Put": -184.496,
    "DEX_Total": 187.773,
    "DEX_Ratio": 2.017762,
    "GEX_Call": 2162150.456,
    "GEX_Put": -1561936.229,
    "GEX_Total": 600214.227,
    "GEX_Ratio": 1.384276,
    "VEX_Call": -251370.196,
    "VEX_Put": 1682247.425,
    "VEX_Total": 1430877.229,
    "VEX_Ratio": -0.149425,
    "CEX_Call": -691210.031,
    "CEX_Put": 2045961.739,
    "CEX_Total": 1354751.708,
    "CEX_Ratio": -0.337841
}