{
    "timestamp": "2025-11-25 12:59:22",
    "cum_gam": 8396.509808641233,
    "cum_vec": 8767.01030927835,
    "DEX_Call": 347.395,
    "DEX_Put": -226.774,
    "DEX_Total": 120.621,
    "DEX_Ratio": 1.5319,
    "GEX_Call": 1536743.793,
    "GEX_Put": -1020681.768,
    "GEX_Total": 516062.025,
    "GEX_Ratio": 1.505605,
    "VEX_Call": -569853.862,
    "VEX_Put": 1716788.758,
    "VEX_Total": 1146934.896,
    "VEX_Ratio": -0.33193,
    "CEX_Call": -607727.985,
    "CEX_Put": 1275044.77,
    "CEX_Total": 667316.785,
    "CEX_Ratio": -0.476633
}