{
    "timestamp": "2025-10-23 09:16:00",
    "cum_gam": 8791.489361702128,
    "cum_vec": 8791.489361702128,
    "DEX_Call": 671.695,
    "DEX_Put": -420.401,
    "DEX_Total": 251.294,
    "DEX_Ratio": 1.597748,
    "GEX_Call": 2633251.558,
    "GEX_Put": -2164697.355,
    "GEX_Total": 468554.203,
    "GEX_Ratio": 1.216453,
    "VEX_Call": -628886.109,
    "VEX_Put": 3141379.298,
    "VEX_Total": 2512493.189,
    "VEX_Ratio": -0.200194,
    "CEX_Call": -1125635.91,
    "CEX_Put": 2841845.163,
    "CEX_Total": 1716209.253,
    "CEX_Ratio": -0.396093
}