{
    "timestamp": "2025-09-30 10:29:53",
    "cum_gam": 6352.6943129891115,
    "cum_vec": 6352.6943129891115,
    "DEX_Call": 229.356,
    "DEX_Put": -203.338,
    "DEX_Total": 26.018,
    "DEX_Ratio": 1.127954,
    "GEX_Call": 1041614.166,
    "GEX_Put": -1125614.972,
    "GEX_Total": -84000.806,
    "GEX_Ratio": 0.925373,
    "VEX_Call": -377636.424,
    "VEX_Put": 1293957.212,
    "VEX_Total": 916320.788,
    "VEX_Ratio": -0.291846,
    "CEX_Call": -488513.283,
    "CEX_Put": 902511.58,
    "CEX_Total": 413998.297,
    "CEX_Ratio": -0.541282
}