{
    "timestamp": "2025-08-12 09:04:59",
    "cum_gam": null,
    "cum_vec": null,
    "DEX_Call": 326.115,
    "DEX_Put": -114.546,
    "DEX_Total": 211.569,
    "DEX_Ratio": 2.847022,
    "GEX_Call": 1423303.93,
    "GEX_Put": -739501.744,
    "GEX_Total": 683802.186,
    "GEX_Ratio": 1.92468,
    "VEX_Call": -167286.948,
    "VEX_Put": 1302371.087,
    "VEX_Total": 1135084.139,
    "VEX_Ratio": -0.128448,
    "CEX_Call": -374645.297,
    "CEX_Put": 956766.061,
    "CEX_Total": 582120.764,
    "CEX_Ratio": -0.391575
}