{
    "timestamp": "2025-07-23 07:31:52",
    "cum_gam": 7022.695121253172,
    "cum_vec": 7208.472464116269,
    "DEX_Call": 2138.732,
    "DEX_Put": -820.199,
    "DEX_Total": 1318.533,
    "DEX_Ratio": 2.607577,
    "GEX_Call": 3749950.788,
    "GEX_Put": -2574499.149,
    "GEX_Total": 1175451.639,
    "GEX_Ratio": 1.456575,
    "VEX_Call": -255717.829,
    "VEX_Put": 8094917.127,
    "VEX_Total": 7839199.298,
    "VEX_Ratio": -0.03159,
    "CEX_Call": -734665.151,
    "CEX_Put": 2263332.154,
    "CEX_Total": 1528667.003,
    "CEX_Ratio": -0.324594
}