{
    "timestamp": "2025-08-25 09:48:45",
    "cum_gam": null,
    "cum_vec": 8400.0,
    "DEX_Call": 233.888,
    "DEX_Put": -114.435,
    "DEX_Total": 119.453,
    "DEX_Ratio": 2.04385,
    "GEX_Call": 1104884.788,
    "GEX_Put": -679071.302,
    "GEX_Total": 425813.486,
    "GEX_Ratio": 1.627053,
    "VEX_Call": -187656.289,
    "VEX_Put": 967010.356,
    "VEX_Total": 779354.067,
    "VEX_Ratio": -0.194058,
    "CEX_Call": -302973.949,
    "CEX_Put": 565115.294,
    "CEX_Total": 262141.345,
    "CEX_Ratio": -0.536128
}