{
    "timestamp": "2025-07-22 12:41:58",
    "cum_gam": 7022.942406951946,
    "cum_vec": 7208.150239351909,
    "DEX_Call": 2050.298,
    "DEX_Put": -849.363,
    "DEX_Total": 1200.935,
    "DEX_Ratio": 2.413924,
    "GEX_Call": 3551726.086,
    "GEX_Put": -2503071.663,
    "GEX_Total": 1048654.423,
    "GEX_Ratio": 1.418947,
    "VEX_Call": -304525.814,
    "VEX_Put": 8216696.797,
    "VEX_Total": 7912170.983,
    "VEX_Ratio": -0.037062,
    "CEX_Call": -727342.132,
    "CEX_Put": 2206692.465,
    "CEX_Total": 1479350.333,
    "CEX_Ratio": -0.329607
}