{
    "timestamp": "2025-08-07 07:17:50",
    "cum_gam": 7017.04806771818,
    "cum_vec": 7491.453273101813,
    "DEX_Call": 5579.381,
    "DEX_Put": -2260.893,
    "DEX_Total": 3318.488,
    "DEX_Ratio": 2.467778,
    "GEX_Call": 5043353.447,
    "GEX_Put": -4442539.623,
    "GEX_Total": 600813.824,
    "GEX_Ratio": 1.135241,
    "VEX_Call": 4566569.133,
    "VEX_Put": 16560945.925,
    "VEX_Total": 21127515.058,
    "VEX_Ratio": 0.275743,
    "CEX_Call": -31542.14,
    "CEX_Put": 2083972.024,
    "CEX_Total": 2052429.884,
    "CEX_Ratio": -0.015136
}