{
    "timestamp": "2025-07-17 12:44:25",
    "cum_gam": 7961.9047619047615,
    "cum_vec": 7961.9047619047615,
    "DEX_Call": 341.151,
    "DEX_Put": -99.682,
    "DEX_Total": 241.469,
    "DEX_Ratio": 3.422393,
    "GEX_Call": 1857520.807,
    "GEX_Put": -840576.297,
    "GEX_Total": 1016944.51,
    "GEX_Ratio": 2.209818,
    "VEX_Call": -340071.421,
    "VEX_Put": 1050689.653,
    "VEX_Total": 710618.232,
    "VEX_Ratio": -0.323665,
    "CEX_Call": -626396.722,
    "CEX_Put": 1166524.074,
    "CEX_Total": 540127.352,
    "CEX_Ratio": -0.536977
}