{
    "timestamp": "2025-11-14 12:40:25",
    "cum_gam": null,
    "cum_vec": 7804.260937874953,
    "DEX_Call": 6921.424,
    "DEX_Put": -3589.596,
    "DEX_Total": 3331.828,
    "DEX_Ratio": 1.92819,
    "GEX_Call": 7263810.298,
    "GEX_Put": -6248071.293,
    "GEX_Total": 1015739.005,
    "GEX_Ratio": 1.162568,
    "VEX_Call": -721949.383,
    "VEX_Put": 18697096.222,
    "VEX_Total": 17975146.839,
    "VEX_Ratio": -0.038613,
    "CEX_Call": -1309560.987,
    "CEX_Put": 2668580.595,
    "CEX_Total": 1359019.608,
    "CEX_Ratio": -0.490733
}