{
    "timestamp": "2025-08-15 06:38:05",
    "cum_gam": 8187.4125874125875,
    "cum_vec": 8400.0,
    "DEX_Call": 380.43,
    "DEX_Put": -150.673,
    "DEX_Total": 229.757,
    "DEX_Ratio": 2.524872,
    "GEX_Call": 2647368.737,
    "GEX_Put": -1363702.708,
    "GEX_Total": 1283666.029,
    "GEX_Ratio": 1.941309,
    "VEX_Call": -304347.628,
    "VEX_Put": 1494006.243,
    "VEX_Total": 1189658.615,
    "VEX_Ratio": -0.203712,
    "CEX_Call": -844224.633,
    "CEX_Put": 1749087.46,
    "CEX_Total": 904862.827,
    "CEX_Ratio": -0.482666
}