{
    "timestamp": "2025-09-03 12:06:18",
    "cum_gam": 6300.179321947698,
    "cum_vec": 6300.179321947698,
    "DEX_Call": 169.592,
    "DEX_Put": -264.908,
    "DEX_Total": -95.316,
    "DEX_Ratio": 0.640192,
    "GEX_Call": 984900.626,
    "GEX_Put": -1234575.292,
    "GEX_Total": -249674.666,
    "GEX_Ratio": 0.797765,
    "VEX_Call": -535009.45,
    "VEX_Put": 1054181.213,
    "VEX_Total": 519171.763,
    "VEX_Ratio": -0.507512,
    "CEX_Call": -706182.394,
    "CEX_Put": 821146.603,
    "CEX_Total": 114964.209,
    "CEX_Ratio": -0.859996
}