{
    "timestamp": "2025-10-08 10:26:44",
    "cum_gam": 7003.82628999316,
    "cum_vec": 8957.455515196101,
    "DEX_Call": 1868.159,
    "DEX_Put": -800.303,
    "DEX_Total": 1067.856,
    "DEX_Ratio": 2.334315,
    "GEX_Call": 5373066.584,
    "GEX_Put": -3245959.106,
    "GEX_Total": 2127107.478,
    "GEX_Ratio": 1.655309,
    "VEX_Call": 309404.694,
    "VEX_Put": 5366382.609,
    "VEX_Total": 5675787.303,
    "VEX_Ratio": 0.057656,
    "CEX_Call": -681831.201,
    "CEX_Put": 3835668.834,
    "CEX_Total": 3153837.633,
    "CEX_Ratio": -0.177761
}