{
    "timestamp": "2025-10-29 12:33:37",
    "cum_gam": null,
    "cum_vec": 8800.0,
    "DEX_Call": 596.64,
    "DEX_Put": -272.96,
    "DEX_Total": 323.68,
    "DEX_Ratio": 2.185815,
    "GEX_Call": 1912706.734,
    "GEX_Put": -1363127.167,
    "GEX_Total": 549579.567,
    "GEX_Ratio": 1.403176,
    "VEX_Call": -166251.106,
    "VEX_Put": 1796470.79,
    "VEX_Total": 1630219.684,
    "VEX_Ratio": -0.092543,
    "CEX_Call": -475172.15,
    "CEX_Put": 1482563.205,
    "CEX_Total": 1007391.055,
    "CEX_Ratio": -0.320507
}