{
    "timestamp": "2025-11-11 08:24:15",
    "cum_gam": null,
    "cum_vec": 7911.373175256505,
    "DEX_Call": 5456.704,
    "DEX_Put": -2873.467,
    "DEX_Total": 2583.237,
    "DEX_Ratio": 1.898997,
    "GEX_Call": 7132044.514,
    "GEX_Put": -5473172.169,
    "GEX_Total": 1658872.345,
    "GEX_Ratio": 1.303092,
    "VEX_Call": 469875.24,
    "VEX_Put": 18750404.713,
    "VEX_Total": 19220279.953,
    "VEX_Ratio": 0.025059,
    "CEX_Call": -1044579.167,
    "CEX_Put": 2453766.59,
    "CEX_Total": 1409187.423,
    "CEX_Ratio": -0.425704
}