{
    "timestamp": "2025-09-26 12:02:10",
    "cum_gam": null,
    "cum_vec": 8728.468215342933,
    "DEX_Call": 2159.168,
    "DEX_Put": -1517.849,
    "DEX_Total": 641.319,
    "DEX_Ratio": 1.422518,
    "GEX_Call": 5766678.141,
    "GEX_Put": -5222300.687,
    "GEX_Total": 544377.454,
    "GEX_Ratio": 1.104241,
    "VEX_Call": -1369882.612,
    "VEX_Put": 10961537.183,
    "VEX_Total": 9591654.571,
    "VEX_Ratio": -0.124972,
    "CEX_Call": -1619754.659,
    "CEX_Put": 3563738.45,
    "CEX_Total": 1943983.791,
    "CEX_Ratio": -0.45451
}