{
    "timestamp": "2025-11-20 10:20:54",
    "cum_gam": 8598.929008567931,
    "cum_vec": 8800.0,
    "DEX_Call": 349.981,
    "DEX_Put": -949.592,
    "DEX_Total": -599.611,
    "DEX_Ratio": 0.368559,
    "GEX_Call": 919842.865,
    "GEX_Put": -1818546.299,
    "GEX_Total": -898703.434,
    "GEX_Ratio": 0.505812,
    "VEX_Call": -1337048.623,
    "VEX_Put": 1728808.753,
    "VEX_Total": 391760.13,
    "VEX_Ratio": -0.773393,
    "CEX_Call": -1611920.487,
    "CEX_Put": 1496848.374,
    "CEX_Total": -115072.113,
    "CEX_Ratio": -1.076876
}