{
    "timestamp": "2025-10-07 11:44:21",
    "cum_gam": null,
    "cum_vec": 7520.9623989254505,
    "DEX_Call": 1606.828,
    "DEX_Put": -741.608,
    "DEX_Total": 865.22,
    "DEX_Ratio": 2.166681,
    "GEX_Call": 1611800.36,
    "GEX_Put": -1408039.16,
    "GEX_Total": 203761.2,
    "GEX_Ratio": 1.144713,
    "VEX_Call": -604656.767,
    "VEX_Put": 6522503.711,
    "VEX_Total": 5917846.944,
    "VEX_Ratio": -0.092703,
    "CEX_Call": -347234.315,
    "CEX_Put": 821493.692,
    "CEX_Total": 474259.377,
    "CEX_Ratio": -0.422687
}