{
    "timestamp": "2025-11-14 12:54:13",
    "cum_gam": 6601.529556616053,
    "cum_vec": 7705.5346025890185,
    "DEX_Call": 1096.749,
    "DEX_Put": -1339.559,
    "DEX_Total": -242.81,
    "DEX_Ratio": 0.818739,
    "GEX_Call": 3851938.073,
    "GEX_Put": -4655771.356,
    "GEX_Total": -803833.283,
    "GEX_Ratio": 0.827347,
    "VEX_Call": -1398186.136,
    "VEX_Put": 4486946.495,
    "VEX_Total": 3088760.359,
    "VEX_Ratio": -0.311612,
    "CEX_Call": -2295988.015,
    "CEX_Put": 4453619.489,
    "CEX_Total": 2157631.474,
    "CEX_Ratio": -0.515533
}