{
    "timestamp": "2025-10-07 10:09:39",
    "cum_gam": 7003.384317508687,
    "cum_vec": 8970.475256523716,
    "DEX_Call": 1886.597,
    "DEX_Put": -969.643,
    "DEX_Total": 916.954,
    "DEX_Ratio": 1.945661,
    "GEX_Call": 4512910.033,
    "GEX_Put": -3342857.046,
    "GEX_Total": 1170052.987,
    "GEX_Ratio": 1.350016,
    "VEX_Call": -177251.353,
    "VEX_Put": 5607315.235,
    "VEX_Total": 5430063.882,
    "VEX_Ratio": -0.031611,
    "CEX_Call": -907288.781,
    "CEX_Put": 3467652.509,
    "CEX_Total": 2560363.728,
    "CEX_Ratio": -0.261644
}