{
    "timestamp": "2025-11-05 13:20:29",
    "cum_gam": null,
    "cum_vec": null,
    "DEX_Call": 322.105,
    "DEX_Put": -259.865,
    "DEX_Total": 62.24,
    "DEX_Ratio": 1.239509,
    "GEX_Call": 1618501.772,
    "GEX_Put": -1388088.142,
    "GEX_Total": 230413.63,
    "GEX_Ratio": 1.165994,
    "VEX_Call": -675164.459,
    "VEX_Put": 1390274.626,
    "VEX_Total": 715110.167,
    "VEX_Ratio": -0.485634,
    "CEX_Call": -855789.931,
    "CEX_Put": 1098667.889,
    "CEX_Total": 242877.958,
    "CEX_Ratio": -0.778934
}