{
    "timestamp": "2025-09-05 10:27:07",
    "cum_gam": null,
    "cum_vec": null,
    "DEX_Call": 277.721,
    "DEX_Put": -205.355,
    "DEX_Total": 72.366,
    "DEX_Ratio": 1.352395,
    "GEX_Call": 2344988.015,
    "GEX_Put": -1670665.642,
    "GEX_Total": 674322.373,
    "GEX_Ratio": 1.403625,
    "VEX_Call": -619915.647,
    "VEX_Put": 1531061.075,
    "VEX_Total": 911145.428,
    "VEX_Ratio": -0.404893,
    "CEX_Call": -1269516.434,
    "CEX_Put": 1871274.709,
    "CEX_Total": 601758.275,
    "CEX_Ratio": -0.678423
}