{
    "timestamp": "2025-07-09 10:14:29",
    "cum_gam": 7003.810361103331,
    "cum_vec": 8400.569717168079,
    "DEX_Call": 1655.709,
    "DEX_Put": -370.912,
    "DEX_Total": 1284.797,
    "DEX_Ratio": 4.463886,
    "GEX_Call": 3421835.383,
    "GEX_Put": -1987043.459,
    "GEX_Total": 1434791.924,
    "GEX_Ratio": 1.722074,
    "VEX_Call": 311919.222,
    "VEX_Put": 3158726.189,
    "VEX_Total": 3470645.411,
    "VEX_Ratio": 0.098748,
    "CEX_Call": -356374.807,
    "CEX_Put": 2430146.618,
    "CEX_Total": 2073771.811,
    "CEX_Ratio": -0.146647
}