{
    "timestamp": "2025-11-04 09:01:48",
    "cum_gam": null,
    "cum_vec": 7817.454860648322,
    "DEX_Call": 5235.199,
    "DEX_Put": -2786.491,
    "DEX_Total": 2448.708,
    "DEX_Ratio": 1.878778,
    "GEX_Call": 5721796.558,
    "GEX_Put": -4602211.136,
    "GEX_Total": 1119585.422,
    "GEX_Ratio": 1.243271,
    "VEX_Call": 1099095.421,
    "VEX_Put": 18430475.486,
    "VEX_Total": 19529570.907,
    "VEX_Ratio": 0.059635,
    "CEX_Call": -728615.231,
    "CEX_Put": 2001529.597,
    "CEX_Total": 1272914.366,
    "CEX_Ratio": -0.364029
}