{
    "timestamp": "2025-11-26 08:12:35",
    "cum_gam": null,
    "cum_vec": 9334.499522236936,
    "DEX_Call": 3068.809,
    "DEX_Put": -862.982,
    "DEX_Total": 2205.827,
    "DEX_Ratio": 3.556052,
    "GEX_Call": 1523155.362,
    "GEX_Put": -1369832.957,
    "GEX_Total": 153322.405,
    "GEX_Ratio": 1.111928,
    "VEX_Call": 780334.586,
    "VEX_Put": 5451661.521,
    "VEX_Total": 6231996.107,
    "VEX_Ratio": 0.143137,
    "CEX_Call": -38610.399,
    "CEX_Put": 611913.106,
    "CEX_Total": 573302.707,
    "CEX_Ratio": -0.063098
}