{
    "timestamp": "2025-10-10 11:40:34",
    "cum_gam": 5944.5084417601665,
    "cum_vec": 7513.988591005643,
    "DEX_Call": 1548.936,
    "DEX_Put": -1208.569,
    "DEX_Total": 340.367,
    "DEX_Ratio": 1.281628,
    "GEX_Call": 1588665.648,
    "GEX_Put": -1924055.759,
    "GEX_Total": -335390.111,
    "GEX_Ratio": 0.825686,
    "VEX_Call": -791410.63,
    "VEX_Put": 7416037.303,
    "VEX_Total": 6624626.673,
    "VEX_Ratio": -0.106716,
    "CEX_Call": -402728.155,
    "CEX_Put": 1003255.303,
    "CEX_Total": 600527.148,
    "CEX_Ratio": -0.401421
}