{
    "timestamp": "2025-10-17 10:33:22",
    "cum_gam": 7003.8316645440045,
    "cum_vec": 8191.559973697444,
    "DEX_Call": 260.929,
    "DEX_Put": -583.92,
    "DEX_Total": -322.991,
    "DEX_Ratio": 0.446857,
    "GEX_Call": 1381835.834,
    "GEX_Put": -2236523.562,
    "GEX_Total": -854687.728,
    "GEX_Ratio": 0.61785,
    "VEX_Call": -1071616.288,
    "VEX_Put": 2156653.816,
    "VEX_Total": 1085037.528,
    "VEX_Ratio": -0.496888,
    "CEX_Call": -1665652.064,
    "CEX_Put": 2532661.096,
    "CEX_Total": 867009.032,
    "CEX_Ratio": -0.657669
}