{
    "timestamp": "2025-09-17 08:02:30",
    "cum_gam": null,
    "cum_vec": 8094.36666040218,
    "DEX_Call": 2261.561,
    "DEX_Put": -1090.491,
    "DEX_Total": 1171.07,
    "DEX_Ratio": 2.073892,
    "GEX_Call": 2965238.54,
    "GEX_Put": -2696771.443,
    "GEX_Total": 268467.097,
    "GEX_Ratio": 1.099551,
    "VEX_Call": -146769.2,
    "VEX_Put": 11266082.226,
    "VEX_Total": 11119313.026,
    "VEX_Ratio": -0.013028,
    "CEX_Call": -491054.903,
    "CEX_Put": 2268256.813,
    "CEX_Total": 1777201.91,
    "CEX_Ratio": -0.21649
}