{
    "timestamp": "2025-07-16 08:37:15",
    "cum_gam": 7982.372881355932,
    "cum_vec": 7982.372881355932,
    "DEX_Call": 196.573,
    "DEX_Put": -245.858,
    "DEX_Total": -49.285,
    "DEX_Ratio": 0.799539,
    "GEX_Call": 918002.875,
    "GEX_Put": -1006782.736,
    "GEX_Total": -88779.861,
    "GEX_Ratio": 0.911818,
    "VEX_Call": -463511.536,
    "VEX_Put": 899857.975,
    "VEX_Total": 436346.439,
    "VEX_Ratio": -0.515094,
    "CEX_Call": -633992.256,
    "CEX_Put": 770981.357,
    "CEX_Total": 136989.101,
    "CEX_Ratio": -0.822319
}