{
    "timestamp": "2025-11-12 12:35:09",
    "cum_gam": null,
    "cum_vec": 7908.621370070118,
    "DEX_Call": 5690.413,
    "DEX_Put": -2694.871,
    "DEX_Total": 2995.542,
    "DEX_Ratio": 2.111572,
    "GEX_Call": 7225466.405,
    "GEX_Put": -5392161.09,
    "GEX_Total": 1833305.315,
    "GEX_Ratio": 1.339995,
    "VEX_Call": 1501528.874,
    "VEX_Put": 19482395.387,
    "VEX_Total": 20983924.261,
    "VEX_Ratio": 0.077071,
    "CEX_Call": -878129.516,
    "CEX_Put": 2686982.087,
    "CEX_Total": 1808852.571,
    "CEX_Ratio": -0.326809
}