{
    "timestamp": "2026-07-23 10:26:32",
    "cum_gam": 11986.486486486487,
    "cum_vec": 11986.486486486487,
    "DEX_Call": 2396.576,
    "DEX_Put": -3362.484,
    "DEX_Total": -965.908,
    "DEX_Ratio": 0.71274,
    "GEX_Call": 3688909.307,
    "GEX_Put": -5018666.806,
    "GEX_Total": -1329757.499,
    "GEX_Ratio": 0.735038,
    "VEX_Call": -2935172.273,
    "VEX_Put": 10610094.576,
    "VEX_Total": 7674922.303,
    "VEX_Ratio": -0.27664,
    "CEX_Call": -1387264.413,
    "CEX_Put": 1742886.367,
    "CEX_Total": 355621.954,
    "CEX_Ratio": -0.795958
}