{
    "timestamp": "2025-10-01 06:48:56",
    "cum_gam": null,
    "cum_vec": 7519.266018939587,
    "DEX_Call": 1020.479,
    "DEX_Put": -641.829,
    "DEX_Total": 378.65,
    "DEX_Ratio": 1.589955,
    "GEX_Call": 1339109.714,
    "GEX_Put": -1161342.047,
    "GEX_Total": 177767.667,
    "GEX_Ratio": 1.153071,
    "VEX_Call": -609837.317,
    "VEX_Put": 5867316.133,
    "VEX_Total": 5257478.816,
    "VEX_Ratio": -0.103938,
    "CEX_Call": -289385.178,
    "CEX_Put": 632420.564,
    "CEX_Total": 343035.386,
    "CEX_Ratio": -0.457583
}