{
    "timestamp": "2025-09-10 11:36:16",
    "cum_gam": 7009.07462224519,
    "cum_vec": 7498.797712239821,
    "DEX_Call": 3948.617,
    "DEX_Put": -1193.257,
    "DEX_Total": 2755.36,
    "DEX_Ratio": 3.309109,
    "GEX_Call": 8225921.763,
    "GEX_Put": -6014724.231,
    "GEX_Total": 2211197.532,
    "GEX_Ratio": 1.367631,
    "VEX_Call": 2777748.888,
    "VEX_Put": 10009486.669,
    "VEX_Total": 12787235.557,
    "VEX_Ratio": 0.277512,
    "CEX_Call": 712124.735,
    "CEX_Put": 7136488.773,
    "CEX_Total": 7848613.508,
    "CEX_Ratio": 0.099786
}