{
    "timestamp": "2025-10-17 11:03:34",
    "cum_gam": 5358.224205870739,
    "cum_vec": 7518.906184457469,
    "DEX_Call": 2016.944,
    "DEX_Put": -1443.769,
    "DEX_Total": 573.175,
    "DEX_Ratio": 1.396999,
    "GEX_Call": 2312652.79,
    "GEX_Put": -2422243.209,
    "GEX_Total": -109590.419,
    "GEX_Ratio": 0.954757,
    "VEX_Call": -1184978.235,
    "VEX_Put": 10112884.34,
    "VEX_Total": 8927906.105,
    "VEX_Ratio": -0.117175,
    "CEX_Call": -670720.745,
    "CEX_Put": 1836867.706,
    "CEX_Total": 1166146.961,
    "CEX_Ratio": -0.365144
}