{
    "timestamp": "2025-10-23 12:41:02",
    "cum_gam": null,
    "cum_vec": 7579.643387397926,
    "DEX_Call": 1747.392,
    "DEX_Put": -1147.509,
    "DEX_Total": 599.883,
    "DEX_Ratio": 1.52277,
    "GEX_Call": 3614298.298,
    "GEX_Put": -2858423.404,
    "GEX_Total": 755874.894,
    "GEX_Ratio": 1.264438,
    "VEX_Call": -1561253.851,
    "VEX_Put": 9342954.31,
    "VEX_Total": 7781700.459,
    "VEX_Ratio": -0.167105,
    "CEX_Call": -1047462.964,
    "CEX_Put": 2160754.533,
    "CEX_Total": 1113291.569,
    "CEX_Ratio": -0.484767
}