{
    "timestamp": "2025-09-30 08:38:01",
    "cum_gam": null,
    "cum_vec": 8892.164708265802,
    "DEX_Call": 2489.47,
    "DEX_Put": -1754.627,
    "DEX_Total": 734.843,
    "DEX_Ratio": 1.418803,
    "GEX_Call": 7463419.023,
    "GEX_Put": -7244353.806,
    "GEX_Total": 219065.217,
    "GEX_Ratio": 1.030239,
    "VEX_Call": -1859618.032,
    "VEX_Put": 11438482.735,
    "VEX_Total": 9578864.703,
    "VEX_Ratio": -0.162576,
    "CEX_Call": -3203158.977,
    "CEX_Put": 7030377.714,
    "CEX_Total": 3827218.737,
    "CEX_Ratio": -0.455617
}