{
    "timestamp": "2025-10-08 10:27:44",
    "cum_gam": null,
    "cum_vec": 7521.933698100129,
    "DEX_Call": 1232.538,
    "DEX_Put": -696.23,
    "DEX_Total": 536.308,
    "DEX_Ratio": 1.770303,
    "GEX_Call": 1716596.839,
    "GEX_Put": -1428652.315,
    "GEX_Total": 287944.524,
    "GEX_Ratio": 1.20155,
    "VEX_Call": -534923.935,
    "VEX_Put": 7092168.501,
    "VEX_Total": 6557244.566,
    "VEX_Ratio": -0.075425,
    "CEX_Call": -352829.665,
    "CEX_Put": 930073.414,
    "CEX_Total": 577243.749,
    "CEX_Ratio": -0.379357
}