{
    "timestamp": "2025-09-03 11:18:09",
    "cum_gam": 5356.155534011348,
    "cum_vec": 9030.210803121094,
    "DEX_Call": 1456.701,
    "DEX_Put": -1016.11,
    "DEX_Total": 440.591,
    "DEX_Ratio": 1.433606,
    "GEX_Call": 1692600.018,
    "GEX_Put": -1860250.055,
    "GEX_Total": -167650.037,
    "GEX_Ratio": 0.909878,
    "VEX_Call": -303670.993,
    "VEX_Put": 7831844.005,
    "VEX_Total": 7528173.012,
    "VEX_Ratio": -0.038774,
    "CEX_Call": -314027.363,
    "CEX_Put": 1026207.867,
    "CEX_Total": 712180.504,
    "CEX_Ratio": -0.306008
}