{
    "timestamp": "2025-11-07 10:47:21",
    "cum_gam": null,
    "cum_vec": 7721.354988114195,
    "DEX_Call": 6056.613,
    "DEX_Put": -4138.72,
    "DEX_Total": 1917.893,
    "DEX_Ratio": 1.463402,
    "GEX_Call": 5940339.014,
    "GEX_Put": -5571877.258,
    "GEX_Total": 368461.756,
    "GEX_Ratio": 1.066129,
    "VEX_Call": -2311185.585,
    "VEX_Put": 16726304.954,
    "VEX_Total": 14415119.369,
    "VEX_Ratio": -0.138177,
    "CEX_Call": -1290207.451,
    "CEX_Put": 1863709.96,
    "CEX_Total": 573502.509,
    "CEX_Ratio": -0.692279
}