{
    "timestamp": "2025-07-03 08:31:40",
    "cum_gam": null,
    "cum_vec": 7345.300540871517,
    "DEX_Call": 1485.16,
    "DEX_Put": -512.258,
    "DEX_Total": 972.902,
    "DEX_Ratio": 2.899242,
    "GEX_Call": 1691284.121,
    "GEX_Put": -1099490.838,
    "GEX_Total": 591793.283,
    "GEX_Ratio": 1.538243,
    "VEX_Call": 289039.732,
    "VEX_Put": 6010724.305,
    "VEX_Total": 6299764.037,
    "VEX_Ratio": 0.048087,
    "CEX_Call": -220823.129,
    "CEX_Put": 867397.276,
    "CEX_Total": 646574.147,
    "CEX_Ratio": -0.254581
}