{
    "timestamp": "2025-08-04 07:54:10",
    "cum_gam": 7019.391112311179,
    "cum_vec": 7500.005194231806,
    "DEX_Call": 4790.492,
    "DEX_Put": -2392.776,
    "DEX_Total": 2397.716,
    "DEX_Ratio": 2.002065,
    "GEX_Call": 4523036.71,
    "GEX_Put": -4199391.06,
    "GEX_Total": 323645.65,
    "GEX_Ratio": 1.07707,
    "VEX_Call": 3391313.406,
    "VEX_Put": 14570940.262,
    "VEX_Total": 17962253.668,
    "VEX_Ratio": 0.232745,
    "CEX_Call": -168197.7,
    "CEX_Put": 1659710.59,
    "CEX_Total": 1491512.89,
    "CEX_Ratio": -0.101342
}