{
    "timestamp": "2025-11-24 11:09:25",
    "cum_gam": 8399.591689684159,
    "cum_vec": 8537.373737373737,
    "DEX_Call": 233.394,
    "DEX_Put": -294.611,
    "DEX_Total": -61.217,
    "DEX_Ratio": 0.792211,
    "GEX_Call": 967234.595,
    "GEX_Put": -953302.213,
    "GEX_Total": 13932.382,
    "GEX_Ratio": 1.014615,
    "VEX_Call": -647415.394,
    "VEX_Put": 1735506.944,
    "VEX_Total": 1088091.55,
    "VEX_Ratio": -0.373041,
    "CEX_Call": -623142.197,
    "CEX_Put": 1057458.331,
    "CEX_Total": 434316.134,
    "CEX_Ratio": -0.589283
}