{
    "timestamp": "2025-09-22 07:16:14",
    "cum_gam": null,
    "cum_vec": 7057.854207776552,
    "DEX_Call": 963.817,
    "DEX_Put": -357.264,
    "DEX_Total": 606.553,
    "DEX_Ratio": 2.697773,
    "GEX_Call": 2404699.708,
    "GEX_Put": -1715818.522,
    "GEX_Total": 688881.186,
    "GEX_Ratio": 1.401488,
    "VEX_Call": 265546.396,
    "VEX_Put": 2827341.126,
    "VEX_Total": 3092887.522,
    "VEX_Ratio": 0.093921,
    "CEX_Call": -152733.256,
    "CEX_Put": 1910099.089,
    "CEX_Total": 1757365.833,
    "CEX_Ratio": -0.079961
}