{
    "timestamp": "2025-09-08 11:54:28",
    "cum_gam": 7009.338975273021,
    "cum_vec": 7581.827928169391,
    "DEX_Call": 3446.817,
    "DEX_Put": -1401.195,
    "DEX_Total": 2045.622,
    "DEX_Ratio": 2.459912,
    "GEX_Call": 7417077.584,
    "GEX_Put": -6094067.621,
    "GEX_Total": 1323009.963,
    "GEX_Ratio": 1.217098,
    "VEX_Call": 2096637.099,
    "VEX_Put": 9526552.486,
    "VEX_Total": 11623189.585,
    "VEX_Ratio": 0.220084,
    "CEX_Call": 126242.694,
    "CEX_Put": 5247663.502,
    "CEX_Total": 5373906.196,
    "CEX_Ratio": 0.024057
}