{
    "timestamp": "2025-07-22 08:23:10",
    "cum_gam": 7023.036762861653,
    "cum_vec": 7202.198027937551,
    "DEX_Call": 2014.106,
    "DEX_Put": -924.238,
    "DEX_Total": 1089.868,
    "DEX_Ratio": 2.179207,
    "GEX_Call": 3448495.461,
    "GEX_Put": -2600520.978,
    "GEX_Total": 847974.483,
    "GEX_Ratio": 1.326079,
    "VEX_Call": -490564.046,
    "VEX_Put": 8238066.792,
    "VEX_Total": 7747502.746,
    "VEX_Ratio": -0.059548,
    "CEX_Call": -781698.502,
    "CEX_Put": 2177660.355,
    "CEX_Total": 1395961.853,
    "CEX_Ratio": -0.358963
}