{
    "timestamp": "2025-09-02 12:11:02",
    "cum_gam": 6013.164954036937,
    "cum_vec": 7602.8653692718635,
    "DEX_Call": 1268.67,
    "DEX_Put": -1077.283,
    "DEX_Total": 191.387,
    "DEX_Ratio": 1.177657,
    "GEX_Call": 1269335.005,
    "GEX_Put": -1843903.498,
    "GEX_Total": -574568.493,
    "GEX_Ratio": 0.688396,
    "VEX_Call": 222469.274,
    "VEX_Put": 7438077.306,
    "VEX_Total": 7660546.58,
    "VEX_Ratio": 0.02991,
    "CEX_Call": -160212.16,
    "CEX_Put": 942857.931,
    "CEX_Total": 782645.771,
    "CEX_Ratio": -0.169922
}