{
    "timestamp": "2025-11-11 13:26:34",
    "cum_gam": null,
    "cum_vec": 7780.671401436948,
    "DEX_Call": 1439.573,
    "DEX_Put": -779.244,
    "DEX_Total": 660.329,
    "DEX_Ratio": 1.847397,
    "GEX_Call": 4271699.602,
    "GEX_Put": -2884045.552,
    "GEX_Total": 1387654.05,
    "GEX_Ratio": 1.481148,
    "VEX_Call": -728599.105,
    "VEX_Put": 4455368.348,
    "VEX_Total": 3726769.243,
    "VEX_Ratio": -0.163533,
    "CEX_Call": -1200050.959,
    "CEX_Put": 2760511.152,
    "CEX_Total": 1560460.193,
    "CEX_Ratio": -0.434721
}