{
    "timestamp": "2025-08-19 08:20:20",
    "cum_gam": 7007.080756454899,
    "cum_vec": 7492.57608578285,
    "DEX_Call": 6287.944,
    "DEX_Put": -2215.571,
    "DEX_Total": 4072.373,
    "DEX_Ratio": 2.838069,
    "GEX_Call": 6581406.171,
    "GEX_Put": -5726144.014,
    "GEX_Total": 855262.157,
    "GEX_Ratio": 1.149361,
    "VEX_Call": 3531502.299,
    "VEX_Put": 17071373.438,
    "VEX_Total": 20602875.737,
    "VEX_Ratio": 0.206867,
    "CEX_Call": -282830.377,
    "CEX_Put": 3098788.567,
    "CEX_Total": 2815958.19,
    "CEX_Ratio": -0.091271
}