{
    "timestamp": "2025-07-24 10:59:13",
    "cum_gam": null,
    "cum_vec": 6822.990103638773,
    "DEX_Call": 588.523,
    "DEX_Put": -155.09,
    "DEX_Total": 433.433,
    "DEX_Ratio": 3.794719,
    "GEX_Call": 2861793.497,
    "GEX_Put": -1135315.187,
    "GEX_Total": 1726478.31,
    "GEX_Ratio": 2.520704,
    "VEX_Call": -481135.363,
    "VEX_Put": 1618951.779,
    "VEX_Total": 1137816.416,
    "VEX_Ratio": -0.297189,
    "CEX_Call": -990529.027,
    "CEX_Put": 1650173.15,
    "CEX_Total": 659644.123,
    "CEX_Ratio": -0.600258
}