{
    "timestamp": "2025-10-08 08:11:16",
    "cum_gam": null,
    "cum_vec": 7521.731878671853,
    "DEX_Call": 1217.427,
    "DEX_Put": -713.358,
    "DEX_Total": 504.069,
    "DEX_Ratio": 1.706614,
    "GEX_Call": 1696310.304,
    "GEX_Put": -1448104.968,
    "GEX_Total": 248205.336,
    "GEX_Ratio": 1.1714,
    "VEX_Call": -581032.978,
    "VEX_Put": 7075617.693,
    "VEX_Total": 6494584.715,
    "VEX_Ratio": -0.082118,
    "CEX_Call": -357480.714,
    "CEX_Put": 922958.476,
    "CEX_Total": 565477.762,
    "CEX_Ratio": -0.38732
}