{
    "timestamp": "2025-09-17 07:55:22",
    "cum_gam": null,
    "cum_vec": null,
    "DEX_Call": 346.556,
    "DEX_Put": -180.581,
    "DEX_Total": 165.975,
    "DEX_Ratio": 1.919117,
    "GEX_Call": 1161010.377,
    "GEX_Put": -954988.19,
    "GEX_Total": 206022.187,
    "GEX_Ratio": 1.215733,
    "VEX_Call": -198480.734,
    "VEX_Put": 1470021.968,
    "VEX_Total": 1271541.234,
    "VEX_Ratio": -0.135019,
    "CEX_Call": -379540.312,
    "CEX_Put": 1242429.472,
    "CEX_Total": 862889.16,
    "CEX_Ratio": -0.305482
}