{
    "timestamp": "2025-09-26 08:11:20",
    "cum_gam": 6514.724762910968,
    "cum_vec": 6917.593280233688,
    "DEX_Call": 774.959,
    "DEX_Put": -748.606,
    "DEX_Total": 26.353,
    "DEX_Ratio": 1.035203,
    "GEX_Call": 3281768.916,
    "GEX_Put": -4268926.415,
    "GEX_Total": -987157.499,
    "GEX_Ratio": 0.768757,
    "VEX_Call": -799655.836,
    "VEX_Put": 2693774.803,
    "VEX_Total": 1894118.967,
    "VEX_Ratio": -0.296853,
    "CEX_Call": -1586871.122,
    "CEX_Put": 3436826.17,
    "CEX_Total": 1849955.048,
    "CEX_Ratio": -0.461726
}