{
    "timestamp": "2025-07-07 09:16:09",
    "cum_gam": null,
    "cum_vec": 8021.0735586481105,
    "DEX_Call": 1796.774,
    "DEX_Put": -402.431,
    "DEX_Total": 1394.343,
    "DEX_Ratio": 4.4648,
    "GEX_Call": 2783932.019,
    "GEX_Put": -1669091.582,
    "GEX_Total": 1114840.437,
    "GEX_Ratio": 1.667932,
    "VEX_Call": 968273.292,
    "VEX_Put": 3741292.377,
    "VEX_Total": 4709565.669,
    "VEX_Ratio": 0.258807,
    "CEX_Call": 200873.235,
    "CEX_Put": 2290157.732,
    "CEX_Total": 2491030.967,
    "CEX_Ratio": 0.087712
}