{
    "timestamp": "2025-09-03 07:49:34",
    "cum_gam": null,
    "cum_vec": null,
    "DEX_Call": 208.023,
    "DEX_Put": -215.945,
    "DEX_Total": -7.922,
    "DEX_Ratio": 0.963315,
    "GEX_Call": 1199600.738,
    "GEX_Put": -1117783.378,
    "GEX_Total": 81817.36,
    "GEX_Ratio": 1.073196,
    "VEX_Call": -468070.773,
    "VEX_Put": 1254265.543,
    "VEX_Total": 786194.77,
    "VEX_Ratio": -0.373183,
    "CEX_Call": -653104.786,
    "CEX_Put": 1008675.441,
    "CEX_Total": 355570.655,
    "CEX_Ratio": -0.647488
}