{
    "timestamp": "2025-10-27 10:20:42",
    "cum_gam": 11999.776114181768,
    "cum_vec": 11999.776114181768,
    "DEX_Call": 2225.862,
    "DEX_Put": -683.256,
    "DEX_Total": 1542.606,
    "DEX_Ratio": 3.257728,
    "GEX_Call": 4735581.784,
    "GEX_Put": -2385833.811,
    "GEX_Total": 2349747.973,
    "GEX_Ratio": 1.984875,
    "VEX_Call": -427947.599,
    "VEX_Put": 8703257.343,
    "VEX_Total": 8275309.744,
    "VEX_Ratio": -0.049171,
    "CEX_Call": -774736.605,
    "CEX_Put": 2646269.852,
    "CEX_Total": 1871533.247,
    "CEX_Ratio": -0.292766
}