{
    "timestamp": "2025-10-01 12:03:42",
    "cum_gam": null,
    "cum_vec": 7520.407095122534,
    "DEX_Call": 1090.488,
    "DEX_Put": -571.702,
    "DEX_Total": 518.786,
    "DEX_Ratio": 1.907441,
    "GEX_Call": 1380849.166,
    "GEX_Put": -1083214.137,
    "GEX_Total": 297635.029,
    "GEX_Ratio": 1.27477,
    "VEX_Call": -396179.078,
    "VEX_Put": 5851464.921,
    "VEX_Total": 5455285.843,
    "VEX_Ratio": -0.067706,
    "CEX_Call": -266581.883,
    "CEX_Put": 639076.229,
    "CEX_Total": 372494.346,
    "CEX_Ratio": -0.417136
}