{
    "timestamp": "2025-07-15 11:44:11",
    "cum_gam": 7044.366335665271,
    "cum_vec": 7160.822491384439,
    "DEX_Call": 1607.125,
    "DEX_Put": -753.172,
    "DEX_Total": 853.953,
    "DEX_Ratio": 2.133809,
    "GEX_Call": 2451469.643,
    "GEX_Put": -1831814.324,
    "GEX_Total": 619655.319,
    "GEX_Ratio": 1.338274,
    "VEX_Call": -466059.039,
    "VEX_Put": 7189891.181,
    "VEX_Total": 6723832.142,
    "VEX_Ratio": -0.064821,
    "CEX_Call": -533242.987,
    "CEX_Put": 1459431.346,
    "CEX_Total": 926188.359,
    "CEX_Ratio": -0.365377
}