{
    "timestamp": "2025-08-11 12:16:49",
    "cum_gam": 7015.7711229084225,
    "cum_vec": 7520.224543752066,
    "DEX_Call": 5654.876,
    "DEX_Put": -2144.926,
    "DEX_Total": 3509.95,
    "DEX_Ratio": 2.636397,
    "GEX_Call": 5370459.222,
    "GEX_Put": -4654575.076,
    "GEX_Total": 715884.146,
    "GEX_Ratio": 1.153802,
    "VEX_Call": 4302159.451,
    "VEX_Put": 16277557.372,
    "VEX_Total": 20579716.823,
    "VEX_Ratio": 0.2643,
    "CEX_Call": -64051.454,
    "CEX_Put": 2296222.286,
    "CEX_Total": 2232170.832,
    "CEX_Ratio": -0.027894
}