{
    "timestamp": "2025-10-10 11:09:47",
    "cum_gam": 7004.609834071933,
    "cum_vec": 8985.236033372055,
    "DEX_Call": 1256.662,
    "DEX_Put": -1890.856,
    "DEX_Total": -634.194,
    "DEX_Ratio": 0.6646,
    "GEX_Call": 3491089.163,
    "GEX_Put": -5367692.774,
    "GEX_Total": -1876603.611,
    "GEX_Ratio": 0.650389,
    "VEX_Call": -1479165.199,
    "VEX_Put": 5144843.178,
    "VEX_Total": 3665677.979,
    "VEX_Ratio": -0.287504,
    "CEX_Call": -2336977.787,
    "CEX_Put": 4585287.247,
    "CEX_Total": 2248309.46,
    "CEX_Ratio": -0.509669
}