{
    "timestamp": "2025-11-10 11:36:54",
    "cum_gam": 7001.487903361348,
    "cum_vec": 7711.674279613927,
    "DEX_Call": 1291.44,
    "DEX_Put": -847.227,
    "DEX_Total": 444.213,
    "DEX_Ratio": 1.524314,
    "GEX_Call": 3376939.623,
    "GEX_Put": -2659602.173,
    "GEX_Total": 717337.45,
    "GEX_Ratio": 1.269716,
    "VEX_Call": -322963.014,
    "VEX_Put": 3889014.946,
    "VEX_Total": 3566051.932,
    "VEX_Ratio": -0.083045,
    "CEX_Call": -762541.552,
    "CEX_Put": 2084302.176,
    "CEX_Total": 1321760.624,
    "CEX_Ratio": -0.36585
}