{
    "timestamp": "2025-09-16 09:52:06",
    "cum_gam": null,
    "cum_vec": null,
    "DEX_Call": 310.42,
    "DEX_Put": -142.089,
    "DEX_Total": 168.331,
    "DEX_Ratio": 2.184687,
    "GEX_Call": 1062392.151,
    "GEX_Put": -778304.587,
    "GEX_Total": 284087.564,
    "GEX_Ratio": 1.365008,
    "VEX_Call": -101149.825,
    "VEX_Put": 1311939.392,
    "VEX_Total": 1210789.567,
    "VEX_Ratio": -0.077099,
    "CEX_Call": -252798.883,
    "CEX_Put": 963603.318,
    "CEX_Total": 710804.435,
    "CEX_Ratio": -0.262347
}