{
    "timestamp": "2025-09-26 12:24:45",
    "cum_gam": null,
    "cum_vec": 8697.186068494146,
    "DEX_Call": 2140.901,
    "DEX_Put": -1516.242,
    "DEX_Total": 624.659,
    "DEX_Ratio": 1.411978,
    "GEX_Call": 5752272.356,
    "GEX_Put": -5226410.228,
    "GEX_Total": 525862.128,
    "GEX_Ratio": 1.100616,
    "VEX_Call": -1363180.245,
    "VEX_Put": 10871006.467,
    "VEX_Total": 9507826.222,
    "VEX_Ratio": -0.125396,
    "CEX_Call": -1608767.683,
    "CEX_Put": 3510926.862,
    "CEX_Total": 1902159.179,
    "CEX_Ratio": -0.458217
}