{
    "timestamp": "2025-10-17 12:36:27",
    "cum_gam": 7000.770225491613,
    "cum_vec": 8190.580270081319,
    "DEX_Call": 316.877,
    "DEX_Put": -444.797,
    "DEX_Total": -127.92,
    "DEX_Ratio": 0.712408,
    "GEX_Call": 1801803.797,
    "GEX_Put": -2183271.774,
    "GEX_Total": -381467.977,
    "GEX_Ratio": 0.825277,
    "VEX_Call": -886177.939,
    "VEX_Put": 2195544.93,
    "VEX_Total": 1309366.991,
    "VEX_Ratio": -0.403626,
    "CEX_Call": -1503579.555,
    "CEX_Put": 2652616.666,
    "CEX_Total": 1149037.111,
    "CEX_Ratio": -0.566829
}