{
    "timestamp": "2025-10-30 12:32:48",
    "cum_gam": null,
    "cum_vec": 7623.38800859702,
    "DEX_Call": 2438.903,
    "DEX_Put": -1370.969,
    "DEX_Total": 1067.934,
    "DEX_Ratio": 1.778963,
    "GEX_Call": 5799551.624,
    "GEX_Put": -4688874.967,
    "GEX_Total": 1110676.657,
    "GEX_Ratio": 1.236875,
    "VEX_Call": -1402333.139,
    "VEX_Put": 8777464.624,
    "VEX_Total": 7375131.485,
    "VEX_Ratio": -0.159765,
    "CEX_Call": -1768915.984,
    "CEX_Put": 3187635.33,
    "CEX_Total": 1418719.346,
    "CEX_Ratio": -0.55493
}