{
    "timestamp": "2025-10-17 06:39:56",
    "cum_gam": 5701.681960848836,
    "cum_vec": 7520.118447403555,
    "DEX_Call": 1924.133,
    "DEX_Put": -1582.48,
    "DEX_Total": 341.653,
    "DEX_Ratio": 1.215897,
    "GEX_Call": 2168712.585,
    "GEX_Put": -2473062.069,
    "GEX_Total": -304349.484,
    "GEX_Ratio": 0.876934,
    "VEX_Call": -1366436.249,
    "VEX_Put": 9868561.007,
    "VEX_Total": 8502124.758,
    "VEX_Ratio": -0.138464,
    "CEX_Call": -690205.664,
    "CEX_Put": 1767755.825,
    "CEX_Total": 1077550.161,
    "CEX_Ratio": -0.390442
}