{
    "timestamp": "2025-09-24 07:25:28",
    "cum_gam": null,
    "cum_vec": 7054.731121412098,
    "DEX_Call": 1162.284,
    "DEX_Put": -510.381,
    "DEX_Total": 651.903,
    "DEX_Ratio": 2.277287,
    "GEX_Call": 3047351.303,
    "GEX_Put": -2562500.938,
    "GEX_Total": 484850.365,
    "GEX_Ratio": 1.18921,
    "VEX_Call": -7056.318,
    "VEX_Put": 3016012.256,
    "VEX_Total": 3008955.938,
    "VEX_Ratio": -0.00234,
    "CEX_Call": -458014.917,
    "CEX_Put": 2657655.197,
    "CEX_Total": 2199640.28,
    "CEX_Ratio": -0.172338
}