{
    "timestamp": "2025-09-29 09:40:17",
    "cum_gam": null,
    "cum_vec": null,
    "DEX_Call": 215.943,
    "DEX_Put": -149.036,
    "DEX_Total": 66.907,
    "DEX_Ratio": 1.448932,
    "GEX_Call": 915530.806,
    "GEX_Put": -836782.127,
    "GEX_Total": 78748.679,
    "GEX_Ratio": 1.094109,
    "VEX_Call": -212768.876,
    "VEX_Put": 1157099.003,
    "VEX_Total": 944330.127,
    "VEX_Ratio": -0.183881,
    "CEX_Call": -298777.795,
    "CEX_Put": 694792.655,
    "CEX_Total": 396014.86,
    "CEX_Ratio": -0.430024
}