{
    "timestamp": "2025-10-24 10:23:31",
    "cum_gam": 8792.448979591836,
    "cum_vec": 8792.448979591836,
    "DEX_Call": 990.647,
    "DEX_Put": -305.574,
    "DEX_Total": 685.073,
    "DEX_Ratio": 3.241922,
    "GEX_Call": 4150724.182,
    "GEX_Put": -1881662.633,
    "GEX_Total": 2269061.549,
    "GEX_Ratio": 2.205881,
    "VEX_Call": -46766.733,
    "VEX_Put": 3293458.903,
    "VEX_Total": 3246692.17,
    "VEX_Ratio": -0.0142,
    "CEX_Call": -696093.699,
    "CEX_Put": 3830259.225,
    "CEX_Total": 3134165.526,
    "CEX_Ratio": -0.181735
}