{
    "timestamp": "2025-07-18 11:00:16",
    "cum_gam": 7021.550928603096,
    "cum_vec": 7118.643329940216,
    "DEX_Call": 1857.093,
    "DEX_Put": -827.967,
    "DEX_Total": 1029.126,
    "DEX_Ratio": 2.242955,
    "GEX_Call": 3041636.65,
    "GEX_Put": -2198577.079,
    "GEX_Total": 843059.571,
    "GEX_Ratio": 1.383457,
    "VEX_Call": -406584.281,
    "VEX_Put": 8261363.702,
    "VEX_Total": 7854779.421,
    "VEX_Ratio": -0.049215,
    "CEX_Call": -630059.115,
    "CEX_Put": 1839247.383,
    "CEX_Total": 1209188.268,
    "CEX_Ratio": -0.342564
}