{
    "timestamp": "2025-10-16 12:10:09",
    "cum_gam": 6551.013929254725,
    "cum_vec": 8199.020750757752,
    "DEX_Call": 226.26,
    "DEX_Put": -540.899,
    "DEX_Total": -314.639,
    "DEX_Ratio": 0.418304,
    "GEX_Call": 1059068.433,
    "GEX_Put": -1692447.951,
    "GEX_Total": -633379.518,
    "GEX_Ratio": 0.625761,
    "VEX_Call": -1016384.571,
    "VEX_Put": 1716947.425,
    "VEX_Total": 700562.854,
    "VEX_Ratio": -0.591972,
    "CEX_Call": -1339796.502,
    "CEX_Put": 1576691.644,
    "CEX_Total": 236895.142,
    "CEX_Ratio": -0.849752
}