{
    "timestamp": "2025-07-08 08:29:41",
    "cum_gam": null,
    "cum_vec": 7298.310515584038,
    "DEX_Call": 1363.649,
    "DEX_Put": -651.703,
    "DEX_Total": 711.946,
    "DEX_Ratio": 2.092439,
    "GEX_Call": 1835861.766,
    "GEX_Put": -1390992.957,
    "GEX_Total": 444868.809,
    "GEX_Ratio": 1.319821,
    "VEX_Call": -307005.498,
    "VEX_Put": 5998242.789,
    "VEX_Total": 5691237.291,
    "VEX_Ratio": -0.051183,
    "CEX_Call": -364623.466,
    "CEX_Put": 976096.839,
    "CEX_Total": 611473.373,
    "CEX_Ratio": -0.373553
}