{
    "timestamp": "2026-07-22 11:57:10",
    "cum_gam": null,
    "cum_vec": null,
    "DEX_Call": 521.47,
    "DEX_Put": -532.806,
    "DEX_Total": -11.336,
    "DEX_Ratio": 0.978724,
    "GEX_Call": 3053017.491,
    "GEX_Put": -2583672.259,
    "GEX_Total": 469345.232,
    "GEX_Ratio": 1.181658,
    "VEX_Call": -2005596.378,
    "VEX_Put": 2745025.21,
    "VEX_Total": 739428.832,
    "VEX_Ratio": -0.730629,
    "CEX_Call": -2078820.71,
    "CEX_Put": 1773593.785,
    "CEX_Total": -305226.925,
    "CEX_Ratio": -1.172095
}