{
    "timestamp": "2025-10-30 09:21:23",
    "cum_gam": 8789.333333333334,
    "cum_vec": 8789.333333333334,
    "DEX_Call": 575.692,
    "DEX_Put": -306.362,
    "DEX_Total": 269.33,
    "DEX_Ratio": 1.879123,
    "GEX_Call": 2229800.18,
    "GEX_Put": -1811620.583,
    "GEX_Total": 418179.597,
    "GEX_Ratio": 1.230832,
    "VEX_Call": -337424.601,
    "VEX_Put": 1720272.86,
    "VEX_Total": 1382848.259,
    "VEX_Ratio": -0.196146,
    "CEX_Call": -745322.97,
    "CEX_Put": 1601775.209,
    "CEX_Total": 856452.239,
    "CEX_Ratio": -0.465311
}