{
    "timestamp": "2025-07-15 09:44:25",
    "cum_gam": 7984.390243902439,
    "cum_vec": 7984.390243902439,
    "DEX_Call": 256.565,
    "DEX_Put": -125.425,
    "DEX_Total": 131.14,
    "DEX_Ratio": 2.045565,
    "GEX_Call": 1003652.145,
    "GEX_Put": -699091.043,
    "GEX_Total": 304561.102,
    "GEX_Ratio": 1.435653,
    "VEX_Call": -216801.124,
    "VEX_Put": 809705.8,
    "VEX_Total": 592904.676,
    "VEX_Ratio": -0.267753,
    "CEX_Call": -344044.705,
    "CEX_Put": 608056.623,
    "CEX_Total": 264011.918,
    "CEX_Ratio": -0.56581
}