{
    "timestamp": "2025-10-15 10:38:07",
    "cum_gam": 5455.532058039392,
    "cum_vec": 7519.522463832101,
    "DEX_Call": 1892.166,
    "DEX_Put": -1290.441,
    "DEX_Total": 601.725,
    "DEX_Ratio": 1.466294,
    "GEX_Call": 2088721.454,
    "GEX_Put": -2235241.786,
    "GEX_Total": -146520.332,
    "GEX_Ratio": 0.93445,
    "VEX_Call": -1055566.212,
    "VEX_Put": 9182022.102,
    "VEX_Total": 8126455.89,
    "VEX_Ratio": -0.11496,
    "CEX_Call": -582459.939,
    "CEX_Put": 1525187.754,
    "CEX_Total": 942727.815,
    "CEX_Ratio": -0.381894
}