{
    "timestamp": "2025-11-07 12:33:26",
    "cum_gam": 6713.769427985338,
    "cum_vec": 8796.292092319334,
    "DEX_Call": 132.694,
    "DEX_Put": -679.415,
    "DEX_Total": -546.721,
    "DEX_Ratio": 0.195306,
    "GEX_Call": 980785.827,
    "GEX_Put": -2361149.343,
    "GEX_Total": -1380363.516,
    "GEX_Ratio": 0.415385,
    "VEX_Call": -1057030.045,
    "VEX_Put": 881000.227,
    "VEX_Total": -176029.818,
    "VEX_Ratio": -1.199807,
    "CEX_Call": -1479171.358,
    "CEX_Put": 758752.937,
    "CEX_Total": -720418.421,
    "CEX_Ratio": -1.949477
}