{
    "timestamp": "2025-09-23 07:28:19",
    "cum_gam": null,
    "cum_vec": 7210.180442278363,
    "DEX_Call": 1184.687,
    "DEX_Put": -355.144,
    "DEX_Total": 829.543,
    "DEX_Ratio": 3.335793,
    "GEX_Call": 2946338.208,
    "GEX_Put": -1890273.761,
    "GEX_Total": 1056064.447,
    "GEX_Ratio": 1.558683,
    "VEX_Call": 185750.265,
    "VEX_Put": 3170243.739,
    "VEX_Total": 3355994.004,
    "VEX_Ratio": 0.058592,
    "CEX_Call": -313550.799,
    "CEX_Put": 2458279.151,
    "CEX_Total": 2144728.352,
    "CEX_Ratio": -0.127549
}