{
    "timestamp": "2025-10-09 11:20:15",
    "cum_gam": null,
    "cum_vec": 7521.087541325691,
    "DEX_Call": 1194.417,
    "DEX_Put": -796.749,
    "DEX_Total": 397.668,
    "DEX_Ratio": 1.499113,
    "GEX_Call": 1753770.767,
    "GEX_Put": -1604155.416,
    "GEX_Total": 149615.351,
    "GEX_Ratio": 1.093267,
    "VEX_Call": -809027.551,
    "VEX_Put": 7277485.269,
    "VEX_Total": 6468457.718,
    "VEX_Ratio": -0.111169,
    "CEX_Call": -410459.091,
    "CEX_Put": 973027.421,
    "CEX_Total": 562568.33,
    "CEX_Ratio": -0.421837
}