{
    "timestamp": "2025-09-18 12:13:19",
    "cum_gam": null,
    "cum_vec": 8057.124882038377,
    "DEX_Call": 1922.85,
    "DEX_Put": -967.965,
    "DEX_Total": 954.885,
    "DEX_Ratio": 1.986487,
    "GEX_Call": 3264647.67,
    "GEX_Put": -2653827.11,
    "GEX_Total": 610820.56,
    "GEX_Ratio": 1.230166,
    "VEX_Call": -10296.391,
    "VEX_Put": 11217053.304,
    "VEX_Total": 11206756.913,
    "VEX_Ratio": -0.000918,
    "CEX_Call": -480667.365,
    "CEX_Put": 2386765.304,
    "CEX_Total": 1906097.939,
    "CEX_Ratio": -0.201389
}