{
    "timestamp": "2025-09-12 06:38:43",
    "cum_gam": 7008.547147288018,
    "cum_vec": 7868.765588584046,
    "DEX_Call": 3709.723,
    "DEX_Put": -954.985,
    "DEX_Total": 2754.738,
    "DEX_Ratio": 3.884588,
    "GEX_Call": 9122260.128,
    "GEX_Put": -5986598.646,
    "GEX_Total": 3135661.482,
    "GEX_Ratio": 1.52378,
    "VEX_Call": 2477372.077,
    "VEX_Put": 9483994.672,
    "VEX_Total": 11961366.749,
    "VEX_Ratio": 0.261216,
    "CEX_Call": 675864.77,
    "CEX_Put": 8884239.606,
    "CEX_Total": 9560104.376,
    "CEX_Ratio": 0.076075
}