{
    "timestamp": "2025-11-12 09:11:24",
    "cum_gam": null,
    "cum_vec": 7933.172299314575,
    "DEX_Call": 5611.892,
    "DEX_Put": -2774.895,
    "DEX_Total": 2836.997,
    "DEX_Ratio": 2.02238,
    "GEX_Call": 7195076.372,
    "GEX_Put": -5415147.648,
    "GEX_Total": 1779928.724,
    "GEX_Ratio": 1.328694,
    "VEX_Call": 1142376.009,
    "VEX_Put": 19581997.94,
    "VEX_Total": 20724373.949,
    "VEX_Ratio": 0.058338,
    "CEX_Call": -938538.84,
    "CEX_Put": 2692562.426,
    "CEX_Total": 1754023.586,
    "CEX_Ratio": -0.348567
}