{
    "timestamp": "2025-09-03 09:23:16",
    "cum_gam": 5851.517701937692,
    "cum_vec": 5851.517701937692,
    "DEX_Call": 187.749,
    "DEX_Put": -229.607,
    "DEX_Total": -41.858,
    "DEX_Ratio": 0.817697,
    "GEX_Call": 1143072.237,
    "GEX_Put": -1170564.383,
    "GEX_Total": -27492.146,
    "GEX_Ratio": 0.976514,
    "VEX_Call": -503357.02,
    "VEX_Put": 1193764.793,
    "VEX_Total": 690407.773,
    "VEX_Ratio": -0.421655,
    "CEX_Call": -686719.402,
    "CEX_Put": 951239.447,
    "CEX_Total": 264520.045,
    "CEX_Ratio": -0.721921
}