{
    "timestamp": "2026-07-21 08:45:07",
    "cum_gam": 11988.57870506416,
    "cum_vec": 11988.57870506416,
    "DEX_Call": 2656.962,
    "DEX_Put": -2696.802,
    "DEX_Total": -39.84,
    "DEX_Ratio": 0.985227,
    "GEX_Call": 4064532.567,
    "GEX_Put": -4385407.935,
    "GEX_Total": -320875.368,
    "GEX_Ratio": 0.926831,
    "VEX_Call": -2974774.843,
    "VEX_Put": 11014154.464,
    "VEX_Total": 8039379.621,
    "VEX_Ratio": -0.270087,
    "CEX_Call": -1330925.754,
    "CEX_Put": 1724348.015,
    "CEX_Total": 393422.261,
    "CEX_Ratio": -0.771843
}