{
    "timestamp": "2025-10-30 08:36:00",
    "cum_gam": 8784.313725490196,
    "cum_vec": 8784.313725490196,
    "DEX_Call": 571.317,
    "DEX_Put": -323.797,
    "DEX_Total": 247.52,
    "DEX_Ratio": 1.76443,
    "GEX_Call": 2182160.482,
    "GEX_Put": -1838825.23,
    "GEX_Total": 343335.252,
    "GEX_Ratio": 1.186714,
    "VEX_Call": -388427.564,
    "VEX_Put": 1713904.479,
    "VEX_Total": 1325476.915,
    "VEX_Ratio": -0.226633,
    "CEX_Call": -787589.095,
    "CEX_Put": 1577631.103,
    "CEX_Total": 790042.008,
    "CEX_Ratio": -0.499223
}