{
    "timestamp": "2025-10-16 09:24:54",
    "cum_gam": 6454.337293651743,
    "cum_vec": 8199.866823518967,
    "DEX_Call": 280.402,
    "DEX_Put": -459.492,
    "DEX_Total": -179.09,
    "DEX_Ratio": 0.610243,
    "GEX_Call": 1331679.561,
    "GEX_Put": -1665958.18,
    "GEX_Total": -334278.619,
    "GEX_Ratio": 0.799348,
    "VEX_Call": -995509.828,
    "VEX_Put": 1908169.945,
    "VEX_Total": 912660.117,
    "VEX_Ratio": -0.521709,
    "CEX_Call": -1345912.111,
    "CEX_Put": 1775366.409,
    "CEX_Total": 429454.298,
    "CEX_Ratio": -0.758104
}