{
    "timestamp": "2025-11-20 13:06:38",
    "cum_gam": 8598.92857142857,
    "cum_vec": 8800.0,
    "DEX_Call": 300.669,
    "DEX_Put": -946.133,
    "DEX_Total": -645.464,
    "DEX_Ratio": 0.317787,
    "GEX_Call": 796293.458,
    "GEX_Put": -1920240.188,
    "GEX_Total": -1123946.73,
    "GEX_Ratio": 0.414684,
    "VEX_Call": -1043860.48,
    "VEX_Put": 1333774.79,
    "VEX_Total": 289914.31,
    "VEX_Ratio": -0.782636,
    "CEX_Call": -1266904.217,
    "CEX_Put": 1100586.004,
    "CEX_Total": -166318.213,
    "CEX_Ratio": -1.151118
}