{
    "timestamp": "2025-10-27 12:51:49",
    "cum_gam": null,
    "cum_vec": 8800.0,
    "DEX_Call": 536.251,
    "DEX_Put": -111.966,
    "DEX_Total": 424.285,
    "DEX_Ratio": 4.789409,
    "GEX_Call": 1473774.265,
    "GEX_Put": -612972.779,
    "GEX_Total": 860801.486,
    "GEX_Ratio": 2.404306,
    "VEX_Call": 231886.731,
    "VEX_Put": 1449741.017,
    "VEX_Total": 1681627.748,
    "VEX_Ratio": 0.15995,
    "CEX_Call": -51759.776,
    "CEX_Put": 915712.365,
    "CEX_Total": 863952.589,
    "CEX_Ratio": -0.056524
}