{
    "timestamp": "2025-11-05 09:45:55",
    "cum_gam": null,
    "cum_vec": 7806.732423437119,
    "DEX_Call": 5168.619,
    "DEX_Put": -2765.254,
    "DEX_Total": 2403.365,
    "DEX_Ratio": 1.86913,
    "GEX_Call": 6023054.729,
    "GEX_Put": -4816340.844,
    "GEX_Total": 1206713.885,
    "GEX_Ratio": 1.250546,
    "VEX_Call": 1046863.859,
    "VEX_Put": 18760637.305,
    "VEX_Total": 19807501.164,
    "VEX_Ratio": 0.055801,
    "CEX_Call": -782953.693,
    "CEX_Put": 2086361.153,
    "CEX_Total": 1303407.46,
    "CEX_Ratio": -0.375272
}