{
    "timestamp": "2025-07-16 11:02:28",
    "cum_gam": 7985.454545454545,
    "cum_vec": 7985.454545454545,
    "DEX_Call": 243.736,
    "DEX_Put": -167.478,
    "DEX_Total": 76.258,
    "DEX_Ratio": 1.455331,
    "GEX_Call": 1125151.641,
    "GEX_Put": -957241.895,
    "GEX_Total": 167909.746,
    "GEX_Ratio": 1.17541,
    "VEX_Call": -316539.359,
    "VEX_Put": 910618.475,
    "VEX_Total": 594079.116,
    "VEX_Ratio": -0.347609,
    "CEX_Call": -502227.036,
    "CEX_Put": 793964.936,
    "CEX_Total": 291737.9,
    "CEX_Ratio": -0.632556
}