{
    "timestamp": "2025-10-24 06:48:44",
    "cum_gam": null,
    "cum_vec": 7580.047956603766,
    "DEX_Call": 1962.41,
    "DEX_Put": -985.212,
    "DEX_Total": 977.198,
    "DEX_Ratio": 1.991866,
    "GEX_Call": 4240096.491,
    "GEX_Put": -2701133.45,
    "GEX_Total": 1538963.041,
    "GEX_Ratio": 1.569747,
    "VEX_Call": -1023564.101,
    "VEX_Put": 9359428.974,
    "VEX_Total": 8335864.873,
    "VEX_Ratio": -0.109362,
    "CEX_Call": -973698.148,
    "CEX_Put": 2295347.816,
    "CEX_Total": 1321649.668,
    "CEX_Ratio": -0.424205
}