{
    "timestamp": "2025-09-11 08:59:25",
    "cum_gam": 7008.957096727484,
    "cum_vec": 7516.3031911144935,
    "DEX_Call": 4641.145,
    "DEX_Put": -933.269,
    "DEX_Total": 3707.876,
    "DEX_Ratio": 4.972998,
    "GEX_Call": 8336220.745,
    "GEX_Put": -5035114.958,
    "GEX_Total": 3301105.787,
    "GEX_Ratio": 1.655617,
    "VEX_Call": 3808235.989,
    "VEX_Put": 10350438.784,
    "VEX_Total": 14158674.773,
    "VEX_Ratio": 0.36793,
    "CEX_Call": 1883373.433,
    "CEX_Put": 8534337.604,
    "CEX_Total": 10417711.037,
    "CEX_Ratio": 0.220682
}