{
    "timestamp": "2025-09-05 09:11:39",
    "cum_gam": null,
    "cum_vec": null,
    "DEX_Call": 284.73,
    "DEX_Put": -206.314,
    "DEX_Total": 78.416,
    "DEX_Ratio": 1.380081,
    "GEX_Call": 2329191.254,
    "GEX_Put": -1638897.762,
    "GEX_Total": 690293.492,
    "GEX_Ratio": 1.421194,
    "VEX_Call": -613721.73,
    "VEX_Put": 1532809.857,
    "VEX_Total": 919088.127,
    "VEX_Ratio": -0.40039,
    "CEX_Call": -1242778.638,
    "CEX_Put": 1868321.482,
    "CEX_Total": 625542.844,
    "CEX_Ratio": -0.665185
}