{
    "timestamp": "2025-10-27 08:35:18",
    "cum_gam": 11999.785981808454,
    "cum_vec": 11999.785981808454,
    "DEX_Call": 2220.67,
    "DEX_Put": -686.933,
    "DEX_Total": 1533.737,
    "DEX_Ratio": 3.232732,
    "GEX_Call": 4763608.555,
    "GEX_Put": -2390847.97,
    "GEX_Total": 2372760.585,
    "GEX_Ratio": 1.992435,
    "VEX_Call": -413402.799,
    "VEX_Put": 8820829.185,
    "VEX_Total": 8407426.386,
    "VEX_Ratio": -0.046867,
    "CEX_Call": -772356.644,
    "CEX_Put": 2675881.654,
    "CEX_Total": 1903525.01,
    "CEX_Ratio": -0.288636
}