{
    "timestamp": "2025-11-11 09:22:57",
    "cum_gam": null,
    "cum_vec": 7911.395863335768,
    "DEX_Call": 5570.675,
    "DEX_Put": -2799.148,
    "DEX_Total": 2771.527,
    "DEX_Ratio": 1.990132,
    "GEX_Call": 7172778.256,
    "GEX_Put": -5438238.016,
    "GEX_Total": 1734540.24,
    "GEX_Ratio": 1.318953,
    "VEX_Call": 871302.886,
    "VEX_Put": 19048672.185,
    "VEX_Total": 19919975.071,
    "VEX_Ratio": 0.045741,
    "CEX_Call": -980902.621,
    "CEX_Put": 2511806.38,
    "CEX_Total": 1530903.759,
    "CEX_Ratio": -0.390517
}