{
    "timestamp": "2025-10-14 09:16:45",
    "cum_gam": 5600.254101518857,
    "cum_vec": 7520.461313968441,
    "DEX_Call": 1769.563,
    "DEX_Put": -1211.708,
    "DEX_Total": 557.855,
    "DEX_Ratio": 1.460387,
    "GEX_Call": 1959386.611,
    "GEX_Put": -2150429.101,
    "GEX_Total": -191042.49,
    "GEX_Ratio": 0.911161,
    "VEX_Call": -1086650.35,
    "VEX_Put": 8382236.583,
    "VEX_Total": 7295586.233,
    "VEX_Ratio": -0.129637,
    "CEX_Call": -552532.143,
    "CEX_Put": 1331908.901,
    "CEX_Total": 779376.758,
    "CEX_Ratio": -0.414842
}