{
    "timestamp": "2025-09-02 12:32:32",
    "cum_gam": 6003.607375807169,
    "cum_vec": 7602.4676569238145,
    "DEX_Call": 1280.239,
    "DEX_Put": -1051.298,
    "DEX_Total": 228.941,
    "DEX_Ratio": 1.21777,
    "GEX_Call": 1277029.12,
    "GEX_Put": -1825853.646,
    "GEX_Total": -548824.526,
    "GEX_Ratio": 0.699415,
    "VEX_Call": 240315.816,
    "VEX_Put": 7439030.274,
    "VEX_Total": 7679346.09,
    "VEX_Ratio": 0.032305,
    "CEX_Call": -158621.476,
    "CEX_Put": 943221.004,
    "CEX_Total": 784599.528,
    "CEX_Ratio": -0.16817
}