{
    "timestamp": "2025-09-15 09:27:14",
    "cum_gam": null,
    "cum_vec": null,
    "DEX_Call": 298.448,
    "DEX_Put": -96.753,
    "DEX_Total": 201.695,
    "DEX_Ratio": 3.084638,
    "GEX_Call": 935844.003,
    "GEX_Put": -540463.583,
    "GEX_Total": 395380.42,
    "GEX_Ratio": 1.731558,
    "VEX_Call": 31552.802,
    "VEX_Put": 1098979.141,
    "VEX_Total": 1130531.943,
    "VEX_Ratio": 0.028711,
    "CEX_Call": -110699.396,
    "CEX_Put": 692072.637,
    "CEX_Total": 581373.241,
    "CEX_Ratio": -0.159953
}