{
    "timestamp": "2025-10-08 09:15:06",
    "cum_gam": 7003.874846083406,
    "cum_vec": 8999.167969109129,
    "DEX_Call": 1859.531,
    "DEX_Put": -806.509,
    "DEX_Total": 1053.022,
    "DEX_Ratio": 2.305654,
    "GEX_Call": 5348805.572,
    "GEX_Put": -3251021.207,
    "GEX_Total": 2097784.365,
    "GEX_Ratio": 1.645269,
    "VEX_Call": 320270.739,
    "VEX_Put": 5368121.723,
    "VEX_Total": 5688392.462,
    "VEX_Ratio": 0.059662,
    "CEX_Call": -670194.943,
    "CEX_Put": 3809888.741,
    "CEX_Total": 3139693.798,
    "CEX_Ratio": -0.175909
}