{
    "timestamp": "2025-08-21 09:39:33",
    "cum_gam": 6276.336552948383,
    "cum_vec": 8245.126353790614,
    "DEX_Call": 451.542,
    "DEX_Put": -518.061,
    "DEX_Total": -66.519,
    "DEX_Ratio": 0.8716,
    "GEX_Call": 1525213.147,
    "GEX_Put": -2151332.309,
    "GEX_Total": -626119.162,
    "GEX_Ratio": 0.708962,
    "VEX_Call": -730665.829,
    "VEX_Put": 1940269.892,
    "VEX_Total": 1209604.063,
    "VEX_Ratio": -0.376579,
    "CEX_Call": -1074541.347,
    "CEX_Put": 1715111.898,
    "CEX_Total": 640570.551,
    "CEX_Ratio": -0.626514
}