{
    "timestamp": "2025-08-04 11:56:38",
    "cum_gam": 7019.639990201072,
    "cum_vec": 7505.472290663977,
    "DEX_Call": 4844.601,
    "DEX_Put": -2315.572,
    "DEX_Total": 2529.029,
    "DEX_Ratio": 2.092183,
    "GEX_Call": 4573336.261,
    "GEX_Put": -4163670.41,
    "GEX_Total": 409665.851,
    "GEX_Ratio": 1.098391,
    "VEX_Call": 3581279.701,
    "VEX_Put": 14697387.478,
    "VEX_Total": 18278667.179,
    "VEX_Ratio": 0.243668,
    "CEX_Call": -145404.84,
    "CEX_Put": 1688755.73,
    "CEX_Total": 1543350.89,
    "CEX_Ratio": -0.086102
}