{
    "timestamp": "2025-10-20 09:36:45",
    "cum_gam": 8793.700787401574,
    "cum_vec": 8793.700787401574,
    "DEX_Call": 667.892,
    "DEX_Put": -359.886,
    "DEX_Total": 308.006,
    "DEX_Ratio": 1.855843,
    "GEX_Call": 1757080.467,
    "GEX_Put": -1382423.412,
    "GEX_Total": 374657.055,
    "GEX_Ratio": 1.271015,
    "VEX_Call": -417273.535,
    "VEX_Put": 3102484.15,
    "VEX_Total": 2685210.615,
    "VEX_Ratio": -0.134497,
    "CEX_Call": -581298.296,
    "CEX_Put": 1846640.032,
    "CEX_Total": 1265341.736,
    "CEX_Ratio": -0.314787
}