{
    "timestamp": "2025-09-29 09:36:38",
    "cum_gam": null,
    "cum_vec": null,
    "DEX_Call": 221.674,
    "DEX_Put": -148.737,
    "DEX_Total": 72.937,
    "DEX_Ratio": 1.490376,
    "GEX_Call": 916398.029,
    "GEX_Put": -837641.056,
    "GEX_Total": 78756.973,
    "GEX_Ratio": 1.094022,
    "VEX_Call": -209856.913,
    "VEX_Put": 1156537.19,
    "VEX_Total": 946680.277,
    "VEX_Ratio": -0.181453,
    "CEX_Call": -296621.949,
    "CEX_Put": 693953.524,
    "CEX_Total": 397331.575,
    "CEX_Ratio": -0.427438
}