{
    "timestamp": "2025-07-15 08:46:53",
    "cum_gam": 7043.538713691341,
    "cum_vec": 7161.118446433132,
    "DEX_Call": 1638.934,
    "DEX_Put": -739.363,
    "DEX_Total": 899.571,
    "DEX_Ratio": 2.216684,
    "GEX_Call": 2443264.524,
    "GEX_Put": -1793492.202,
    "GEX_Total": 649772.322,
    "GEX_Ratio": 1.362294,
    "VEX_Call": -414340.473,
    "VEX_Put": 7147420.874,
    "VEX_Total": 6733080.401,
    "VEX_Ratio": -0.057971,
    "CEX_Call": -516805.805,
    "CEX_Put": 1445301.635,
    "CEX_Total": 928495.83,
    "CEX_Ratio": -0.357576
}