{
    "timestamp": "2025-08-15 11:02:41",
    "cum_gam": 7006.35266408043,
    "cum_vec": 7545.163677227637,
    "DEX_Call": 4453.927,
    "DEX_Put": -1920.373,
    "DEX_Total": 2533.554,
    "DEX_Ratio": 2.319303,
    "GEX_Call": 5595772.614,
    "GEX_Put": -4875052.46,
    "GEX_Total": 720720.154,
    "GEX_Ratio": 1.147838,
    "VEX_Call": 2870729.875,
    "VEX_Put": 17572968.239,
    "VEX_Total": 20443698.114,
    "VEX_Ratio": 0.163361,
    "CEX_Call": -312488.328,
    "CEX_Put": 2845134.602,
    "CEX_Total": 2532646.274,
    "CEX_Ratio": -0.109833
}