{
    "timestamp": "2025-08-18 07:40:19",
    "cum_gam": 7006.929692809011,
    "cum_vec": 7499.079092344593,
    "DEX_Call": 6471.509,
    "DEX_Put": -2034.185,
    "DEX_Total": 4437.324,
    "DEX_Ratio": 3.181377,
    "GEX_Call": 6100425.82,
    "GEX_Put": -5191162.909,
    "GEX_Total": 909262.911,
    "GEX_Ratio": 1.175156,
    "VEX_Call": 2862625.137,
    "VEX_Put": 16808217.493,
    "VEX_Total": 19670842.63,
    "VEX_Ratio": 0.170311,
    "CEX_Call": -357697.958,
    "CEX_Put": 2976253.716,
    "CEX_Total": 2618555.758,
    "CEX_Ratio": -0.120184
}