{
    "timestamp": "2025-10-23 09:13:43",
    "cum_gam": 8791.25,
    "cum_vec": 8791.25,
    "DEX_Call": 664.707,
    "DEX_Put": -425.498,
    "DEX_Total": 239.209,
    "DEX_Ratio": 1.562186,
    "GEX_Call": 2610114.059,
    "GEX_Put": -2174917.156,
    "GEX_Total": 435196.903,
    "GEX_Ratio": 1.200098,
    "VEX_Call": -641502.03,
    "VEX_Put": 3145333.154,
    "VEX_Total": 2503831.124,
    "VEX_Ratio": -0.203954,
    "CEX_Call": -1136226.615,
    "CEX_Put": 2841866.544,
    "CEX_Total": 1705639.929,
    "CEX_Ratio": -0.399817
}