{
    "timestamp": "2025-07-15 10:15:13",
    "cum_gam": 7044.224911667953,
    "cum_vec": 7161.55239743951,
    "DEX_Call": 1601.001,
    "DEX_Put": -781.777,
    "DEX_Total": 819.224,
    "DEX_Ratio": 2.0479,
    "GEX_Call": 2417700.377,
    "GEX_Put": -1863085.792,
    "GEX_Total": 554614.585,
    "GEX_Ratio": 1.297686,
    "VEX_Call": -548359.123,
    "VEX_Put": 7179159.27,
    "VEX_Total": 6630800.147,
    "VEX_Ratio": -0.076382,
    "CEX_Call": -549729.089,
    "CEX_Put": 1450033.528,
    "CEX_Total": 900304.439,
    "CEX_Ratio": -0.379115
}