{
    "timestamp": "2025-07-21 11:09:58",
    "cum_gam": null,
    "cum_vec": 6824.438326178073,
    "DEX_Call": 509.415,
    "DEX_Put": -152.105,
    "DEX_Total": 357.31,
    "DEX_Ratio": 3.349101,
    "GEX_Call": 1726992.747,
    "GEX_Put": -781985.423,
    "GEX_Total": 945007.324,
    "GEX_Ratio": 2.208472,
    "VEX_Call": -397204.931,
    "VEX_Put": 1509556.886,
    "VEX_Total": 1112351.955,
    "VEX_Ratio": -0.263127,
    "CEX_Call": -552691.627,
    "CEX_Put": 993312.216,
    "CEX_Total": 440620.589,
    "CEX_Ratio": -0.556413
}