{
    "timestamp": "2025-09-04 11:51:42",
    "cum_gam": null,
    "cum_vec": null,
    "DEX_Call": 313.39,
    "DEX_Put": -147.594,
    "DEX_Total": 165.796,
    "DEX_Ratio": 2.123325,
    "GEX_Call": 1969650.06,
    "GEX_Put": -1080879.882,
    "GEX_Total": 888770.178,
    "GEX_Ratio": 1.822265,
    "VEX_Call": -380145.03,
    "VEX_Put": 1289214.254,
    "VEX_Total": 909069.224,
    "VEX_Ratio": -0.294866,
    "CEX_Call": -762351.019,
    "CEX_Put": 1322311.281,
    "CEX_Total": 559960.262,
    "CEX_Ratio": -0.576529
}