{
    "timestamp": "2025-10-23 10:47:45",
    "cum_gam": 8792.848020434227,
    "cum_vec": 8792.848020434227,
    "DEX_Call": 691.437,
    "DEX_Put": -381.228,
    "DEX_Total": 310.209,
    "DEX_Ratio": 1.81371,
    "GEX_Call": 2808588.266,
    "GEX_Put": -2046087.344,
    "GEX_Total": 762500.922,
    "GEX_Ratio": 1.372663,
    "VEX_Call": -528500.577,
    "VEX_Put": 3173121.983,
    "VEX_Total": 2644621.406,
    "VEX_Ratio": -0.166555,
    "CEX_Call": -1039556.964,
    "CEX_Put": 2934695.288,
    "CEX_Total": 1895138.324,
    "CEX_Ratio": -0.35423
}