{
    "timestamp": "2025-08-21 07:37:47",
    "cum_gam": 7008.9359410435345,
    "cum_vec": 7482.010413804128,
    "DEX_Call": 6153.246,
    "DEX_Put": -2785.649,
    "DEX_Total": 3367.597,
    "DEX_Ratio": 2.208909,
    "GEX_Call": 7101193.243,
    "GEX_Put": -6572681.931,
    "GEX_Total": 528511.312,
    "GEX_Ratio": 1.08041,
    "VEX_Call": 2915500.935,
    "VEX_Put": 16752497.497,
    "VEX_Total": 19667998.432,
    "VEX_Ratio": 0.174034,
    "CEX_Call": -514138.724,
    "CEX_Put": 3227918.055,
    "CEX_Total": 2713779.331,
    "CEX_Ratio": -0.159279
}