{
    "timestamp": "2025-09-22 06:42:47",
    "cum_gam": null,
    "cum_vec": 7059.608454337077,
    "DEX_Call": 976.466,
    "DEX_Put": -383.948,
    "DEX_Total": 592.518,
    "DEX_Ratio": 2.543225,
    "GEX_Call": 2431691.034,
    "GEX_Put": -1791551.586,
    "GEX_Total": 640139.448,
    "GEX_Ratio": 1.35731,
    "VEX_Call": 280712.579,
    "VEX_Put": 2835461.94,
    "VEX_Total": 3116174.519,
    "VEX_Ratio": 0.099001,
    "CEX_Call": -138939.872,
    "CEX_Put": 1906966.54,
    "CEX_Total": 1768026.668,
    "CEX_Ratio": -0.072859
}