{
    "timestamp": "2025-08-21 09:38:14",
    "cum_gam": 6276.877723293204,
    "cum_vec": 8323.888314374353,
    "DEX_Call": 490.195,
    "DEX_Put": -521.129,
    "DEX_Total": -30.934,
    "DEX_Ratio": 0.94064,
    "GEX_Call": 1518106.026,
    "GEX_Put": -2151710.579,
    "GEX_Total": -633604.553,
    "GEX_Ratio": 0.705534,
    "VEX_Call": -711971.58,
    "VEX_Put": 1935007.162,
    "VEX_Total": 1223035.582,
    "VEX_Ratio": -0.367943,
    "CEX_Call": -1056879.38,
    "CEX_Put": 1709066.003,
    "CEX_Total": 652186.623,
    "CEX_Ratio": -0.618396
}