{
    "timestamp": "2025-08-28 09:27:25",
    "cum_gam": 8107.692307692308,
    "cum_vec": 8107.692307692308,
    "DEX_Call": 318.237,
    "DEX_Put": -118.83,
    "DEX_Total": 199.407,
    "DEX_Ratio": 2.678086,
    "GEX_Call": 2125302.473,
    "GEX_Put": -1082971.134,
    "GEX_Total": 1042331.339,
    "GEX_Ratio": 1.962474,
    "VEX_Call": -318520.577,
    "VEX_Put": 1205863.638,
    "VEX_Total": 887343.061,
    "VEX_Ratio": -0.264143,
    "CEX_Call": -683241.072,
    "CEX_Put": 1074944.028,
    "CEX_Total": 391702.956,
    "CEX_Ratio": -0.635606
}