{
    "timestamp": "2025-10-09 06:50:30",
    "cum_gam": null,
    "cum_vec": 7522.278626623633,
    "DEX_Call": 1264.272,
    "DEX_Put": -736.405,
    "DEX_Total": 527.867,
    "DEX_Ratio": 1.716816,
    "GEX_Call": 1809075.5,
    "GEX_Put": -1538701.422,
    "GEX_Total": 270374.078,
    "GEX_Ratio": 1.175716,
    "VEX_Call": -610180.495,
    "VEX_Put": 7275512.206,
    "VEX_Total": 6665331.711,
    "VEX_Ratio": -0.083868,
    "CEX_Call": -383493.824,
    "CEX_Put": 972798.284,
    "CEX_Total": 589304.46,
    "CEX_Ratio": -0.394217
}