{
    "timestamp": "2025-11-18 09:54:05",
    "cum_gam": 5303.979586506861,
    "cum_vec": 7801.8150346311595,
    "DEX_Call": 6226.216,
    "DEX_Put": -5067.506,
    "DEX_Total": 1158.71,
    "DEX_Ratio": 1.228655,
    "GEX_Call": 6746484.769,
    "GEX_Put": -6966026.89,
    "GEX_Total": -219542.121,
    "GEX_Ratio": 0.968484,
    "VEX_Call": -4076488.52,
    "VEX_Put": 15768697.478,
    "VEX_Total": 11692208.958,
    "VEX_Ratio": -0.258518,
    "CEX_Call": -2026746.981,
    "CEX_Put": 2482662.312,
    "CEX_Total": 455915.331,
    "CEX_Ratio": -0.81636
}