{
    "timestamp": "2025-06-30 08:35:45",
    "cum_gam": null,
    "cum_vec": 8000.0,
    "DEX_Call": 420.894,
    "DEX_Put": -108.018,
    "DEX_Total": 312.876,
    "DEX_Ratio": 3.896517,
    "GEX_Call": 1048857.27,
    "GEX_Put": -598179.104,
    "GEX_Total": 450678.166,
    "GEX_Ratio": 1.753417,
    "VEX_Call": 69960.212,
    "VEX_Put": 947498.342,
    "VEX_Total": 1017458.554,
    "VEX_Ratio": 0.073837,
    "CEX_Call": -91223.333,
    "CEX_Put": 637015.05,
    "CEX_Total": 545791.717,
    "CEX_Ratio": -0.143204
}