{
    "timestamp": "2025-10-08 11:10:10",
    "cum_gam": null,
    "cum_vec": 7522.106872373992,
    "DEX_Call": 1232.463,
    "DEX_Put": -695.739,
    "DEX_Total": 536.724,
    "DEX_Ratio": 1.771444,
    "GEX_Call": 1714779.486,
    "GEX_Put": -1431355.994,
    "GEX_Total": 283423.492,
    "GEX_Ratio": 1.19801,
    "VEX_Call": -538784.761,
    "VEX_Put": 7075624.573,
    "VEX_Total": 6536839.812,
    "VEX_Ratio": -0.076147,
    "CEX_Call": -353315.248,
    "CEX_Put": 927749.554,
    "CEX_Total": 574434.306,
    "CEX_Ratio": -0.38083
}