{
    "timestamp": "2025-10-15 09:30:22",
    "cum_gam": 6204.3412767232785,
    "cum_vec": 8196.291914911923,
    "DEX_Call": 262.861,
    "DEX_Put": -352.628,
    "DEX_Total": -89.767,
    "DEX_Ratio": 0.745434,
    "GEX_Call": 1327120.49,
    "GEX_Put": -1394765.471,
    "GEX_Total": -67644.981,
    "GEX_Ratio": 0.951501,
    "VEX_Call": -751698.678,
    "VEX_Put": 1690939.519,
    "VEX_Total": 939240.841,
    "VEX_Ratio": -0.444545,
    "CEX_Call": -938464.431,
    "CEX_Put": 1319692.632,
    "CEX_Total": 381228.201,
    "CEX_Ratio": -0.711123
}