{
    "timestamp": "2025-09-15 11:22:08",
    "cum_gam": null,
    "cum_vec": 8000.891058075494,
    "DEX_Call": 2224.924,
    "DEX_Put": -919.415,
    "DEX_Total": 1305.509,
    "DEX_Ratio": 2.419934,
    "GEX_Call": 2761482.589,
    "GEX_Put": -2314060.967,
    "GEX_Total": 447421.622,
    "GEX_Ratio": 1.193349,
    "VEX_Call": 207288.372,
    "VEX_Put": 10457227.75,
    "VEX_Total": 10664516.122,
    "VEX_Ratio": 0.019822,
    "CEX_Call": -368640.751,
    "CEX_Put": 1989192.854,
    "CEX_Total": 1620552.103,
    "CEX_Ratio": -0.185322
}