{
    "timestamp": "2025-09-09 12:54:54",
    "cum_gam": 7009.219625973827,
    "cum_vec": 7499.099411693613,
    "DEX_Call": 3754.875,
    "DEX_Put": -1310.8,
    "DEX_Total": 2444.075,
    "DEX_Ratio": 2.864567,
    "GEX_Call": 7784956.626,
    "GEX_Put": -6175558.437,
    "GEX_Total": 1609398.189,
    "GEX_Ratio": 1.260608,
    "VEX_Call": 2630939.452,
    "VEX_Put": 10116202.304,
    "VEX_Total": 12747141.756,
    "VEX_Ratio": 0.260072,
    "CEX_Call": 538246.364,
    "CEX_Put": 6361811.282,
    "CEX_Total": 6900057.646,
    "CEX_Ratio": 0.084606
}