{
    "timestamp": "2025-09-17 10:37:51",
    "cum_gam": null,
    "cum_vec": null,
    "DEX_Call": 318.736,
    "DEX_Put": -180.757,
    "DEX_Total": 137.979,
    "DEX_Ratio": 1.76334,
    "GEX_Call": 1162800.181,
    "GEX_Put": -964840.856,
    "GEX_Total": 197959.325,
    "GEX_Ratio": 1.205173,
    "VEX_Call": -235163.001,
    "VEX_Put": 1416580.651,
    "VEX_Total": 1181417.65,
    "VEX_Ratio": -0.166007,
    "CEX_Call": -419848.435,
    "CEX_Put": 1211804.745,
    "CEX_Total": 791956.31,
    "CEX_Ratio": -0.346465
}