{
    "timestamp": "2025-09-05 07:05:25",
    "cum_gam": null,
    "cum_vec": null,
    "DEX_Call": 424.116,
    "DEX_Put": -129.289,
    "DEX_Total": 294.827,
    "DEX_Ratio": 3.280372,
    "GEX_Call": 2842430.643,
    "GEX_Put": -1191417.184,
    "GEX_Total": 1651013.459,
    "GEX_Ratio": 2.385756,
    "VEX_Call": -247242.292,
    "VEX_Put": 1526232.108,
    "VEX_Total": 1278989.816,
    "VEX_Ratio": -0.161995,
    "CEX_Call": -748137.421,
    "CEX_Put": 1856193.805,
    "CEX_Total": 1108056.384,
    "CEX_Ratio": -0.403049
}