{
    "timestamp": "2025-11-10 11:32:08",
    "cum_gam": 7001.547735494563,
    "cum_vec": 7723.818892427677,
    "DEX_Call": 1248.362,
    "DEX_Put": -861.295,
    "DEX_Total": 387.067,
    "DEX_Ratio": 1.449401,
    "GEX_Call": 3364453.553,
    "GEX_Put": -2676313.768,
    "GEX_Total": 688139.785,
    "GEX_Ratio": 1.257122,
    "VEX_Call": -396484.672,
    "VEX_Put": 3881913.178,
    "VEX_Total": 3485428.506,
    "VEX_Ratio": -0.102136,
    "CEX_Call": -807723.484,
    "CEX_Put": 2077382.588,
    "CEX_Total": 1269659.104,
    "CEX_Ratio": -0.388818
}