{
    "timestamp": "2025-07-28 09:25:35",
    "cum_gam": 7009.026213764133,
    "cum_vec": 7303.652421106426,
    "DEX_Call": 2086.183,
    "DEX_Put": -721.261,
    "DEX_Total": 1364.922,
    "DEX_Ratio": 2.892411,
    "GEX_Call": 5088831.64,
    "GEX_Put": -3020801.785,
    "GEX_Total": 2068029.855,
    "GEX_Ratio": 1.684596,
    "VEX_Call": -221509.556,
    "VEX_Put": 7992657.011,
    "VEX_Total": 7771147.455,
    "VEX_Ratio": -0.027714,
    "CEX_Call": -1005344.899,
    "CEX_Put": 3477555.701,
    "CEX_Total": 2472210.802,
    "CEX_Ratio": -0.289095
}