{
    "timestamp": "2025-10-17 08:46:07",
    "cum_gam": 7001.827288326763,
    "cum_vec": 8198.144392381751,
    "DEX_Call": 263.592,
    "DEX_Put": -612.657,
    "DEX_Total": -349.065,
    "DEX_Ratio": 0.430244,
    "GEX_Call": 1289366.748,
    "GEX_Put": -2215586.539,
    "GEX_Total": -926219.791,
    "GEX_Ratio": 0.581953,
    "VEX_Call": -1086531.709,
    "VEX_Put": 2080953.756,
    "VEX_Total": 994422.047,
    "VEX_Ratio": -0.522132,
    "CEX_Call": -1663445.869,
    "CEX_Put": 2392073.71,
    "CEX_Total": 728627.841,
    "CEX_Ratio": -0.695399
}