{
    "timestamp": "2025-09-26 09:44:32",
    "cum_gam": 6494.8759468186,
    "cum_vec": 6916.374613427144,
    "DEX_Call": 580.782,
    "DEX_Put": -634.934,
    "DEX_Total": -54.152,
    "DEX_Ratio": 0.914712,
    "GEX_Call": 3442962.699,
    "GEX_Put": -3976354.746,
    "GEX_Total": -533392.047,
    "GEX_Ratio": 0.865859,
    "VEX_Call": -772829.085,
    "VEX_Put": 2791670.998,
    "VEX_Total": 2018841.913,
    "VEX_Ratio": -0.276834,
    "CEX_Call": -1624525.565,
    "CEX_Put": 3624862.025,
    "CEX_Total": 2000336.46,
    "CEX_Ratio": -0.448162
}