{
    "timestamp": "2025-11-24 13:08:03",
    "cum_gam": 8399.394097675633,
    "cum_vec": 8575.757575757576,
    "DEX_Call": 233.048,
    "DEX_Put": -289.767,
    "DEX_Total": -56.719,
    "DEX_Ratio": 0.80426,
    "GEX_Call": 949318.985,
    "GEX_Put": -956283.027,
    "GEX_Total": -6964.042,
    "GEX_Ratio": 0.992718,
    "VEX_Call": -620506.143,
    "VEX_Put": 1639676.263,
    "VEX_Total": 1019170.12,
    "VEX_Ratio": -0.378432,
    "CEX_Call": -602922.164,
    "CEX_Put": 997525.168,
    "CEX_Total": 394603.004,
    "CEX_Ratio": -0.604418
}