{
    "timestamp": "2025-09-12 12:14:43",
    "cum_gam": null,
    "cum_vec": 7891.0457344794295,
    "DEX_Call": 1507.57,
    "DEX_Put": -858.277,
    "DEX_Total": 649.293,
    "DEX_Ratio": 1.756508,
    "GEX_Call": 2567246.891,
    "GEX_Put": -2145588.014,
    "GEX_Total": 421658.877,
    "GEX_Ratio": 1.196524,
    "VEX_Call": -98539.707,
    "VEX_Put": 10010452.949,
    "VEX_Total": 9911913.242,
    "VEX_Ratio": -0.009844,
    "CEX_Call": -407335.001,
    "CEX_Put": 1709776.518,
    "CEX_Total": 1302441.517,
    "CEX_Ratio": -0.238239
}