{
    "timestamp": "2025-08-12 12:43:02",
    "cum_gam": null,
    "cum_vec": null,
    "DEX_Call": 332.983,
    "DEX_Put": -104.343,
    "DEX_Total": 228.64,
    "DEX_Ratio": 3.191235,
    "GEX_Call": 1456888.201,
    "GEX_Put": -689226.258,
    "GEX_Total": 767661.943,
    "GEX_Ratio": 2.113803,
    "VEX_Call": -92327.71,
    "VEX_Put": 1319228.507,
    "VEX_Total": 1226900.797,
    "VEX_Ratio": -0.069986,
    "CEX_Call": -310268.086,
    "CEX_Put": 995608.825,
    "CEX_Total": 685340.739,
    "CEX_Ratio": -0.311637
}