{
    "timestamp": "2025-09-16 09:12:16",
    "cum_gam": null,
    "cum_vec": 8016.378055513727,
    "DEX_Call": 2246.391,
    "DEX_Put": -988.085,
    "DEX_Total": 1258.306,
    "DEX_Ratio": 2.27348,
    "GEX_Call": 2866714.517,
    "GEX_Put": -2457616.588,
    "GEX_Total": 409097.929,
    "GEX_Ratio": 1.166461,
    "VEX_Call": 36317.033,
    "VEX_Put": 10811570.589,
    "VEX_Total": 10847887.622,
    "VEX_Ratio": 0.003359,
    "CEX_Call": -426171.723,
    "CEX_Put": 2135847.083,
    "CEX_Total": 1709675.36,
    "CEX_Ratio": -0.199533
}