{
    "timestamp": "2025-08-20 11:47:30",
    "cum_gam": 6231.843031144855,
    "cum_vec": 8230.530973451327,
    "DEX_Call": 386.849,
    "DEX_Put": -431.344,
    "DEX_Total": -44.495,
    "DEX_Ratio": 0.896846,
    "GEX_Call": 1520984.152,
    "GEX_Put": -1893045.251,
    "GEX_Total": -372061.099,
    "GEX_Ratio": 0.803459,
    "VEX_Call": -653152.065,
    "VEX_Put": 1846535.226,
    "VEX_Total": 1193383.161,
    "VEX_Ratio": -0.353718,
    "CEX_Call": -885341.151,
    "CEX_Put": 1387976.698,
    "CEX_Total": 502635.547,
    "CEX_Ratio": -0.637865
}