{
    "timestamp": "2026-07-22 09:09:43",
    "cum_gam": null,
    "cum_vec": null,
    "DEX_Call": 574.598,
    "DEX_Put": -494.683,
    "DEX_Total": 79.915,
    "DEX_Ratio": 1.161548,
    "GEX_Call": 3383791.472,
    "GEX_Put": -2473261.288,
    "GEX_Total": 910530.184,
    "GEX_Ratio": 1.36815,
    "VEX_Call": -2020758.139,
    "VEX_Put": 2954523.475,
    "VEX_Total": 933765.336,
    "VEX_Ratio": -0.683954,
    "CEX_Call": -2126327.725,
    "CEX_Put": 1929854.826,
    "CEX_Total": -196472.899,
    "CEX_Ratio": -1.101807
}