{
    "timestamp": "2025-10-27 10:24:11",
    "cum_gam": null,
    "cum_vec": 8800.0,
    "DEX_Call": 496.331,
    "DEX_Put": -130.26,
    "DEX_Total": 366.071,
    "DEX_Ratio": 3.81031,
    "GEX_Call": 1488460.591,
    "GEX_Put": -680855.41,
    "GEX_Total": 807605.181,
    "GEX_Ratio": 2.186163,
    "VEX_Call": 72142.887,
    "VEX_Put": 1529954.281,
    "VEX_Total": 1602097.168,
    "VEX_Ratio": 0.047154,
    "CEX_Call": -168068.811,
    "CEX_Put": 953120.642,
    "CEX_Total": 785051.831,
    "CEX_Ratio": -0.176335
}