{
    "timestamp": "2025-11-10 09:41:53",
    "cum_gam": null,
    "cum_vec": 7720.042990188912,
    "DEX_Call": 4705.359,
    "DEX_Put": -2780.402,
    "DEX_Total": 1924.957,
    "DEX_Ratio": 1.69233,
    "GEX_Call": 6588169.979,
    "GEX_Put": -4900953.5,
    "GEX_Total": 1687216.479,
    "GEX_Ratio": 1.344263,
    "VEX_Call": -940064.963,
    "VEX_Put": 16243475.809,
    "VEX_Total": 15303410.846,
    "VEX_Ratio": -0.057873,
    "CEX_Call": -1193909.841,
    "CEX_Put": 2067147.058,
    "CEX_Total": 873237.217,
    "CEX_Ratio": -0.577564
}