{
    "timestamp": "2025-11-06 08:50:42",
    "cum_gam": 6688.163191680158,
    "cum_vec": 6688.163191680158,
    "DEX_Call": 189.83,
    "DEX_Put": -495.664,
    "DEX_Total": -305.834,
    "DEX_Ratio": 0.382981,
    "GEX_Call": 1103186.015,
    "GEX_Put": -1739851.281,
    "GEX_Total": -636665.266,
    "GEX_Ratio": 0.634069,
    "VEX_Call": -1109087.666,
    "VEX_Put": 1073603.281,
    "VEX_Total": -35484.385,
    "VEX_Ratio": -1.033052,
    "CEX_Call": -1308655.432,
    "CEX_Put": 858810.238,
    "CEX_Total": -449845.194,
    "CEX_Ratio": -1.5238
}