{
    "timestamp": "2025-08-07 07:45:36",
    "cum_gam": 7145.135722041259,
    "cum_vec": 7165.897799858057,
    "DEX_Call": 1160.551,
    "DEX_Put": -632.879,
    "DEX_Total": 527.672,
    "DEX_Ratio": 1.833764,
    "GEX_Call": 4534259.455,
    "GEX_Put": -2937852.264,
    "GEX_Total": 1596407.191,
    "GEX_Ratio": 1.543393,
    "VEX_Call": -1038233.047,
    "VEX_Put": 4223355.706,
    "VEX_Total": 3185122.659,
    "VEX_Ratio": -0.245831,
    "CEX_Call": -1886865.015,
    "CEX_Put": 3627187.12,
    "CEX_Total": 1740322.105,
    "CEX_Ratio": -0.520201
}