{
    "timestamp": "2025-09-19 11:41:11",
    "cum_gam": 8182.189781021898,
    "cum_vec": 8600.0,
    "DEX_Call": 386.617,
    "DEX_Put": -144.391,
    "DEX_Total": 242.226,
    "DEX_Ratio": 2.67757,
    "GEX_Call": 2370028.717,
    "GEX_Put": -1383217.854,
    "GEX_Total": 986810.863,
    "GEX_Ratio": 1.713417,
    "VEX_Call": -162626.466,
    "VEX_Put": 1654035.711,
    "VEX_Total": 1491409.245,
    "VEX_Ratio": -0.098321,
    "CEX_Call": -618190.574,
    "CEX_Put": 2110177.57,
    "CEX_Total": 1491986.996,
    "CEX_Ratio": -0.292957
}