{
    "timestamp": "2025-10-16 11:43:05",
    "cum_gam": 5805.194625003502,
    "cum_vec": 7520.448061328779,
    "DEX_Call": 1847.652,
    "DEX_Put": -1539.567,
    "DEX_Total": 308.085,
    "DEX_Ratio": 1.200111,
    "GEX_Call": 2013423.129,
    "GEX_Put": -2375397.68,
    "GEX_Total": -361974.551,
    "GEX_Ratio": 0.847615,
    "VEX_Call": -1301065.95,
    "VEX_Put": 9595177.568,
    "VEX_Total": 8294111.618,
    "VEX_Ratio": -0.135596,
    "CEX_Call": -640246.492,
    "CEX_Put": 1673293.705,
    "CEX_Total": 1033047.213,
    "CEX_Ratio": -0.382626
}