{
    "timestamp": "2025-11-21 09:42:00",
    "cum_gam": 5879.896059333134,
    "cum_vec": 7700.586103364847,
    "DEX_Call": 6454.681,
    "DEX_Put": -6010.095,
    "DEX_Total": 444.586,
    "DEX_Ratio": 1.073973,
    "GEX_Call": 7306087.349,
    "GEX_Put": -8065700.69,
    "GEX_Total": -759613.341,
    "GEX_Ratio": 0.905822,
    "VEX_Call": -5547883.981,
    "VEX_Put": 15503349.411,
    "VEX_Total": 9955465.43,
    "VEX_Ratio": -0.357851,
    "CEX_Call": -2664090.566,
    "CEX_Put": 2804341.373,
    "CEX_Total": 140250.807,
    "CEX_Ratio": -0.949988
}