{
    "timestamp": "2025-11-07 07:56:20",
    "cum_gam": 6706.085853937612,
    "cum_vec": 6706.085853937612,
    "DEX_Call": 135.931,
    "DEX_Put": -728.924,
    "DEX_Total": -592.993,
    "DEX_Ratio": 0.186482,
    "GEX_Call": 909280.09,
    "GEX_Put": -2266805.132,
    "GEX_Total": -1357525.042,
    "GEX_Ratio": 0.401128,
    "VEX_Call": -1123542.973,
    "VEX_Put": 828286.949,
    "VEX_Total": -295256.024,
    "VEX_Ratio": -1.356466,
    "CEX_Call": -1513078.073,
    "CEX_Put": 676380.718,
    "CEX_Total": -836697.355,
    "CEX_Ratio": -2.237021
}