{
    "timestamp": "2025-07-14 11:23:17",
    "cum_gam": 7989.152542372882,
    "cum_vec": 7989.152542372882,
    "DEX_Call": 242.551,
    "DEX_Put": -101.241,
    "DEX_Total": 141.31,
    "DEX_Ratio": 2.395778,
    "GEX_Call": 854120.137,
    "GEX_Put": -537942.139,
    "GEX_Total": 316177.998,
    "GEX_Ratio": 1.587755,
    "VEX_Call": -109058.201,
    "VEX_Put": 723889.487,
    "VEX_Total": 614831.286,
    "VEX_Ratio": -0.150656,
    "CEX_Call": -200996.993,
    "CEX_Put": 466517.297,
    "CEX_Total": 265520.304,
    "CEX_Ratio": -0.430846
}