{
    "timestamp": "2025-11-06 13:18:21",
    "cum_gam": 6691.872118438331,
    "cum_vec": 6691.872118438331,
    "DEX_Call": 198.406,
    "DEX_Put": -449.839,
    "DEX_Total": -251.433,
    "DEX_Ratio": 0.44106,
    "GEX_Call": 1185442.041,
    "GEX_Put": -1768878.212,
    "GEX_Total": -583436.171,
    "GEX_Ratio": 0.670166,
    "VEX_Call": -1007803.012,
    "VEX_Put": 1029427.24,
    "VEX_Total": 21624.228,
    "VEX_Ratio": -0.978994,
    "CEX_Call": -1234873.846,
    "CEX_Put": 843645.05,
    "CEX_Total": -391228.796,
    "CEX_Ratio": -1.463736
}