{
    "timestamp": "2025-08-08 08:06:14",
    "cum_gam": 7009.880254021954,
    "cum_vec": 7216.387454952761,
    "DEX_Call": 1158.966,
    "DEX_Put": -543.505,
    "DEX_Total": 615.461,
    "DEX_Ratio": 2.132393,
    "GEX_Call": 5496747.232,
    "GEX_Put": -3046263.275,
    "GEX_Total": 2450483.957,
    "GEX_Ratio": 1.804423,
    "VEX_Call": -876480.758,
    "VEX_Put": 3822771.377,
    "VEX_Total": 2946290.619,
    "VEX_Ratio": -0.229279,
    "CEX_Call": -2113953.643,
    "CEX_Put": 3956073.271,
    "CEX_Total": 1842119.628,
    "CEX_Ratio": -0.534357
}