{
    "timestamp": "2025-10-23 11:51:06",
    "cum_gam": 8792.422192151556,
    "cum_vec": 8792.422192151556,
    "DEX_Call": 731.612,
    "DEX_Put": -367.908,
    "DEX_Total": 363.704,
    "DEX_Ratio": 1.988573,
    "GEX_Call": 2827300.52,
    "GEX_Put": -2015952.329,
    "GEX_Total": 811348.191,
    "GEX_Ratio": 1.402464,
    "VEX_Call": -508526.981,
    "VEX_Put": 3088224.913,
    "VEX_Total": 2579697.932,
    "VEX_Ratio": -0.164666,
    "CEX_Call": -1026783.032,
    "CEX_Put": 2874115.083,
    "CEX_Total": 1847332.051,
    "CEX_Ratio": -0.357252
}