{
    "timestamp": "2025-10-27 06:28:49",
    "cum_gam": 11999.489216799091,
    "cum_vec": 11999.489216799091,
    "DEX_Call": 1854.716,
    "DEX_Put": -939.192,
    "DEX_Total": 915.524,
    "DEX_Ratio": 1.9748,
    "GEX_Call": 4327123.057,
    "GEX_Put": -2890756.63,
    "GEX_Total": 1436366.427,
    "GEX_Ratio": 1.496883,
    "VEX_Call": -1623945.366,
    "VEX_Put": 9189030.56,
    "VEX_Total": 7565085.194,
    "VEX_Ratio": -0.176727,
    "CEX_Call": -1283960.525,
    "CEX_Put": 2726998.658,
    "CEX_Total": 1443038.133,
    "CEX_Ratio": -0.470833
}