{
    "timestamp": "2025-10-22 10:55:19",
    "cum_gam": 6471.517895655591,
    "cum_vec": 6471.517895655591,
    "DEX_Call": 546.866,
    "DEX_Put": -575.841,
    "DEX_Total": -28.975,
    "DEX_Ratio": 0.949682,
    "GEX_Call": 1608185.52,
    "GEX_Put": -2062294.27,
    "GEX_Total": -454108.75,
    "GEX_Ratio": 0.779804,
    "VEX_Call": -963149.884,
    "VEX_Put": 2888437.64,
    "VEX_Total": 1925287.756,
    "VEX_Ratio": -0.33345,
    "CEX_Call": -1185717.57,
    "CEX_Put": 2156359.226,
    "CEX_Total": 970641.656,
    "CEX_Ratio": -0.54987
}