{
    "timestamp": "2025-11-11 12:18:06",
    "cum_gam": null,
    "cum_vec": 7934.628295269017,
    "DEX_Call": 5758.411,
    "DEX_Put": -2595.315,
    "DEX_Total": 3163.096,
    "DEX_Ratio": 2.218772,
    "GEX_Call": 7142540.244,
    "GEX_Put": -5221196.942,
    "GEX_Total": 1921343.302,
    "GEX_Ratio": 1.367989,
    "VEX_Call": 1891351.415,
    "VEX_Put": 19317966.739,
    "VEX_Total": 21209318.154,
    "VEX_Ratio": 0.097906,
    "CEX_Call": -798305.025,
    "CEX_Put": 2588787.534,
    "CEX_Total": 1790482.509,
    "CEX_Ratio": -0.30837
}