{
    "timestamp": "2025-11-10 09:55:10",
    "cum_gam": 7002.138399060237,
    "cum_vec": 7703.087034054302,
    "DEX_Call": 1088.868,
    "DEX_Put": -1001.904,
    "DEX_Total": 86.964,
    "DEX_Ratio": 1.086799,
    "GEX_Call": 3163589.031,
    "GEX_Put": -2816164.877,
    "GEX_Total": 347424.154,
    "GEX_Ratio": 1.123368,
    "VEX_Call": -917910.639,
    "VEX_Put": 3696676.828,
    "VEX_Total": 2778766.189,
    "VEX_Ratio": -0.248307,
    "CEX_Call": -1111170.572,
    "CEX_Put": 1925868.603,
    "CEX_Total": 814698.031,
    "CEX_Ratio": -0.576971
}