{
    "timestamp": "2025-10-24 08:48:31",
    "cum_gam": 8793.497363796134,
    "cum_vec": 8793.497363796134,
    "DEX_Call": 1031.416,
    "DEX_Put": -303.154,
    "DEX_Total": 728.262,
    "DEX_Ratio": 3.402284,
    "GEX_Call": 4141478.405,
    "GEX_Put": -1863278.46,
    "GEX_Total": 2278199.945,
    "GEX_Ratio": 2.222684,
    "VEX_Call": -9944.472,
    "VEX_Put": 3282244.826,
    "VEX_Total": 3272300.354,
    "VEX_Ratio": -0.00303,
    "CEX_Call": -635766.878,
    "CEX_Put": 3779748.017,
    "CEX_Total": 3143981.139,
    "CEX_Ratio": -0.168204
}