{
    "timestamp": "2025-11-17 13:34:25",
    "cum_gam": null,
    "cum_vec": 7808.271281076553,
    "DEX_Call": 6098.475,
    "DEX_Put": -3897.49,
    "DEX_Total": 2200.985,
    "DEX_Ratio": 1.564719,
    "GEX_Call": 6554977.242,
    "GEX_Put": -5642842.274,
    "GEX_Total": 912134.968,
    "GEX_Ratio": 1.161645,
    "VEX_Call": -2919920.759,
    "VEX_Put": 14403417.916,
    "VEX_Total": 11483497.157,
    "VEX_Ratio": -0.202724,
    "CEX_Call": -1716807.575,
    "CEX_Put": 2299152.334,
    "CEX_Total": 582344.759,
    "CEX_Ratio": -0.746713
}