{
    "timestamp": "2025-08-15 11:12:50",
    "cum_gam": 8180.246913580247,
    "cum_vec": 8400.0,
    "DEX_Call": 367.724,
    "DEX_Put": -162.309,
    "DEX_Total": 205.415,
    "DEX_Ratio": 2.26558,
    "GEX_Call": 2630301.587,
    "GEX_Put": -1521034.34,
    "GEX_Total": 1109267.247,
    "GEX_Ratio": 1.729285,
    "VEX_Call": -345190.578,
    "VEX_Put": 1484011.916,
    "VEX_Total": 1138821.338,
    "VEX_Ratio": -0.232606,
    "CEX_Call": -934109.692,
    "CEX_Put": 1754597.542,
    "CEX_Total": 820487.85,
    "CEX_Ratio": -0.532378
}