{
    "timestamp": "2025-10-09 10:48:51",
    "cum_gam": 7004.068703190654,
    "cum_vec": 9032.31871934294,
    "DEX_Call": 1881.446,
    "DEX_Put": -1003.782,
    "DEX_Total": 877.664,
    "DEX_Ratio": 1.874357,
    "GEX_Call": 5325256.145,
    "GEX_Put": -4140026.532,
    "GEX_Total": 1185229.613,
    "GEX_Ratio": 1.286286,
    "VEX_Call": -144421.295,
    "VEX_Put": 5667751.798,
    "VEX_Total": 5523330.503,
    "VEX_Ratio": -0.025481,
    "CEX_Call": -1128818.358,
    "CEX_Put": 4673997.456,
    "CEX_Total": 3545179.098,
    "CEX_Ratio": -0.24151
}