{
    "timestamp": "2025-09-03 09:36:11",
    "cum_gam": 5306.139430267821,
    "cum_vec": 9037.113621677661,
    "DEX_Call": 1469.102,
    "DEX_Put": -986.485,
    "DEX_Total": 482.617,
    "DEX_Ratio": 1.489229,
    "GEX_Call": 1717959.231,
    "GEX_Put": -1825409.297,
    "GEX_Total": -107450.066,
    "GEX_Ratio": 0.941136,
    "VEX_Call": -294154.148,
    "VEX_Put": 7892803.053,
    "VEX_Total": 7598648.905,
    "VEX_Ratio": -0.037269,
    "CEX_Call": -315804.692,
    "CEX_Put": 1036117.69,
    "CEX_Total": 720312.998,
    "CEX_Ratio": -0.304796
}