{
    "timestamp": "2025-09-10 12:01:03",
    "cum_gam": null,
    "cum_vec": 7599.4354842505045,
    "DEX_Call": 1738.973,
    "DEX_Put": -906.64,
    "DEX_Total": 832.333,
    "DEX_Ratio": 1.918041,
    "GEX_Call": 2217574.05,
    "GEX_Put": -2100665.588,
    "GEX_Total": 116908.462,
    "GEX_Ratio": 1.055653,
    "VEX_Call": -427564.182,
    "VEX_Put": 9727235.921,
    "VEX_Total": 9299671.739,
    "VEX_Ratio": -0.043955,
    "CEX_Call": -432840.489,
    "CEX_Put": 1569898.037,
    "CEX_Total": 1137057.548,
    "CEX_Ratio": -0.275712
}