{
    "timestamp": "2025-08-27 10:27:03",
    "cum_gam": 7008.161402010842,
    "cum_vec": 7487.121941212524,
    "DEX_Call": 4640.614,
    "DEX_Put": -2122.929,
    "DEX_Total": 2517.685,
    "DEX_Ratio": 2.185949,
    "GEX_Call": 8682444.619,
    "GEX_Put": -6870510.617,
    "GEX_Total": 1811934.002,
    "GEX_Ratio": 1.263726,
    "VEX_Call": 2120552.381,
    "VEX_Put": 17401655.851,
    "VEX_Total": 19522208.232,
    "VEX_Ratio": 0.121859,
    "CEX_Call": -950774.806,
    "CEX_Put": 4937570.02,
    "CEX_Total": 3986795.214,
    "CEX_Ratio": -0.192559
}