{
    "timestamp": "2025-09-12 11:34:02",
    "cum_gam": 7008.515769969696,
    "cum_vec": 7611.79065338968,
    "DEX_Call": 3366.467,
    "DEX_Put": -854.292,
    "DEX_Total": 2512.175,
    "DEX_Ratio": 3.940651,
    "GEX_Call": 9110010.969,
    "GEX_Put": -5498174.752,
    "GEX_Total": 3611836.217,
    "GEX_Ratio": 1.656916,
    "VEX_Call": 2323330.563,
    "VEX_Put": 9324736.198,
    "VEX_Total": 11648066.761,
    "VEX_Ratio": 0.249158,
    "CEX_Call": 652903.921,
    "CEX_Put": 9106101.098,
    "CEX_Total": 9759005.019,
    "CEX_Ratio": 0.0717
}