{
    "timestamp": "2025-10-28 10:54:47",
    "cum_gam": null,
    "cum_vec": 8800.0,
    "DEX_Call": 639.012,
    "DEX_Put": -138.956,
    "DEX_Total": 500.056,
    "DEX_Ratio": 4.598664,
    "GEX_Call": 1770027.412,
    "GEX_Put": -785004.321,
    "GEX_Total": 985023.091,
    "GEX_Ratio": 2.2548,
    "VEX_Call": 279574.912,
    "VEX_Put": 1645509.01,
    "VEX_Total": 1925083.922,
    "VEX_Ratio": 0.169902,
    "CEX_Call": -49497.809,
    "CEX_Put": 1192441.536,
    "CEX_Total": 1142943.727,
    "CEX_Ratio": -0.04151
}