{
    "timestamp": "2025-08-25 12:44:29",
    "cum_gam": null,
    "cum_vec": 7483.2177464276065,
    "DEX_Call": 3998.098,
    "DEX_Put": -1852.633,
    "DEX_Total": 2145.465,
    "DEX_Ratio": 2.158063,
    "GEX_Call": 7560911.806,
    "GEX_Put": -6163010.07,
    "GEX_Total": 1397901.736,
    "GEX_Ratio": 1.226821,
    "VEX_Call": 1325693.102,
    "VEX_Put": 15619117.603,
    "VEX_Total": 16944810.705,
    "VEX_Ratio": 0.084876,
    "CEX_Call": -942686.434,
    "CEX_Put": 3803495.182,
    "CEX_Total": 2860808.748,
    "CEX_Ratio": -0.247847
}