{
    "timestamp": "2025-10-24 12:20:05",
    "cum_gam": null,
    "cum_vec": 7604.2855621081835,
    "DEX_Call": 2033.725,
    "DEX_Put": -945.731,
    "DEX_Total": 1087.994,
    "DEX_Ratio": 2.150426,
    "GEX_Call": 4289263.342,
    "GEX_Put": -2637631.024,
    "GEX_Total": 1651632.318,
    "GEX_Ratio": 1.62618,
    "VEX_Call": -798477.207,
    "VEX_Put": 9277638.647,
    "VEX_Total": 8479161.44,
    "VEX_Ratio": -0.086065,
    "CEX_Call": -906512.964,
    "CEX_Put": 2307370.114,
    "CEX_Total": 1400857.15,
    "CEX_Ratio": -0.392877
}