{
    "timestamp": "2025-11-03 13:10:37",
    "cum_gam": null,
    "cum_vec": null,
    "DEX_Call": 291.643,
    "DEX_Put": -171.85,
    "DEX_Total": 119.793,
    "DEX_Ratio": 1.697079,
    "GEX_Call": 1063236.598,
    "GEX_Put": -799165.14,
    "GEX_Total": 264071.458,
    "GEX_Ratio": 1.330434,
    "VEX_Call": -324291.994,
    "VEX_Put": 1043951.219,
    "VEX_Total": 719659.225,
    "VEX_Ratio": -0.310639,
    "CEX_Call": -379985.817,
    "CEX_Put": 606031.392,
    "CEX_Total": 226045.575,
    "CEX_Ratio": -0.627007
}