{
    "timestamp": "2026-07-21 12:35:41",
    "cum_gam": 11987.410389865461,
    "cum_vec": 11987.410389865461,
    "DEX_Call": 2685.906,
    "DEX_Put": -2660.526,
    "DEX_Total": 25.38,
    "DEX_Ratio": 1.009539,
    "GEX_Call": 4099785.321,
    "GEX_Put": -4370780.933,
    "GEX_Total": -270995.612,
    "GEX_Ratio": 0.937998,
    "VEX_Call": -2984202.215,
    "VEX_Put": 10970262.947,
    "VEX_Total": 7986060.732,
    "VEX_Ratio": -0.272026,
    "CEX_Call": -1339335.984,
    "CEX_Put": 1731182.707,
    "CEX_Total": 391846.723,
    "CEX_Ratio": -0.773654
}