{
    "timestamp": "2025-10-16 06:42:10",
    "cum_gam": 5716.385688944947,
    "cum_vec": 8193.810252214436,
    "DEX_Call": 336.561,
    "DEX_Put": -360.046,
    "DEX_Total": -23.485,
    "DEX_Ratio": 0.934772,
    "GEX_Call": 1579985.679,
    "GEX_Put": -1599412.52,
    "GEX_Total": -19426.841,
    "GEX_Ratio": 0.987854,
    "VEX_Call": -810497.405,
    "VEX_Put": 1925872.274,
    "VEX_Total": 1115374.869,
    "VEX_Ratio": -0.420847,
    "CEX_Call": -1152657.873,
    "CEX_Put": 1770068.082,
    "CEX_Total": 617410.209,
    "CEX_Ratio": -0.651194
}