{
    "timestamp": "2025-07-07 10:44:42",
    "cum_gam": null,
    "cum_vec": 7635.014985014985,
    "DEX_Call": 1663.764,
    "DEX_Put": -459.013,
    "DEX_Total": 1204.751,
    "DEX_Ratio": 3.624656,
    "GEX_Call": 2772162.996,
    "GEX_Put": -1796389.854,
    "GEX_Total": 975773.142,
    "GEX_Ratio": 1.543186,
    "VEX_Call": 804032.801,
    "VEX_Put": 3841254.209,
    "VEX_Total": 4645287.01,
    "VEX_Ratio": 0.209315,
    "CEX_Call": 90941.689,
    "CEX_Put": 2356283.436,
    "CEX_Total": 2447225.125,
    "CEX_Ratio": 0.038595
}