{
    "timestamp": "2025-07-15 09:59:17",
    "cum_gam": 7976.6423357664235,
    "cum_vec": 7976.6423357664235,
    "DEX_Call": 262.063,
    "DEX_Put": -135.849,
    "DEX_Total": 126.214,
    "DEX_Ratio": 1.929076,
    "GEX_Call": 969502.374,
    "GEX_Put": -732933.944,
    "GEX_Total": 236568.43,
    "GEX_Ratio": 1.322769,
    "VEX_Call": -234289.388,
    "VEX_Put": 788955.246,
    "VEX_Total": 554665.858,
    "VEX_Ratio": -0.296962,
    "CEX_Call": -356001.428,
    "CEX_Put": 586622.699,
    "CEX_Total": 230621.271,
    "CEX_Ratio": -0.606866
}