{
    "timestamp": "2025-11-18 10:02:27",
    "cum_gam": 8599.445246599285,
    "cum_vec": 8800.0,
    "DEX_Call": 266.014,
    "DEX_Put": -736.936,
    "DEX_Total": -470.922,
    "DEX_Ratio": 0.360973,
    "GEX_Call": 794963.086,
    "GEX_Put": -1539144.751,
    "GEX_Total": -744181.665,
    "GEX_Ratio": 0.516497,
    "VEX_Call": -1178360.345,
    "VEX_Put": 1245966.091,
    "VEX_Total": 67605.746,
    "VEX_Ratio": -0.94574,
    "CEX_Call": -1067488.887,
    "CEX_Put": 702065.607,
    "CEX_Total": -365423.28,
    "CEX_Ratio": -1.520497
}