{
    "timestamp": "2025-10-09 12:32:11",
    "cum_gam": null,
    "cum_vec": 7520.656833027593,
    "DEX_Call": 1185.716,
    "DEX_Put": -778.01,
    "DEX_Total": 407.706,
    "DEX_Ratio": 1.524037,
    "GEX_Call": 1773782.85,
    "GEX_Put": -1596852.642,
    "GEX_Total": 176930.208,
    "GEX_Ratio": 1.110799,
    "VEX_Call": -773337.421,
    "VEX_Put": 7210864.51,
    "VEX_Total": 6437527.089,
    "VEX_Ratio": -0.107246,
    "CEX_Call": -407722.969,
    "CEX_Put": 963319.078,
    "CEX_Total": 555596.109,
    "CEX_Ratio": -0.423248
}