{
    "timestamp": "2025-09-09 08:24:02",
    "cum_gam": 7009.3205186559335,
    "cum_vec": 7486.779969232143,
    "DEX_Call": 3579.676,
    "DEX_Put": -1462.155,
    "DEX_Total": 2117.521,
    "DEX_Ratio": 2.448219,
    "GEX_Call": 7824025.637,
    "GEX_Put": -6562289.737,
    "GEX_Total": 1261735.9,
    "GEX_Ratio": 1.192271,
    "VEX_Call": 2173400.755,
    "VEX_Put": 9796956.54,
    "VEX_Total": 11970357.295,
    "VEX_Ratio": 0.221844,
    "CEX_Call": 174258.19,
    "CEX_Put": 5951482.949,
    "CEX_Total": 6125741.139,
    "CEX_Ratio": 0.02928
}