{
    "timestamp": "2025-08-22 08:21:19",
    "cum_gam": null,
    "cum_vec": 7883.720930232558,
    "DEX_Call": 671.409,
    "DEX_Put": -206.924,
    "DEX_Total": 464.485,
    "DEX_Ratio": 3.244713,
    "GEX_Call": 3326625.86,
    "GEX_Put": -1611347.778,
    "GEX_Total": 1715278.082,
    "GEX_Ratio": 2.064499,
    "VEX_Call": -290999.148,
    "VEX_Put": 2084487.402,
    "VEX_Total": 1793488.254,
    "VEX_Ratio": -0.139602,
    "CEX_Call": -973229.219,
    "CEX_Put": 2349192.797,
    "CEX_Total": 1375963.578,
    "CEX_Ratio": -0.414282
}