{
    "timestamp": "2025-11-12 13:30:14",
    "cum_gam": null,
    "cum_vec": 7821.772874024284,
    "DEX_Call": 5783.55,
    "DEX_Put": -2639.822,
    "DEX_Total": 3143.728,
    "DEX_Ratio": 2.190886,
    "GEX_Call": 7227962.631,
    "GEX_Put": -5350604.05,
    "GEX_Total": 1877358.581,
    "GEX_Ratio": 1.350869,
    "VEX_Call": 1881909.59,
    "VEX_Put": 19684717.427,
    "VEX_Total": 21566627.017,
    "VEX_Ratio": 0.095603,
    "CEX_Call": -809121.354,
    "CEX_Put": 2729971.548,
    "CEX_Total": 1920850.194,
    "CEX_Ratio": -0.296385
}