{
    "timestamp": "2025-11-11 09:16:10",
    "cum_gam": null,
    "cum_vec": 7791.811893766763,
    "DEX_Call": 1353.669,
    "DEX_Put": -936.967,
    "DEX_Total": 416.702,
    "DEX_Ratio": 1.444735,
    "GEX_Call": 3946243.125,
    "GEX_Put": -3139847.769,
    "GEX_Total": 806395.356,
    "GEX_Ratio": 1.256826,
    "VEX_Call": -1066710.624,
    "VEX_Put": 4592396.841,
    "VEX_Total": 3525686.217,
    "VEX_Ratio": -0.232278,
    "CEX_Call": -1401191.201,
    "CEX_Put": 2766115.092,
    "CEX_Total": 1364923.891,
    "CEX_Ratio": -0.506556
}