{
    "timestamp": "2025-11-12 12:14:27",
    "cum_gam": null,
    "cum_vec": 7916.006244755277,
    "DEX_Call": 5686.539,
    "DEX_Put": -2627.187,
    "DEX_Total": 3059.352,
    "DEX_Ratio": 2.164497,
    "GEX_Call": 7249316.853,
    "GEX_Put": -5340563.698,
    "GEX_Total": 1908753.155,
    "GEX_Ratio": 1.357407,
    "VEX_Call": 1793076.994,
    "VEX_Put": 19555212.904,
    "VEX_Total": 21348289.898,
    "VEX_Ratio": 0.091693,
    "CEX_Call": -829301.576,
    "CEX_Put": 2702395.317,
    "CEX_Total": 1873093.741,
    "CEX_Ratio": -0.306876
}