{
    "timestamp": "2025-08-15 08:02:58",
    "cum_gam": 8190.751445086706,
    "cum_vec": 8400.0,
    "DEX_Call": 343.729,
    "DEX_Put": -189.198,
    "DEX_Total": 154.531,
    "DEX_Ratio": 1.816769,
    "GEX_Call": 2482844.886,
    "GEX_Put": -1593250.306,
    "GEX_Total": 889594.58,
    "GEX_Ratio": 1.558352,
    "VEX_Call": -413661.546,
    "VEX_Put": 1499601.363,
    "VEX_Total": 1085939.817,
    "VEX_Ratio": -0.275848,
    "CEX_Call": -995055.783,
    "CEX_Put": 1738602.75,
    "CEX_Total": 743546.967,
    "CEX_Ratio": -0.572331
}