{
    "timestamp": "2025-07-22 07:59:40",
    "cum_gam": 7023.028458639301,
    "cum_vec": 7202.1975733236495,
    "DEX_Call": 2018.804,
    "DEX_Put": -915.236,
    "DEX_Total": 1103.568,
    "DEX_Ratio": 2.205774,
    "GEX_Call": 3457722.734,
    "GEX_Put": -2587004.98,
    "GEX_Total": 870717.754,
    "GEX_Ratio": 1.336574,
    "VEX_Call": -485790.468,
    "VEX_Put": 8235823.64,
    "VEX_Total": 7750033.172,
    "VEX_Ratio": -0.058985,
    "CEX_Call": -780158.134,
    "CEX_Put": 2177934.115,
    "CEX_Total": 1397775.981,
    "CEX_Ratio": -0.35821
}