{
    "timestamp": "2025-10-13 10:01:16",
    "cum_gam": 5352.021903011544,
    "cum_vec": 7625.492674507122,
    "DEX_Call": 1590.01,
    "DEX_Put": -957.935,
    "DEX_Total": 632.075,
    "DEX_Ratio": 1.659831,
    "GEX_Call": 1737562.014,
    "GEX_Put": -1783272.133,
    "GEX_Total": -45710.119,
    "GEX_Ratio": 0.974367,
    "VEX_Call": -681973.381,
    "VEX_Put": 7224644.368,
    "VEX_Total": 6542670.987,
    "VEX_Ratio": -0.094395,
    "CEX_Call": -428178.518,
    "CEX_Put": 1103616.647,
    "CEX_Total": 675438.129,
    "CEX_Ratio": -0.387978
}