{
    "timestamp": "2025-10-15 10:36:55",
    "cum_gam": 6501.63268155607,
    "cum_vec": 8194.132416476283,
    "DEX_Call": 239.441,
    "DEX_Put": -424.483,
    "DEX_Total": -185.042,
    "DEX_Ratio": 0.564077,
    "GEX_Call": 1083641.165,
    "GEX_Put": -1444674.415,
    "GEX_Total": -361033.25,
    "GEX_Ratio": 0.750094,
    "VEX_Call": -847486.087,
    "VEX_Put": 1558166.961,
    "VEX_Total": 710680.874,
    "VEX_Ratio": -0.543899,
    "CEX_Call": -998915.73,
    "CEX_Put": 1193562.142,
    "CEX_Total": 194646.412,
    "CEX_Ratio": -0.83692
}