{
    "timestamp": "2025-08-15 12:24:40",
    "cum_gam": 7006.596232025212,
    "cum_vec": 7536.950664687662,
    "DEX_Call": 4437.658,
    "DEX_Put": -1976.226,
    "DEX_Total": 2461.432,
    "DEX_Ratio": 2.245522,
    "GEX_Call": 5632798.961,
    "GEX_Put": -4955855.124,
    "GEX_Total": 676943.837,
    "GEX_Ratio": 1.136595,
    "VEX_Call": 2779219.568,
    "VEX_Put": 17615346.224,
    "VEX_Total": 20394565.792,
    "VEX_Ratio": 0.157773,
    "CEX_Call": -338588.825,
    "CEX_Put": 2852932.159,
    "CEX_Total": 2514343.334,
    "CEX_Ratio": -0.118681
}