{
    "timestamp": "2025-08-06 12:52:44",
    "cum_gam": 7018.344873365089,
    "cum_vec": 7484.969956132267,
    "DEX_Call": 5458.533,
    "DEX_Put": -2341.092,
    "DEX_Total": 3117.441,
    "DEX_Ratio": 2.331618,
    "GEX_Call": 4991314.757,
    "GEX_Put": -4478080.835,
    "GEX_Total": 513233.922,
    "GEX_Ratio": 1.11461,
    "VEX_Call": 4361173.146,
    "VEX_Put": 16211684.108,
    "VEX_Total": 20572857.254,
    "VEX_Ratio": 0.269014,
    "CEX_Call": -63167.673,
    "CEX_Put": 1978952.209,
    "CEX_Total": 1915784.536,
    "CEX_Ratio": -0.03192
}