{
    "timestamp": "2025-11-13 10:35:48",
    "cum_gam": 5801.225298405265,
    "cum_vec": 7777.671913178689,
    "DEX_Call": 1190.321,
    "DEX_Put": -1174.783,
    "DEX_Total": 15.538,
    "DEX_Ratio": 1.013226,
    "GEX_Call": 3770437.033,
    "GEX_Put": -3811311.671,
    "GEX_Total": -40874.638,
    "GEX_Ratio": 0.989275,
    "VEX_Call": -1509505.307,
    "VEX_Put": 4304235.678,
    "VEX_Total": 2794730.371,
    "VEX_Ratio": -0.350702,
    "CEX_Call": -2090980.267,
    "CEX_Put": 3404314.775,
    "CEX_Total": 1313334.508,
    "CEX_Ratio": -0.614215
}