{
    "timestamp": "2025-11-25 09:03:22",
    "cum_gam": 8398.26497780312,
    "cum_vec": 8632.608695652174,
    "DEX_Call": 284.178,
    "DEX_Put": -307.424,
    "DEX_Total": -23.246,
    "DEX_Ratio": 0.924385,
    "GEX_Call": 1231032.422,
    "GEX_Put": -1119679.358,
    "GEX_Total": 111353.064,
    "GEX_Ratio": 1.099451,
    "VEX_Call": -827792.959,
    "VEX_Put": 1819318.831,
    "VEX_Total": 991525.872,
    "VEX_Ratio": -0.455002,
    "CEX_Call": -799081.811,
    "CEX_Put": 1325828.986,
    "CEX_Total": 526747.175,
    "CEX_Ratio": -0.602704
}