{
    "timestamp": "2026-07-20 11:57:37",
    "cum_gam": 7267.601122013559,
    "cum_vec": 7267.601122013559,
    "DEX_Call": 378.693,
    "DEX_Put": -666.28,
    "DEX_Total": -287.587,
    "DEX_Ratio": 0.568369,
    "GEX_Call": 1825727.403,
    "GEX_Put": -2206573.054,
    "GEX_Total": -380845.651,
    "GEX_Ratio": 0.827404,
    "VEX_Call": -2033232.694,
    "VEX_Put": 2195782.338,
    "VEX_Total": 162549.644,
    "VEX_Ratio": -0.925972,
    "CEX_Call": -1525476.393,
    "CEX_Put": 978909.862,
    "CEX_Total": -546566.531,
    "CEX_Ratio": -1.558342
}