{
    "timestamp": "2025-06-26 10:06:08",
    "cum_gam": null,
    "cum_vec": 6405.404516115289,
    "DEX_Call": 574.073,
    "DEX_Put": -180.642,
    "DEX_Total": 393.431,
    "DEX_Ratio": 3.17796,
    "GEX_Call": 2755731.349,
    "GEX_Put": -1173450.699,
    "GEX_Total": 1582280.65,
    "GEX_Ratio": 2.3484,
    "VEX_Call": -54783.48,
    "VEX_Put": 1651703.988,
    "VEX_Total": 1596920.508,
    "VEX_Ratio": -0.033168,
    "CEX_Call": -528429.01,
    "CEX_Put": 2257921.748,
    "CEX_Total": 1729492.738,
    "CEX_Ratio": -0.234033
}