{
    "timestamp": "2025-10-10 09:37:41",
    "cum_gam": 7004.584794012856,
    "cum_vec": 8950.82320356978,
    "DEX_Call": 2148.522,
    "DEX_Put": -1674.4,
    "DEX_Total": 474.122,
    "DEX_Ratio": 1.283159,
    "GEX_Call": 4040374.976,
    "GEX_Put": -5466277.317,
    "GEX_Total": -1425902.341,
    "GEX_Ratio": 0.739146,
    "VEX_Call": -886446.094,
    "VEX_Put": 5812221.783,
    "VEX_Total": 4925775.689,
    "VEX_Ratio": -0.152514,
    "CEX_Call": -1793841.758,
    "CEX_Put": 5326344.928,
    "CEX_Total": 3532503.17,
    "CEX_Ratio": -0.336787
}