{
    "timestamp": "2025-10-22 11:02:10",
    "cum_gam": 8784.19452887538,
    "cum_vec": 8784.19452887538,
    "DEX_Call": 570.592,
    "DEX_Put": -569.913,
    "DEX_Total": 0.679,
    "DEX_Ratio": 1.001191,
    "GEX_Call": 1696226.181,
    "GEX_Put": -2013347.824,
    "GEX_Total": -317121.643,
    "GEX_Ratio": 0.84249,
    "VEX_Call": -934623.911,
    "VEX_Put": 3030718.232,
    "VEX_Total": 2096094.321,
    "VEX_Ratio": -0.308384,
    "CEX_Call": -1169229.319,
    "CEX_Put": 2295208.032,
    "CEX_Total": 1125978.713,
    "CEX_Ratio": -0.509422
}