{
    "timestamp": "2025-06-30 12:26:45",
    "cum_gam": 7002.404275369507,
    "cum_vec": 7226.469093716403,
    "DEX_Call": 3123.849,
    "DEX_Put": -694.046,
    "DEX_Total": 2429.803,
    "DEX_Ratio": 4.500925,
    "GEX_Call": 6463999.667,
    "GEX_Put": -3045840.486,
    "GEX_Total": 3418159.181,
    "GEX_Ratio": 2.122238,
    "VEX_Call": 1429540.135,
    "VEX_Put": 7318962.906,
    "VEX_Total": 8748503.041,
    "VEX_Ratio": 0.19532,
    "CEX_Call": 50988.351,
    "CEX_Put": 5037454.58,
    "CEX_Total": 5088442.931,
    "CEX_Ratio": 0.010122
}