{
    "timestamp": "2025-10-10 07:41:53",
    "cum_gam": null,
    "cum_vec": 7523.15161172953,
    "DEX_Call": 1229.816,
    "DEX_Put": -792.305,
    "DEX_Total": 437.511,
    "DEX_Ratio": 1.5522,
    "GEX_Call": 1902967.752,
    "GEX_Put": -1660291.108,
    "GEX_Total": 242676.644,
    "GEX_Ratio": 1.146165,
    "VEX_Call": -779525.384,
    "VEX_Put": 7469141.631,
    "VEX_Total": 6689616.247,
    "VEX_Ratio": -0.104366,
    "CEX_Call": -433059.64,
    "CEX_Put": 1025557.005,
    "CEX_Total": 592497.365,
    "CEX_Ratio": -0.422268
}