{
    "timestamp": "2025-09-09 07:27:10",
    "cum_gam": null,
    "cum_vec": 9040.995417618513,
    "DEX_Call": 1622.913,
    "DEX_Put": -948.56,
    "DEX_Total": 674.353,
    "DEX_Ratio": 1.710923,
    "GEX_Call": 2126410.764,
    "GEX_Put": -2088754.72,
    "GEX_Total": 37656.044,
    "GEX_Ratio": 1.018028,
    "VEX_Call": -294172.891,
    "VEX_Put": 9014135.845,
    "VEX_Total": 8719962.954,
    "VEX_Ratio": -0.032635,
    "CEX_Call": -395011.858,
    "CEX_Put": 1404363.08,
    "CEX_Total": 1009351.222,
    "CEX_Ratio": -0.281275
}