{
    "timestamp": "2025-07-23 08:40:14",
    "cum_gam": 7023.0785214670805,
    "cum_vec": 7170.780711825488,
    "DEX_Call": 2104.066,
    "DEX_Put": -815.075,
    "DEX_Total": 1288.991,
    "DEX_Ratio": 2.581439,
    "GEX_Call": 3767375.292,
    "GEX_Put": -2571551.001,
    "GEX_Total": 1195824.291,
    "GEX_Ratio": 1.465021,
    "VEX_Call": -318707.54,
    "VEX_Put": 8081429.856,
    "VEX_Total": 7762722.316,
    "VEX_Ratio": -0.039437,
    "CEX_Call": -757999.471,
    "CEX_Put": 2266230.417,
    "CEX_Total": 1508230.946,
    "CEX_Ratio": -0.334476
}