{
    "timestamp": "2025-10-24 06:46:35",
    "cum_gam": 8793.576388888889,
    "cum_vec": 8793.576388888889,
    "DEX_Call": 976.424,
    "DEX_Put": -308.657,
    "DEX_Total": 667.767,
    "DEX_Ratio": 3.16346,
    "GEX_Call": 4058250.572,
    "GEX_Put": -1873623.768,
    "GEX_Total": 2184626.804,
    "GEX_Ratio": 2.16599,
    "VEX_Call": -68646.454,
    "VEX_Put": 3219966.001,
    "VEX_Total": 3151319.547,
    "VEX_Ratio": -0.021319,
    "CEX_Call": -722246.456,
    "CEX_Put": 3617565.034,
    "CEX_Total": 2895318.578,
    "CEX_Ratio": -0.19965
}