{
    "timestamp": "2025-09-12 10:55:47",
    "cum_gam": null,
    "cum_vec": 7886.726476170543,
    "DEX_Call": 1535.712,
    "DEX_Put": -860.299,
    "DEX_Total": 675.413,
    "DEX_Ratio": 1.785091,
    "GEX_Call": 2567797.474,
    "GEX_Put": -2158809.03,
    "GEX_Total": 408988.444,
    "GEX_Ratio": 1.189451,
    "VEX_Call": -118881.463,
    "VEX_Put": 9938486.634,
    "VEX_Total": 9819605.171,
    "VEX_Ratio": -0.011962,
    "CEX_Call": -413002.153,
    "CEX_Put": 1690025.503,
    "CEX_Total": 1277023.35,
    "CEX_Ratio": -0.244376
}