{
    "timestamp": "2025-11-19 12:42:49",
    "cum_gam": 8599.029047657577,
    "cum_vec": 8800.0,
    "DEX_Call": 279.41,
    "DEX_Put": -823.424,
    "DEX_Total": -544.014,
    "DEX_Ratio": 0.339327,
    "GEX_Call": 882306.3,
    "GEX_Put": -1747925.216,
    "GEX_Total": -865618.916,
    "GEX_Ratio": 0.504773,
    "VEX_Call": -1203066.191,
    "VEX_Put": 1303296.258,
    "VEX_Total": 100230.067,
    "VEX_Ratio": -0.923095,
    "CEX_Call": -1272554.09,
    "CEX_Put": 880258.303,
    "CEX_Total": -392295.787,
    "CEX_Ratio": -1.44566
}