{
    "timestamp": "2025-07-09 10:34:15",
    "cum_gam": 7010.7506150123,
    "cum_vec": 7195.83192121614,
    "DEX_Call": 1419.513,
    "DEX_Put": -635.347,
    "DEX_Total": 784.166,
    "DEX_Ratio": 2.234233,
    "GEX_Call": 1985860.115,
    "GEX_Put": -1468320.045,
    "GEX_Total": 517540.07,
    "GEX_Ratio": 1.352471,
    "VEX_Call": -327251.649,
    "VEX_Put": 6520393.372,
    "VEX_Total": 6193141.723,
    "VEX_Ratio": -0.050189,
    "CEX_Call": -396263.033,
    "CEX_Put": 1083562.112,
    "CEX_Total": 687299.079,
    "CEX_Ratio": -0.365704
}