{
    "timestamp": "2025-10-16 11:24:34",
    "cum_gam": 5804.874199655279,
    "cum_vec": 7520.427762061275,
    "DEX_Call": 1863.645,
    "DEX_Put": -1528.39,
    "DEX_Total": 335.255,
    "DEX_Ratio": 1.219352,
    "GEX_Call": 2021356.107,
    "GEX_Put": -2379114.548,
    "GEX_Total": -357758.441,
    "GEX_Ratio": 0.849625,
    "VEX_Call": -1274316.236,
    "VEX_Put": 9597363.204,
    "VEX_Total": 8323046.968,
    "VEX_Ratio": -0.132778,
    "CEX_Call": -635992.007,
    "CEX_Put": 1672118.175,
    "CEX_Total": 1036126.168,
    "CEX_Ratio": -0.380351
}