{
    "timestamp": "2025-09-04 09:49:50",
    "cum_gam": null,
    "cum_vec": null,
    "DEX_Call": 287.662,
    "DEX_Put": -171.966,
    "DEX_Total": 115.696,
    "DEX_Ratio": 1.672784,
    "GEX_Call": 1833991.57,
    "GEX_Put": -1166636.941,
    "GEX_Total": 667354.629,
    "GEX_Ratio": 1.572033,
    "VEX_Call": -473279.382,
    "VEX_Put": 1325512.159,
    "VEX_Total": 852232.777,
    "VEX_Ratio": -0.357054,
    "CEX_Call": -854128.981,
    "CEX_Put": 1329463.792,
    "CEX_Total": 475334.811,
    "CEX_Ratio": -0.642461
}