{
    "timestamp": "2025-11-13 10:23:38",
    "cum_gam": null,
    "cum_vec": 7821.206280701983,
    "DEX_Call": 5327.784,
    "DEX_Put": -3360.069,
    "DEX_Total": 1967.715,
    "DEX_Ratio": 1.585617,
    "GEX_Call": 7068096.003,
    "GEX_Put": -5937919.731,
    "GEX_Total": 1130176.272,
    "GEX_Ratio": 1.190332,
    "VEX_Call": -1129940.135,
    "VEX_Put": 18509083.743,
    "VEX_Total": 17379143.608,
    "VEX_Ratio": -0.061048,
    "CEX_Call": -1341867.012,
    "CEX_Put": 2550445.872,
    "CEX_Total": 1208578.86,
    "CEX_Ratio": -0.52613
}