{
    "timestamp": "2025-09-08 12:07:49",
    "cum_gam": 7009.398030290058,
    "cum_vec": 7590.456668570852,
    "DEX_Call": 3413.807,
    "DEX_Put": -1407.946,
    "DEX_Total": 2005.861,
    "DEX_Ratio": 2.424672,
    "GEX_Call": 7432878.597,
    "GEX_Put": -6109723.945,
    "GEX_Total": 1323154.652,
    "GEX_Ratio": 1.216565,
    "VEX_Call": 2115846.418,
    "VEX_Put": 9451132.611,
    "VEX_Total": 11566979.029,
    "VEX_Ratio": 0.223872,
    "CEX_Call": 138676.459,
    "CEX_Put": 5202184.024,
    "CEX_Total": 5340860.483,
    "CEX_Ratio": 0.026657
}