{
    "timestamp": "2025-10-07 11:39:01",
    "cum_gam": 7003.675922723243,
    "cum_vec": 8978.911369397809,
    "DEX_Call": 1798.013,
    "DEX_Put": -970.768,
    "DEX_Total": 827.245,
    "DEX_Ratio": 1.852155,
    "GEX_Call": 4508128.532,
    "GEX_Put": -3354678.075,
    "GEX_Total": 1153450.457,
    "GEX_Ratio": 1.343833,
    "VEX_Call": -258231.068,
    "VEX_Put": 5632408.771,
    "VEX_Total": 5374177.703,
    "VEX_Ratio": -0.045847,
    "CEX_Call": -962175.952,
    "CEX_Put": 3508910.177,
    "CEX_Total": 2546734.225,
    "CEX_Ratio": -0.274209
}