{
    "timestamp": "2025-09-23 12:43:35",
    "cum_gam": null,
    "cum_vec": 8668.342724009224,
    "DEX_Call": 2267.383,
    "DEX_Put": -1374.678,
    "DEX_Total": 892.705,
    "DEX_Ratio": 1.649392,
    "GEX_Call": 4282137.234,
    "GEX_Put": -3725615.493,
    "GEX_Total": 556521.741,
    "GEX_Ratio": 1.149377,
    "VEX_Call": -612615.025,
    "VEX_Put": 11491365.873,
    "VEX_Total": 10878750.848,
    "VEX_Ratio": -0.053311,
    "CEX_Call": -863427.5,
    "CEX_Put": 3117238.444,
    "CEX_Total": 2253810.944,
    "CEX_Ratio": -0.276985
}