{
    "timestamp": "2025-08-26 09:59:23",
    "cum_gam": 7008.426157398466,
    "cum_vec": 7481.756972139283,
    "DEX_Call": 4736.696,
    "DEX_Put": -2258.533,
    "DEX_Total": 2478.163,
    "DEX_Ratio": 2.097245,
    "GEX_Call": 8228451.457,
    "GEX_Put": -7038846.422,
    "GEX_Total": 1189605.035,
    "GEX_Ratio": 1.169006,
    "VEX_Call": 1539880.164,
    "VEX_Put": 16887869.512,
    "VEX_Total": 18427749.676,
    "VEX_Ratio": 0.091183,
    "CEX_Call": -1073647.584,
    "CEX_Put": 4333357.955,
    "CEX_Total": 3259710.371,
    "CEX_Ratio": -0.247763
}