{
    "timestamp": "2025-10-10 08:03:42",
    "cum_gam": 7004.441792879258,
    "cum_vec": 8920.751532600332,
    "DEX_Call": 1711.213,
    "DEX_Put": -1432.416,
    "DEX_Total": 278.797,
    "DEX_Ratio": 1.194634,
    "GEX_Call": 4720228.561,
    "GEX_Put": -5241896.577,
    "GEX_Total": -521668.016,
    "GEX_Ratio": 0.900481,
    "VEX_Call": -972051.235,
    "VEX_Put": 5813500.428,
    "VEX_Total": 4841449.193,
    "VEX_Ratio": -0.167206,
    "CEX_Call": -2038536.236,
    "CEX_Put": 5477773.047,
    "CEX_Total": 3439236.811,
    "CEX_Ratio": -0.372147
}