{
    "timestamp": "2025-08-05 10:17:45",
    "cum_gam": 7009.913460731789,
    "cum_vec": 7213.770894494039,
    "DEX_Call": 1566.355,
    "DEX_Put": -860.946,
    "DEX_Total": 705.409,
    "DEX_Ratio": 1.819342,
    "GEX_Call": 3248875.193,
    "GEX_Put": -3010770.319,
    "GEX_Total": 238104.874,
    "GEX_Ratio": 1.079084,
    "VEX_Call": -498417.392,
    "VEX_Put": 4597330.602,
    "VEX_Total": 4098913.21,
    "VEX_Ratio": -0.108415,
    "CEX_Call": -972511.965,
    "CEX_Put": 2997091.987,
    "CEX_Total": 2024580.022,
    "CEX_Ratio": -0.324485
}