{
    "timestamp": "2026-07-22 09:45:30",
    "cum_gam": null,
    "cum_vec": null,
    "DEX_Call": 573.863,
    "DEX_Put": -494.954,
    "DEX_Total": 78.909,
    "DEX_Ratio": 1.159427,
    "GEX_Call": 3363469.847,
    "GEX_Put": -2483342.135,
    "GEX_Total": 880127.712,
    "GEX_Ratio": 1.354413,
    "VEX_Call": -1990929.657,
    "VEX_Put": 2952200.785,
    "VEX_Total": 961271.128,
    "VEX_Ratio": -0.674388,
    "CEX_Call": -2103873.961,
    "CEX_Put": 1934616.133,
    "CEX_Total": -169257.828,
    "CEX_Ratio": -1.087489
}