{
    "timestamp": "2025-09-18 07:37:55",
    "cum_gam": 8037.5,
    "cum_vec": 8037.5,
    "DEX_Call": 418.873,
    "DEX_Put": -122.647,
    "DEX_Total": 296.226,
    "DEX_Ratio": 3.415273,
    "GEX_Call": 1671538.85,
    "GEX_Put": -924320.049,
    "GEX_Total": 747218.801,
    "GEX_Ratio": 1.808398,
    "VEX_Call": -26316.07,
    "VEX_Put": 1574086.023,
    "VEX_Total": 1547769.953,
    "VEX_Ratio": -0.016718,
    "CEX_Call": -305463.917,
    "CEX_Put": 1583875.837,
    "CEX_Total": 1278411.92,
    "CEX_Ratio": -0.192858
}