{
    "timestamp": "2025-09-24 07:05:37",
    "cum_gam": null,
    "cum_vec": 7033.507715234872,
    "DEX_Call": 1153.061,
    "DEX_Put": -505.497,
    "DEX_Total": 647.564,
    "DEX_Ratio": 2.281044,
    "GEX_Call": 3100477.395,
    "GEX_Put": -2547016.441,
    "GEX_Total": 553460.954,
    "GEX_Ratio": 1.217298,
    "VEX_Call": 130267.354,
    "VEX_Put": 3080137.514,
    "VEX_Total": 3210404.868,
    "VEX_Ratio": 0.042293,
    "CEX_Call": -319970.243,
    "CEX_Put": 2716797.821,
    "CEX_Total": 2396827.578,
    "CEX_Ratio": -0.117775
}