{
    "timestamp": "2025-09-22 08:10:05",
    "cum_gam": null,
    "cum_vec": 7079.581115952452,
    "DEX_Call": 1022.272,
    "DEX_Put": -328.268,
    "DEX_Total": 694.004,
    "DEX_Ratio": 3.114138,
    "GEX_Call": 2363417.069,
    "GEX_Put": -1592305.651,
    "GEX_Total": 771111.418,
    "GEX_Ratio": 1.484273,
    "VEX_Call": 309666.379,
    "VEX_Put": 2845200.76,
    "VEX_Total": 3154867.139,
    "VEX_Ratio": 0.108838,
    "CEX_Call": -117608.431,
    "CEX_Put": 1943522.59,
    "CEX_Total": 1825914.159,
    "CEX_Ratio": -0.060513
}