{
    "timestamp": "2025-10-29 06:57:15",
    "cum_gam": null,
    "cum_vec": 7653.614595210947,
    "DEX_Call": 2979.914,
    "DEX_Put": -920.007,
    "DEX_Total": 2059.907,
    "DEX_Ratio": 3.239012,
    "GEX_Call": 5628096.294,
    "GEX_Put": -3166215.601,
    "GEX_Total": 2461880.693,
    "GEX_Ratio": 1.777547,
    "VEX_Call": 613203.799,
    "VEX_Put": 9590424.005,
    "VEX_Total": 10203627.804,
    "VEX_Ratio": 0.063939,
    "CEX_Call": -539691.555,
    "CEX_Put": 3554816.292,
    "CEX_Total": 3015124.737,
    "CEX_Ratio": -0.15182
}