{
    "timestamp": "2025-11-07 07:56:20",
    "cum_gam": null,
    "cum_vec": 7804.345234739544,
    "DEX_Call": 6328.681,
    "DEX_Put": -3894.836,
    "DEX_Total": 2433.845,
    "DEX_Ratio": 1.62489,
    "GEX_Call": 6068616.524,
    "GEX_Put": -5540244.526,
    "GEX_Total": 528371.998,
    "GEX_Ratio": 1.09537,
    "VEX_Call": -1659708.452,
    "VEX_Put": 16927890.343,
    "VEX_Total": 15268181.891,
    "VEX_Ratio": -0.098046,
    "CEX_Call": -1206262.773,
    "CEX_Put": 1879433.824,
    "CEX_Total": 673171.051,
    "CEX_Ratio": -0.641822
}