{
    "timestamp": "2025-08-27 12:20:08",
    "cum_gam": 7008.216738807263,
    "cum_vec": 7485.686166780919,
    "DEX_Call": 4960.84,
    "DEX_Put": -2096.516,
    "DEX_Total": 2864.324,
    "DEX_Ratio": 2.36623,
    "GEX_Call": 8762122.743,
    "GEX_Put": -6862111.632,
    "GEX_Total": 1900011.111,
    "GEX_Ratio": 1.276884,
    "VEX_Call": 2316348.556,
    "VEX_Put": 17420067.939,
    "VEX_Total": 19736416.495,
    "VEX_Ratio": 0.13297,
    "CEX_Call": -890771.521,
    "CEX_Put": 4975137.196,
    "CEX_Total": 4084365.675,
    "CEX_Ratio": -0.179045
}