{
    "timestamp": "2025-07-29 10:21:17",
    "cum_gam": 7009.701592848086,
    "cum_vec": 7305.659436549489,
    "DEX_Call": 2046.751,
    "DEX_Put": -898.462,
    "DEX_Total": 1148.289,
    "DEX_Ratio": 2.278061,
    "GEX_Call": 5576696.9,
    "GEX_Put": -3737811.622,
    "GEX_Total": 1838885.278,
    "GEX_Ratio": 1.491968,
    "VEX_Call": -627631.294,
    "VEX_Put": 8097517.663,
    "VEX_Total": 7469886.369,
    "VEX_Ratio": -0.077509,
    "CEX_Call": -1618160.639,
    "CEX_Put": 4079979.145,
    "CEX_Total": 2461818.506,
    "CEX_Ratio": -0.39661
}