{
    "timestamp": "2025-07-24 06:37:49",
    "cum_gam": null,
    "cum_vec": 7502.4107686320685,
    "DEX_Call": 3386.094,
    "DEX_Put": -731.089,
    "DEX_Total": 2655.005,
    "DEX_Ratio": 4.631576,
    "GEX_Call": 4265125.978,
    "GEX_Put": -2620890.661,
    "GEX_Total": 1644235.317,
    "GEX_Ratio": 1.627357,
    "VEX_Call": 540098.913,
    "VEX_Put": 8046578.744,
    "VEX_Total": 8586677.657,
    "VEX_Ratio": 0.067122,
    "CEX_Call": -526533.718,
    "CEX_Put": 2409645.968,
    "CEX_Total": 1883112.25,
    "CEX_Ratio": -0.218511
}