{
    "timestamp": "2025-10-10 12:43:18",
    "cum_gam": 7004.673778610284,
    "cum_vec": 9012.93534496784,
    "DEX_Call": 1775.853,
    "DEX_Put": -2178.102,
    "DEX_Total": -402.249,
    "DEX_Ratio": 0.815321,
    "GEX_Call": 2909578.673,
    "GEX_Put": -5350333.633,
    "GEX_Total": -2440754.96,
    "GEX_Ratio": 0.543813,
    "VEX_Call": -1327963.038,
    "VEX_Put": 4751340.791,
    "VEX_Total": 3423377.753,
    "VEX_Ratio": -0.279492,
    "CEX_Call": -2077249.87,
    "CEX_Put": 4116027.986,
    "CEX_Total": 2038778.116,
    "CEX_Ratio": -0.504673
}