{
    "timestamp": "2026-07-21 09:23:32",
    "cum_gam": null,
    "cum_vec": null,
    "DEX_Call": 514.178,
    "DEX_Put": -508.714,
    "DEX_Total": 5.464,
    "DEX_Ratio": 1.010741,
    "GEX_Call": 2766940.326,
    "GEX_Put": -2256085.536,
    "GEX_Total": 510854.79,
    "GEX_Ratio": 1.226434,
    "VEX_Call": -1906927.911,
    "VEX_Put": 2730815.131,
    "VEX_Total": 823887.22,
    "VEX_Ratio": -0.6983,
    "CEX_Call": -1720666.397,
    "CEX_Put": 1523144.381,
    "CEX_Total": -197522.016,
    "CEX_Ratio": -1.12968
}