{
    "timestamp": "2025-10-23 07:21:41",
    "cum_gam": 8773.399014778324,
    "cum_vec": 8773.399014778324,
    "DEX_Call": 653.403,
    "DEX_Put": -516.901,
    "DEX_Total": 136.502,
    "DEX_Ratio": 1.264078,
    "GEX_Call": 2258372.767,
    "GEX_Put": -2320420.599,
    "GEX_Total": -62047.832,
    "GEX_Ratio": 0.97326,
    "VEX_Call": -801058.015,
    "VEX_Put": 3108693.319,
    "VEX_Total": 2307635.304,
    "VEX_Ratio": -0.257683,
    "CEX_Call": -1254700.281,
    "CEX_Put": 2727834.989,
    "CEX_Total": 1473134.708,
    "CEX_Ratio": -0.459962
}