{
    "timestamp": "2025-09-04 10:52:38",
    "cum_gam": null,
    "cum_vec": null,
    "DEX_Call": 309.071,
    "DEX_Put": -157.605,
    "DEX_Total": 151.466,
    "DEX_Ratio": 1.961048,
    "GEX_Call": 1912468.994,
    "GEX_Put": -1115502.078,
    "GEX_Total": 796966.916,
    "GEX_Ratio": 1.714447,
    "VEX_Call": -415457.813,
    "VEX_Put": 1324640.439,
    "VEX_Total": 909182.626,
    "VEX_Ratio": -0.313638,
    "CEX_Call": -795409.259,
    "CEX_Put": 1347773.984,
    "CEX_Total": 552364.725,
    "CEX_Ratio": -0.590165
}