{
    "timestamp": "2026-07-23 12:28:31",
    "cum_gam": 11983.993860658882,
    "cum_vec": 11983.993860658882,
    "DEX_Call": 2326.198,
    "DEX_Put": -3424.343,
    "DEX_Total": -1098.145,
    "DEX_Ratio": 0.679312,
    "GEX_Call": 3585897.454,
    "GEX_Put": -5085931.19,
    "GEX_Total": -1500033.736,
    "GEX_Ratio": 0.705062,
    "VEX_Call": -2868905.829,
    "VEX_Put": 10312113.923,
    "VEX_Total": 7443208.094,
    "VEX_Ratio": -0.278207,
    "CEX_Call": -1356006.885,
    "CEX_Put": 1661955.377,
    "CEX_Total": 305948.492,
    "CEX_Ratio": -0.815911
}