{
    "timestamp": "2025-10-31 12:15:59",
    "cum_gam": null,
    "cum_vec": 7693.263400702987,
    "DEX_Call": 2494.128,
    "DEX_Put": -1392.351,
    "DEX_Total": 1101.777,
    "DEX_Ratio": 1.791307,
    "GEX_Call": 6533244.107,
    "GEX_Put": -5233781.605,
    "GEX_Total": 1299462.502,
    "GEX_Ratio": 1.248284,
    "VEX_Call": -1371092.433,
    "VEX_Put": 9183179.613,
    "VEX_Total": 7812087.18,
    "VEX_Ratio": -0.149305,
    "CEX_Call": -1995820.465,
    "CEX_Put": 3781002.568,
    "CEX_Total": 1785182.103,
    "CEX_Ratio": -0.527855
}