{
    "timestamp": "2025-10-02 08:08:24",
    "cum_gam": null,
    "cum_vec": 7520.211738234846,
    "DEX_Call": 1115.109,
    "DEX_Put": -629.973,
    "DEX_Total": 485.136,
    "DEX_Ratio": 1.77009,
    "GEX_Call": 1406120.634,
    "GEX_Put": -1172457.767,
    "GEX_Total": 233662.867,
    "GEX_Ratio": 1.199293,
    "VEX_Call": -514186.627,
    "VEX_Put": 6091828.479,
    "VEX_Total": 5577641.852,
    "VEX_Ratio": -0.084406,
    "CEX_Call": -287693.997,
    "CEX_Put": 678040.051,
    "CEX_Total": 390346.054,
    "CEX_Ratio": -0.424302
}