{
    "timestamp": "2025-08-15 12:45:54",
    "cum_gam": 7006.688598267131,
    "cum_vec": 7525.513470080128,
    "DEX_Call": 4449.108,
    "DEX_Put": -1977.933,
    "DEX_Total": 2471.175,
    "DEX_Ratio": 2.249372,
    "GEX_Call": 5633651.241,
    "GEX_Put": -4962162.684,
    "GEX_Total": 671488.557,
    "GEX_Ratio": 1.135322,
    "VEX_Call": 2851521.339,
    "VEX_Put": 17629735.148,
    "VEX_Total": 20481256.487,
    "VEX_Ratio": 0.161745,
    "CEX_Call": -323317.37,
    "CEX_Put": 2856011.317,
    "CEX_Total": 2532693.947,
    "CEX_Ratio": -0.113206
}