{
    "timestamp": "2025-10-30 06:39:30",
    "cum_gam": null,
    "cum_vec": 7701.631106133651,
    "DEX_Call": 2505.509,
    "DEX_Put": -1401.437,
    "DEX_Total": 1104.072,
    "DEX_Ratio": 1.787814,
    "GEX_Call": 5718012.111,
    "GEX_Put": -4587917.405,
    "GEX_Total": 1130094.706,
    "GEX_Ratio": 1.24632,
    "VEX_Call": -1445941.326,
    "VEX_Put": 9010277.639,
    "VEX_Total": 7564336.313,
    "VEX_Ratio": -0.160477,
    "CEX_Call": -1825496.741,
    "CEX_Put": 3289842.824,
    "CEX_Total": 1464346.083,
    "CEX_Ratio": -0.554889
}