{
    "timestamp": "2025-11-21 12:00:06",
    "cum_gam": 6596.1993058555645,
    "cum_vec": 7620.164917541229,
    "DEX_Call": 281.809,
    "DEX_Put": -824.634,
    "DEX_Total": -542.825,
    "DEX_Ratio": 0.341738,
    "GEX_Call": 1448215.412,
    "GEX_Put": -2347104.357,
    "GEX_Total": -898888.945,
    "GEX_Ratio": 0.617022,
    "VEX_Call": -1300434.962,
    "VEX_Put": 1520104.903,
    "VEX_Total": 219669.941,
    "VEX_Ratio": -0.85549,
    "CEX_Call": -1964570.826,
    "CEX_Put": 1558266.769,
    "CEX_Total": -406304.057,
    "CEX_Ratio": -1.260741
}