{
    "timestamp": "2025-06-30 10:17:58",
    "cum_gam": null,
    "cum_vec": 8000.0,
    "DEX_Call": 394.846,
    "DEX_Put": -107.548,
    "DEX_Total": 287.298,
    "DEX_Ratio": 3.671347,
    "GEX_Call": 1046569.419,
    "GEX_Put": -590200.005,
    "GEX_Total": 456369.414,
    "GEX_Ratio": 1.773245,
    "VEX_Call": 32517.996,
    "VEX_Put": 923768.155,
    "VEX_Total": 956286.151,
    "VEX_Ratio": 0.035201,
    "CEX_Call": -126090.573,
    "CEX_Put": 625102.872,
    "CEX_Total": 499012.299,
    "CEX_Ratio": -0.201712
}