{
    "timestamp": "2025-07-31 11:00:49",
    "cum_gam": 5777.358028978612,
    "cum_vec": 8200.0,
    "DEX_Call": 248.566,
    "DEX_Put": -233.374,
    "DEX_Total": 15.192,
    "DEX_Ratio": 1.065097,
    "GEX_Call": 1266700.973,
    "GEX_Put": -1284053.304,
    "GEX_Total": -17352.331,
    "GEX_Ratio": 0.986486,
    "VEX_Call": -560763.631,
    "VEX_Put": 1204784.871,
    "VEX_Total": 644021.24,
    "VEX_Ratio": -0.465447,
    "CEX_Call": -932287.401,
    "CEX_Put": 1273608.653,
    "CEX_Total": 341321.252,
    "CEX_Ratio": -0.732005
}