{
    "timestamp": "2025-08-26 09:35:37",
    "cum_gam": 7008.44297301572,
    "cum_vec": 7482.652759191399,
    "DEX_Call": 4685.447,
    "DEX_Put": -2250.678,
    "DEX_Total": 2434.769,
    "DEX_Ratio": 2.081794,
    "GEX_Call": 8209071.261,
    "GEX_Put": -7010375.33,
    "GEX_Total": 1198695.931,
    "GEX_Ratio": 1.170989,
    "VEX_Call": 1408621.86,
    "VEX_Put": 16884662.325,
    "VEX_Total": 18293284.185,
    "VEX_Ratio": 0.083426,
    "CEX_Call": -1106212.09,
    "CEX_Put": 4331468.386,
    "CEX_Total": 3225256.296,
    "CEX_Ratio": -0.25539
}