{
    "timestamp": "2025-10-08 09:17:11",
    "cum_gam": 7003.8811165242905,
    "cum_vec": 9003.626713025467,
    "DEX_Call": 1858.5,
    "DEX_Put": -806.395,
    "DEX_Total": 1052.105,
    "DEX_Ratio": 2.304702,
    "GEX_Call": 5354105.59,
    "GEX_Put": -3253843.974,
    "GEX_Total": 2100261.616,
    "GEX_Ratio": 1.645471,
    "VEX_Call": 309737.554,
    "VEX_Put": 5363877.386,
    "VEX_Total": 5673614.94,
    "VEX_Ratio": 0.057745,
    "CEX_Call": -678896.538,
    "CEX_Put": 3807509.596,
    "CEX_Total": 3128613.058,
    "CEX_Ratio": -0.178305
}