{
    "timestamp": "2025-10-02 08:05:03",
    "cum_gam": null,
    "cum_vec": 7520.289725615364,
    "DEX_Call": 1091.013,
    "DEX_Put": -641.628,
    "DEX_Total": 449.385,
    "DEX_Ratio": 1.700382,
    "GEX_Call": 1398834.738,
    "GEX_Put": -1180072.567,
    "GEX_Total": 218762.171,
    "GEX_Ratio": 1.18538,
    "VEX_Call": -571423.475,
    "VEX_Put": 6104944.954,
    "VEX_Total": 5533521.479,
    "VEX_Ratio": -0.0936,
    "CEX_Call": -294403.649,
    "CEX_Put": 679621.649,
    "CEX_Total": 385218.0,
    "CEX_Ratio": -0.433188
}