{
    "timestamp": "2025-10-02 12:52:38",
    "cum_gam": null,
    "cum_vec": 7520.510600920014,
    "DEX_Call": 1134.921,
    "DEX_Put": -613.114,
    "DEX_Total": 521.807,
    "DEX_Ratio": 1.851077,
    "GEX_Call": 1415023.989,
    "GEX_Put": -1151176.294,
    "GEX_Total": 263847.695,
    "GEX_Ratio": 1.229198,
    "VEX_Call": -437456.527,
    "VEX_Put": 6105760.509,
    "VEX_Total": 5668303.982,
    "VEX_Ratio": -0.071647,
    "CEX_Call": -278554.114,
    "CEX_Put": 685217.279,
    "CEX_Total": 406663.165,
    "CEX_Ratio": -0.406519
}