{
    "timestamp": "2025-09-04 08:53:01",
    "cum_gam": null,
    "cum_vec": null,
    "DEX_Call": 282.862,
    "DEX_Put": -174.091,
    "DEX_Total": 108.771,
    "DEX_Ratio": 1.624794,
    "GEX_Call": 1821127.678,
    "GEX_Put": -1170481.694,
    "GEX_Total": 650645.984,
    "GEX_Ratio": 1.555879,
    "VEX_Call": -483644.808,
    "VEX_Put": 1317675.185,
    "VEX_Total": 834030.377,
    "VEX_Ratio": -0.367044,
    "CEX_Call": -860157.09,
    "CEX_Put": 1310069.823,
    "CEX_Total": 449912.733,
    "CEX_Ratio": -0.656573
}