{
    "timestamp": "2025-10-02 12:34:23",
    "cum_gam": null,
    "cum_vec": 7520.738158114658,
    "DEX_Call": 1116.123,
    "DEX_Put": -607.415,
    "DEX_Total": 508.708,
    "DEX_Ratio": 1.837497,
    "GEX_Call": 1420766.614,
    "GEX_Put": -1143982.008,
    "GEX_Total": 276784.606,
    "GEX_Ratio": 1.241948,
    "VEX_Call": -449713.351,
    "VEX_Put": 6114712.762,
    "VEX_Total": 5664999.411,
    "VEX_Ratio": -0.073546,
    "CEX_Call": -280826.225,
    "CEX_Put": 686937.017,
    "CEX_Total": 406110.792,
    "CEX_Ratio": -0.408809
}