{
    "timestamp": "2025-10-28 07:15:31",
    "cum_gam": null,
    "cum_vec": 8800.0,
    "DEX_Call": 596.484,
    "DEX_Put": -157.158,
    "DEX_Total": 439.326,
    "DEX_Ratio": 3.795442,
    "GEX_Call": 1772997.523,
    "GEX_Put": -857776.102,
    "GEX_Total": 915221.421,
    "GEX_Ratio": 2.06697,
    "VEX_Call": 111243.725,
    "VEX_Put": 1659012.172,
    "VEX_Total": 1770255.897,
    "VEX_Ratio": 0.067054,
    "CEX_Call": -186328.347,
    "CEX_Put": 1171569.074,
    "CEX_Total": 985240.727,
    "CEX_Ratio": -0.159042
}