{
    "timestamp": "2025-09-11 11:36:53",
    "cum_gam": 7008.607435774077,
    "cum_vec": 7967.768558951965,
    "DEX_Call": 4801.152,
    "DEX_Put": -877.353,
    "DEX_Total": 3923.799,
    "DEX_Ratio": 5.472315,
    "GEX_Call": 8423501.441,
    "GEX_Put": -4926355.563,
    "GEX_Total": 3497145.878,
    "GEX_Ratio": 1.709885,
    "VEX_Call": 3606626.249,
    "VEX_Put": 9686385.088,
    "VEX_Total": 13293011.337,
    "VEX_Ratio": 0.37234,
    "CEX_Call": 1724180.439,
    "CEX_Put": 8067452.64,
    "CEX_Total": 9791633.079,
    "CEX_Ratio": 0.213721
}