{
    "timestamp": "2025-11-21 12:28:45",
    "cum_gam": 6576.225346033045,
    "cum_vec": 7686.797274275979,
    "DEX_Call": 312.248,
    "DEX_Put": -758.604,
    "DEX_Total": -446.356,
    "DEX_Ratio": 0.411609,
    "GEX_Call": 1619232.529,
    "GEX_Put": -2352368.599,
    "GEX_Total": -733136.07,
    "GEX_Ratio": 0.688341,
    "VEX_Call": -1245065.303,
    "VEX_Put": 1584854.908,
    "VEX_Total": 339789.605,
    "VEX_Ratio": -0.785602,
    "CEX_Call": -1917930.135,
    "CEX_Put": 1664764.621,
    "CEX_Total": -253165.514,
    "CEX_Ratio": -1.152073
}