{
    "timestamp": "2025-11-07 11:16:44",
    "cum_gam": null,
    "cum_vec": 7722.239525651089,
    "DEX_Call": 6130.329,
    "DEX_Put": -4036.462,
    "DEX_Total": 2093.867,
    "DEX_Ratio": 1.518738,
    "GEX_Call": 6028184.544,
    "GEX_Put": -5556747.41,
    "GEX_Total": 471437.134,
    "GEX_Ratio": 1.08484,
    "VEX_Call": -2295842.774,
    "VEX_Put": 16969062.786,
    "VEX_Total": 14673220.012,
    "VEX_Ratio": -0.135296,
    "CEX_Call": -1301874.382,
    "CEX_Put": 1900880.299,
    "CEX_Total": 599005.917,
    "CEX_Ratio": -0.68488
}