{
    "timestamp": "2025-09-24 12:06:27",
    "cum_gam": null,
    "cum_vec": 6979.308168190501,
    "DEX_Call": 932.72,
    "DEX_Put": -567.538,
    "DEX_Total": 365.182,
    "DEX_Ratio": 1.643449,
    "GEX_Call": 2972751.09,
    "GEX_Put": -2861221.156,
    "GEX_Total": 111529.934,
    "GEX_Ratio": 1.03898,
    "VEX_Call": -103474.286,
    "VEX_Put": 2764511.504,
    "VEX_Total": 2661037.218,
    "VEX_Ratio": -0.03743,
    "CEX_Call": -523258.007,
    "CEX_Put": 2463506.906,
    "CEX_Total": 1940248.899,
    "CEX_Ratio": -0.212404
}