{
    "timestamp": "2025-10-22 07:38:25",
    "cum_gam": 8790.14598540146,
    "cum_vec": 8790.14598540146,
    "DEX_Call": 661.285,
    "DEX_Put": -434.322,
    "DEX_Total": 226.963,
    "DEX_Ratio": 1.522569,
    "GEX_Call": 2077722.873,
    "GEX_Put": -1860560.46,
    "GEX_Total": 217162.413,
    "GEX_Ratio": 1.116719,
    "VEX_Call": -662635.909,
    "VEX_Put": 3111839.68,
    "VEX_Total": 2449203.771,
    "VEX_Ratio": -0.21294,
    "CEX_Call": -961520.5,
    "CEX_Put": 2357408.442,
    "CEX_Total": 1395887.942,
    "CEX_Ratio": -0.407872
}