{
    "timestamp": "2025-10-03 07:31:11",
    "cum_gam": null,
    "cum_vec": 7520.823451703984,
    "DEX_Call": 1154.184,
    "DEX_Put": -626.901,
    "DEX_Total": 527.283,
    "DEX_Ratio": 1.841095,
    "GEX_Call": 1504170.814,
    "GEX_Put": -1191349.291,
    "GEX_Total": 312821.523,
    "GEX_Ratio": 1.262578,
    "VEX_Call": -412031.469,
    "VEX_Put": 6218589.87,
    "VEX_Total": 5806558.401,
    "VEX_Ratio": -0.066258,
    "CEX_Call": -289640.712,
    "CEX_Put": 708411.223,
    "CEX_Total": 418770.511,
    "CEX_Ratio": -0.40886
}