{
    "timestamp": "2025-08-08 07:29:05",
    "cum_gam": 7139.215919923737,
    "cum_vec": 7180.5715935334865,
    "DEX_Call": 1192.009,
    "DEX_Put": -529.328,
    "DEX_Total": 662.681,
    "DEX_Ratio": 2.251929,
    "GEX_Call": 5542122.965,
    "GEX_Put": -2967649.125,
    "GEX_Total": 2574473.84,
    "GEX_Ratio": 1.867513,
    "VEX_Call": -863507.834,
    "VEX_Put": 3824517.391,
    "VEX_Total": 2961009.557,
    "VEX_Ratio": -0.225782,
    "CEX_Call": -2092435.546,
    "CEX_Put": 3929659.392,
    "CEX_Total": 1837223.846,
    "CEX_Ratio": -0.532472
}