{
    "timestamp": "2025-10-24 10:09:01",
    "cum_gam": 8792.836398838335,
    "cum_vec": 8792.836398838335,
    "DEX_Call": 978.41,
    "DEX_Put": -301.707,
    "DEX_Total": 676.703,
    "DEX_Ratio": 3.242914,
    "GEX_Call": 4160324.386,
    "GEX_Put": -1861509.939,
    "GEX_Total": 2298814.447,
    "GEX_Ratio": 2.234919,
    "VEX_Call": -46518.44,
    "VEX_Put": 3291747.543,
    "VEX_Total": 3245229.103,
    "VEX_Ratio": -0.014132,
    "CEX_Call": -700936.861,
    "CEX_Put": 3816135.429,
    "CEX_Total": 3115198.568,
    "CEX_Ratio": -0.183677
}