{
    "timestamp": "2025-09-23 07:58:51",
    "cum_gam": null,
    "cum_vec": 8705.862516803754,
    "DEX_Call": 2411.614,
    "DEX_Put": -1173.53,
    "DEX_Total": 1238.084,
    "DEX_Ratio": 2.055008,
    "GEX_Call": 4477397.244,
    "GEX_Put": -3429184.545,
    "GEX_Total": 1048212.699,
    "GEX_Ratio": 1.305674,
    "VEX_Call": -4514.072,
    "VEX_Put": 11243713.342,
    "VEX_Total": 11239199.27,
    "VEX_Ratio": -0.000401,
    "CEX_Call": -633379.221,
    "CEX_Put": 3080333.303,
    "CEX_Total": 2446954.082,
    "CEX_Ratio": -0.20562
}