{
    "timestamp": "2025-08-05 11:30:51",
    "cum_gam": 7018.707916350112,
    "cum_vec": 7485.985552043046,
    "DEX_Call": 5099.571,
    "DEX_Put": -2603.742,
    "DEX_Total": 2495.829,
    "DEX_Ratio": 1.958555,
    "GEX_Call": 4965215.351,
    "GEX_Put": -4541526.545,
    "GEX_Total": 423688.806,
    "GEX_Ratio": 1.093292,
    "VEX_Call": 3464590.639,
    "VEX_Put": 15053545.788,
    "VEX_Total": 18518136.427,
    "VEX_Ratio": 0.230151,
    "CEX_Call": -212732.188,
    "CEX_Put": 1737134.119,
    "CEX_Total": 1524401.931,
    "CEX_Ratio": -0.122462
}