{
    "timestamp": "2025-11-26 09:28:06",
    "cum_gam": 8399.314420031993,
    "cum_vec": 8502.439024390244,
    "DEX_Call": 598.481,
    "DEX_Put": -162.558,
    "DEX_Total": 435.923,
    "DEX_Ratio": 3.681646,
    "GEX_Call": 2409737.326,
    "GEX_Put": -904968.464,
    "GEX_Total": 1504768.862,
    "GEX_Ratio": 2.662786,
    "VEX_Call": -360097.943,
    "VEX_Put": 1685963.272,
    "VEX_Total": 1325865.329,
    "VEX_Ratio": -0.213586,
    "CEX_Call": -553088.488,
    "CEX_Put": 1432921.907,
    "CEX_Total": 879833.419,
    "CEX_Ratio": -0.385986
}