{
    "timestamp": "2025-11-13 07:50:46",
    "cum_gam": null,
    "cum_vec": 7801.33116837424,
    "DEX_Call": 1313.719,
    "DEX_Put": -1080.624,
    "DEX_Total": 233.095,
    "DEX_Ratio": 1.215704,
    "GEX_Call": 3966325.239,
    "GEX_Put": -3666028.148,
    "GEX_Total": 300297.091,
    "GEX_Ratio": 1.081913,
    "VEX_Call": -1285838.505,
    "VEX_Put": 4226581.08,
    "VEX_Total": 2940742.575,
    "VEX_Ratio": -0.304227,
    "CEX_Call": -1891430.871,
    "CEX_Put": 3306324.194,
    "CEX_Total": 1414893.323,
    "CEX_Ratio": -0.572065
}