{
    "timestamp": "2025-10-03 09:57:37",
    "cum_gam": null,
    "cum_vec": null,
    "DEX_Call": 505.911,
    "DEX_Put": -137.711,
    "DEX_Total": 368.2,
    "DEX_Ratio": 3.673715,
    "GEX_Call": 3086172.368,
    "GEX_Put": -1381264.925,
    "GEX_Total": 1704907.443,
    "GEX_Ratio": 2.234309,
    "VEX_Call": -169291.698,
    "VEX_Put": 1874554.763,
    "VEX_Total": 1705263.065,
    "VEX_Ratio": -0.09031,
    "CEX_Call": -748938.931,
    "CEX_Put": 2289234.441,
    "CEX_Total": 1540295.51,
    "CEX_Ratio": -0.327157
}