{
    "timestamp": "2025-06-26 11:09:44",
    "cum_gam": null,
    "cum_vec": 6404.206332562768,
    "DEX_Call": 621.512,
    "DEX_Put": -169.411,
    "DEX_Total": 452.101,
    "DEX_Ratio": 3.668664,
    "GEX_Call": 2789874.937,
    "GEX_Put": -1121608.862,
    "GEX_Total": 1668266.075,
    "GEX_Ratio": 2.487387,
    "VEX_Call": 21489.097,
    "VEX_Put": 1595159.957,
    "VEX_Total": 1616649.054,
    "VEX_Ratio": 0.013471,
    "CEX_Call": -410484.25,
    "CEX_Put": 2199266.36,
    "CEX_Total": 1788782.11,
    "CEX_Ratio": -0.186646
}