{
    "timestamp": "2025-11-07 12:30:53",
    "cum_gam": null,
    "cum_vec": 7803.070624174988,
    "DEX_Call": 6358.509,
    "DEX_Put": -3837.291,
    "DEX_Total": 2521.218,
    "DEX_Ratio": 1.657031,
    "GEX_Call": 6181647.448,
    "GEX_Put": -5607239.562,
    "GEX_Total": 574407.886,
    "GEX_Ratio": 1.10244,
    "VEX_Call": -1515456.261,
    "VEX_Put": 17103866.825,
    "VEX_Total": 15588410.564,
    "VEX_Ratio": -0.088603,
    "CEX_Call": -1200545.43,
    "CEX_Put": 1908143.556,
    "CEX_Total": 707598.126,
    "CEX_Ratio": -0.629169
}