{
    "timestamp": "2025-09-18 06:31:46",
    "cum_gam": null,
    "cum_vec": 8042.25390857824,
    "DEX_Call": 1839.444,
    "DEX_Put": -997.432,
    "DEX_Total": 842.012,
    "DEX_Ratio": 1.84418,
    "GEX_Call": 3230181.893,
    "GEX_Put": -2729964.31,
    "GEX_Total": 500217.583,
    "GEX_Ratio": 1.183232,
    "VEX_Call": -282537.522,
    "VEX_Put": 10911420.861,
    "VEX_Total": 10628883.339,
    "VEX_Ratio": -0.025894,
    "CEX_Call": -554496.66,
    "CEX_Put": 2279121.793,
    "CEX_Total": 1724625.133,
    "CEX_Ratio": -0.243294
}