{
    "timestamp": "2025-10-02 08:44:51",
    "cum_gam": null,
    "cum_vec": null,
    "DEX_Call": 368.557,
    "DEX_Put": -195.526,
    "DEX_Total": 173.031,
    "DEX_Ratio": 1.884951,
    "GEX_Call": 1920130.949,
    "GEX_Put": -1401342.21,
    "GEX_Total": 518788.739,
    "GEX_Ratio": 1.370208,
    "VEX_Call": -362882.033,
    "VEX_Put": 1840483.351,
    "VEX_Total": 1477601.318,
    "VEX_Ratio": -0.197167,
    "CEX_Call": -733586.305,
    "CEX_Put": 1831507.676,
    "CEX_Total": 1097921.371,
    "CEX_Ratio": -0.400537
}