{
    "timestamp": "2025-07-24 11:29:39",
    "cum_gam": 7020.960653843865,
    "cum_vec": 7361.911666053537,
    "DEX_Call": 2429.025,
    "DEX_Put": -668.816,
    "DEX_Total": 1760.209,
    "DEX_Ratio": 3.631828,
    "GEX_Call": 4279289.322,
    "GEX_Put": -2411418.404,
    "GEX_Total": 1867870.918,
    "GEX_Ratio": 1.774594,
    "VEX_Call": 32260.238,
    "VEX_Put": 7962478.298,
    "VEX_Total": 7994738.536,
    "VEX_Ratio": 0.004052,
    "CEX_Call": -662072.336,
    "CEX_Put": 2447097.884,
    "CEX_Total": 1785025.548,
    "CEX_Ratio": -0.270554
}