{
    "timestamp": "2025-08-19 10:00:25",
    "cum_gam": null,
    "cum_vec": 8400.0,
    "DEX_Call": 491.686,
    "DEX_Put": -349.797,
    "DEX_Total": 141.889,
    "DEX_Ratio": 1.405632,
    "GEX_Call": 1602966.988,
    "GEX_Put": -1576429.558,
    "GEX_Total": 26537.43,
    "GEX_Ratio": 1.016834,
    "VEX_Call": -524821.143,
    "VEX_Put": 1956432.425,
    "VEX_Total": 1431611.282,
    "VEX_Ratio": -0.268254,
    "CEX_Call": -708345.131,
    "CEX_Put": 1297035.252,
    "CEX_Total": 588690.121,
    "CEX_Ratio": -0.546126
}