{
    "timestamp": "2025-11-10 13:04:53",
    "cum_gam": 7001.227978220464,
    "cum_vec": 7712.8905022714725,
    "DEX_Call": 1340.177,
    "DEX_Put": -802.028,
    "DEX_Total": 538.149,
    "DEX_Ratio": 1.670985,
    "GEX_Call": 3411228.428,
    "GEX_Put": -2593864.325,
    "GEX_Total": 817364.103,
    "GEX_Ratio": 1.315114,
    "VEX_Call": -96781.7,
    "VEX_Put": 3918428.61,
    "VEX_Total": 3821646.91,
    "VEX_Ratio": -0.024699,
    "CEX_Call": -622162.834,
    "CEX_Put": 2124324.935,
    "CEX_Total": 1502162.101,
    "CEX_Ratio": -0.292876
}