{
    "timestamp": "2025-06-26 06:58:05",
    "cum_gam": null,
    "cum_vec": 6721.689315044274,
    "DEX_Call": 2078.557,
    "DEX_Put": -933.922,
    "DEX_Total": 1144.635,
    "DEX_Ratio": 2.225622,
    "GEX_Call": 4536525.735,
    "GEX_Put": -3073538.222,
    "GEX_Total": 1462987.513,
    "GEX_Ratio": 1.475995,
    "VEX_Call": -41699.778,
    "VEX_Put": 8287901.984,
    "VEX_Total": 8246202.206,
    "VEX_Ratio": -0.005031,
    "CEX_Call": -815183.628,
    "CEX_Put": 3012192.432,
    "CEX_Total": 2197008.804,
    "CEX_Ratio": -0.270628
}