{
    "timestamp": "2025-08-22 07:22:25",
    "cum_gam": null,
    "cum_vec": 8205.116279069767,
    "DEX_Call": 640.107,
    "DEX_Put": -275.047,
    "DEX_Total": 365.06,
    "DEX_Ratio": 2.327264,
    "GEX_Call": 2901834.663,
    "GEX_Put": -1858622.885,
    "GEX_Total": 1043211.778,
    "GEX_Ratio": 1.561282,
    "VEX_Call": -466573.998,
    "VEX_Put": 2191618.329,
    "VEX_Total": 1725044.331,
    "VEX_Ratio": -0.21289,
    "CEX_Call": -1116613.214,
    "CEX_Put": 2448783.331,
    "CEX_Total": 1332170.117,
    "CEX_Ratio": -0.455987
}