{
    "timestamp": "2025-09-12 07:48:47",
    "cum_gam": null,
    "cum_vec": 7882.671714543519,
    "DEX_Call": 1483.631,
    "DEX_Put": -871.554,
    "DEX_Total": 612.077,
    "DEX_Ratio": 1.702282,
    "GEX_Call": 2565811.319,
    "GEX_Put": -2172843.408,
    "GEX_Total": 392967.911,
    "GEX_Ratio": 1.180854,
    "VEX_Call": -165396.592,
    "VEX_Put": 10020790.8,
    "VEX_Total": 9855394.208,
    "VEX_Ratio": -0.016505,
    "CEX_Call": -422694.383,
    "CEX_Put": 1698790.071,
    "CEX_Total": 1276095.688,
    "CEX_Ratio": -0.248821
}