{
    "timestamp": "2025-09-26 11:22:34",
    "cum_gam": 6435.98670273598,
    "cum_vec": 6909.01181602111,
    "DEX_Call": 570.879,
    "DEX_Put": -581.528,
    "DEX_Total": -10.649,
    "DEX_Ratio": 0.981688,
    "GEX_Call": 3589426.175,
    "GEX_Put": -3862649.247,
    "GEX_Total": -273223.072,
    "GEX_Ratio": 0.929265,
    "VEX_Call": -637722.308,
    "VEX_Put": 2796097.932,
    "VEX_Total": 2158375.624,
    "VEX_Ratio": -0.228076,
    "CEX_Call": -1461112.578,
    "CEX_Put": 3664458.597,
    "CEX_Total": 2203346.019,
    "CEX_Ratio": -0.398725
}