{
    "timestamp": "2025-07-16 09:22:50",
    "cum_gam": 7981.497797356828,
    "cum_vec": 7981.497797356828,
    "DEX_Call": 225.676,
    "DEX_Put": -197.035,
    "DEX_Total": 28.641,
    "DEX_Ratio": 1.14536,
    "GEX_Call": 1043669.7,
    "GEX_Put": -987844.869,
    "GEX_Total": 55824.831,
    "GEX_Ratio": 1.056512,
    "VEX_Call": -391210.955,
    "VEX_Put": 907255.044,
    "VEX_Total": 516044.089,
    "VEX_Ratio": -0.431203,
    "CEX_Call": -570775.129,
    "CEX_Put": 780489.608,
    "CEX_Total": 209714.479,
    "CEX_Ratio": -0.731304
}