{
    "timestamp": "2025-08-19 08:26:46",
    "cum_gam": null,
    "cum_vec": 8400.0,
    "DEX_Call": 486.284,
    "DEX_Put": -310.073,
    "DEX_Total": 176.211,
    "DEX_Ratio": 1.568289,
    "GEX_Call": 1705610.561,
    "GEX_Put": -1500255.925,
    "GEX_Total": 205354.636,
    "GEX_Ratio": 1.13688,
    "VEX_Call": -461552.721,
    "VEX_Put": 1930293.934,
    "VEX_Total": 1468741.213,
    "VEX_Ratio": -0.23911,
    "CEX_Call": -670571.957,
    "CEX_Put": 1277317.786,
    "CEX_Total": 606745.829,
    "CEX_Ratio": -0.524984
}