{
    "timestamp": "2025-07-01 08:22:16",
    "cum_gam": null,
    "cum_vec": 8000.0,
    "DEX_Call": 385.295,
    "DEX_Put": -151.047,
    "DEX_Total": 234.248,
    "DEX_Ratio": 2.550829,
    "GEX_Call": 1326071.059,
    "GEX_Put": -851962.595,
    "GEX_Total": 474108.464,
    "GEX_Ratio": 1.55649,
    "VEX_Call": -107044.357,
    "VEX_Put": 1075726.825,
    "VEX_Total": 968682.468,
    "VEX_Ratio": -0.099509,
    "CEX_Call": -317772.409,
    "CEX_Put": 827293.789,
    "CEX_Total": 509521.38,
    "CEX_Ratio": -0.384111
}