{
    "timestamp": "2026-07-21 11:50:22",
    "cum_gam": null,
    "cum_vec": null,
    "DEX_Call": 506.346,
    "DEX_Put": -514.684,
    "DEX_Total": -8.338,
    "DEX_Ratio": 0.9838,
    "GEX_Call": 2743873.775,
    "GEX_Put": -2281043.721,
    "GEX_Total": 462830.054,
    "GEX_Ratio": 1.202903,
    "VEX_Call": -1884914.45,
    "VEX_Put": 2711270.95,
    "VEX_Total": 826356.5,
    "VEX_Ratio": -0.695214,
    "CEX_Call": -1716152.643,
    "CEX_Put": 1525726.973,
    "CEX_Total": -190425.67,
    "CEX_Ratio": -1.12481
}