{
    "timestamp": "2025-07-28 11:44:59",
    "cum_gam": null,
    "cum_vec": 8200.0,
    "DEX_Call": 224.246,
    "DEX_Put": -102.455,
    "DEX_Total": 121.791,
    "DEX_Ratio": 2.188727,
    "GEX_Call": 800160.766,
    "GEX_Put": -557649.847,
    "GEX_Total": 242510.919,
    "GEX_Ratio": 1.43488,
    "VEX_Call": -93724.603,
    "VEX_Put": 833428.738,
    "VEX_Total": 739704.135,
    "VEX_Ratio": -0.112457,
    "CEX_Call": -194208.617,
    "CEX_Put": 548452.407,
    "CEX_Total": 354243.79,
    "CEX_Ratio": -0.354103
}