{
    "timestamp": "2025-11-25 12:10:28",
    "cum_gam": null,
    "cum_vec": 9387.447788598856,
    "DEX_Call": 2932.023,
    "DEX_Put": -936.924,
    "DEX_Total": 1995.099,
    "DEX_Ratio": 3.129414,
    "GEX_Call": 1438966.747,
    "GEX_Put": -1390646.166,
    "GEX_Total": 48320.581,
    "GEX_Ratio": 1.034747,
    "VEX_Call": 736413.868,
    "VEX_Put": 5363980.291,
    "VEX_Total": 6100394.159,
    "VEX_Ratio": 0.137289,
    "CEX_Call": -37394.324,
    "CEX_Put": 590541.955,
    "CEX_Total": 553147.631,
    "CEX_Ratio": -0.063322
}