{
    "timestamp": "2025-11-14 12:40:25",
    "cum_gam": 6615.858595196348,
    "cum_vec": 7703.939472021811,
    "DEX_Call": 1198.244,
    "DEX_Put": -1384.637,
    "DEX_Total": -186.393,
    "DEX_Ratio": 0.865385,
    "GEX_Call": 3790901.21,
    "GEX_Put": -4712249.259,
    "GEX_Total": -921348.049,
    "GEX_Ratio": 0.804478,
    "VEX_Call": -1399367.97,
    "VEX_Put": 4599843.926,
    "VEX_Total": 3200475.956,
    "VEX_Ratio": -0.304221,
    "CEX_Call": -2297788.321,
    "CEX_Put": 4545595.673,
    "CEX_Total": 2247807.352,
    "CEX_Ratio": -0.505498
}