{
    "timestamp": "2025-08-11 10:30:25",
    "cum_gam": null,
    "cum_vec": null,
    "DEX_Call": 240.265,
    "DEX_Put": -145.524,
    "DEX_Total": 94.741,
    "DEX_Ratio": 1.651034,
    "GEX_Call": 1004154.057,
    "GEX_Put": -729844.784,
    "GEX_Total": 274309.273,
    "GEX_Ratio": 1.375846,
    "VEX_Call": -277977.571,
    "VEX_Put": 1226101.699,
    "VEX_Total": 948124.128,
    "VEX_Ratio": -0.226717,
    "CEX_Call": -374357.664,
    "CEX_Put": 770123.648,
    "CEX_Total": 395765.984,
    "CEX_Ratio": -0.486101
}