{
    "timestamp": "2025-09-22 11:42:02",
    "cum_gam": null,
    "cum_vec": 7105.925507750248,
    "DEX_Call": 1046.997,
    "DEX_Put": -292.008,
    "DEX_Total": 754.989,
    "DEX_Ratio": 3.585508,
    "GEX_Call": 2312614.179,
    "GEX_Put": -1457772.783,
    "GEX_Total": 854841.396,
    "GEX_Ratio": 1.586402,
    "VEX_Call": 345173.479,
    "VEX_Put": 2771428.017,
    "VEX_Total": 3116601.496,
    "VEX_Ratio": 0.124547,
    "CEX_Call": -84636.44,
    "CEX_Put": 1931433.311,
    "CEX_Total": 1846796.871,
    "CEX_Ratio": -0.043821
}