{
    "timestamp": "2025-08-21 07:07:07",
    "cum_gam": 7008.896724069498,
    "cum_vec": 7480.717801439577,
    "DEX_Call": 6305.21,
    "DEX_Put": -2823.548,
    "DEX_Total": 3481.662,
    "DEX_Ratio": 2.233081,
    "GEX_Call": 7155769.955,
    "GEX_Put": -6619945.724,
    "GEX_Total": 535824.231,
    "GEX_Ratio": 1.080941,
    "VEX_Call": 3397387.835,
    "VEX_Put": 16741416.379,
    "VEX_Total": 20138804.214,
    "VEX_Ratio": 0.202933,
    "CEX_Call": -406241.835,
    "CEX_Put": 3213511.428,
    "CEX_Total": 2807269.593,
    "CEX_Ratio": -0.126417
}