{
    "timestamp": "2025-10-21 08:48:09",
    "cum_gam": null,
    "cum_vec": 7520.26968227584,
    "DEX_Call": 1715.676,
    "DEX_Put": -1098.623,
    "DEX_Total": 617.053,
    "DEX_Ratio": 1.56166,
    "GEX_Call": 3187959.953,
    "GEX_Put": -2538424.568,
    "GEX_Total": 649535.385,
    "GEX_Ratio": 1.255881,
    "VEX_Call": -1279173.22,
    "VEX_Put": 9464362.56,
    "VEX_Total": 8185189.34,
    "VEX_Ratio": -0.135157,
    "CEX_Call": -853259.243,
    "CEX_Put": 1966852.388,
    "CEX_Total": 1113593.145,
    "CEX_Ratio": -0.43382
}