{
    "timestamp": "2025-08-07 12:39:20",
    "cum_gam": 7017.865976126454,
    "cum_vec": 7493.515862094646,
    "DEX_Call": 5352.303,
    "DEX_Put": -2499.882,
    "DEX_Total": 2852.421,
    "DEX_Ratio": 2.141022,
    "GEX_Call": 5149147.246,
    "GEX_Put": -4683753.882,
    "GEX_Total": 465393.364,
    "GEX_Ratio": 1.099363,
    "VEX_Call": 3853580.044,
    "VEX_Put": 16031783.71,
    "VEX_Total": 19885363.754,
    "VEX_Ratio": 0.240371,
    "CEX_Call": -158263.563,
    "CEX_Put": 1989552.832,
    "CEX_Total": 1831289.269,
    "CEX_Ratio": -0.079547
}