{
    "timestamp": "2025-07-28 07:17:32",
    "cum_gam": 7009.0731755213965,
    "cum_vec": 7208.097890725503,
    "DEX_Call": 2046.889,
    "DEX_Put": -719.631,
    "DEX_Total": 1327.258,
    "DEX_Ratio": 2.844359,
    "GEX_Call": 5038487.978,
    "GEX_Put": -2949253.676,
    "GEX_Total": 2089234.302,
    "GEX_Ratio": 1.708394,
    "VEX_Call": -185005.622,
    "VEX_Put": 8132298.8,
    "VEX_Total": 7947293.178,
    "VEX_Ratio": -0.022749,
    "CEX_Call": -960549.249,
    "CEX_Put": 3527398.347,
    "CEX_Total": 2566849.098,
    "CEX_Ratio": -0.272311
}