{
    "timestamp": "2025-08-19 12:27:02",
    "cum_gam": 5408.433776706629,
    "cum_vec": 8400.0,
    "DEX_Call": 475.549,
    "DEX_Put": -357.561,
    "DEX_Total": 117.988,
    "DEX_Ratio": 1.32998,
    "GEX_Call": 1564953.907,
    "GEX_Put": -1588423.919,
    "GEX_Total": -23470.012,
    "GEX_Ratio": 0.985224,
    "VEX_Call": -521945.29,
    "VEX_Put": 1865251.392,
    "VEX_Total": 1343306.102,
    "VEX_Ratio": -0.279826,
    "CEX_Call": -700935.812,
    "CEX_Put": 1238870.922,
    "CEX_Total": 537935.11,
    "CEX_Ratio": -0.565786
}