{
    "timestamp": "2025-09-22 07:42:58",
    "cum_gam": null,
    "cum_vec": 7056.608785443842,
    "DEX_Call": 996.866,
    "DEX_Put": -336.822,
    "DEX_Total": 660.044,
    "DEX_Ratio": 2.959623,
    "GEX_Call": 2383354.16,
    "GEX_Put": -1638991.374,
    "GEX_Total": 744362.786,
    "GEX_Ratio": 1.454159,
    "VEX_Call": 293283.455,
    "VEX_Put": 2819395.216,
    "VEX_Total": 3112678.671,
    "VEX_Ratio": 0.104024,
    "CEX_Call": -129234.329,
    "CEX_Put": 1914537.652,
    "CEX_Total": 1785303.323,
    "CEX_Ratio": -0.067502
}