{
    "timestamp": "2025-10-22 12:13:53",
    "cum_gam": null,
    "cum_vec": 7514.119443924942,
    "DEX_Call": 2145.072,
    "DEX_Put": -1343.408,
    "DEX_Total": 801.664,
    "DEX_Ratio": 1.596739,
    "GEX_Call": 3037336.098,
    "GEX_Put": -2885532.569,
    "GEX_Total": 151803.529,
    "GEX_Ratio": 1.052608,
    "VEX_Call": -1681157.475,
    "VEX_Put": 9337402.491,
    "VEX_Total": 7656245.016,
    "VEX_Ratio": -0.180046,
    "CEX_Call": -986236.533,
    "CEX_Put": 2026504.102,
    "CEX_Total": 1040267.569,
    "CEX_Ratio": -0.486669
}