{
    "timestamp": "2025-10-01 08:35:16",
    "cum_gam": null,
    "cum_vec": null,
    "DEX_Call": 313.519,
    "DEX_Put": -168.921,
    "DEX_Total": 144.598,
    "DEX_Ratio": 1.85601,
    "GEX_Call": 1522046.604,
    "GEX_Put": -1138407.609,
    "GEX_Total": 383638.995,
    "GEX_Ratio": 1.336996,
    "VEX_Call": -254949.488,
    "VEX_Put": 1631315.743,
    "VEX_Total": 1376366.255,
    "VEX_Ratio": -0.156285,
    "CEX_Call": -499125.757,
    "CEX_Put": 1363094.334,
    "CEX_Total": 863968.577,
    "CEX_Ratio": -0.366171
}