{
    "timestamp": "2025-08-13 12:25:50",
    "cum_gam": 7005.716633165213,
    "cum_vec": 7547.876221285968,
    "DEX_Call": 4171.072,
    "DEX_Put": -1696.809,
    "DEX_Total": 2474.263,
    "DEX_Ratio": 2.458186,
    "GEX_Call": 4980284.24,
    "GEX_Put": -4282999.023,
    "GEX_Total": 697285.217,
    "GEX_Ratio": 1.162803,
    "VEX_Call": 2850353.866,
    "VEX_Put": 17055733.807,
    "VEX_Total": 19906087.673,
    "VEX_Ratio": 0.16712,
    "CEX_Call": -241519.636,
    "CEX_Put": 2621273.901,
    "CEX_Total": 2379754.265,
    "CEX_Ratio": -0.092138
}