{
    "timestamp": "2025-10-24 12:00:44",
    "cum_gam": null,
    "cum_vec": 7597.473190880928,
    "DEX_Call": 2061.775,
    "DEX_Put": -944.98,
    "DEX_Total": 1116.795,
    "DEX_Ratio": 2.181819,
    "GEX_Call": 4297211.554,
    "GEX_Put": -2645387.624,
    "GEX_Total": 1651823.93,
    "GEX_Ratio": 1.624417,
    "VEX_Call": -797735.285,
    "VEX_Put": 9296306.568,
    "VEX_Total": 8498571.283,
    "VEX_Ratio": -0.085812,
    "CEX_Call": -908788.637,
    "CEX_Put": 2312894.034,
    "CEX_Total": 1404105.397,
    "CEX_Ratio": -0.392923
}