{
    "timestamp": "2025-08-25 07:16:48",
    "cum_gam": null,
    "cum_vec": 7489.994514360268,
    "DEX_Call": 3949.615,
    "DEX_Put": -1814.145,
    "DEX_Total": 2135.47,
    "DEX_Ratio": 2.177122,
    "GEX_Call": 7449012.582,
    "GEX_Put": -5991198.264,
    "GEX_Total": 1457814.318,
    "GEX_Ratio": 1.243326,
    "VEX_Call": 1440805.424,
    "VEX_Put": 15619501.301,
    "VEX_Total": 17060306.725,
    "VEX_Ratio": 0.092244,
    "CEX_Call": -881156.491,
    "CEX_Put": 3784972.235,
    "CEX_Total": 2903815.744,
    "CEX_Ratio": -0.232804
}