{
    "timestamp": "2025-08-22 07:18:24",
    "cum_gam": 7008.539664512311,
    "cum_vec": 7494.875458788711,
    "DEX_Call": 4131.072,
    "DEX_Put": -2085.519,
    "DEX_Total": 2045.553,
    "DEX_Ratio": 1.980836,
    "GEX_Call": 6986003.389,
    "GEX_Put": -5824851.708,
    "GEX_Total": 1161151.681,
    "GEX_Ratio": 1.199344,
    "VEX_Call": 2063243.256,
    "VEX_Put": 17333998.681,
    "VEX_Total": 19397241.937,
    "VEX_Ratio": 0.119029,
    "CEX_Call": -624006.462,
    "CEX_Put": 3649111.451,
    "CEX_Total": 3025104.989,
    "CEX_Ratio": -0.171002
}