{
    "timestamp": "2026-07-23 09:15:16",
    "cum_gam": 7401.83841711914,
    "cum_vec": 7401.83841711914,
    "DEX_Call": 287.451,
    "DEX_Put": -955.876,
    "DEX_Total": -668.425,
    "DEX_Ratio": 0.30072,
    "GEX_Call": 1634044.496,
    "GEX_Put": -3117914.36,
    "GEX_Total": -1483869.864,
    "GEX_Ratio": 0.524083,
    "VEX_Call": -2124727.876,
    "VEX_Put": 2097375.324,
    "VEX_Total": -27352.552,
    "VEX_Ratio": -1.013041,
    "CEX_Call": -2199270.022,
    "CEX_Put": 1325807.619,
    "CEX_Total": -873462.403,
    "CEX_Ratio": -1.658815
}