{
    "timestamp": "2025-07-29 10:14:28",
    "cum_gam": 7009.744492046819,
    "cum_vec": 7212.688233610077,
    "DEX_Call": 2033.282,
    "DEX_Put": -891.092,
    "DEX_Total": 1142.19,
    "DEX_Ratio": 2.281787,
    "GEX_Call": 5586568.796,
    "GEX_Put": -3714205.129,
    "GEX_Total": 1872363.667,
    "GEX_Ratio": 1.504109,
    "VEX_Call": -644229.679,
    "VEX_Put": 8099879.544,
    "VEX_Total": 7455649.865,
    "VEX_Ratio": -0.079536,
    "CEX_Call": -1606775.509,
    "CEX_Put": 4080759.737,
    "CEX_Total": 2473984.228,
    "CEX_Ratio": -0.393744
}