{
    "timestamp": "2025-11-03 11:08:21",
    "cum_gam": null,
    "cum_vec": null,
    "DEX_Call": 300.873,
    "DEX_Put": -167.067,
    "DEX_Total": 133.806,
    "DEX_Ratio": 1.800912,
    "GEX_Call": 1087964.031,
    "GEX_Put": -778740.093,
    "GEX_Total": 309223.938,
    "GEX_Ratio": 1.397082,
    "VEX_Call": -323067.213,
    "VEX_Put": 1082324.863,
    "VEX_Total": 759257.65,
    "VEX_Ratio": -0.298494,
    "CEX_Call": -383314.979,
    "CEX_Put": 629535.574,
    "CEX_Total": 246220.595,
    "CEX_Ratio": -0.608885
}