{
    "timestamp": "2025-10-01 07:00:52",
    "cum_gam": 6159.642515639142,
    "cum_vec": 6159.642515639142,
    "DEX_Call": 270.115,
    "DEX_Put": -222.794,
    "DEX_Total": 47.321,
    "DEX_Ratio": 1.212398,
    "GEX_Call": 1281929.127,
    "GEX_Put": -1314041.449,
    "GEX_Total": -32112.322,
    "GEX_Ratio": 0.975562,
    "VEX_Call": -418710.583,
    "VEX_Put": 1566330.051,
    "VEX_Total": 1147619.468,
    "VEX_Ratio": -0.26732,
    "CEX_Call": -615086.786,
    "CEX_Put": 1263932.373,
    "CEX_Total": 648845.587,
    "CEX_Ratio": -0.486645
}