{
    "timestamp": "2025-10-03 06:30:48",
    "cum_gam": null,
    "cum_vec": 7520.840318566407,
    "DEX_Call": 1175.066,
    "DEX_Put": -644.431,
    "DEX_Total": 530.635,
    "DEX_Ratio": 1.823416,
    "GEX_Call": 1489294.699,
    "GEX_Put": -1220884.649,
    "GEX_Total": 268410.05,
    "GEX_Ratio": 1.219849,
    "VEX_Call": -455096.433,
    "VEX_Put": 6188050.01,
    "VEX_Total": 5732953.577,
    "VEX_Ratio": -0.073544,
    "CEX_Call": -293753.088,
    "CEX_Put": 700673.86,
    "CEX_Total": 406920.772,
    "CEX_Ratio": -0.419244
}