{
    "timestamp": "2025-11-18 07:25:56",
    "cum_gam": null,
    "cum_vec": 7815.482319032197,
    "DEX_Call": 7097.825,
    "DEX_Put": -4602.228,
    "DEX_Total": 2495.597,
    "DEX_Ratio": 1.542258,
    "GEX_Call": 7090501.152,
    "GEX_Put": -6984772.213,
    "GEX_Total": 105728.939,
    "GEX_Ratio": 1.015137,
    "VEX_Call": -2415144.376,
    "VEX_Put": 16737161.933,
    "VEX_Total": 14322017.557,
    "VEX_Ratio": -0.144298,
    "CEX_Call": -1711739.623,
    "CEX_Put": 2670862.438,
    "CEX_Total": 959122.815,
    "CEX_Ratio": -0.640894
}