{
    "timestamp": "2025-11-12 12:22:44",
    "cum_gam": null,
    "cum_vec": 7782.8102859048095,
    "DEX_Call": 1419.85,
    "DEX_Put": -802.112,
    "DEX_Total": 617.738,
    "DEX_Ratio": 1.770139,
    "GEX_Call": 4430778.518,
    "GEX_Put": -3031647.333,
    "GEX_Total": 1399131.185,
    "GEX_Ratio": 1.461509,
    "VEX_Call": -966123.373,
    "VEX_Put": 4241584.944,
    "VEX_Total": 3275461.571,
    "VEX_Ratio": -0.227774,
    "CEX_Call": -1510580.473,
    "CEX_Put": 2986455.022,
    "CEX_Total": 1475874.549,
    "CEX_Ratio": -0.505811
}