{
    "timestamp": "2025-09-09 12:12:13",
    "cum_gam": 7009.256682157439,
    "cum_vec": 7568.317305353291,
    "DEX_Call": 3856.68,
    "DEX_Put": -1358.245,
    "DEX_Total": 2498.435,
    "DEX_Ratio": 2.839458,
    "GEX_Call": 7844458.817,
    "GEX_Put": -6344242.547,
    "GEX_Total": 1500216.27,
    "GEX_Ratio": 1.236469,
    "VEX_Call": 2558587.181,
    "VEX_Put": 9962158.273,
    "VEX_Total": 12520745.454,
    "VEX_Ratio": 0.256831,
    "CEX_Call": 469690.085,
    "CEX_Put": 6208764.471,
    "CEX_Total": 6678454.556,
    "CEX_Ratio": 0.07565
}