{
    "timestamp": "2025-10-07 09:14:41",
    "cum_gam": 7003.422757403197,
    "cum_vec": 9051.35551744735,
    "DEX_Call": 1847.191,
    "DEX_Put": -1016.86,
    "DEX_Total": 830.331,
    "DEX_Ratio": 1.816564,
    "GEX_Call": 4384454.754,
    "GEX_Put": -3398542.465,
    "GEX_Total": 985912.289,
    "GEX_Ratio": 1.290099,
    "VEX_Call": -319229.093,
    "VEX_Put": 5620322.621,
    "VEX_Total": 5301093.528,
    "VEX_Ratio": -0.056799,
    "CEX_Call": -990204.779,
    "CEX_Put": 3451211.031,
    "CEX_Total": 2461006.252,
    "CEX_Ratio": -0.286915
}