{
    "timestamp": "2025-09-30 12:15:55",
    "cum_gam": null,
    "cum_vec": 8916.132864709667,
    "DEX_Call": 2725.573,
    "DEX_Put": -1560.394,
    "DEX_Total": 1165.179,
    "DEX_Ratio": 1.746721,
    "GEX_Call": 8157938.299,
    "GEX_Put": -6804224.451,
    "GEX_Total": 1353713.848,
    "GEX_Ratio": 1.198952,
    "VEX_Call": -1088225.87,
    "VEX_Put": 11827763.848,
    "VEX_Total": 10739537.978,
    "VEX_Ratio": -0.092006,
    "CEX_Call": -2481495.408,
    "CEX_Put": 8380261.849,
    "CEX_Total": 5898766.441,
    "CEX_Ratio": -0.296112
}