{
    "timestamp": "2025-08-12 12:52:26",
    "cum_gam": 7012.849257684164,
    "cum_vec": 7530.046349136221,
    "DEX_Call": 6058.947,
    "DEX_Put": -1748.371,
    "DEX_Total": 4310.576,
    "DEX_Ratio": 3.465481,
    "GEX_Call": 5144566.18,
    "GEX_Put": -4255226.3,
    "GEX_Total": 889339.88,
    "GEX_Ratio": 1.208999,
    "VEX_Call": 4502558.224,
    "VEX_Put": 16494341.916,
    "VEX_Total": 20996900.14,
    "VEX_Ratio": 0.272976,
    "CEX_Call": 25718.71,
    "CEX_Put": 2457529.426,
    "CEX_Total": 2483248.136,
    "CEX_Ratio": 0.010465
}