{
    "timestamp": "2025-07-11 09:52:48",
    "cum_gam": 7000.574987918808,
    "cum_vec": 8111.013585578655,
    "DEX_Call": 903.041,
    "DEX_Put": -414.79,
    "DEX_Total": 488.251,
    "DEX_Ratio": 2.177104,
    "GEX_Call": 3947492.632,
    "GEX_Put": -2687717.833,
    "GEX_Total": 1259774.799,
    "GEX_Ratio": 1.468715,
    "VEX_Call": -420587.496,
    "VEX_Put": 3057361.62,
    "VEX_Total": 2636774.124,
    "VEX_Ratio": -0.137566,
    "CEX_Call": -1261625.005,
    "CEX_Put": 3167933.315,
    "CEX_Total": 1906308.31,
    "CEX_Ratio": -0.398249
}