{
    "timestamp": "2025-09-19 12:45:44",
    "cum_gam": 8114.685314685315,
    "cum_vec": 8600.0,
    "DEX_Call": 414.019,
    "DEX_Put": -134.362,
    "DEX_Total": 279.657,
    "DEX_Ratio": 3.08137,
    "GEX_Call": 2388779.533,
    "GEX_Put": -1311653.528,
    "GEX_Total": 1077126.005,
    "GEX_Ratio": 1.821197,
    "VEX_Call": -78604.516,
    "VEX_Put": 1618676.8,
    "VEX_Total": 1540072.284,
    "VEX_Ratio": -0.048561,
    "CEX_Call": -499952.411,
    "CEX_Put": 2087467.659,
    "CEX_Total": 1587515.248,
    "CEX_Ratio": -0.239502
}