{
    "timestamp": "2025-10-20 07:48:49",
    "cum_gam": null,
    "cum_vec": 7517.393083664384,
    "DEX_Call": 2062.508,
    "DEX_Put": -1108.274,
    "DEX_Total": 954.234,
    "DEX_Ratio": 1.861009,
    "GEX_Call": 2786931.231,
    "GEX_Put": -2379507.786,
    "GEX_Total": 407423.445,
    "GEX_Ratio": 1.171222,
    "VEX_Call": -1261481.401,
    "VEX_Put": 9075981.817,
    "VEX_Total": 7814500.416,
    "VEX_Ratio": -0.138991,
    "CEX_Call": -762034.781,
    "CEX_Put": 1824536.702,
    "CEX_Total": 1062501.921,
    "CEX_Ratio": -0.417659
}