{
    "timestamp": "2025-11-19 08:35:28",
    "cum_gam": null,
    "cum_vec": 7724.921476290212,
    "DEX_Call": 6615.972,
    "DEX_Put": -4637.619,
    "DEX_Total": 1978.353,
    "DEX_Ratio": 1.426588,
    "GEX_Call": 7598335.266,
    "GEX_Put": -7190243.292,
    "GEX_Total": 408091.974,
    "GEX_Ratio": 1.056756,
    "VEX_Call": -3366606.939,
    "VEX_Put": 17404233.684,
    "VEX_Total": 14037626.745,
    "VEX_Ratio": -0.193436,
    "CEX_Call": -2027848.157,
    "CEX_Put": 2960896.23,
    "CEX_Total": 933048.073,
    "CEX_Ratio": -0.684876
}