{
    "timestamp": "2025-09-11 06:47:17",
    "cum_gam": 7009.196168892289,
    "cum_vec": 7491.4155052264805,
    "DEX_Call": 4287.854,
    "DEX_Put": -1105.632,
    "DEX_Total": 3182.222,
    "DEX_Ratio": 3.878193,
    "GEX_Call": 8569523.086,
    "GEX_Put": -5975617.713,
    "GEX_Total": 2593905.373,
    "GEX_Ratio": 1.434082,
    "VEX_Call": 3221425.285,
    "VEX_Put": 10040869.846,
    "VEX_Total": 13262295.131,
    "VEX_Ratio": 0.320831,
    "CEX_Call": 1214828.674,
    "CEX_Put": 8024326.797,
    "CEX_Total": 9239155.471,
    "CEX_Ratio": 0.151393
}