{
    "timestamp": "2025-08-07 10:20:08",
    "cum_gam": 7009.802735898701,
    "cum_vec": 7415.338530980714,
    "DEX_Call": 1605.025,
    "DEX_Put": -802.201,
    "DEX_Total": 802.824,
    "DEX_Ratio": 2.000777,
    "GEX_Call": 3926735.055,
    "GEX_Put": -3338001.959,
    "GEX_Total": 588733.096,
    "GEX_Ratio": 1.176373,
    "VEX_Call": -1349791.956,
    "VEX_Put": 4136086.602,
    "VEX_Total": 2786294.646,
    "VEX_Ratio": -0.326345,
    "CEX_Call": -2164084.237,
    "CEX_Put": 3542039.944,
    "CEX_Total": 1377955.707,
    "CEX_Ratio": -0.610971
}