{
    "timestamp": "2025-07-08 09:00:53",
    "cum_gam": 7001.447016460906,
    "cum_vec": 8143.058566285273,
    "DEX_Call": 1624.654,
    "DEX_Put": -419.321,
    "DEX_Total": 1205.333,
    "DEX_Ratio": 3.874488,
    "GEX_Call": 3051807.65,
    "GEX_Put": -1941008.719,
    "GEX_Total": 1110798.931,
    "GEX_Ratio": 1.572279,
    "VEX_Call": 457275.883,
    "VEX_Put": 3488250.613,
    "VEX_Total": 3945526.496,
    "VEX_Ratio": 0.13109,
    "CEX_Call": -184031.519,
    "CEX_Put": 2361981.611,
    "CEX_Total": 2177950.092,
    "CEX_Ratio": -0.077914
}