{
    "timestamp": "2025-07-18 10:21:00",
    "cum_gam": 7022.147063673662,
    "cum_vec": 7117.6044649155565,
    "DEX_Call": 1816.864,
    "DEX_Put": -833.448,
    "DEX_Total": 983.416,
    "DEX_Ratio": 2.179937,
    "GEX_Call": 3044788.484,
    "GEX_Put": -2194643.047,
    "GEX_Total": 850145.437,
    "GEX_Ratio": 1.387373,
    "VEX_Call": -467095.137,
    "VEX_Put": 8218535.022,
    "VEX_Total": 7751439.885,
    "VEX_Ratio": -0.056834,
    "CEX_Call": -646442.561,
    "CEX_Put": 1825865.077,
    "CEX_Total": 1179422.516,
    "CEX_Ratio": -0.354047
}