{
    "timestamp": "2025-11-06 09:10:26",
    "cum_gam": 6690.132905961199,
    "cum_vec": 6690.132905961199,
    "DEX_Call": 189.425,
    "DEX_Put": -492.631,
    "DEX_Total": -303.206,
    "DEX_Ratio": 0.384517,
    "GEX_Call": 1110920.272,
    "GEX_Put": -1752022.434,
    "GEX_Total": -641102.162,
    "GEX_Ratio": 0.634079,
    "VEX_Call": -1109932.85,
    "VEX_Put": 1051072.0,
    "VEX_Total": -58860.85,
    "VEX_Ratio": -1.056001,
    "CEX_Call": -1314683.729,
    "CEX_Put": 838394.676,
    "CEX_Total": -476289.053,
    "CEX_Ratio": -1.568096
}