{
    "timestamp": "2025-10-17 09:15:40",
    "cum_gam": 7002.354342922066,
    "cum_vec": 8190.8530083777605,
    "DEX_Call": 288.203,
    "DEX_Put": -543.693,
    "DEX_Total": -255.49,
    "DEX_Ratio": 0.530084,
    "GEX_Call": 1509964.204,
    "GEX_Put": -2172565.946,
    "GEX_Total": -662601.742,
    "GEX_Ratio": 0.695014,
    "VEX_Call": -1060593.945,
    "VEX_Put": 2232798.224,
    "VEX_Total": 1172204.279,
    "VEX_Ratio": -0.475007,
    "CEX_Call": -1669100.557,
    "CEX_Put": 2634439.433,
    "CEX_Total": 965338.876,
    "CEX_Ratio": -0.63357
}