{
    "timestamp": "2025-08-11 10:31:39",
    "cum_gam": null,
    "cum_vec": null,
    "DEX_Call": 242.711,
    "DEX_Put": -143.692,
    "DEX_Total": 99.019,
    "DEX_Ratio": 1.689106,
    "GEX_Call": 1013122.095,
    "GEX_Put": -723726.351,
    "GEX_Total": 289395.744,
    "GEX_Ratio": 1.399869,
    "VEX_Call": -270182.779,
    "VEX_Put": 1229024.62,
    "VEX_Total": 958841.841,
    "VEX_Ratio": -0.219835,
    "CEX_Call": -369548.735,
    "CEX_Put": 773100.69,
    "CEX_Total": 403551.955,
    "CEX_Ratio": -0.478009
}