{
    "timestamp": "2025-10-06 07:11:21",
    "cum_gam": 7000.768554514599,
    "cum_vec": 8778.611776402005,
    "DEX_Call": 2765.214,
    "DEX_Put": -853.792,
    "DEX_Total": 1911.422,
    "DEX_Ratio": 3.238744,
    "GEX_Call": 4064558.853,
    "GEX_Put": -2817771.199,
    "GEX_Total": 1246787.654,
    "GEX_Ratio": 1.442473,
    "VEX_Call": 551544.979,
    "VEX_Put": 5198896.482,
    "VEX_Total": 5750441.461,
    "VEX_Ratio": 0.106089,
    "CEX_Call": -335075.427,
    "CEX_Put": 2843608.834,
    "CEX_Total": 2508533.407,
    "CEX_Ratio": -0.117835
}