{
    "timestamp": "2025-08-01 07:07:24",
    "cum_gam": 8187.630827783064,
    "cum_vec": 8187.630827783064,
    "DEX_Call": 99.803,
    "DEX_Put": -663.836,
    "DEX_Total": -564.033,
    "DEX_Ratio": 0.150343,
    "GEX_Call": 576495.782,
    "GEX_Put": -1868764.597,
    "GEX_Total": -1292268.815,
    "GEX_Ratio": 0.30849,
    "VEX_Call": -696911.261,
    "VEX_Put": 718386.614,
    "VEX_Total": 21475.353,
    "VEX_Ratio": -0.970106,
    "CEX_Call": -1090401.857,
    "CEX_Put": 562373.624,
    "CEX_Total": -528028.233,
    "CEX_Ratio": -1.938928
}