{
    "timestamp": "2025-08-19 11:37:53",
    "cum_gam": 7007.539682250958,
    "cum_vec": 7488.510510037916,
    "DEX_Call": 6181.201,
    "DEX_Put": -2469.893,
    "DEX_Total": 3711.308,
    "DEX_Ratio": 2.502619,
    "GEX_Call": 6696960.325,
    "GEX_Put": -6023121.284,
    "GEX_Total": 673839.041,
    "GEX_Ratio": 1.111875,
    "VEX_Call": 3396469.089,
    "VEX_Put": 16890349.712,
    "VEX_Total": 20286818.801,
    "VEX_Ratio": 0.201089,
    "CEX_Call": -338948.495,
    "CEX_Put": 3042517.884,
    "CEX_Total": 2703569.389,
    "CEX_Ratio": -0.111404
}