{
    "timestamp": "2025-11-07 09:48:21",
    "cum_gam": 6713.321829948837,
    "cum_vec": 6713.321829948837,
    "DEX_Call": 106.592,
    "DEX_Put": -834.055,
    "DEX_Total": -727.463,
    "DEX_Ratio": 0.1278,
    "GEX_Call": 705747.601,
    "GEX_Put": -2262279.435,
    "GEX_Total": -1556531.834,
    "GEX_Ratio": 0.311963,
    "VEX_Call": -1053603.331,
    "VEX_Put": 578461.304,
    "VEX_Total": -475142.027,
    "VEX_Ratio": -1.821389,
    "CEX_Call": -1421430.093,
    "CEX_Put": 327835.411,
    "CEX_Total": -1093594.682,
    "CEX_Ratio": -4.335804
}