{
    "timestamp": "2025-09-08 10:50:55",
    "cum_gam": 7009.30191094898,
    "cum_vec": 7606.063158539574,
    "DEX_Call": 3573.069,
    "DEX_Put": -1441.559,
    "DEX_Total": 2131.51,
    "DEX_Ratio": 2.478614,
    "GEX_Call": 7424406.856,
    "GEX_Put": -6156288.308,
    "GEX_Total": 1268118.548,
    "GEX_Ratio": 1.205988,
    "VEX_Call": 2059588.037,
    "VEX_Put": 9595613.618,
    "VEX_Total": 11655201.655,
    "VEX_Ratio": 0.214638,
    "CEX_Call": 94305.209,
    "CEX_Put": 5260928.838,
    "CEX_Total": 5355234.047,
    "CEX_Ratio": 0.017926
}