{
    "timestamp": "2025-09-05 07:53:59",
    "cum_gam": 5327.05971808273,
    "cum_vec": 9032.218540976433,
    "DEX_Call": 1537.143,
    "DEX_Put": -1016.633,
    "DEX_Total": 520.51,
    "DEX_Ratio": 1.511994,
    "GEX_Call": 1842609.504,
    "GEX_Put": -2003427.119,
    "GEX_Total": -160817.615,
    "GEX_Ratio": 0.919729,
    "VEX_Call": -366716.812,
    "VEX_Put": 8923324.984,
    "VEX_Total": 8556608.172,
    "VEX_Ratio": -0.041096,
    "CEX_Call": -352710.516,
    "CEX_Put": 1237035.935,
    "CEX_Total": 884325.419,
    "CEX_Ratio": -0.285126
}