{
    "timestamp": "2025-09-29 12:16:47",
    "cum_gam": 5872.311802847715,
    "cum_vec": 5872.311802847715,
    "DEX_Call": 203.055,
    "DEX_Put": -167.399,
    "DEX_Total": 35.656,
    "DEX_Ratio": 1.213,
    "GEX_Call": 867435.835,
    "GEX_Put": -885029.889,
    "GEX_Total": -17594.054,
    "GEX_Ratio": 0.98012,
    "VEX_Call": -256473.126,
    "VEX_Put": 1128836.191,
    "VEX_Total": 872363.065,
    "VEX_Ratio": -0.227201,
    "CEX_Call": -326135.278,
    "CEX_Put": 677796.095,
    "CEX_Total": 351660.817,
    "CEX_Ratio": -0.48117
}