{
    "timestamp": "2025-10-21 12:01:49",
    "cum_gam": 8790.070921985816,
    "cum_vec": 8790.070921985816,
    "DEX_Call": 648.791,
    "DEX_Put": -302.775,
    "DEX_Total": 346.016,
    "DEX_Ratio": 2.142816,
    "GEX_Call": 2149027.377,
    "GEX_Put": -1452365.375,
    "GEX_Total": 696662.002,
    "GEX_Ratio": 1.479674,
    "VEX_Call": -386259.777,
    "VEX_Put": 2728434.486,
    "VEX_Total": 2342174.709,
    "VEX_Ratio": -0.141568,
    "CEX_Call": -660753.826,
    "CEX_Put": 1850528.841,
    "CEX_Total": 1189775.015,
    "CEX_Ratio": -0.357062
}