{
    "timestamp": "2025-08-12 09:06:22",
    "cum_gam": 7014.813641157333,
    "cum_vec": 7522.373656567011,
    "DEX_Call": 5953.839,
    "DEX_Put": -1835.038,
    "DEX_Total": 4118.801,
    "DEX_Ratio": 3.244532,
    "GEX_Call": 5221926.708,
    "GEX_Put": -4393490.956,
    "GEX_Total": 828435.752,
    "GEX_Ratio": 1.18856,
    "VEX_Call": 4244643.224,
    "VEX_Put": 16521580.098,
    "VEX_Total": 20766223.322,
    "VEX_Ratio": 0.256915,
    "CEX_Call": -37942.801,
    "CEX_Put": 2434766.172,
    "CEX_Total": 2396823.371,
    "CEX_Ratio": -0.015584
}