{
    "timestamp": "2025-09-03 10:39:43",
    "cum_gam": 5309.668607088107,
    "cum_vec": 9035.2583283463,
    "DEX_Call": 1453.585,
    "DEX_Put": -991.311,
    "DEX_Total": 462.274,
    "DEX_Ratio": 1.466326,
    "GEX_Call": 1712353.187,
    "GEX_Put": -1838639.471,
    "GEX_Total": -126286.284,
    "GEX_Ratio": 0.931315,
    "VEX_Call": -282822.517,
    "VEX_Put": 7859047.453,
    "VEX_Total": 7576224.936,
    "VEX_Ratio": -0.035987,
    "CEX_Call": -313396.986,
    "CEX_Put": 1030539.52,
    "CEX_Total": 717142.534,
    "CEX_Ratio": -0.30411
}