{
    "timestamp": "2025-07-16 12:50:10",
    "cum_gam": 7984.07960199005,
    "cum_vec": 7984.07960199005,
    "DEX_Call": 268.038,
    "DEX_Put": -142.576,
    "DEX_Total": 125.462,
    "DEX_Ratio": 1.879966,
    "GEX_Call": 1190429.646,
    "GEX_Put": -900140.583,
    "GEX_Total": 290289.063,
    "GEX_Ratio": 1.322493,
    "VEX_Call": -250646.608,
    "VEX_Put": 915711.475,
    "VEX_Total": 665064.867,
    "VEX_Ratio": -0.273718,
    "CEX_Call": -437721.151,
    "CEX_Put": 815838.166,
    "CEX_Total": 378117.015,
    "CEX_Ratio": -0.536529
}