{
    "timestamp": "2025-07-14 12:38:43",
    "cum_gam": null,
    "cum_vec": 7168.388778169554,
    "DEX_Call": 1611.337,
    "DEX_Put": -640.633,
    "DEX_Total": 970.704,
    "DEX_Ratio": 2.515226,
    "GEX_Call": 2303060.922,
    "GEX_Put": -1545496.637,
    "GEX_Total": 757564.285,
    "GEX_Ratio": 1.490175,
    "VEX_Call": -339317.566,
    "VEX_Put": 6615544.143,
    "VEX_Total": 6276226.577,
    "VEX_Ratio": -0.051291,
    "CEX_Call": -473051.288,
    "CEX_Put": 1316085.917,
    "CEX_Total": 843034.629,
    "CEX_Ratio": -0.359438
}