{
    "timestamp": "2025-11-18 10:44:27",
    "cum_gam": 5005.263398080836,
    "cum_vec": 7800.7654671242835,
    "DEX_Call": 6392.474,
    "DEX_Put": -4914.317,
    "DEX_Total": 1478.157,
    "DEX_Ratio": 1.300786,
    "GEX_Call": 6870302.556,
    "GEX_Put": -6966751.231,
    "GEX_Total": -96448.675,
    "GEX_Ratio": 0.986156,
    "VEX_Call": -3608015.897,
    "VEX_Put": 16174728.436,
    "VEX_Total": 12566712.539,
    "VEX_Ratio": -0.223065,
    "CEX_Call": -1942393.842,
    "CEX_Put": 2574199.607,
    "CEX_Total": 631805.765,
    "CEX_Ratio": -0.754562
}