{
    "timestamp": "2025-11-21 12:59:24",
    "cum_gam": 6615.665989602594,
    "cum_vec": 7617.1124254160995,
    "DEX_Call": 250.811,
    "DEX_Put": -853.586,
    "DEX_Total": -602.775,
    "DEX_Ratio": 0.293832,
    "GEX_Call": 1300805.165,
    "GEX_Put": -2376508.075,
    "GEX_Total": -1075702.91,
    "GEX_Ratio": 0.54736,
    "VEX_Call": -1145290.25,
    "VEX_Put": 1377820.774,
    "VEX_Total": 232530.524,
    "VEX_Ratio": -0.831233,
    "CEX_Call": -1731440.582,
    "CEX_Put": 1379420.199,
    "CEX_Total": -352020.383,
    "CEX_Ratio": -1.255194
}