{
    "timestamp": "2025-11-18 11:24:08",
    "cum_gam": 8599.121522693997,
    "cum_vec": 8800.0,
    "DEX_Call": 295.069,
    "DEX_Put": -678.497,
    "DEX_Total": -383.428,
    "DEX_Ratio": 0.434886,
    "GEX_Call": 900587.83,
    "GEX_Put": -1537581.622,
    "GEX_Total": -636993.792,
    "GEX_Ratio": 0.585717,
    "VEX_Call": -1166558.083,
    "VEX_Put": 1457410.896,
    "VEX_Total": 290852.813,
    "VEX_Ratio": -0.800432,
    "CEX_Call": -1085267.113,
    "CEX_Put": 872584.594,
    "CEX_Total": -212682.519,
    "CEX_Ratio": -1.243739
}