{
    "timestamp": "2025-10-01 09:36:43",
    "cum_gam": null,
    "cum_vec": null,
    "DEX_Call": 326.339,
    "DEX_Put": -166.514,
    "DEX_Total": 159.825,
    "DEX_Ratio": 1.959829,
    "GEX_Call": 1541384.757,
    "GEX_Put": -1128004.97,
    "GEX_Total": 413379.787,
    "GEX_Ratio": 1.36647,
    "VEX_Call": -222165.386,
    "VEX_Put": 1667229.283,
    "VEX_Total": 1445063.897,
    "VEX_Ratio": -0.133254,
    "CEX_Call": -471107.051,
    "CEX_Put": 1407610.366,
    "CEX_Total": 936503.315,
    "CEX_Ratio": -0.334686
}