{
    "timestamp": "2025-08-18 08:24:00",
    "cum_gam": 7006.999686750212,
    "cum_vec": 7499.90480247727,
    "DEX_Call": 4439.789,
    "DEX_Put": -2026.581,
    "DEX_Total": 2413.208,
    "DEX_Ratio": 2.190778,
    "GEX_Call": 6051295.297,
    "GEX_Put": -5191678.118,
    "GEX_Total": 859617.179,
    "GEX_Ratio": 1.165576,
    "VEX_Call": 2421592.252,
    "VEX_Put": 16661194.605,
    "VEX_Total": 19082786.857,
    "VEX_Ratio": 0.145343,
    "CEX_Call": -447505.871,
    "CEX_Put": 2945522.199,
    "CEX_Total": 2498016.328,
    "CEX_Ratio": -0.151928
}