{
    "timestamp": "2025-07-01 07:49:26",
    "cum_gam": null,
    "cum_vec": 7323.9351908678045,
    "DEX_Call": 1320.713,
    "DEX_Put": -586.585,
    "DEX_Total": 734.128,
    "DEX_Ratio": 2.251529,
    "GEX_Call": 1534789.022,
    "GEX_Put": -1149275.946,
    "GEX_Total": 385513.076,
    "GEX_Ratio": 1.33544,
    "VEX_Call": -156416.725,
    "VEX_Put": 5404330.438,
    "VEX_Total": 5247913.713,
    "VEX_Ratio": -0.028943,
    "CEX_Call": -269225.926,
    "CEX_Put": 728262.626,
    "CEX_Total": 459036.7,
    "CEX_Ratio": -0.369682
}