{
    "timestamp": "2025-11-24 12:24:38",
    "cum_gam": 8399.492226783388,
    "cum_vec": 8555.555555555555,
    "DEX_Call": 233.472,
    "DEX_Put": -291.486,
    "DEX_Total": -58.014,
    "DEX_Ratio": 0.800972,
    "GEX_Call": 958766.421,
    "GEX_Put": -958427.513,
    "GEX_Total": 338.908,
    "GEX_Ratio": 1.000354,
    "VEX_Call": -627804.188,
    "VEX_Put": 1673713.384,
    "VEX_Total": 1045909.196,
    "VEX_Ratio": -0.375097,
    "CEX_Call": -608177.755,
    "CEX_Put": 1018644.095,
    "CEX_Total": 410466.34,
    "CEX_Ratio": -0.597046
}