{
    "timestamp": "2025-10-24 07:11:36",
    "cum_gam": null,
    "cum_vec": 7595.39878335139,
    "DEX_Call": 2037.367,
    "DEX_Put": -966.339,
    "DEX_Total": 1071.028,
    "DEX_Ratio": 2.108336,
    "GEX_Call": 4256280.248,
    "GEX_Put": -2669428.268,
    "GEX_Total": 1586851.98,
    "GEX_Ratio": 1.594454,
    "VEX_Call": -870064.69,
    "VEX_Put": 9409466.437,
    "VEX_Total": 8539401.747,
    "VEX_Ratio": -0.092467,
    "CEX_Call": -925178.751,
    "CEX_Put": 2315237.077,
    "CEX_Total": 1390058.326,
    "CEX_Ratio": -0.399604
}