{
    "timestamp": "2025-06-26 12:43:51",
    "cum_gam": null,
    "cum_vec": 6723.502965865534,
    "DEX_Call": 2216.235,
    "DEX_Put": -805.905,
    "DEX_Total": 1410.33,
    "DEX_Ratio": 2.749995,
    "GEX_Call": 4609685.339,
    "GEX_Put": -2777448.467,
    "GEX_Total": 1832236.872,
    "GEX_Ratio": 1.659683,
    "VEX_Call": 517113.409,
    "VEX_Put": 7884173.484,
    "VEX_Total": 8401286.893,
    "VEX_Ratio": 0.065589,
    "CEX_Call": -460976.387,
    "CEX_Put": 2897679.813,
    "CEX_Total": 2436703.426,
    "CEX_Ratio": -0.159085
}