{
    "timestamp": "2025-08-06 10:13:20",
    "cum_gam": 7009.860349869311,
    "cum_vec": 7317.165033086223,
    "DEX_Call": 1061.891,
    "DEX_Put": -701.221,
    "DEX_Total": 360.67,
    "DEX_Ratio": 1.514346,
    "GEX_Call": 3797869.892,
    "GEX_Put": -2914136.758,
    "GEX_Total": 883733.134,
    "GEX_Ratio": 1.303257,
    "VEX_Call": -891096.744,
    "VEX_Put": 4403161.693,
    "VEX_Total": 3512064.949,
    "VEX_Ratio": -0.202377,
    "CEX_Call": -1439001.674,
    "CEX_Put": 3296608.734,
    "CEX_Total": 1857607.06,
    "CEX_Ratio": -0.43651
}