{
    "timestamp": "2025-10-14 07:06:35",
    "cum_gam": 6000.114673630344,
    "cum_vec": 7517.815086222611,
    "DEX_Call": 1642.518,
    "DEX_Put": -1379.032,
    "DEX_Total": 263.486,
    "DEX_Ratio": 1.191066,
    "GEX_Call": 1820916.66,
    "GEX_Put": -2229317.913,
    "GEX_Total": -408401.253,
    "GEX_Ratio": 0.816804,
    "VEX_Call": -1203655.867,
    "VEX_Put": 8332129.506,
    "VEX_Total": 7128473.639,
    "VEX_Ratio": -0.14446,
    "CEX_Call": -556565.35,
    "CEX_Put": 1317739.395,
    "CEX_Total": 761174.045,
    "CEX_Ratio": -0.422364
}