{
    "timestamp": "2025-08-07 11:40:25",
    "cum_gam": 7018.043905768676,
    "cum_vec": 7491.8585338847815,
    "DEX_Call": 5298.884,
    "DEX_Put": -2554.331,
    "DEX_Total": 2744.553,
    "DEX_Ratio": 2.07447,
    "GEX_Call": 5149959.192,
    "GEX_Put": -4728428.178,
    "GEX_Total": 421531.014,
    "GEX_Ratio": 1.089148,
    "VEX_Call": 3734289.097,
    "VEX_Put": 15981472.849,
    "VEX_Total": 19715761.946,
    "VEX_Ratio": 0.233664,
    "CEX_Call": -178207.218,
    "CEX_Put": 1975296.978,
    "CEX_Total": 1797089.76,
    "CEX_Ratio": -0.090218
}