{
    "timestamp": "2025-10-07 06:40:12",
    "cum_gam": null,
    "cum_vec": 7522.166144343551,
    "DEX_Call": 1199.603,
    "DEX_Put": -655.679,
    "DEX_Total": 543.924,
    "DEX_Ratio": 1.829558,
    "GEX_Call": 1675433.909,
    "GEX_Put": -1318479.399,
    "GEX_Total": 356954.51,
    "GEX_Ratio": 1.270732,
    "VEX_Call": -529505.39,
    "VEX_Put": 6445712.411,
    "VEX_Total": 5916207.021,
    "VEX_Ratio": -0.082148,
    "CEX_Call": -341941.847,
    "CEX_Put": 810376.027,
    "CEX_Total": 468434.18,
    "CEX_Ratio": -0.421955
}