{
    "timestamp": "2025-09-11 11:32:59",
    "cum_gam": null,
    "cum_vec": 7863.804030080557,
    "DEX_Call": 1508.917,
    "DEX_Put": -839.568,
    "DEX_Total": 669.349,
    "DEX_Ratio": 1.797254,
    "GEX_Call": 2428516.321,
    "GEX_Put": -2024989.217,
    "GEX_Total": 403527.104,
    "GEX_Ratio": 1.199274,
    "VEX_Call": -131998.257,
    "VEX_Put": 9936674.91,
    "VEX_Total": 9804676.653,
    "VEX_Ratio": -0.013284,
    "CEX_Call": -397314.129,
    "CEX_Put": 1661730.47,
    "CEX_Total": 1264416.341,
    "CEX_Ratio": -0.239097
}