{
    "timestamp": "2025-10-08 09:03:29",
    "cum_gam": 7003.828876073677,
    "cum_vec": 9061.087581651309,
    "DEX_Call": 1883.053,
    "DEX_Put": -814.406,
    "DEX_Total": 1068.647,
    "DEX_Ratio": 2.31218,
    "GEX_Call": 5325361.789,
    "GEX_Put": -3274697.257,
    "GEX_Total": 2050664.532,
    "GEX_Ratio": 1.626215,
    "VEX_Call": 287131.896,
    "VEX_Put": 5370719.37,
    "VEX_Total": 5657851.266,
    "VEX_Ratio": 0.053462,
    "CEX_Call": -693982.888,
    "CEX_Put": 3802050.154,
    "CEX_Total": 3108067.266,
    "CEX_Ratio": -0.182529
}