{
    "timestamp": "2025-10-30 11:20:39",
    "cum_gam": 8784.466019417476,
    "cum_vec": 8784.466019417476,
    "DEX_Call": 517.001,
    "DEX_Put": -348.047,
    "DEX_Total": 168.954,
    "DEX_Ratio": 1.485434,
    "GEX_Call": 2149504.023,
    "GEX_Put": -1982929.817,
    "GEX_Total": 166574.206,
    "GEX_Ratio": 1.084004,
    "VEX_Call": -451264.058,
    "VEX_Put": 1541952.808,
    "VEX_Total": 1090688.75,
    "VEX_Ratio": -0.292658,
    "CEX_Call": -846689.928,
    "CEX_Put": 1375731.299,
    "CEX_Total": 529041.371,
    "CEX_Ratio": -0.615447
}