{
    "timestamp": "2025-09-17 10:28:49",
    "cum_gam": null,
    "cum_vec": null,
    "DEX_Call": 316.712,
    "DEX_Put": -185.536,
    "DEX_Total": 131.176,
    "DEX_Ratio": 1.707011,
    "GEX_Call": 1149146.526,
    "GEX_Put": -977562.22,
    "GEX_Total": 171584.306,
    "GEX_Ratio": 1.175523,
    "VEX_Call": -249642.003,
    "VEX_Put": 1414445.592,
    "VEX_Total": 1164803.589,
    "VEX_Ratio": -0.176495,
    "CEX_Call": -431529.398,
    "CEX_Put": 1206958.499,
    "CEX_Total": 775429.101,
    "CEX_Ratio": -0.357535
}