{
    "timestamp": "2025-08-14 07:56:18",
    "cum_gam": null,
    "cum_vec": 8400.0,
    "DEX_Call": 422.144,
    "DEX_Put": -139.243,
    "DEX_Total": 282.901,
    "DEX_Ratio": 3.031707,
    "GEX_Call": 2291162.912,
    "GEX_Put": -1074236.061,
    "GEX_Total": 1216926.851,
    "GEX_Ratio": 2.13283,
    "VEX_Call": -213600.726,
    "VEX_Put": 1465265.51,
    "VEX_Total": 1251664.784,
    "VEX_Ratio": -0.145776,
    "CEX_Call": -604927.241,
    "CEX_Put": 1455221.674,
    "CEX_Total": 850294.433,
    "CEX_Ratio": -0.415694
}