{
    "timestamp": "2025-08-14 10:57:38",
    "cum_gam": null,
    "cum_vec": 7517.05793410791,
    "DEX_Call": 5869.727,
    "DEX_Put": -1599.67,
    "DEX_Total": 4270.057,
    "DEX_Ratio": 3.669336,
    "GEX_Call": 5155931.819,
    "GEX_Put": -4177195.047,
    "GEX_Total": 978736.772,
    "GEX_Ratio": 1.234305,
    "VEX_Call": 3051834.063,
    "VEX_Put": 16018953.051,
    "VEX_Total": 19070787.114,
    "VEX_Ratio": 0.190514,
    "CEX_Call": -224094.187,
    "CEX_Put": 2545192.837,
    "CEX_Total": 2321098.65,
    "CEX_Ratio": -0.088046
}