{
    "timestamp": "2025-09-30 08:45:04",
    "cum_gam": null,
    "cum_vec": 8965.090576488225,
    "DEX_Call": 2515.787,
    "DEX_Put": -1796.997,
    "DEX_Total": 718.79,
    "DEX_Ratio": 1.399995,
    "GEX_Call": 7348565.143,
    "GEX_Put": -7297559.505,
    "GEX_Total": 51005.638,
    "GEX_Ratio": 1.006989,
    "VEX_Call": -1915990.69,
    "VEX_Put": 11461803.132,
    "VEX_Total": 9545812.442,
    "VEX_Ratio": -0.167163,
    "CEX_Call": -3315368.03,
    "CEX_Put": 7016251.976,
    "CEX_Total": 3700883.946,
    "CEX_Ratio": -0.472527
}