{
    "timestamp": "2025-09-10 10:00:46",
    "cum_gam": null,
    "cum_vec": 7598.762041547072,
    "DEX_Call": 1311.752,
    "DEX_Put": -883.723,
    "DEX_Total": 428.029,
    "DEX_Ratio": 1.484347,
    "GEX_Call": 2242308.045,
    "GEX_Put": -2058110.762,
    "GEX_Total": 184197.283,
    "GEX_Ratio": 1.089498,
    "VEX_Call": -421221.226,
    "VEX_Put": 9731333.404,
    "VEX_Total": 9310112.178,
    "VEX_Ratio": -0.043285,
    "CEX_Call": -433131.984,
    "CEX_Put": 1569349.6,
    "CEX_Total": 1136217.616,
    "CEX_Ratio": -0.275995
}