{
    "timestamp": "2025-09-18 07:19:26",
    "cum_gam": 8110.958904109589,
    "cum_vec": 8110.958904109589,
    "DEX_Call": 428.92,
    "DEX_Put": -121.142,
    "DEX_Total": 307.778,
    "DEX_Ratio": 3.540638,
    "GEX_Call": 1676809.205,
    "GEX_Put": -937718.865,
    "GEX_Total": 739090.34,
    "GEX_Ratio": 1.788179,
    "VEX_Call": -38553.547,
    "VEX_Put": 1511693.307,
    "VEX_Total": 1473139.76,
    "VEX_Ratio": -0.025504,
    "CEX_Call": -317311.945,
    "CEX_Put": 1514579.608,
    "CEX_Total": 1197267.663,
    "CEX_Ratio": -0.209505
}