{
    "timestamp": "2025-10-06 08:15:10",
    "cum_gam": null,
    "cum_vec": 7521.477893528998,
    "DEX_Call": 1079.293,
    "DEX_Put": -580.903,
    "DEX_Total": 498.39,
    "DEX_Ratio": 1.857957,
    "GEX_Call": 1499698.824,
    "GEX_Put": -1112737.368,
    "GEX_Total": 386961.456,
    "GEX_Ratio": 1.347756,
    "VEX_Call": -574900.072,
    "VEX_Put": 5167262.935,
    "VEX_Total": 4592362.863,
    "VEX_Ratio": -0.111258,
    "CEX_Call": -318868.387,
    "CEX_Put": 632188.35,
    "CEX_Total": 313319.963,
    "CEX_Ratio": -0.504388
}