{
    "timestamp": "2025-10-24 09:46:29",
    "cum_gam": null,
    "cum_vec": 7602.480862117673,
    "DEX_Call": 2034.308,
    "DEX_Put": -993.879,
    "DEX_Total": 1040.429,
    "DEX_Ratio": 2.046837,
    "GEX_Call": 4214727.128,
    "GEX_Put": -2704073.662,
    "GEX_Total": 1510653.466,
    "GEX_Ratio": 1.558658,
    "VEX_Call": -949871.991,
    "VEX_Put": 9523086.818,
    "VEX_Total": 8573214.827,
    "VEX_Ratio": -0.099744,
    "CEX_Call": -950223.428,
    "CEX_Put": 2362833.552,
    "CEX_Total": 1412610.124,
    "CEX_Ratio": -0.402154
}