{
    "timestamp": "2025-08-15 10:44:44",
    "cum_gam": 7006.4144834224935,
    "cum_vec": 7548.703653412994,
    "DEX_Call": 4466.02,
    "DEX_Put": -1956.438,
    "DEX_Total": 2509.582,
    "DEX_Ratio": 2.28273,
    "GEX_Call": 5631958.114,
    "GEX_Put": -4935272.901,
    "GEX_Total": 696685.213,
    "GEX_Ratio": 1.141164,
    "VEX_Call": 2904025.811,
    "VEX_Put": 17581965.906,
    "VEX_Total": 20485991.717,
    "VEX_Ratio": 0.165171,
    "CEX_Call": -314122.694,
    "CEX_Put": 2838918.832,
    "CEX_Total": 2524796.138,
    "CEX_Ratio": -0.110649
}