{
    "timestamp": "2025-10-01 10:43:52",
    "cum_gam": null,
    "cum_vec": 7520.042411600816,
    "DEX_Call": 1071.605,
    "DEX_Put": -592.49,
    "DEX_Total": 479.115,
    "DEX_Ratio": 1.808647,
    "GEX_Call": 1369912.099,
    "GEX_Put": -1111035.163,
    "GEX_Total": 258876.936,
    "GEX_Ratio": 1.233005,
    "VEX_Call": -458081.128,
    "VEX_Put": 5864386.364,
    "VEX_Total": 5406305.236,
    "VEX_Ratio": -0.078112,
    "CEX_Call": -273468.58,
    "CEX_Put": 637982.171,
    "CEX_Total": 364513.591,
    "CEX_Ratio": -0.428646
}