{
    "timestamp": "2025-07-15 12:10:00",
    "cum_gam": 7979.207920792079,
    "cum_vec": 7979.207920792079,
    "DEX_Call": 251.424,
    "DEX_Put": -130.319,
    "DEX_Total": 121.105,
    "DEX_Ratio": 1.929297,
    "GEX_Call": 986406.428,
    "GEX_Put": -727855.838,
    "GEX_Total": 258550.59,
    "GEX_Ratio": 1.355222,
    "VEX_Call": -219849.173,
    "VEX_Put": 776352.876,
    "VEX_Total": 556503.703,
    "VEX_Ratio": -0.283182,
    "CEX_Call": -347047.684,
    "CEX_Put": 582043.718,
    "CEX_Total": 234996.034,
    "CEX_Ratio": -0.596257
}