{
    "timestamp": "2025-11-12 11:27:12",
    "cum_gam": null,
    "cum_vec": 7924.190964638967,
    "DEX_Call": 5741.03,
    "DEX_Put": -2615.37,
    "DEX_Total": 3125.66,
    "DEX_Ratio": 2.195112,
    "GEX_Call": 7217073.742,
    "GEX_Put": -5288403.416,
    "GEX_Total": 1928670.326,
    "GEX_Ratio": 1.364698,
    "VEX_Call": 1903407.668,
    "VEX_Put": 19727478.261,
    "VEX_Total": 21630885.929,
    "VEX_Ratio": 0.096485,
    "CEX_Call": -804975.991,
    "CEX_Put": 2736968.524,
    "CEX_Total": 1931992.533,
    "CEX_Ratio": -0.294112
}