{
    "timestamp": "2025-10-09 11:59:52",
    "cum_gam": 7004.400811599583,
    "cum_vec": 8972.37587391871,
    "DEX_Call": 1722.674,
    "DEX_Put": -981.06,
    "DEX_Total": 741.614,
    "DEX_Ratio": 1.755931,
    "GEX_Call": 5282686.124,
    "GEX_Put": -4125238.307,
    "GEX_Total": 1157447.817,
    "GEX_Ratio": 1.280577,
    "VEX_Call": -188102.124,
    "VEX_Put": 5386711.405,
    "VEX_Total": 5198609.281,
    "VEX_Ratio": -0.03492,
    "CEX_Call": -1144383.182,
    "CEX_Put": 4451131.498,
    "CEX_Total": 3306748.316,
    "CEX_Ratio": -0.257099
}