{
    "timestamp": "2025-08-04 11:20:01",
    "cum_gam": 7019.528248512432,
    "cum_vec": 7505.248556982416,
    "DEX_Call": 4843.534,
    "DEX_Put": -2333.332,
    "DEX_Total": 2510.202,
    "DEX_Ratio": 2.075801,
    "GEX_Call": 4556062.06,
    "GEX_Put": -4162038.098,
    "GEX_Total": 394023.962,
    "GEX_Ratio": 1.094671,
    "VEX_Call": 3579210.716,
    "VEX_Put": 14744005.484,
    "VEX_Total": 18323216.2,
    "VEX_Ratio": 0.242757,
    "CEX_Call": -143340.971,
    "CEX_Put": 1696243.151,
    "CEX_Total": 1552902.18,
    "CEX_Ratio": -0.084505
}