{
    "timestamp": "2025-09-11 07:37:04",
    "cum_gam": null,
    "cum_vec": 7824.530685564263,
    "DEX_Call": 1481.867,
    "DEX_Put": -871.625,
    "DEX_Total": 610.242,
    "DEX_Ratio": 1.70012,
    "GEX_Call": 2407330.484,
    "GEX_Put": -2072063.059,
    "GEX_Total": 335267.425,
    "GEX_Ratio": 1.161804,
    "VEX_Call": -157575.693,
    "VEX_Put": 10099672.834,
    "VEX_Total": 9942097.141,
    "VEX_Ratio": -0.015602,
    "CEX_Call": -401754.053,
    "CEX_Put": 1681462.786,
    "CEX_Total": 1279708.733,
    "CEX_Ratio": -0.238931
}