{
    "timestamp": "2025-09-12 08:04:51",
    "cum_gam": 7008.614257725954,
    "cum_vec": 7840.230031905916,
    "DEX_Call": 2936.427,
    "DEX_Put": -866.959,
    "DEX_Total": 2069.468,
    "DEX_Ratio": 3.387043,
    "GEX_Call": 8779773.123,
    "GEX_Put": -5580957.416,
    "GEX_Total": 3198815.707,
    "GEX_Ratio": 1.573166,
    "VEX_Call": 1585663.198,
    "VEX_Put": 9252709.897,
    "VEX_Total": 10838373.095,
    "VEX_Ratio": 0.171373,
    "CEX_Call": -96968.672,
    "CEX_Put": 8775535.294,
    "CEX_Total": 8678566.622,
    "CEX_Ratio": -0.01105
}