{
    "timestamp": "2025-09-22 12:55:33",
    "cum_gam": null,
    "cum_vec": 7106.654467469056,
    "DEX_Call": 1093.362,
    "DEX_Put": -293.352,
    "DEX_Total": 800.01,
    "DEX_Ratio": 3.727133,
    "GEX_Call": 2364312.829,
    "GEX_Put": -1446462.088,
    "GEX_Total": 917850.741,
    "GEX_Ratio": 1.634549,
    "VEX_Call": 495492.837,
    "VEX_Put": 2850785.659,
    "VEX_Total": 3346278.496,
    "VEX_Ratio": 0.173809,
    "CEX_Call": 33493.883,
    "CEX_Put": 2009832.188,
    "CEX_Total": 2043326.071,
    "CEX_Ratio": 0.016665
}