{
    "timestamp": "2025-08-05 11:57:41",
    "cum_gam": 7018.66672471388,
    "cum_vec": 7489.986932461928,
    "DEX_Call": 5235.66,
    "DEX_Put": -2625.389,
    "DEX_Total": 2610.271,
    "DEX_Ratio": 1.994242,
    "GEX_Call": 4938353.584,
    "GEX_Put": -4605529.389,
    "GEX_Total": 332824.195,
    "GEX_Ratio": 1.072266,
    "VEX_Call": 3550014.738,
    "VEX_Put": 14967635.254,
    "VEX_Total": 18517649.992,
    "VEX_Ratio": 0.237179,
    "CEX_Call": -193842.34,
    "CEX_Put": 1716407.352,
    "CEX_Total": 1522565.012,
    "CEX_Ratio": -0.112935
}