{
    "timestamp": "2025-10-06 11:19:59",
    "cum_gam": 7002.8817366747835,
    "cum_vec": 7977.11875664187,
    "DEX_Call": 1728.125,
    "DEX_Put": -734.205,
    "DEX_Total": 993.92,
    "DEX_Ratio": 2.353736,
    "GEX_Call": 4223382.033,
    "GEX_Put": -2584214.257,
    "GEX_Total": 1639167.776,
    "GEX_Ratio": 1.6343,
    "VEX_Call": 467135.37,
    "VEX_Put": 4849852.412,
    "VEX_Total": 5316987.782,
    "VEX_Ratio": 0.09632,
    "CEX_Call": -383073.916,
    "CEX_Put": 2706659.903,
    "CEX_Total": 2323585.987,
    "CEX_Ratio": -0.14153
}