{
    "timestamp": "2025-08-27 10:05:53",
    "cum_gam": 7008.113515749707,
    "cum_vec": 7482.9401615420475,
    "DEX_Call": 4649.854,
    "DEX_Put": -2130.105,
    "DEX_Total": 2519.749,
    "DEX_Ratio": 2.182922,
    "GEX_Call": 8673058.778,
    "GEX_Put": -6880219.59,
    "GEX_Total": 1792839.188,
    "GEX_Ratio": 1.260579,
    "VEX_Call": 2121129.648,
    "VEX_Put": 17414318.121,
    "VEX_Total": 19535447.769,
    "VEX_Ratio": 0.121804,
    "CEX_Call": -951804.655,
    "CEX_Put": 4933431.32,
    "CEX_Total": 3981626.665,
    "CEX_Ratio": -0.19293
}