{
    "timestamp": "2025-09-29 10:17:27",
    "cum_gam": null,
    "cum_vec": null,
    "DEX_Call": 212.536,
    "DEX_Put": -161.308,
    "DEX_Total": 51.228,
    "DEX_Ratio": 1.317579,
    "GEX_Call": 878717.33,
    "GEX_Put": -872273.394,
    "GEX_Total": 6443.936,
    "GEX_Ratio": 1.007388,
    "VEX_Call": -245551.497,
    "VEX_Put": 1132525.939,
    "VEX_Total": 886974.442,
    "VEX_Ratio": -0.216818,
    "CEX_Call": -318091.372,
    "CEX_Put": 674775.31,
    "CEX_Total": 356683.938,
    "CEX_Ratio": -0.471403
}